Sample,Sim_Id,Year,Prevalence,Timestep
0,7e314694-1800-e811-9414-f0921c16b9e5,0.0027397260273972603,0.0,0
0,7e314694-1800-e811-9414-f0921c16b9e5,0.005479452054794521,0.0006000000284985,1
0,7e314694-1800-e811-9414-f0921c16b9e5,0.00821917808219178,0.002000000094995,2
0,7e314694-1800-e811-9414-f0921c16b9e5,0.010958904109589041,0.004800000227988,3
0,7e314694-1800-e811-9414-f0921c16b9e5,0.0136986301369863,0.01030000019819,4
0,7e314694-1800-e811-9414-f0921c16b9e5,0.01643835616438356,0.02720000036061,5
0,7e314694-1800-e811-9414-f0921c16b9e5,0.019178082191780823,0.06459999829531,6
0,7e314694-1800-e811-9414-f0921c16b9e5,0.021917808219178082,0.1438000053167,7
0,7e314694-1800-e811-9414-f0921c16b9e5,0.024657534246575342,0.2967000007629,8
0,7e314694-1800-e811-9414-f0921c16b9e5,0.0273972602739726,0.4952000081539,9
0,7e314694-1800-e811-9414-f0921c16b9e5,0.030136986301369864,0.6227999925613,10
0,7e314694-1800-e811-9414-f0921c16b9e5,0.03287671232876712,0.6140000224113,11
0,7e314694-1800-e811-9414-f0921c16b9e5,0.03561643835616438,0.5364999771118,12
0,7e314694-1800-e811-9414-f0921c16b9e5,0.038356164383561646,0.4415000081062,13
0,7e314694-1800-e811-9414-f0921c16b9e5,0.0410958904109589,0.3609000146389,14
0,7e314694-1800-e811-9414-f0921c16b9e5,0.043835616438356165,0.2928000092506,15
0,7e314694-1800-e811-9414-f0921c16b9e5,0.04657534246575343,0.237399995327,16
0,7e314694-1800-e811-9414-f0921c16b9e5,0.049315068493150684,0.1899999976158,17
0,7e314694-1800-e811-9414-f0921c16b9e5,0.052054794520547946,0.1533000022173,18
0,7e314694-1800-e811-9414-f0921c16b9e5,0.0547945205479452,0.1244999989867,19
0,7e314694-1800-e811-9414-f0921c16b9e5,0.057534246575342465,0.09989999979734,20
0,7e314694-1800-e811-9414-f0921c16b9e5,0.06027397260273973,0.08079999685287,21
0,7e314694-1800-e811-9414-f0921c16b9e5,0.06301369863013699,0.06509999930859,22
0,7e314694-1800-e811-9414-f0921c16b9e5,0.06575342465753424,0.05400000140071,23
0,7e314694-1800-e811-9414-f0921c16b9e5,0.0684931506849315,0.04219999909401,24
0,7e314694-1800-e811-9414-f0921c16b9e5,0.07123287671232877,0.03370000049472,25
0,7e314694-1800-e811-9414-f0921c16b9e5,0.07397260273972603,0.02879999950528,26
0,7e314694-1800-e811-9414-f0921c16b9e5,0.07671232876712329,0.02250000089407,27
0,7e314694-1800-e811-9414-f0921c16b9e5,0.07945205479452055,0.01769999973476,28
0,7e314694-1800-e811-9414-f0921c16b9e5,0.0821917808219178,0.0132999997586,29
0,7e314694-1800-e811-9414-f0921c16b9e5,0.08493150684931507,0.01059999968857,30
0,7e314694-1800-e811-9414-f0921c16b9e5,0.08767123287671233,0.00829999987036,31
0,7e314694-1800-e811-9414-f0921c16b9e5,0.09041095890410959,0.006300000008196,32
0,7e314694-1800-e811-9414-f0921c16b9e5,0.09315068493150686,0.005400000140071,33
0,7e314694-1800-e811-9414-f0921c16b9e5,0.0958904109589041,0.004600000102073,34
0,7e314694-1800-e811-9414-f0921c16b9e5,0.09863013698630137,0.003700000001118,35
0,7e314694-1800-e811-9414-f0921c16b9e5,0.10136986301369863,0.003100000089034,36
0,7e314694-1800-e811-9414-f0921c16b9e5,0.10410958904109589,0.002400000113994,37
0,7e314694-1800-e811-9414-f0921c16b9e5,0.10684931506849316,0.002199999988079,38
0,7e314694-1800-e811-9414-f0921c16b9e5,0.1095890410958904,0.00179999996908,39
0,7e314694-1800-e811-9414-f0921c16b9e5,0.11232876712328767,0.001599999959581,40
0,7e314694-1800-e811-9414-f0921c16b9e5,0.11506849315068493,0.001300000003539,41
0,7e314694-1800-e811-9414-f0921c16b9e5,0.1178082191780822,0.001000000047497,42
0,7e314694-1800-e811-9414-f0921c16b9e5,0.12054794520547946,0.0006999999750406,43
0,7e314694-1800-e811-9414-f0921c16b9e5,0.1232876712328767,0.0005000000237487,44
0,7e314694-1800-e811-9414-f0921c16b9e5,0.12602739726027398,0.0005000000237487,45
0,7e314694-1800-e811-9414-f0921c16b9e5,0.12876712328767123,0.0003000000142492,46
0,7e314694-1800-e811-9414-f0921c16b9e5,0.13150684931506848,0.0003000000142492,47
0,7e314694-1800-e811-9414-f0921c16b9e5,0.13424657534246576,0.0001999999949476,48
0,7e314694-1800-e811-9414-f0921c16b9e5,0.136986301369863,0.0001999999949476,49
0,7e314694-1800-e811-9414-f0921c16b9e5,0.13972602739726028,9.999999747379e-05,50
0,7e314694-1800-e811-9414-f0921c16b9e5,0.14246575342465753,0.0,51
0,7e314694-1800-e811-9414-f0921c16b9e5,0.14520547945205478,0.0,52
0,7e314694-1800-e811-9414-f0921c16b9e5,0.14794520547945206,0.0,53
0,7e314694-1800-e811-9414-f0921c16b9e5,0.1506849315068493,0.0,54
0,7e314694-1800-e811-9414-f0921c16b9e5,0.15342465753424658,0.0,55
0,7e314694-1800-e811-9414-f0921c16b9e5,0.15616438356164383,0.0,56
0,7e314694-1800-e811-9414-f0921c16b9e5,0.1589041095890411,0.0,57
0,7e314694-1800-e811-9414-f0921c16b9e5,0.16164383561643836,0.0,58
0,7e314694-1800-e811-9414-f0921c16b9e5,0.1643835616438356,0.0,59
0,7e314694-1800-e811-9414-f0921c16b9e5,0.16712328767123288,0.0,60
0,7e314694-1800-e811-9414-f0921c16b9e5,0.16986301369863013,0.0,61
0,7e314694-1800-e811-9414-f0921c16b9e5,0.1726027397260274,0.0,62
0,7e314694-1800-e811-9414-f0921c16b9e5,0.17534246575342466,0.0,63
0,7e314694-1800-e811-9414-f0921c16b9e5,0.1780821917808219,0.0,64
0,7e314694-1800-e811-9414-f0921c16b9e5,0.18082191780821918,0.0,65
0,7e314694-1800-e811-9414-f0921c16b9e5,0.18356164383561643,0.0,66
0,7e314694-1800-e811-9414-f0921c16b9e5,0.1863013698630137,0.0,67
0,7e314694-1800-e811-9414-f0921c16b9e5,0.18904109589041096,0.0,68
0,7e314694-1800-e811-9414-f0921c16b9e5,0.1917808219178082,0.0,69
0,7e314694-1800-e811-9414-f0921c16b9e5,0.19452054794520549,0.0,70
0,7e314694-1800-e811-9414-f0921c16b9e5,0.19726027397260273,0.0,71
0,7e314694-1800-e811-9414-f0921c16b9e5,0.2,0.0,72
0,7e314694-1800-e811-9414-f0921c16b9e5,0.20273972602739726,0.0,73
0,7e314694-1800-e811-9414-f0921c16b9e5,0.2054794520547945,0.0,74
0,7e314694-1800-e811-9414-f0921c16b9e5,0.20821917808219179,0.0,75
0,7e314694-1800-e811-9414-f0921c16b9e5,0.21095890410958903,0.0,76
0,7e314694-1800-e811-9414-f0921c16b9e5,0.2136986301369863,0.0,77
0,7e314694-1800-e811-9414-f0921c16b9e5,0.21643835616438356,0.0,78
0,7e314694-1800-e811-9414-f0921c16b9e5,0.2191780821917808,0.0,79
0,7e314694-1800-e811-9414-f0921c16b9e5,0.2219178082191781,0.0,80
0,7e314694-1800-e811-9414-f0921c16b9e5,0.22465753424657534,0.0,81
0,7e314694-1800-e811-9414-f0921c16b9e5,0.2273972602739726,0.0,82
0,7e314694-1800-e811-9414-f0921c16b9e5,0.23013698630136986,0.0,83
0,7e314694-1800-e811-9414-f0921c16b9e5,0.2328767123287671,0.0,84
0,7e314694-1800-e811-9414-f0921c16b9e5,0.2356164383561644,0.0,85
0,7e314694-1800-e811-9414-f0921c16b9e5,0.23835616438356164,0.0,86
0,7e314694-1800-e811-9414-f0921c16b9e5,0.2410958904109589,0.0,87
0,7e314694-1800-e811-9414-f0921c16b9e5,0.24383561643835616,0.0,88
0,7e314694-1800-e811-9414-f0921c16b9e5,0.2465753424657534,0.0,89
1,7d314694-1800-e811-9414-f0921c16b9e5,0.0027397260273972603,0.0,0
1,7d314694-1800-e811-9414-f0921c16b9e5,0.005479452054794521,0.0005000000237487,1
1,7d314694-1800-e811-9414-f0921c16b9e5,0.00821917808219178,0.001599999959581,2
1,7d314694-1800-e811-9414-f0921c16b9e5,0.010958904109589041,0.006200000178069,3
1,7d314694-1800-e811-9414-f0921c16b9e5,0.0136986301369863,0.02250000089407,4
1,7d314694-1800-e811-9414-f0921c16b9e5,0.01643835616438356,0.0819000005722,5
1,7d314694-1800-e811-9414-f0921c16b9e5,0.019178082191780823,0.2612000107765,6
1,7d314694-1800-e811-9414-f0921c16b9e5,0.021917808219178082,0.5789999961853,7
1,7d314694-1800-e811-9414-f0921c16b9e5,0.024657534246575342,0.6675999760628,8
1,7d314694-1800-e811-9414-f0921c16b9e5,0.0273972602739726,0.5156000256538,9
1,7d314694-1800-e811-9414-f0921c16b9e5,0.030136986301369864,0.3682000041008,10
1,7d314694-1800-e811-9414-f0921c16b9e5,0.03287671232876712,0.2574999928474,11
1,7d314694-1800-e811-9414-f0921c16b9e5,0.03561643835616438,0.1819999963045,12
1,7d314694-1800-e811-9414-f0921c16b9e5,0.038356164383561646,0.1263000071049,13
1,7d314694-1800-e811-9414-f0921c16b9e5,0.0410958904109589,0.089500002563,14
1,7d314694-1800-e811-9414-f0921c16b9e5,0.043835616438356165,0.06190000101924,15
1,7d314694-1800-e811-9414-f0921c16b9e5,0.04657534246575343,0.04030000045896,16
1,7d314694-1800-e811-9414-f0921c16b9e5,0.049315068493150684,0.02879999950528,17
1,7d314694-1800-e811-9414-f0921c16b9e5,0.052054794520547946,0.02140000090003,18
1,7d314694-1800-e811-9414-f0921c16b9e5,0.0547945205479452,0.01449999958277,19
1,7d314694-1800-e811-9414-f0921c16b9e5,0.057534246575342465,0.009499999694526,20
1,7d314694-1800-e811-9414-f0921c16b9e5,0.06027397260273973,0.006399999838322,21
1,7d314694-1800-e811-9414-f0921c16b9e5,0.06301369863013699,0.004100000020117,22
1,7d314694-1800-e811-9414-f0921c16b9e5,0.06575342465753424,0.002300000051036,23
1,7d314694-1800-e811-9414-f0921c16b9e5,0.0684931506849315,0.001300000003539,24
1,7d314694-1800-e811-9414-f0921c16b9e5,0.07123287671232877,0.00089999998454,25
1,7d314694-1800-e811-9414-f0921c16b9e5,0.07397260273972603,0.0007999999797903,26
1,7d314694-1800-e811-9414-f0921c16b9e5,0.07671232876712329,0.0005000000237487,27
1,7d314694-1800-e811-9414-f0921c16b9e5,0.07945205479452055,0.0003999999898952,28
1,7d314694-1800-e811-9414-f0921c16b9e5,0.0821917808219178,0.0001999999949476,29
1,7d314694-1800-e811-9414-f0921c16b9e5,0.08493150684931507,0.0,30
1,7d314694-1800-e811-9414-f0921c16b9e5,0.08767123287671233,0.0,31
1,7d314694-1800-e811-9414-f0921c16b9e5,0.09041095890410959,0.0,32
1,7d314694-1800-e811-9414-f0921c16b9e5,0.09315068493150686,0.0,33
1,7d314694-1800-e811-9414-f0921c16b9e5,0.0958904109589041,0.0,34
1,7d314694-1800-e811-9414-f0921c16b9e5,0.09863013698630137,0.0,35
1,7d314694-1800-e811-9414-f0921c16b9e5,0.10136986301369863,0.0,36
1,7d314694-1800-e811-9414-f0921c16b9e5,0.10410958904109589,0.0,37
1,7d314694-1800-e811-9414-f0921c16b9e5,0.10684931506849316,0.0,38
1,7d314694-1800-e811-9414-f0921c16b9e5,0.1095890410958904,0.0,39
1,7d314694-1800-e811-9414-f0921c16b9e5,0.11232876712328767,0.0,40
1,7d314694-1800-e811-9414-f0921c16b9e5,0.11506849315068493,0.0,41
1,7d314694-1800-e811-9414-f0921c16b9e5,0.1178082191780822,0.0,42
1,7d314694-1800-e811-9414-f0921c16b9e5,0.12054794520547946,0.0,43
1,7d314694-1800-e811-9414-f0921c16b9e5,0.1232876712328767,0.0,44
1,7d314694-1800-e811-9414-f0921c16b9e5,0.12602739726027398,0.0,45
1,7d314694-1800-e811-9414-f0921c16b9e5,0.12876712328767123,0.0,46
1,7d314694-1800-e811-9414-f0921c16b9e5,0.13150684931506848,0.0,47
1,7d314694-1800-e811-9414-f0921c16b9e5,0.13424657534246576,0.0,48
1,7d314694-1800-e811-9414-f0921c16b9e5,0.136986301369863,0.0,49
1,7d314694-1800-e811-9414-f0921c16b9e5,0.13972602739726028,0.0,50
1,7d314694-1800-e811-9414-f0921c16b9e5,0.14246575342465753,0.0,51
1,7d314694-1800-e811-9414-f0921c16b9e5,0.14520547945205478,0.0,52
1,7d314694-1800-e811-9414-f0921c16b9e5,0.14794520547945206,0.0,53
1,7d314694-1800-e811-9414-f0921c16b9e5,0.1506849315068493,0.0,54
1,7d314694-1800-e811-9414-f0921c16b9e5,0.15342465753424658,0.0,55
1,7d314694-1800-e811-9414-f0921c16b9e5,0.15616438356164383,0.0,56
1,7d314694-1800-e811-9414-f0921c16b9e5,0.1589041095890411,0.0,57
1,7d314694-1800-e811-9414-f0921c16b9e5,0.16164383561643836,0.0,58
1,7d314694-1800-e811-9414-f0921c16b9e5,0.1643835616438356,0.0,59
1,7d314694-1800-e811-9414-f0921c16b9e5,0.16712328767123288,0.0,60
1,7d314694-1800-e811-9414-f0921c16b9e5,0.16986301369863013,0.0,61
1,7d314694-1800-e811-9414-f0921c16b9e5,0.1726027397260274,0.0,62
1,7d314694-1800-e811-9414-f0921c16b9e5,0.17534246575342466,0.0,63
1,7d314694-1800-e811-9414-f0921c16b9e5,0.1780821917808219,0.0,64
1,7d314694-1800-e811-9414-f0921c16b9e5,0.18082191780821918,0.0,65
1,7d314694-1800-e811-9414-f0921c16b9e5,0.18356164383561643,0.0,66
1,7d314694-1800-e811-9414-f0921c16b9e5,0.1863013698630137,0.0,67
1,7d314694-1800-e811-9414-f0921c16b9e5,0.18904109589041096,0.0,68
1,7d314694-1800-e811-9414-f0921c16b9e5,0.1917808219178082,0.0,69
1,7d314694-1800-e811-9414-f0921c16b9e5,0.19452054794520549,0.0,70
1,7d314694-1800-e811-9414-f0921c16b9e5,0.19726027397260273,0.0,71
1,7d314694-1800-e811-9414-f0921c16b9e5,0.2,0.0,72
1,7d314694-1800-e811-9414-f0921c16b9e5,0.20273972602739726,0.0,73
1,7d314694-1800-e811-9414-f0921c16b9e5,0.2054794520547945,0.0,74
1,7d314694-1800-e811-9414-f0921c16b9e5,0.20821917808219179,0.0,75
1,7d314694-1800-e811-9414-f0921c16b9e5,0.21095890410958903,0.0,76
1,7d314694-1800-e811-9414-f0921c16b9e5,0.2136986301369863,0.0,77
1,7d314694-1800-e811-9414-f0921c16b9e5,0.21643835616438356,0.0,78
1,7d314694-1800-e811-9414-f0921c16b9e5,0.2191780821917808,0.0,79
1,7d314694-1800-e811-9414-f0921c16b9e5,0.2219178082191781,0.0,80
1,7d314694-1800-e811-9414-f0921c16b9e5,0.22465753424657534,0.0,81
1,7d314694-1800-e811-9414-f0921c16b9e5,0.2273972602739726,0.0,82
1,7d314694-1800-e811-9414-f0921c16b9e5,0.23013698630136986,0.0,83
1,7d314694-1800-e811-9414-f0921c16b9e5,0.2328767123287671,0.0,84
1,7d314694-1800-e811-9414-f0921c16b9e5,0.2356164383561644,0.0,85
1,7d314694-1800-e811-9414-f0921c16b9e5,0.23835616438356164,0.0,86
1,7d314694-1800-e811-9414-f0921c16b9e5,0.2410958904109589,0.0,87
1,7d314694-1800-e811-9414-f0921c16b9e5,0.24383561643835616,0.0,88
1,7d314694-1800-e811-9414-f0921c16b9e5,0.2465753424657534,0.0,89
2,7c314694-1800-e811-9414-f0921c16b9e5,0.0027397260273972603,0.0,0
2,7c314694-1800-e811-9414-f0921c16b9e5,0.005479452054794521,0.0006999999750406,1
2,7c314694-1800-e811-9414-f0921c16b9e5,0.00821917808219178,0.001000000047497,2
2,7c314694-1800-e811-9414-f0921c16b9e5,0.010958904109589041,0.00109999999404,3
2,7c314694-1800-e811-9414-f0921c16b9e5,0.0136986301369863,0.00179999996908,4
2,7c314694-1800-e811-9414-f0921c16b9e5,0.01643835616438356,0.002300000051036,5
2,7c314694-1800-e811-9414-f0921c16b9e5,0.019178082191780823,0.00289999996312,6
2,7c314694-1800-e811-9414-f0921c16b9e5,0.021917808219178082,0.002600000007078,7
2,7c314694-1800-e811-9414-f0921c16b9e5,0.024657534246575342,0.003400000045076,8
2,7c314694-1800-e811-9414-f0921c16b9e5,0.0273972602739726,0.004300000146031,9
2,7c314694-1800-e811-9414-f0921c16b9e5,0.030136986301369864,0.006000000052154,10
2,7c314694-1800-e811-9414-f0921c16b9e5,0.03287671232876712,0.007499999832362,11
2,7c314694-1800-e811-9414-f0921c16b9e5,0.03561643835616438,0.007100000046194,12
2,7c314694-1800-e811-9414-f0921c16b9e5,0.038356164383561646,0.007799999788404,13
2,7c314694-1800-e811-9414-f0921c16b9e5,0.0410958904109589,0.009600000455976,14
2,7c314694-1800-e811-9414-f0921c16b9e5,0.043835616438356165,0.01090000011027,15
2,7c314694-1800-e811-9414-f0921c16b9e5,0.04657534246575343,0.01219999976456,16
2,7c314694-1800-e811-9414-f0921c16b9e5,0.049315068493150684,0.01539999991655,17
2,7c314694-1800-e811-9414-f0921c16b9e5,0.052054794520547946,0.01979999989271,18
2,7c314694-1800-e811-9414-f0921c16b9e5,0.0547945205479452,0.02419999986887,19
2,7c314694-1800-e811-9414-f0921c16b9e5,0.057534246575342465,0.02830000035465,20
2,7c314694-1800-e811-9414-f0921c16b9e5,0.06027397260273973,0.03440000116825,21
2,7c314694-1800-e811-9414-f0921c16b9e5,0.06301369863013699,0.03999999910593,22
2,7c314694-1800-e811-9414-f0921c16b9e5,0.06575342465753424,0.0447999984026,23
2,7c314694-1800-e811-9414-f0921c16b9e5,0.0684931506849315,0.04830000177026,24
2,7c314694-1800-e811-9414-f0921c16b9e5,0.07123287671232877,0.05359999835491,25
2,7c314694-1800-e811-9414-f0921c16b9e5,0.07397260273972603,0.05640000104904,26
2,7c314694-1800-e811-9414-f0921c16b9e5,0.07671232876712329,0.05510000139475,27
2,7c314694-1800-e811-9414-f0921c16b9e5,0.07945205479452055,0.05640000104904,28
2,7c314694-1800-e811-9414-f0921c16b9e5,0.0821917808219178,0.05820000171661,29
2,7c314694-1800-e811-9414-f0921c16b9e5,0.08493150684931507,0.05790000036359,30
2,7c314694-1800-e811-9414-f0921c16b9e5,0.08767123287671233,0.05559999868274,31
2,7c314694-1800-e811-9414-f0921c16b9e5,0.09041095890410959,0.05240000039339,32
2,7c314694-1800-e811-9414-f0921c16b9e5,0.09315068493150686,0.04969999939203,33
2,7c314694-1800-e811-9414-f0921c16b9e5,0.0958904109589041,0.04160000011325,34
2,7c314694-1800-e811-9414-f0921c16b9e5,0.09863013698630137,0.0359000004828,35
2,7c314694-1800-e811-9414-f0921c16b9e5,0.10136986301369863,0.02840000018477,36
2,7c314694-1800-e811-9414-f0921c16b9e5,0.10410958904109589,0.02199999988079,37
2,7c314694-1800-e811-9414-f0921c16b9e5,0.10684931506849316,0.01549999974668,38
2,7c314694-1800-e811-9414-f0921c16b9e5,0.1095890410958904,0.01300000026822,39
2,7c314694-1800-e811-9414-f0921c16b9e5,0.11232876712328767,0.0113000003621,40
2,7c314694-1800-e811-9414-f0921c16b9e5,0.11506849315068493,0.00899999961257,41
2,7c314694-1800-e811-9414-f0921c16b9e5,0.1178082191780822,0.008200000040233,42
2,7c314694-1800-e811-9414-f0921c16b9e5,0.12054794520547946,0.006599999964237,43
2,7c314694-1800-e811-9414-f0921c16b9e5,0.1232876712328767,0.004399999976158,44
2,7c314694-1800-e811-9414-f0921c16b9e5,0.12602739726027398,0.00289999996312,45
2,7c314694-1800-e811-9414-f0921c16b9e5,0.12876712328767123,0.003000000026077,46
2,7c314694-1800-e811-9414-f0921c16b9e5,0.13150684931506848,0.002199999988079,47
2,7c314694-1800-e811-9414-f0921c16b9e5,0.13424657534246576,0.001700000022538,48
2,7c314694-1800-e811-9414-f0921c16b9e5,0.136986301369863,0.001500000013039,49
2,7c314694-1800-e811-9414-f0921c16b9e5,0.13972602739726028,0.001500000013039,50
2,7c314694-1800-e811-9414-f0921c16b9e5,0.14246575342465753,0.001500000013039,51
2,7c314694-1800-e811-9414-f0921c16b9e5,0.14520547945205478,0.00109999999404,52
2,7c314694-1800-e811-9414-f0921c16b9e5,0.14794520547945206,0.001500000013039,53
2,7c314694-1800-e811-9414-f0921c16b9e5,0.1506849315068493,0.001500000013039,54
2,7c314694-1800-e811-9414-f0921c16b9e5,0.15342465753424658,0.001500000013039,55
2,7c314694-1800-e811-9414-f0921c16b9e5,0.15616438356164383,0.0006999999750406,56
2,7c314694-1800-e811-9414-f0921c16b9e5,0.1589041095890411,0.0001999999949476,57
2,7c314694-1800-e811-9414-f0921c16b9e5,0.16164383561643836,9.999999747379e-05,58
2,7c314694-1800-e811-9414-f0921c16b9e5,0.1643835616438356,0.0,59
2,7c314694-1800-e811-9414-f0921c16b9e5,0.16712328767123288,0.0,60
2,7c314694-1800-e811-9414-f0921c16b9e5,0.16986301369863013,0.0,61
2,7c314694-1800-e811-9414-f0921c16b9e5,0.1726027397260274,0.0,62
2,7c314694-1800-e811-9414-f0921c16b9e5,0.17534246575342466,0.0,63
2,7c314694-1800-e811-9414-f0921c16b9e5,0.1780821917808219,0.0,64
2,7c314694-1800-e811-9414-f0921c16b9e5,0.18082191780821918,0.0,65
2,7c314694-1800-e811-9414-f0921c16b9e5,0.18356164383561643,0.0,66
2,7c314694-1800-e811-9414-f0921c16b9e5,0.1863013698630137,0.0,67
2,7c314694-1800-e811-9414-f0921c16b9e5,0.18904109589041096,0.0,68
2,7c314694-1800-e811-9414-f0921c16b9e5,0.1917808219178082,0.0,69
2,7c314694-1800-e811-9414-f0921c16b9e5,0.19452054794520549,0.0,70
2,7c314694-1800-e811-9414-f0921c16b9e5,0.19726027397260273,0.0,71
2,7c314694-1800-e811-9414-f0921c16b9e5,0.2,0.0,72
2,7c314694-1800-e811-9414-f0921c16b9e5,0.20273972602739726,0.0,73
2,7c314694-1800-e811-9414-f0921c16b9e5,0.2054794520547945,0.0,74
2,7c314694-1800-e811-9414-f0921c16b9e5,0.20821917808219179,0.0,75
2,7c314694-1800-e811-9414-f0921c16b9e5,0.21095890410958903,0.0,76
2,7c314694-1800-e811-9414-f0921c16b9e5,0.2136986301369863,0.0,77
2,7c314694-1800-e811-9414-f0921c16b9e5,0.21643835616438356,0.0,78
2,7c314694-1800-e811-9414-f0921c16b9e5,0.2191780821917808,0.0,79
2,7c314694-1800-e811-9414-f0921c16b9e5,0.2219178082191781,0.0,80
2,7c314694-1800-e811-9414-f0921c16b9e5,0.22465753424657534,0.0,81
2,7c314694-1800-e811-9414-f0921c16b9e5,0.2273972602739726,0.0,82
2,7c314694-1800-e811-9414-f0921c16b9e5,0.23013698630136986,0.0,83
2,7c314694-1800-e811-9414-f0921c16b9e5,0.2328767123287671,0.0,84
2,7c314694-1800-e811-9414-f0921c16b9e5,0.2356164383561644,0.0,85
2,7c314694-1800-e811-9414-f0921c16b9e5,0.23835616438356164,0.0,86
2,7c314694-1800-e811-9414-f0921c16b9e5,0.2410958904109589,0.0,87
2,7c314694-1800-e811-9414-f0921c16b9e5,0.24383561643835616,0.0,88
2,7c314694-1800-e811-9414-f0921c16b9e5,0.2465753424657534,0.0,89
3,7b314694-1800-e811-9414-f0921c16b9e5,0.0027397260273972603,0.0,0
3,7b314694-1800-e811-9414-f0921c16b9e5,0.005479452054794521,0.001000000047497,1
3,7b314694-1800-e811-9414-f0921c16b9e5,0.00821917808219178,0.002499999944121,2
3,7b314694-1800-e811-9414-f0921c16b9e5,0.010958904109589041,0.00760000012815,3
3,7b314694-1800-e811-9414-f0921c16b9e5,0.0136986301369863,0.01840000040829,4
3,7b314694-1800-e811-9414-f0921c16b9e5,0.01643835616438356,0.04949999973178,5
3,7b314694-1800-e811-9414-f0921c16b9e5,0.019178082191780823,0.1251000016928,6
3,7b314694-1800-e811-9414-f0921c16b9e5,0.021917808219178082,0.2732999920845,7
3,7b314694-1800-e811-9414-f0921c16b9e5,0.024657534246575342,0.4352999925613,8
3,7b314694-1800-e811-9414-f0921c16b9e5,0.0273972602739726,0.4778999984264,9
3,7b314694-1800-e811-9414-f0921c16b9e5,0.030136986301369864,0.3743000030518,10
3,7b314694-1800-e811-9414-f0921c16b9e5,0.03287671232876712,0.2486999928951,11
3,7b314694-1800-e811-9414-f0921c16b9e5,0.03561643835616438,0.1564999967813,12
3,7b314694-1800-e811-9414-f0921c16b9e5,0.038356164383561646,0.09870000183582,13
3,7b314694-1800-e811-9414-f0921c16b9e5,0.0410958904109589,0.05979999899864,14
3,7b314694-1800-e811-9414-f0921c16b9e5,0.043835616438356165,0.03319999948144,15
3,7b314694-1800-e811-9414-f0921c16b9e5,0.04657534246575343,0.02099999971688,16
3,7b314694-1800-e811-9414-f0921c16b9e5,0.049315068493150684,0.01169999968261,17
3,7b314694-1800-e811-9414-f0921c16b9e5,0.052054794520547946,0.006599999964237,18
3,7b314694-1800-e811-9414-f0921c16b9e5,0.0547945205479452,0.004100000020117,19
3,7b314694-1800-e811-9414-f0921c16b9e5,0.057534246575342465,0.002700000070035,20
3,7b314694-1800-e811-9414-f0921c16b9e5,0.06027397260273973,0.001599999959581,21
3,7b314694-1800-e811-9414-f0921c16b9e5,0.06301369863013699,0.001200000056997,22
3,7b314694-1800-e811-9414-f0921c16b9e5,0.06575342465753424,0.0006999999750406,23
3,7b314694-1800-e811-9414-f0921c16b9e5,0.0684931506849315,0.0003999999898952,24
3,7b314694-1800-e811-9414-f0921c16b9e5,0.07123287671232877,0.0003999999898952,25
3,7b314694-1800-e811-9414-f0921c16b9e5,0.07397260273972603,9.999999747379e-05,26
3,7b314694-1800-e811-9414-f0921c16b9e5,0.07671232876712329,9.999999747379e-05,27
3,7b314694-1800-e811-9414-f0921c16b9e5,0.07945205479452055,0.0,28
3,7b314694-1800-e811-9414-f0921c16b9e5,0.0821917808219178,0.0,29
3,7b314694-1800-e811-9414-f0921c16b9e5,0.08493150684931507,0.0,30
3,7b314694-1800-e811-9414-f0921c16b9e5,0.08767123287671233,0.0,31
3,7b314694-1800-e811-9414-f0921c16b9e5,0.09041095890410959,0.0,32
3,7b314694-1800-e811-9414-f0921c16b9e5,0.09315068493150686,0.0,33
3,7b314694-1800-e811-9414-f0921c16b9e5,0.0958904109589041,0.0,34
3,7b314694-1800-e811-9414-f0921c16b9e5,0.09863013698630137,0.0,35
3,7b314694-1800-e811-9414-f0921c16b9e5,0.10136986301369863,0.0,36
3,7b314694-1800-e811-9414-f0921c16b9e5,0.10410958904109589,0.0,37
3,7b314694-1800-e811-9414-f0921c16b9e5,0.10684931506849316,0.0,38
3,7b314694-1800-e811-9414-f0921c16b9e5,0.1095890410958904,0.0,39
3,7b314694-1800-e811-9414-f0921c16b9e5,0.11232876712328767,0.0,40
3,7b314694-1800-e811-9414-f0921c16b9e5,0.11506849315068493,0.0,41
3,7b314694-1800-e811-9414-f0921c16b9e5,0.1178082191780822,0.0,42
3,7b314694-1800-e811-9414-f0921c16b9e5,0.12054794520547946,0.0,43
3,7b314694-1800-e811-9414-f0921c16b9e5,0.1232876712328767,0.0,44
3,7b314694-1800-e811-9414-f0921c16b9e5,0.12602739726027398,0.0,45
3,7b314694-1800-e811-9414-f0921c16b9e5,0.12876712328767123,0.0,46
3,7b314694-1800-e811-9414-f0921c16b9e5,0.13150684931506848,0.0,47
3,7b314694-1800-e811-9414-f0921c16b9e5,0.13424657534246576,0.0,48
3,7b314694-1800-e811-9414-f0921c16b9e5,0.136986301369863,0.0,49
3,7b314694-1800-e811-9414-f0921c16b9e5,0.13972602739726028,0.0,50
3,7b314694-1800-e811-9414-f0921c16b9e5,0.14246575342465753,0.0,51
3,7b314694-1800-e811-9414-f0921c16b9e5,0.14520547945205478,0.0,52
3,7b314694-1800-e811-9414-f0921c16b9e5,0.14794520547945206,0.0,53
3,7b314694-1800-e811-9414-f0921c16b9e5,0.1506849315068493,0.0,54
3,7b314694-1800-e811-9414-f0921c16b9e5,0.15342465753424658,0.0,55
3,7b314694-1800-e811-9414-f0921c16b9e5,0.15616438356164383,0.0,56
3,7b314694-1800-e811-9414-f0921c16b9e5,0.1589041095890411,0.0,57
3,7b314694-1800-e811-9414-f0921c16b9e5,0.16164383561643836,0.0,58
3,7b314694-1800-e811-9414-f0921c16b9e5,0.1643835616438356,0.0,59
3,7b314694-1800-e811-9414-f0921c16b9e5,0.16712328767123288,0.0,60
3,7b314694-1800-e811-9414-f0921c16b9e5,0.16986301369863013,0.0,61
3,7b314694-1800-e811-9414-f0921c16b9e5,0.1726027397260274,0.0,62
3,7b314694-1800-e811-9414-f0921c16b9e5,0.17534246575342466,0.0,63
3,7b314694-1800-e811-9414-f0921c16b9e5,0.1780821917808219,0.0,64
3,7b314694-1800-e811-9414-f0921c16b9e5,0.18082191780821918,0.0,65
3,7b314694-1800-e811-9414-f0921c16b9e5,0.18356164383561643,0.0,66
3,7b314694-1800-e811-9414-f0921c16b9e5,0.1863013698630137,0.0,67
3,7b314694-1800-e811-9414-f0921c16b9e5,0.18904109589041096,0.0,68
3,7b314694-1800-e811-9414-f0921c16b9e5,0.1917808219178082,0.0,69
3,7b314694-1800-e811-9414-f0921c16b9e5,0.19452054794520549,0.0,70
3,7b314694-1800-e811-9414-f0921c16b9e5,0.19726027397260273,0.0,71
3,7b314694-1800-e811-9414-f0921c16b9e5,0.2,0.0,72
3,7b314694-1800-e811-9414-f0921c16b9e5,0.20273972602739726,0.0,73
3,7b314694-1800-e811-9414-f0921c16b9e5,0.2054794520547945,0.0,74
3,7b314694-1800-e811-9414-f0921c16b9e5,0.20821917808219179,0.0,75
3,7b314694-1800-e811-9414-f0921c16b9e5,0.21095890410958903,0.0,76
3,7b314694-1800-e811-9414-f0921c16b9e5,0.2136986301369863,0.0,77
3,7b314694-1800-e811-9414-f0921c16b9e5,0.21643835616438356,0.0,78
3,7b314694-1800-e811-9414-f0921c16b9e5,0.2191780821917808,0.0,79
3,7b314694-1800-e811-9414-f0921c16b9e5,0.2219178082191781,0.0,80
3,7b314694-1800-e811-9414-f0921c16b9e5,0.22465753424657534,0.0,81
3,7b314694-1800-e811-9414-f0921c16b9e5,0.2273972602739726,0.0,82
3,7b314694-1800-e811-9414-f0921c16b9e5,0.23013698630136986,0.0,83
3,7b314694-1800-e811-9414-f0921c16b9e5,0.2328767123287671,0.0,84
3,7b314694-1800-e811-9414-f0921c16b9e5,0.2356164383561644,0.0,85
3,7b314694-1800-e811-9414-f0921c16b9e5,0.23835616438356164,0.0,86
3,7b314694-1800-e811-9414-f0921c16b9e5,0.2410958904109589,0.0,87
3,7b314694-1800-e811-9414-f0921c16b9e5,0.24383561643835616,0.0,88
3,7b314694-1800-e811-9414-f0921c16b9e5,0.2465753424657534,0.0,89
4,7a314694-1800-e811-9414-f0921c16b9e5,0.0027397260273972603,0.0,0
4,7a314694-1800-e811-9414-f0921c16b9e5,0.005479452054794521,0.0006000000284985,1
4,7a314694-1800-e811-9414-f0921c16b9e5,0.00821917808219178,0.001300000003539,2
4,7a314694-1800-e811-9414-f0921c16b9e5,0.010958904109589041,0.00289999996312,3
4,7a314694-1800-e811-9414-f0921c16b9e5,0.0136986301369863,0.00760000012815,4
4,7a314694-1800-e811-9414-f0921c16b9e5,0.01643835616438356,0.01620000042021,5
4,7a314694-1800-e811-9414-f0921c16b9e5,0.019178082191780823,0.03489999845624,6
4,7a314694-1800-e811-9414-f0921c16b9e5,0.021917808219178082,0.07209999859333,7
4,7a314694-1800-e811-9414-f0921c16b9e5,0.024657534246575342,0.1406999975443,8
4,7a314694-1800-e811-9414-f0921c16b9e5,0.0273972602739726,0.2628000080585,9
4,7a314694-1800-e811-9414-f0921c16b9e5,0.030136986301369864,0.4246000051498,10
4,7a314694-1800-e811-9414-f0921c16b9e5,0.03287671232876712,0.5902000069618,11
4,7a314694-1800-e811-9414-f0921c16b9e5,0.03561643835616438,0.6747999787331,12
4,7a314694-1800-e811-9414-f0921c16b9e5,0.038356164383561646,0.6758000254631,13
4,7a314694-1800-e811-9414-f0921c16b9e5,0.0410958904109589,0.628300011158,14
4,7a314694-1800-e811-9414-f0921c16b9e5,0.043835616438356165,0.5674999952316,15
4,7a314694-1800-e811-9414-f0921c16b9e5,0.04657534246575343,0.5070000290871,16
4,7a314694-1800-e811-9414-f0921c16b9e5,0.049315068493150684,0.4481999874115,17
4,7a314694-1800-e811-9414-f0921c16b9e5,0.052054794520547946,0.3975000083447,18
4,7a314694-1800-e811-9414-f0921c16b9e5,0.0547945205479452,0.353100001812,19
4,7a314694-1800-e811-9414-f0921c16b9e5,0.057534246575342465,0.3118999898434,20
4,7a314694-1800-e811-9414-f0921c16b9e5,0.06027397260273973,0.2755999863148,21
4,7a314694-1800-e811-9414-f0921c16b9e5,0.06301369863013699,0.2416000068188,22
4,7a314694-1800-e811-9414-f0921c16b9e5,0.06575342465753424,0.2131000012159,23
4,7a314694-1800-e811-9414-f0921c16b9e5,0.0684931506849315,0.1885000020266,24
4,7a314694-1800-e811-9414-f0921c16b9e5,0.07123287671232877,0.1658000051975,25
4,7a314694-1800-e811-9414-f0921c16b9e5,0.07397260273972603,0.1462000012398,26
4,7a314694-1800-e811-9414-f0921c16b9e5,0.07671232876712329,0.1293999999762,27
4,7a314694-1800-e811-9414-f0921c16b9e5,0.07945205479452055,0.1128000020981,28
4,7a314694-1800-e811-9414-f0921c16b9e5,0.0821917808219178,0.1006999984384,29
4,7a314694-1800-e811-9414-f0921c16b9e5,0.08493150684931507,0.09099999815226,30
4,7a314694-1800-e811-9414-f0921c16b9e5,0.08767123287671233,0.08129999786615,31
4,7a314694-1800-e811-9414-f0921c16b9e5,0.09041095890410959,0.07029999792576,32
4,7a314694-1800-e811-9414-f0921c16b9e5,0.09315068493150686,0.06279999762774,33
4,7a314694-1800-e811-9414-f0921c16b9e5,0.0958904109589041,0.05600000172853,34
4,7a314694-1800-e811-9414-f0921c16b9e5,0.09863013698630137,0.04850000143051,35
4,7a314694-1800-e811-9414-f0921c16b9e5,0.10136986301369863,0.04250000044703,36
4,7a314694-1800-e811-9414-f0921c16b9e5,0.10410958904109589,0.03739999979734,37
4,7a314694-1800-e811-9414-f0921c16b9e5,0.10684931506849316,0.03200000151992,38
4,7a314694-1800-e811-9414-f0921c16b9e5,0.1095890410958904,0.02810000069439,39
4,7a314694-1800-e811-9414-f0921c16b9e5,0.11232876712328767,0.02510000020266,40
4,7a314694-1800-e811-9414-f0921c16b9e5,0.11506849315068493,0.02219999954104,41
4,7a314694-1800-e811-9414-f0921c16b9e5,0.1178082191780822,0.01930000074208,42
4,7a314694-1800-e811-9414-f0921c16b9e5,0.12054794520547946,0.01700000092387,43
4,7a314694-1800-e811-9414-f0921c16b9e5,0.1232876712328767,0.0148999998346,44
4,7a314694-1800-e811-9414-f0921c16b9e5,0.12602739726027398,0.0132999997586,45
4,7a314694-1800-e811-9414-f0921c16b9e5,0.12876712328767123,0.01200000010431,46
4,7a314694-1800-e811-9414-f0921c16b9e5,0.13150684931506848,0.01059999968857,47
4,7a314694-1800-e811-9414-f0921c16b9e5,0.13424657534246576,0.009100000374019,48
4,7a314694-1800-e811-9414-f0921c16b9e5,0.136986301369863,0.00800000037998,49
4,7a314694-1800-e811-9414-f0921c16b9e5,0.13972602739726028,0.00719999987632,50
4,7a314694-1800-e811-9414-f0921c16b9e5,0.14246575342465753,0.006599999964237,51
4,7a314694-1800-e811-9414-f0921c16b9e5,0.14520547945205478,0.005700000096112,52
4,7a314694-1800-e811-9414-f0921c16b9e5,0.14794520547945206,0.004900000058115,53
4,7a314694-1800-e811-9414-f0921c16b9e5,0.1506849315068493,0.00400000018999,54
4,7a314694-1800-e811-9414-f0921c16b9e5,0.15342465753424658,0.003299999982119,55
4,7a314694-1800-e811-9414-f0921c16b9e5,0.15616438356164383,0.003199999919161,56
4,7a314694-1800-e811-9414-f0921c16b9e5,0.1589041095890411,0.002600000007078,57
4,7a314694-1800-e811-9414-f0921c16b9e5,0.16164383561643836,0.002199999988079,58
4,7a314694-1800-e811-9414-f0921c16b9e5,0.1643835616438356,0.002000000094995,59
4,7a314694-1800-e811-9414-f0921c16b9e5,0.16712328767123288,0.001599999959581,60
4,7a314694-1800-e811-9414-f0921c16b9e5,0.16986301369863013,0.001599999959581,61
4,7a314694-1800-e811-9414-f0921c16b9e5,0.1726027397260274,0.001200000056997,62
4,7a314694-1800-e811-9414-f0921c16b9e5,0.17534246575342466,0.001200000056997,63
4,7a314694-1800-e811-9414-f0921c16b9e5,0.1780821917808219,0.001000000047497,64
4,7a314694-1800-e811-9414-f0921c16b9e5,0.18082191780821918,0.0007999999797903,65
4,7a314694-1800-e811-9414-f0921c16b9e5,0.18356164383561643,0.0007999999797903,66
4,7a314694-1800-e811-9414-f0921c16b9e5,0.1863013698630137,0.0007999999797903,67
4,7a314694-1800-e811-9414-f0921c16b9e5,0.18904109589041096,0.0006000000284985,68
4,7a314694-1800-e811-9414-f0921c16b9e5,0.1917808219178082,0.0003999999898952,69
4,7a314694-1800-e811-9414-f0921c16b9e5,0.19452054794520549,0.0003000000142492,70
4,7a314694-1800-e811-9414-f0921c16b9e5,0.19726027397260273,0.0003000000142492,71
4,7a314694-1800-e811-9414-f0921c16b9e5,0.2,0.0001999999949476,72
4,7a314694-1800-e811-9414-f0921c16b9e5,0.20273972602739726,0.0001999999949476,73
4,7a314694-1800-e811-9414-f0921c16b9e5,0.2054794520547945,9.999999747379e-05,74
4,7a314694-1800-e811-9414-f0921c16b9e5,0.20821917808219179,9.999999747379e-05,75
4,7a314694-1800-e811-9414-f0921c16b9e5,0.21095890410958903,9.999999747379e-05,76
4,7a314694-1800-e811-9414-f0921c16b9e5,0.2136986301369863,9.999999747379e-05,77
4,7a314694-1800-e811-9414-f0921c16b9e5,0.21643835616438356,9.999999747379e-05,78
4,7a314694-1800-e811-9414-f0921c16b9e5,0.2191780821917808,9.999999747379e-05,79
4,7a314694-1800-e811-9414-f0921c16b9e5,0.2219178082191781,0.0,80
4,7a314694-1800-e811-9414-f0921c16b9e5,0.22465753424657534,0.0,81
4,7a314694-1800-e811-9414-f0921c16b9e5,0.2273972602739726,0.0,82
4,7a314694-1800-e811-9414-f0921c16b9e5,0.23013698630136986,0.0,83
4,7a314694-1800-e811-9414-f0921c16b9e5,0.2328767123287671,0.0,84
4,7a314694-1800-e811-9414-f0921c16b9e5,0.2356164383561644,0.0,85
4,7a314694-1800-e811-9414-f0921c16b9e5,0.23835616438356164,0.0,86
4,7a314694-1800-e811-9414-f0921c16b9e5,0.2410958904109589,0.0,87
4,7a314694-1800-e811-9414-f0921c16b9e5,0.24383561643835616,0.0,88
4,7a314694-1800-e811-9414-f0921c16b9e5,0.2465753424657534,0.0,89
5,79314694-1800-e811-9414-f0921c16b9e5,0.0027397260273972603,0.0,0
5,79314694-1800-e811-9414-f0921c16b9e5,0.005479452054794521,0.0007999999797903,1
5,79314694-1800-e811-9414-f0921c16b9e5,0.00821917808219178,0.001200000056997,2
5,79314694-1800-e811-9414-f0921c16b9e5,0.010958904109589041,0.002400000113994,3
5,79314694-1800-e811-9414-f0921c16b9e5,0.0136986301369863,0.003400000045076,4
5,79314694-1800-e811-9414-f0921c16b9e5,0.01643835616438356,0.005200000014156,5
5,79314694-1800-e811-9414-f0921c16b9e5,0.019178082191780823,0.00800000037998,6
5,79314694-1800-e811-9414-f0921c16b9e5,0.021917808219178082,0.01219999976456,7
5,79314694-1800-e811-9414-f0921c16b9e5,0.024657534246575342,0.01610000059009,8
5,79314694-1800-e811-9414-f0921c16b9e5,0.0273972602739726,0.02400000020862,9
5,79314694-1800-e811-9414-f0921c16b9e5,0.030136986301369864,0.02979999966919,10
5,79314694-1800-e811-9414-f0921c16b9e5,0.03287671232876712,0.04430000111461,11
5,79314694-1800-e811-9414-f0921c16b9e5,0.03561643835616438,0.05979999899864,12
5,79314694-1800-e811-9414-f0921c16b9e5,0.038356164383561646,0.08540000021458,13
5,79314694-1800-e811-9414-f0921c16b9e5,0.0410958904109589,0.1102999970317,14
5,79314694-1800-e811-9414-f0921c16b9e5,0.043835616438356165,0.1401000022888,15
5,79314694-1800-e811-9414-f0921c16b9e5,0.04657534246575343,0.1738000065088,16
5,79314694-1800-e811-9414-f0921c16b9e5,0.049315068493150684,0.2074999958277,17
5,79314694-1800-e811-9414-f0921c16b9e5,0.052054794520547946,0.2300000041723,18
5,79314694-1800-e811-9414-f0921c16b9e5,0.0547945205479452,0.2457000017166,19
5,79314694-1800-e811-9414-f0921c16b9e5,0.057534246575342465,0.2459000051022,20
5,79314694-1800-e811-9414-f0921c16b9e5,0.06027397260273973,0.2299000024796,21
5,79314694-1800-e811-9414-f0921c16b9e5,0.06301369863013699,0.2119999974966,22
5,79314694-1800-e811-9414-f0921c16b9e5,0.06575342465753424,0.1941000074148,23
5,79314694-1800-e811-9414-f0921c16b9e5,0.0684931506849315,0.1693000048399,24
5,79314694-1800-e811-9414-f0921c16b9e5,0.07123287671232877,0.1402000039816,25
5,79314694-1800-e811-9414-f0921c16b9e5,0.07397260273972603,0.1194000020623,26
5,79314694-1800-e811-9414-f0921c16b9e5,0.07671232876712329,0.09640000015497,27
5,79314694-1800-e811-9414-f0921c16b9e5,0.07945205479452055,0.07829999923706,28
5,79314694-1800-e811-9414-f0921c16b9e5,0.0821917808219178,0.06219999864697,29
5,79314694-1800-e811-9414-f0921c16b9e5,0.08493150684931507,0.0489999987185,30
5,79314694-1800-e811-9414-f0921c16b9e5,0.08767123287671233,0.03880000114441,31
5,79314694-1800-e811-9414-f0921c16b9e5,0.09041095890410959,0.02999999932945,32
5,79314694-1800-e811-9414-f0921c16b9e5,0.09315068493150686,0.02160000056028,33
5,79314694-1800-e811-9414-f0921c16b9e5,0.0958904109589041,0.01820000074804,34
5,79314694-1800-e811-9414-f0921c16b9e5,0.09863013698630137,0.01339999958873,35
5,79314694-1800-e811-9414-f0921c16b9e5,0.10136986301369863,0.01040000002831,36
5,79314694-1800-e811-9414-f0921c16b9e5,0.10410958904109589,0.007499999832362,37
5,79314694-1800-e811-9414-f0921c16b9e5,0.10684931506849316,0.005599999800324,38
5,79314694-1800-e811-9414-f0921c16b9e5,0.1095890410958904,0.004199999850243,39
5,79314694-1800-e811-9414-f0921c16b9e5,0.11232876712328767,0.00400000018999,40
5,79314694-1800-e811-9414-f0921c16b9e5,0.11506849315068493,0.003100000089034,41
5,79314694-1800-e811-9414-f0921c16b9e5,0.1178082191780822,0.002400000113994,42
5,79314694-1800-e811-9414-f0921c16b9e5,0.12054794520547946,0.001500000013039,43
5,79314694-1800-e811-9414-f0921c16b9e5,0.1232876712328767,0.00109999999404,44
5,79314694-1800-e811-9414-f0921c16b9e5,0.12602739726027398,0.0006000000284985,45
5,79314694-1800-e811-9414-f0921c16b9e5,0.12876712328767123,0.0006999999750406,46
5,79314694-1800-e811-9414-f0921c16b9e5,0.13150684931506848,0.0006000000284985,47
5,79314694-1800-e811-9414-f0921c16b9e5,0.13424657534246576,0.0001999999949476,48
5,79314694-1800-e811-9414-f0921c16b9e5,0.136986301369863,0.0003000000142492,49
5,79314694-1800-e811-9414-f0921c16b9e5,0.13972602739726028,0.0003000000142492,50
5,79314694-1800-e811-9414-f0921c16b9e5,0.14246575342465753,0.0001999999949476,51
5,79314694-1800-e811-9414-f0921c16b9e5,0.14520547945205478,9.999999747379e-05,52
5,79314694-1800-e811-9414-f0921c16b9e5,0.14794520547945206,0.0,53
5,79314694-1800-e811-9414-f0921c16b9e5,0.1506849315068493,0.0,54
5,79314694-1800-e811-9414-f0921c16b9e5,0.15342465753424658,0.0,55
5,79314694-1800-e811-9414-f0921c16b9e5,0.15616438356164383,0.0,56
5,79314694-1800-e811-9414-f0921c16b9e5,0.1589041095890411,0.0,57
5,79314694-1800-e811-9414-f0921c16b9e5,0.16164383561643836,0.0,58
5,79314694-1800-e811-9414-f0921c16b9e5,0.1643835616438356,0.0,59
5,79314694-1800-e811-9414-f0921c16b9e5,0.16712328767123288,0.0,60
5,79314694-1800-e811-9414-f0921c16b9e5,0.16986301369863013,0.0,61
5,79314694-1800-e811-9414-f0921c16b9e5,0.1726027397260274,0.0,62
5,79314694-1800-e811-9414-f0921c16b9e5,0.17534246575342466,0.0,63
5,79314694-1800-e811-9414-f0921c16b9e5,0.1780821917808219,0.0,64
5,79314694-1800-e811-9414-f0921c16b9e5,0.18082191780821918,0.0,65
5,79314694-1800-e811-9414-f0921c16b9e5,0.18356164383561643,0.0,66
5,79314694-1800-e811-9414-f0921c16b9e5,0.1863013698630137,0.0,67
5,79314694-1800-e811-9414-f0921c16b9e5,0.18904109589041096,0.0,68
5,79314694-1800-e811-9414-f0921c16b9e5,0.1917808219178082,0.0,69
5,79314694-1800-e811-9414-f0921c16b9e5,0.19452054794520549,0.0,70
5,79314694-1800-e811-9414-f0921c16b9e5,0.19726027397260273,0.0,71
5,79314694-1800-e811-9414-f0921c16b9e5,0.2,0.0,72
5,79314694-1800-e811-9414-f0921c16b9e5,0.20273972602739726,0.0,73
5,79314694-1800-e811-9414-f0921c16b9e5,0.2054794520547945,0.0,74
5,79314694-1800-e811-9414-f0921c16b9e5,0.20821917808219179,0.0,75
5,79314694-1800-e811-9414-f0921c16b9e5,0.21095890410958903,0.0,76
5,79314694-1800-e811-9414-f0921c16b9e5,0.2136986301369863,0.0,77
5,79314694-1800-e811-9414-f0921c16b9e5,0.21643835616438356,0.0,78
5,79314694-1800-e811-9414-f0921c16b9e5,0.2191780821917808,0.0,79
5,79314694-1800-e811-9414-f0921c16b9e5,0.2219178082191781,0.0,80
5,79314694-1800-e811-9414-f0921c16b9e5,0.22465753424657534,0.0,81
5,79314694-1800-e811-9414-f0921c16b9e5,0.2273972602739726,0.0,82
5,79314694-1800-e811-9414-f0921c16b9e5,0.23013698630136986,0.0,83
5,79314694-1800-e811-9414-f0921c16b9e5,0.2328767123287671,0.0,84
5,79314694-1800-e811-9414-f0921c16b9e5,0.2356164383561644,0.0,85
5,79314694-1800-e811-9414-f0921c16b9e5,0.23835616438356164,0.0,86
5,79314694-1800-e811-9414-f0921c16b9e5,0.2410958904109589,0.0,87
5,79314694-1800-e811-9414-f0921c16b9e5,0.24383561643835616,0.0,88
5,79314694-1800-e811-9414-f0921c16b9e5,0.2465753424657534,0.0,89
6,78314694-1800-e811-9414-f0921c16b9e5,0.0027397260273972603,0.0,0
6,78314694-1800-e811-9414-f0921c16b9e5,0.005479452054794521,0.0005000000237487,1
6,78314694-1800-e811-9414-f0921c16b9e5,0.00821917808219178,0.001200000056997,2
6,78314694-1800-e811-9414-f0921c16b9e5,0.010958904109589041,0.001500000013039,3
6,78314694-1800-e811-9414-f0921c16b9e5,0.0136986301369863,0.002499999944121,4
6,78314694-1800-e811-9414-f0921c16b9e5,0.01643835616438356,0.004800000227988,5
6,78314694-1800-e811-9414-f0921c16b9e5,0.019178082191780823,0.006699999794364,6
6,78314694-1800-e811-9414-f0921c16b9e5,0.021917808219178082,0.01009999960661,7
6,78314694-1800-e811-9414-f0921c16b9e5,0.024657534246575342,0.01410000026226,8
6,78314694-1800-e811-9414-f0921c16b9e5,0.0273972602739726,0.01999999955297,9
6,78314694-1800-e811-9414-f0921c16b9e5,0.030136986301369864,0.02960000000894,10
6,78314694-1800-e811-9414-f0921c16b9e5,0.03287671232876712,0.04430000111461,11
6,78314694-1800-e811-9414-f0921c16b9e5,0.03561643835616438,0.06490000337362,12
6,78314694-1800-e811-9414-f0921c16b9e5,0.038356164383561646,0.09679999947548,13
6,78314694-1800-e811-9414-f0921c16b9e5,0.0410958904109589,0.1405999958515,14
6,78314694-1800-e811-9414-f0921c16b9e5,0.043835616438356165,0.1911000013351,15
6,78314694-1800-e811-9414-f0921c16b9e5,0.04657534246575343,0.2545000016689,16
6,78314694-1800-e811-9414-f0921c16b9e5,0.049315068493150684,0.3258000016212,17
6,78314694-1800-e811-9414-f0921c16b9e5,0.052054794520547946,0.393700003624,18
6,78314694-1800-e811-9414-f0921c16b9e5,0.0547945205479452,0.4614999890327,19
6,78314694-1800-e811-9414-f0921c16b9e5,0.057534246575342465,0.5121999979019,20
6,78314694-1800-e811-9414-f0921c16b9e5,0.06027397260273973,0.5429999828339,21
6,78314694-1800-e811-9414-f0921c16b9e5,0.06301369863013699,0.5551999807358,22
6,78314694-1800-e811-9414-f0921c16b9e5,0.06575342465753424,0.5479999780655,23
6,78314694-1800-e811-9414-f0921c16b9e5,0.0684931506849315,0.527999997139,24
6,78314694-1800-e811-9414-f0921c16b9e5,0.07123287671232877,0.4970999956131,25
6,78314694-1800-e811-9414-f0921c16b9e5,0.07397260273972603,0.460599988699,26
6,78314694-1800-e811-9414-f0921c16b9e5,0.07671232876712329,0.4327999949455,27
6,78314694-1800-e811-9414-f0921c16b9e5,0.07945205479452055,0.3962999880314,28
6,78314694-1800-e811-9414-f0921c16b9e5,0.0821917808219178,0.3607000112534,29
6,78314694-1800-e811-9414-f0921c16b9e5,0.08493150684931507,0.3271000087261,30
6,78314694-1800-e811-9414-f0921c16b9e5,0.08767123287671233,0.2985000014305,31
6,78314694-1800-e811-9414-f0921c16b9e5,0.09041095890410959,0.272000014782,32
6,78314694-1800-e811-9414-f0921c16b9e5,0.09315068493150686,0.2469999939203,33
6,78314694-1800-e811-9414-f0921c16b9e5,0.0958904109589041,0.2258999943733,34
6,78314694-1800-e811-9414-f0921c16b9e5,0.09863013698630137,0.2054000049829,35
6,78314694-1800-e811-9414-f0921c16b9e5,0.10136986301369863,0.1861000061035,36
6,78314694-1800-e811-9414-f0921c16b9e5,0.10410958904109589,0.1703000068665,37
6,78314694-1800-e811-9414-f0921c16b9e5,0.10684931506849316,0.1533000022173,38
6,78314694-1800-e811-9414-f0921c16b9e5,0.1095890410958904,0.1401000022888,39
6,78314694-1800-e811-9414-f0921c16b9e5,0.11232876712328767,0.1271000057459,40
6,78314694-1800-e811-9414-f0921c16b9e5,0.11506849315068493,0.1171000003815,41
6,78314694-1800-e811-9414-f0921c16b9e5,0.1178082191780822,0.106299996376,42
6,78314694-1800-e811-9414-f0921c16b9e5,0.12054794520547946,0.09529999643564,43
6,78314694-1800-e811-9414-f0921c16b9e5,0.1232876712328767,0.08619999885559,44
6,78314694-1800-e811-9414-f0921c16b9e5,0.12602739726027398,0.07789999991655,45
6,78314694-1800-e811-9414-f0921c16b9e5,0.12876712328767123,0.0701000019908,46
6,78314694-1800-e811-9414-f0921c16b9e5,0.13150684931506848,0.0641999989748,47
6,78314694-1800-e811-9414-f0921c16b9e5,0.13424657534246576,0.05770000070333,48
6,78314694-1800-e811-9414-f0921c16b9e5,0.136986301369863,0.05240000039339,49
6,78314694-1800-e811-9414-f0921c16b9e5,0.13972602739726028,0.04789999872446,50
6,78314694-1800-e811-9414-f0921c16b9e5,0.14246575342465753,0.04439999908209,51
6,78314694-1800-e811-9414-f0921c16b9e5,0.14520547945205478,0.04019999876618,52
6,78314694-1800-e811-9414-f0921c16b9e5,0.14794520547945206,0.0359000004828,53
6,78314694-1800-e811-9414-f0921c16b9e5,0.1506849315068493,0.03370000049472,54
6,78314694-1800-e811-9414-f0921c16b9e5,0.15342465753424658,0.03050000034273,55
6,78314694-1800-e811-9414-f0921c16b9e5,0.15616438356164383,0.02779999934137,56
6,78314694-1800-e811-9414-f0921c16b9e5,0.1589041095890411,0.02520000003278,57
6,78314694-1800-e811-9414-f0921c16b9e5,0.16164383561643836,0.0230000000447,58
6,78314694-1800-e811-9414-f0921c16b9e5,0.1643835616438356,0.02019999921322,59
6,78314694-1800-e811-9414-f0921c16b9e5,0.16712328767123288,0.01799999922514,60
6,78314694-1800-e811-9414-f0921c16b9e5,0.16986301369863013,0.01579999923706,61
6,78314694-1800-e811-9414-f0921c16b9e5,0.1726027397260274,0.01429999992251,62
6,78314694-1800-e811-9414-f0921c16b9e5,0.17534246575342466,0.01269999984652,63
6,78314694-1800-e811-9414-f0921c16b9e5,0.1780821917808219,0.01140000019222,64
6,78314694-1800-e811-9414-f0921c16b9e5,0.18082191780821918,0.01049999985844,65
6,78314694-1800-e811-9414-f0921c16b9e5,0.18356164383561643,0.009600000455976,66
6,78314694-1800-e811-9414-f0921c16b9e5,0.1863013698630137,0.00870000012219,67
6,78314694-1800-e811-9414-f0921c16b9e5,0.18904109589041096,0.007799999788404,68
6,78314694-1800-e811-9414-f0921c16b9e5,0.1917808219178082,0.007300000172108,69
6,78314694-1800-e811-9414-f0921c16b9e5,0.19452054794520549,0.006699999794364,70
6,78314694-1800-e811-9414-f0921c16b9e5,0.19726027397260273,0.005799999926239,71
6,78314694-1800-e811-9414-f0921c16b9e5,0.2,0.005599999800324,72
6,78314694-1800-e811-9414-f0921c16b9e5,0.20273972602739726,0.005499999970198,73
6,78314694-1800-e811-9414-f0921c16b9e5,0.2054794520547945,0.005100000184029,74
6,78314694-1800-e811-9414-f0921c16b9e5,0.20821917808219179,0.004900000058115,75
6,78314694-1800-e811-9414-f0921c16b9e5,0.21095890410958903,0.004199999850243,76
6,78314694-1800-e811-9414-f0921c16b9e5,0.2136986301369863,0.003700000001118,77
6,78314694-1800-e811-9414-f0921c16b9e5,0.21643835616438356,0.003400000045076,78
6,78314694-1800-e811-9414-f0921c16b9e5,0.2191780821917808,0.00289999996312,79
6,78314694-1800-e811-9414-f0921c16b9e5,0.2219178082191781,0.002400000113994,80
6,78314694-1800-e811-9414-f0921c16b9e5,0.22465753424657534,0.002400000113994,81
6,78314694-1800-e811-9414-f0921c16b9e5,0.2273972602739726,0.002099999925122,82
6,78314694-1800-e811-9414-f0921c16b9e5,0.23013698630136986,0.00179999996908,83
6,78314694-1800-e811-9414-f0921c16b9e5,0.2328767123287671,0.001700000022538,84
6,78314694-1800-e811-9414-f0921c16b9e5,0.2356164383561644,0.001500000013039,85
6,78314694-1800-e811-9414-f0921c16b9e5,0.23835616438356164,0.001399999950081,86
6,78314694-1800-e811-9414-f0921c16b9e5,0.2410958904109589,0.001300000003539,87
6,78314694-1800-e811-9414-f0921c16b9e5,0.24383561643835616,0.001300000003539,88
6,78314694-1800-e811-9414-f0921c16b9e5,0.2465753424657534,0.00109999999404,89
7,77314694-1800-e811-9414-f0921c16b9e5,0.0027397260273972603,0.0,0
7,77314694-1800-e811-9414-f0921c16b9e5,0.005479452054794521,0.0003000000142492,1
7,77314694-1800-e811-9414-f0921c16b9e5,0.00821917808219178,0.0007999999797903,2
7,77314694-1800-e811-9414-f0921c16b9e5,0.010958904109589041,0.003000000026077,3
7,77314694-1800-e811-9414-f0921c16b9e5,0.0136986301369863,0.009700000286102,4
7,77314694-1800-e811-9414-f0921c16b9e5,0.01643835616438356,0.0265999995172,5
7,77314694-1800-e811-9414-f0921c16b9e5,0.019178082191780823,0.06800000369549,6
7,77314694-1800-e811-9414-f0921c16b9e5,0.021917808219178082,0.1564999967813,7
7,77314694-1800-e811-9414-f0921c16b9e5,0.024657534246575342,0.3154999911785,8
7,77314694-1800-e811-9414-f0921c16b9e5,0.0273972602739726,0.5084000229836,9
7,77314694-1800-e811-9414-f0921c16b9e5,0.030136986301369864,0.5809999704361,10
7,77314694-1800-e811-9414-f0921c16b9e5,0.03287671232876712,0.5138000249863,11
7,77314694-1800-e811-9414-f0921c16b9e5,0.03561643835616438,0.4081999957561,12
7,77314694-1800-e811-9414-f0921c16b9e5,0.038356164383561646,0.3109999895096,13
7,77314694-1800-e811-9414-f0921c16b9e5,0.0410958904109589,0.2346999943256,14
7,77314694-1800-e811-9414-f0921c16b9e5,0.043835616438356165,0.1808000057936,15
7,77314694-1800-e811-9414-f0921c16b9e5,0.04657534246575343,0.1325999945402,16
7,77314694-1800-e811-9414-f0921c16b9e5,0.049315068493150684,0.1005000025034,17
7,77314694-1800-e811-9414-f0921c16b9e5,0.052054794520547946,0.07639999687672,18
7,77314694-1800-e811-9414-f0921c16b9e5,0.0547945205479452,0.0566000007093,19
7,77314694-1800-e811-9414-f0921c16b9e5,0.057534246575342465,0.0417999997735,20
7,77314694-1800-e811-9414-f0921c16b9e5,0.06027397260273973,0.03089999966323,21
7,77314694-1800-e811-9414-f0921c16b9e5,0.06301369863013699,0.02349999919534,22
7,77314694-1800-e811-9414-f0921c16b9e5,0.06575342465753424,0.01779999956489,23
7,77314694-1800-e811-9414-f0921c16b9e5,0.0684931506849315,0.01290000043809,24
7,77314694-1800-e811-9414-f0921c16b9e5,0.07123287671232877,0.009800000116229,25
7,77314694-1800-e811-9414-f0921c16b9e5,0.07397260273972603,0.006800000090152,26
7,77314694-1800-e811-9414-f0921c16b9e5,0.07671232876712329,0.004999999888241,27
7,77314694-1800-e811-9414-f0921c16b9e5,0.07945205479452055,0.004300000146031,28
7,77314694-1800-e811-9414-f0921c16b9e5,0.0821917808219178,0.00289999996312,29
7,77314694-1800-e811-9414-f0921c16b9e5,0.08493150684931507,0.002000000094995,30
7,77314694-1800-e811-9414-f0921c16b9e5,0.08767123287671233,0.00179999996908,31
7,77314694-1800-e811-9414-f0921c16b9e5,0.09041095890410959,0.001599999959581,32
7,77314694-1800-e811-9414-f0921c16b9e5,0.09315068493150686,0.001300000003539,33
7,77314694-1800-e811-9414-f0921c16b9e5,0.0958904109589041,0.001200000056997,34
7,77314694-1800-e811-9414-f0921c16b9e5,0.09863013698630137,0.0006999999750406,35
7,77314694-1800-e811-9414-f0921c16b9e5,0.10136986301369863,0.0005000000237487,36
7,77314694-1800-e811-9414-f0921c16b9e5,0.10410958904109589,0.0005000000237487,37
7,77314694-1800-e811-9414-f0921c16b9e5,0.10684931506849316,0.0003000000142492,38
7,77314694-1800-e811-9414-f0921c16b9e5,0.1095890410958904,0.0003000000142492,39
7,77314694-1800-e811-9414-f0921c16b9e5,0.11232876712328767,0.0003000000142492,40
7,77314694-1800-e811-9414-f0921c16b9e5,0.11506849315068493,0.0003000000142492,41
7,77314694-1800-e811-9414-f0921c16b9e5,0.1178082191780822,0.0003000000142492,42
7,77314694-1800-e811-9414-f0921c16b9e5,0.12054794520547946,0.0001999999949476,43
7,77314694-1800-e811-9414-f0921c16b9e5,0.1232876712328767,0.0001999999949476,44
7,77314694-1800-e811-9414-f0921c16b9e5,0.12602739726027398,0.0001999999949476,45
7,77314694-1800-e811-9414-f0921c16b9e5,0.12876712328767123,0.0001999999949476,46
7,77314694-1800-e811-9414-f0921c16b9e5,0.13150684931506848,9.999999747379e-05,47
7,77314694-1800-e811-9414-f0921c16b9e5,0.13424657534246576,0.0,48
7,77314694-1800-e811-9414-f0921c16b9e5,0.136986301369863,0.0,49
7,77314694-1800-e811-9414-f0921c16b9e5,0.13972602739726028,0.0,50
7,77314694-1800-e811-9414-f0921c16b9e5,0.14246575342465753,0.0,51
7,77314694-1800-e811-9414-f0921c16b9e5,0.14520547945205478,0.0,52
7,77314694-1800-e811-9414-f0921c16b9e5,0.14794520547945206,0.0,53
7,77314694-1800-e811-9414-f0921c16b9e5,0.1506849315068493,0.0,54
7,77314694-1800-e811-9414-f0921c16b9e5,0.15342465753424658,0.0,55
7,77314694-1800-e811-9414-f0921c16b9e5,0.15616438356164383,0.0,56
7,77314694-1800-e811-9414-f0921c16b9e5,0.1589041095890411,0.0,57
7,77314694-1800-e811-9414-f0921c16b9e5,0.16164383561643836,0.0,58
7,77314694-1800-e811-9414-f0921c16b9e5,0.1643835616438356,0.0,59
7,77314694-1800-e811-9414-f0921c16b9e5,0.16712328767123288,0.0,60
7,77314694-1800-e811-9414-f0921c16b9e5,0.16986301369863013,0.0,61
7,77314694-1800-e811-9414-f0921c16b9e5,0.1726027397260274,0.0,62
7,77314694-1800-e811-9414-f0921c16b9e5,0.17534246575342466,0.0,63
7,77314694-1800-e811-9414-f0921c16b9e5,0.1780821917808219,0.0,64
7,77314694-1800-e811-9414-f0921c16b9e5,0.18082191780821918,0.0,65
7,77314694-1800-e811-9414-f0921c16b9e5,0.18356164383561643,0.0,66
7,77314694-1800-e811-9414-f0921c16b9e5,0.1863013698630137,0.0,67
7,77314694-1800-e811-9414-f0921c16b9e5,0.18904109589041096,0.0,68
7,77314694-1800-e811-9414-f0921c16b9e5,0.1917808219178082,0.0,69
7,77314694-1800-e811-9414-f0921c16b9e5,0.19452054794520549,0.0,70
7,77314694-1800-e811-9414-f0921c16b9e5,0.19726027397260273,0.0,71
7,77314694-1800-e811-9414-f0921c16b9e5,0.2,0.0,72
7,77314694-1800-e811-9414-f0921c16b9e5,0.20273972602739726,0.0,73
7,77314694-1800-e811-9414-f0921c16b9e5,0.2054794520547945,0.0,74
7,77314694-1800-e811-9414-f0921c16b9e5,0.20821917808219179,0.0,75
7,77314694-1800-e811-9414-f0921c16b9e5,0.21095890410958903,0.0,76
7,77314694-1800-e811-9414-f0921c16b9e5,0.2136986301369863,0.0,77
7,77314694-1800-e811-9414-f0921c16b9e5,0.21643835616438356,0.0,78
7,77314694-1800-e811-9414-f0921c16b9e5,0.2191780821917808,0.0,79
7,77314694-1800-e811-9414-f0921c16b9e5,0.2219178082191781,0.0,80
7,77314694-1800-e811-9414-f0921c16b9e5,0.22465753424657534,0.0,81
7,77314694-1800-e811-9414-f0921c16b9e5,0.2273972602739726,0.0,82
7,77314694-1800-e811-9414-f0921c16b9e5,0.23013698630136986,0.0,83
7,77314694-1800-e811-9414-f0921c16b9e5,0.2328767123287671,0.0,84
7,77314694-1800-e811-9414-f0921c16b9e5,0.2356164383561644,0.0,85
7,77314694-1800-e811-9414-f0921c16b9e5,0.23835616438356164,0.0,86
7,77314694-1800-e811-9414-f0921c16b9e5,0.2410958904109589,0.0,87
7,77314694-1800-e811-9414-f0921c16b9e5,0.24383561643835616,0.0,88
7,77314694-1800-e811-9414-f0921c16b9e5,0.2465753424657534,0.0,89
8,76314694-1800-e811-9414-f0921c16b9e5,0.0027397260273972603,0.0,0
8,76314694-1800-e811-9414-f0921c16b9e5,0.005479452054794521,0.0005000000237487,1
8,76314694-1800-e811-9414-f0921c16b9e5,0.00821917808219178,0.0006999999750406,2
8,76314694-1800-e811-9414-f0921c16b9e5,0.010958904109589041,0.0007999999797903,3
8,76314694-1800-e811-9414-f0921c16b9e5,0.0136986301369863,0.001599999959581,4
8,76314694-1800-e811-9414-f0921c16b9e5,0.01643835616438356,0.002600000007078,5
8,76314694-1800-e811-9414-f0921c16b9e5,0.019178082191780823,0.00400000018999,6
8,76314694-1800-e811-9414-f0921c16b9e5,0.021917808219178082,0.006200000178069,7
8,76314694-1800-e811-9414-f0921c16b9e5,0.024657534246575342,0.00870000012219,8
8,76314694-1800-e811-9414-f0921c16b9e5,0.0273972602739726,0.01240000035614,9
8,76314694-1800-e811-9414-f0921c16b9e5,0.030136986301369864,0.02089999988675,10
8,76314694-1800-e811-9414-f0921c16b9e5,0.03287671232876712,0.03240000084043,11
8,76314694-1800-e811-9414-f0921c16b9e5,0.03561643835616438,0.04870000109076,12
8,76314694-1800-e811-9414-f0921c16b9e5,0.038356164383561646,0.07469999790192,13
8,76314694-1800-e811-9414-f0921c16b9e5,0.0410958904109589,0.1085999980569,14
8,76314694-1800-e811-9414-f0921c16b9e5,0.043835616438356165,0.1573999971151,15
8,76314694-1800-e811-9414-f0921c16b9e5,0.04657534246575343,0.2186000049114,16
8,76314694-1800-e811-9414-f0921c16b9e5,0.049315068493150684,0.2917999923229,17
8,76314694-1800-e811-9414-f0921c16b9e5,0.052054794520547946,0.3596999943256,18
8,76314694-1800-e811-9414-f0921c16b9e5,0.0547945205479452,0.4259000122547,19
8,76314694-1800-e811-9414-f0921c16b9e5,0.057534246575342465,0.4717000126839,20
8,76314694-1800-e811-9414-f0921c16b9e5,0.06027397260273973,0.4984999895096,21
8,76314694-1800-e811-9414-f0921c16b9e5,0.06301369863013699,0.5034999847412,22
8,76314694-1800-e811-9414-f0921c16b9e5,0.06575342465753424,0.4864999949932,23
8,76314694-1800-e811-9414-f0921c16b9e5,0.0684931506849315,0.4587999880314,24
8,76314694-1800-e811-9414-f0921c16b9e5,0.07123287671232877,0.4244999885559,25
8,76314694-1800-e811-9414-f0921c16b9e5,0.07397260273972603,0.3932999968529,26
8,76314694-1800-e811-9414-f0921c16b9e5,0.07671232876712329,0.3576999902725,27
8,76314694-1800-e811-9414-f0921c16b9e5,0.07945205479452055,0.3210999965668,28
8,76314694-1800-e811-9414-f0921c16b9e5,0.0821917808219178,0.288899987936,29
8,76314694-1800-e811-9414-f0921c16b9e5,0.08493150684931507,0.2594000101089,30
8,76314694-1800-e811-9414-f0921c16b9e5,0.08767123287671233,0.2282000035048,31
8,76314694-1800-e811-9414-f0921c16b9e5,0.09041095890410959,0.2050999999046,32
8,76314694-1800-e811-9414-f0921c16b9e5,0.09315068493150686,0.1828999966383,33
8,76314694-1800-e811-9414-f0921c16b9e5,0.0958904109589041,0.1615999937057,34
8,76314694-1800-e811-9414-f0921c16b9e5,0.09863013698630137,0.1403000056744,35
8,76314694-1800-e811-9414-f0921c16b9e5,0.10136986301369863,0.1218999996781,36
8,76314694-1800-e811-9414-f0921c16b9e5,0.10410958904109589,0.1076999977231,37
8,76314694-1800-e811-9414-f0921c16b9e5,0.10684931506849316,0.09589999914169,38
8,76314694-1800-e811-9414-f0921c16b9e5,0.1095890410958904,0.08449999988079,39
8,76314694-1800-e811-9414-f0921c16b9e5,0.11232876712328767,0.07329999655485,40
8,76314694-1800-e811-9414-f0921c16b9e5,0.11506849315068493,0.06490000337362,41
8,76314694-1800-e811-9414-f0921c16b9e5,0.1178082191780822,0.05620000138879,42
8,76314694-1800-e811-9414-f0921c16b9e5,0.12054794520547946,0.05000000074506,43
8,76314694-1800-e811-9414-f0921c16b9e5,0.1232876712328767,0.04419999942183,44
8,76314694-1800-e811-9414-f0921c16b9e5,0.12602739726027398,0.0392999984324,45
8,76314694-1800-e811-9414-f0921c16b9e5,0.12876712328767123,0.03489999845624,46
8,76314694-1800-e811-9414-f0921c16b9e5,0.13150684931506848,0.03119999915361,47
8,76314694-1800-e811-9414-f0921c16b9e5,0.13424657534246576,0.02800000086427,48
8,76314694-1800-e811-9414-f0921c16b9e5,0.136986301369863,0.02549999952316,49
8,76314694-1800-e811-9414-f0921c16b9e5,0.13972602739726028,0.0226000007242,50
8,76314694-1800-e811-9414-f0921c16b9e5,0.14246575342465753,0.02009999938309,51
8,76314694-1800-e811-9414-f0921c16b9e5,0.14520547945205478,0.01830000057817,52
8,76314694-1800-e811-9414-f0921c16b9e5,0.14794520547945206,0.01659999974072,53
8,76314694-1800-e811-9414-f0921c16b9e5,0.1506849315068493,0.01460000034422,54
8,76314694-1800-e811-9414-f0921c16b9e5,0.15342465753424658,0.01300000026822,55
8,76314694-1800-e811-9414-f0921c16b9e5,0.15616438356164383,0.01040000002831,56
8,76314694-1800-e811-9414-f0921c16b9e5,0.1589041095890411,0.009499999694526,57
8,76314694-1800-e811-9414-f0921c16b9e5,0.16164383561643836,0.00789999961853,58
8,76314694-1800-e811-9414-f0921c16b9e5,0.1643835616438356,0.006800000090152,59
8,76314694-1800-e811-9414-f0921c16b9e5,0.16712328767123288,0.005900000222027,60
8,76314694-1800-e811-9414-f0921c16b9e5,0.16986301369863013,0.005400000140071,61
8,76314694-1800-e811-9414-f0921c16b9e5,0.1726027397260274,0.004999999888241,62
8,76314694-1800-e811-9414-f0921c16b9e5,0.17534246575342466,0.004399999976158,63
8,76314694-1800-e811-9414-f0921c16b9e5,0.1780821917808219,0.003700000001118,64
8,76314694-1800-e811-9414-f0921c16b9e5,0.18082191780821918,0.003199999919161,65
8,76314694-1800-e811-9414-f0921c16b9e5,0.18356164383561643,0.003000000026077,66
8,76314694-1800-e811-9414-f0921c16b9e5,0.1863013698630137,0.002400000113994,67
8,76314694-1800-e811-9414-f0921c16b9e5,0.18904109589041096,0.00179999996908,68
8,76314694-1800-e811-9414-f0921c16b9e5,0.1917808219178082,0.001500000013039,69
8,76314694-1800-e811-9414-f0921c16b9e5,0.19452054794520549,0.00109999999404,70
8,76314694-1800-e811-9414-f0921c16b9e5,0.19726027397260273,0.001000000047497,71
8,76314694-1800-e811-9414-f0921c16b9e5,0.2,0.00089999998454,72
8,76314694-1800-e811-9414-f0921c16b9e5,0.20273972602739726,0.00089999998454,73
8,76314694-1800-e811-9414-f0921c16b9e5,0.2054794520547945,0.00089999998454,74
8,76314694-1800-e811-9414-f0921c16b9e5,0.20821917808219179,0.00089999998454,75
8,76314694-1800-e811-9414-f0921c16b9e5,0.21095890410958903,0.0007999999797903,76
8,76314694-1800-e811-9414-f0921c16b9e5,0.2136986301369863,0.0006999999750406,77
8,76314694-1800-e811-9414-f0921c16b9e5,0.21643835616438356,0.0006999999750406,78
8,76314694-1800-e811-9414-f0921c16b9e5,0.2191780821917808,0.0006000000284985,79
8,76314694-1800-e811-9414-f0921c16b9e5,0.2219178082191781,0.0003999999898952,80
8,76314694-1800-e811-9414-f0921c16b9e5,0.22465753424657534,0.0003000000142492,81
8,76314694-1800-e811-9414-f0921c16b9e5,0.2273972602739726,0.0001999999949476,82
8,76314694-1800-e811-9414-f0921c16b9e5,0.23013698630136986,0.0001999999949476,83
8,76314694-1800-e811-9414-f0921c16b9e5,0.2328767123287671,0.0001999999949476,84
8,76314694-1800-e811-9414-f0921c16b9e5,0.2356164383561644,0.0001999999949476,85
8,76314694-1800-e811-9414-f0921c16b9e5,0.23835616438356164,0.0001999999949476,86
8,76314694-1800-e811-9414-f0921c16b9e5,0.2410958904109589,0.0001999999949476,87
8,76314694-1800-e811-9414-f0921c16b9e5,0.24383561643835616,9.999999747379e-05,88
8,76314694-1800-e811-9414-f0921c16b9e5,0.2465753424657534,9.999999747379e-05,89
9,75314694-1800-e811-9414-f0921c16b9e5,0.0027397260273972603,0.0,0
9,75314694-1800-e811-9414-f0921c16b9e5,0.005479452054794521,0.0007999999797903,1
9,75314694-1800-e811-9414-f0921c16b9e5,0.00821917808219178,0.006399999838322,2
9,75314694-1800-e811-9414-f0921c16b9e5,0.010958904109589041,0.04800000041723,3
9,75314694-1800-e811-9414-f0921c16b9e5,0.0136986301369863,0.2879000008106,4
9,75314694-1800-e811-9414-f0921c16b9e5,0.01643835616438356,0.7136999964714,5
9,75314694-1800-e811-9414-f0921c16b9e5,0.019178082191780823,0.3822999894619,6
9,75314694-1800-e811-9414-f0921c16b9e5,0.021917808219178082,0.1609999984503,7
9,75314694-1800-e811-9414-f0921c16b9e5,0.024657534246575342,0.07100000232458,8
9,75314694-1800-e811-9414-f0921c16b9e5,0.0273972602739726,0.02769999951124,9
9,75314694-1800-e811-9414-f0921c16b9e5,0.030136986301369864,0.01180000044405,10
9,75314694-1800-e811-9414-f0921c16b9e5,0.03287671232876712,0.005299999844283,11
9,75314694-1800-e811-9414-f0921c16b9e5,0.03561643835616438,0.002000000094995,12
9,75314694-1800-e811-9414-f0921c16b9e5,0.038356164383561646,0.0006000000284985,13
9,75314694-1800-e811-9414-f0921c16b9e5,0.0410958904109589,0.0001999999949476,14
9,75314694-1800-e811-9414-f0921c16b9e5,0.043835616438356165,9.999999747379e-05,15
9,75314694-1800-e811-9414-f0921c16b9e5,0.04657534246575343,0.0,16
9,75314694-1800-e811-9414-f0921c16b9e5,0.049315068493150684,0.0,17
9,75314694-1800-e811-9414-f0921c16b9e5,0.052054794520547946,0.0,18
9,75314694-1800-e811-9414-f0921c16b9e5,0.0547945205479452,0.0,19
9,75314694-1800-e811-9414-f0921c16b9e5,0.057534246575342465,0.0,20
9,75314694-1800-e811-9414-f0921c16b9e5,0.06027397260273973,0.0,21
9,75314694-1800-e811-9414-f0921c16b9e5,0.06301369863013699,0.0,22
9,75314694-1800-e811-9414-f0921c16b9e5,0.06575342465753424,0.0,23
9,75314694-1800-e811-9414-f0921c16b9e5,0.0684931506849315,0.0,24
9,75314694-1800-e811-9414-f0921c16b9e5,0.07123287671232877,0.0,25
9,75314694-1800-e811-9414-f0921c16b9e5,0.07397260273972603,0.0,26
9,75314694-1800-e811-9414-f0921c16b9e5,0.07671232876712329,0.0,27
9,75314694-1800-e811-9414-f0921c16b9e5,0.07945205479452055,0.0,28
9,75314694-1800-e811-9414-f0921c16b9e5,0.0821917808219178,0.0,29
9,75314694-1800-e811-9414-f0921c16b9e5,0.08493150684931507,0.0,30
9,75314694-1800-e811-9414-f0921c16b9e5,0.08767123287671233,0.0,31
9,75314694-1800-e811-9414-f0921c16b9e5,0.09041095890410959,0.0,32
9,75314694-1800-e811-9414-f0921c16b9e5,0.09315068493150686,0.0,33
9,75314694-1800-e811-9414-f0921c16b9e5,0.0958904109589041,0.0,34
9,75314694-1800-e811-9414-f0921c16b9e5,0.09863013698630137,0.0,35
9,75314694-1800-e811-9414-f0921c16b9e5,0.10136986301369863,0.0,36
9,75314694-1800-e811-9414-f0921c16b9e5,0.10410958904109589,0.0,37
9,75314694-1800-e811-9414-f0921c16b9e5,0.10684931506849316,0.0,38
9,75314694-1800-e811-9414-f0921c16b9e5,0.1095890410958904,0.0,39
9,75314694-1800-e811-9414-f0921c16b9e5,0.11232876712328767,0.0,40
9,75314694-1800-e811-9414-f0921c16b9e5,0.11506849315068493,0.0,41
9,75314694-1800-e811-9414-f0921c16b9e5,0.1178082191780822,0.0,42
9,75314694-1800-e811-9414-f0921c16b9e5,0.12054794520547946,0.0,43
9,75314694-1800-e811-9414-f0921c16b9e5,0.1232876712328767,0.0,44
9,75314694-1800-e811-9414-f0921c16b9e5,0.12602739726027398,0.0,45
9,75314694-1800-e811-9414-f0921c16b9e5,0.12876712328767123,0.0,46
9,75314694-1800-e811-9414-f0921c16b9e5,0.13150684931506848,0.0,47
9,75314694-1800-e811-9414-f0921c16b9e5,0.13424657534246576,0.0,48
9,75314694-1800-e811-9414-f0921c16b9e5,0.136986301369863,0.0,49
9,75314694-1800-e811-9414-f0921c16b9e5,0.13972602739726028,0.0,50
9,75314694-1800-e811-9414-f0921c16b9e5,0.14246575342465753,0.0,51
9,75314694-1800-e811-9414-f0921c16b9e5,0.14520547945205478,0.0,52
9,75314694-1800-e811-9414-f0921c16b9e5,0.14794520547945206,0.0,53
9,75314694-1800-e811-9414-f0921c16b9e5,0.1506849315068493,0.0,54
9,75314694-1800-e811-9414-f0921c16b9e5,0.15342465753424658,0.0,55
9,75314694-1800-e811-9414-f0921c16b9e5,0.15616438356164383,0.0,56
9,75314694-1800-e811-9414-f0921c16b9e5,0.1589041095890411,0.0,57
9,75314694-1800-e811-9414-f0921c16b9e5,0.16164383561643836,0.0,58
9,75314694-1800-e811-9414-f0921c16b9e5,0.1643835616438356,0.0,59
9,75314694-1800-e811-9414-f0921c16b9e5,0.16712328767123288,0.0,60
9,75314694-1800-e811-9414-f0921c16b9e5,0.16986301369863013,0.0,61
9,75314694-1800-e811-9414-f0921c16b9e5,0.1726027397260274,0.0,62
9,75314694-1800-e811-9414-f0921c16b9e5,0.17534246575342466,0.0,63
9,75314694-1800-e811-9414-f0921c16b9e5,0.1780821917808219,0.0,64
9,75314694-1800-e811-9414-f0921c16b9e5,0.18082191780821918,0.0,65
9,75314694-1800-e811-9414-f0921c16b9e5,0.18356164383561643,0.0,66
9,75314694-1800-e811-9414-f0921c16b9e5,0.1863013698630137,0.0,67
9,75314694-1800-e811-9414-f0921c16b9e5,0.18904109589041096,0.0,68
9,75314694-1800-e811-9414-f0921c16b9e5,0.1917808219178082,0.0,69
9,75314694-1800-e811-9414-f0921c16b9e5,0.19452054794520549,0.0,70
9,75314694-1800-e811-9414-f0921c16b9e5,0.19726027397260273,0.0,71
9,75314694-1800-e811-9414-f0921c16b9e5,0.2,0.0,72
9,75314694-1800-e811-9414-f0921c16b9e5,0.20273972602739726,0.0,73
9,75314694-1800-e811-9414-f0921c16b9e5,0.2054794520547945,0.0,74
9,75314694-1800-e811-9414-f0921c16b9e5,0.20821917808219179,0.0,75
9,75314694-1800-e811-9414-f0921c16b9e5,0.21095890410958903,0.0,76
9,75314694-1800-e811-9414-f0921c16b9e5,0.2136986301369863,0.0,77
9,75314694-1800-e811-9414-f0921c16b9e5,0.21643835616438356,0.0,78
9,75314694-1800-e811-9414-f0921c16b9e5,0.2191780821917808,0.0,79
9,75314694-1800-e811-9414-f0921c16b9e5,0.2219178082191781,0.0,80
9,75314694-1800-e811-9414-f0921c16b9e5,0.22465753424657534,0.0,81
9,75314694-1800-e811-9414-f0921c16b9e5,0.2273972602739726,0.0,82
9,75314694-1800-e811-9414-f0921c16b9e5,0.23013698630136986,0.0,83
9,75314694-1800-e811-9414-f0921c16b9e5,0.2328767123287671,0.0,84
9,75314694-1800-e811-9414-f0921c16b9e5,0.2356164383561644,0.0,85
9,75314694-1800-e811-9414-f0921c16b9e5,0.23835616438356164,0.0,86
9,75314694-1800-e811-9414-f0921c16b9e5,0.2410958904109589,0.0,87
9,75314694-1800-e811-9414-f0921c16b9e5,0.24383561643835616,0.0,88
9,75314694-1800-e811-9414-f0921c16b9e5,0.2465753424657534,0.0,89
10,3ab63e8e-1800-e811-9414-f0921c16b9e5,0.0027397260273972603,0.0,0
10,3ab63e8e-1800-e811-9414-f0921c16b9e5,0.005479452054794521,0.0006999999750406,1
10,3ab63e8e-1800-e811-9414-f0921c16b9e5,0.00821917808219178,0.001000000047497,2
10,3ab63e8e-1800-e811-9414-f0921c16b9e5,0.010958904109589041,0.001700000022538,3
10,3ab63e8e-1800-e811-9414-f0921c16b9e5,0.0136986301369863,0.002700000070035,4
10,3ab63e8e-1800-e811-9414-f0921c16b9e5,0.01643835616438356,0.004199999850243,5
10,3ab63e8e-1800-e811-9414-f0921c16b9e5,0.019178082191780823,0.006899999920279,6
10,3ab63e8e-1800-e811-9414-f0921c16b9e5,0.021917808219178082,0.01049999985844,7
10,3ab63e8e-1800-e811-9414-f0921c16b9e5,0.024657534246575342,0.01920000091195,8
10,3ab63e8e-1800-e811-9414-f0921c16b9e5,0.0273972602739726,0.03229999914765,9
10,3ab63e8e-1800-e811-9414-f0921c16b9e5,0.030136986301369864,0.05389999970794,10
10,3ab63e8e-1800-e811-9414-f0921c16b9e5,0.03287671232876712,0.08640000224113,11
10,3ab63e8e-1800-e811-9414-f0921c16b9e5,0.03561643835616438,0.1381999999285,12
10,3ab63e8e-1800-e811-9414-f0921c16b9e5,0.038356164383561646,0.214699998498,13
10,3ab63e8e-1800-e811-9414-f0921c16b9e5,0.0410958904109589,0.3138000071049,14
10,3ab63e8e-1800-e811-9414-f0921c16b9e5,0.043835616438356165,0.4296999871731,15
10,3ab63e8e-1800-e811-9414-f0921c16b9e5,0.04657534246575343,0.527999997139,16
10,3ab63e8e-1800-e811-9414-f0921c16b9e5,0.049315068493150684,0.5939000248909,17
10,3ab63e8e-1800-e811-9414-f0921c16b9e5,0.052054794520547946,0.6187999844551,18
10,3ab63e8e-1800-e811-9414-f0921c16b9e5,0.0547945205479452,0.6122000217438,19
10,3ab63e8e-1800-e811-9414-f0921c16b9e5,0.057534246575342465,0.5861999988556,20
10,3ab63e8e-1800-e811-9414-f0921c16b9e5,0.06027397260273973,0.5451999902725,21
10,3ab63e8e-1800-e811-9414-f0921c16b9e5,0.06301369863013699,0.5022000074387,22
10,3ab63e8e-1800-e811-9414-f0921c16b9e5,0.06575342465753424,0.4586000144482,23
10,3ab63e8e-1800-e811-9414-f0921c16b9e5,0.0684931506849315,0.4203999936581,24
10,3ab63e8e-1800-e811-9414-f0921c16b9e5,0.07123287671232877,0.3831999897957,25
10,3ab63e8e-1800-e811-9414-f0921c16b9e5,0.07397260273972603,0.3472999930382,26
10,3ab63e8e-1800-e811-9414-f0921c16b9e5,0.07671232876712329,0.3156999945641,27
10,3ab63e8e-1800-e811-9414-f0921c16b9e5,0.07945205479452055,0.2825999855995,28
10,3ab63e8e-1800-e811-9414-f0921c16b9e5,0.0821917808219178,0.2529000043869,29
10,3ab63e8e-1800-e811-9414-f0921c16b9e5,0.08493150684931507,0.22650000453,30
10,3ab63e8e-1800-e811-9414-f0921c16b9e5,0.08767123287671233,0.2061000019312,31
10,3ab63e8e-1800-e811-9414-f0921c16b9e5,0.09041095890410959,0.1870000064373,32
10,3ab63e8e-1800-e811-9414-f0921c16b9e5,0.09315068493150686,0.1675000041723,33
10,3ab63e8e-1800-e811-9414-f0921c16b9e5,0.0958904109589041,0.1520999968052,34
10,3ab63e8e-1800-e811-9414-f0921c16b9e5,0.09863013698630137,0.1358000040054,35
10,3ab63e8e-1800-e811-9414-f0921c16b9e5,0.10136986301369863,0.1243999972939,36
10,3ab63e8e-1800-e811-9414-f0921c16b9e5,0.10410958904109589,0.1118000000715,37
10,3ab63e8e-1800-e811-9414-f0921c16b9e5,0.10684931506849316,0.09830000251532,38
10,3ab63e8e-1800-e811-9414-f0921c16b9e5,0.1095890410958904,0.09040000289679,39
10,3ab63e8e-1800-e811-9414-f0921c16b9e5,0.11232876712328767,0.08200000226498,40
10,3ab63e8e-1800-e811-9414-f0921c16b9e5,0.11506849315068493,0.0751999989152,41
10,3ab63e8e-1800-e811-9414-f0921c16b9e5,0.1178082191780822,0.06700000166893,42
10,3ab63e8e-1800-e811-9414-f0921c16b9e5,0.12054794520547946,0.0608000010252,43
10,3ab63e8e-1800-e811-9414-f0921c16b9e5,0.1232876712328767,0.05620000138879,44
10,3ab63e8e-1800-e811-9414-f0921c16b9e5,0.12602739726027398,0.05079999938607,45
10,3ab63e8e-1800-e811-9414-f0921c16b9e5,0.12876712328767123,0.04679999873042,46
10,3ab63e8e-1800-e811-9414-f0921c16b9e5,0.13150684931506848,0.04109999909997,47
10,3ab63e8e-1800-e811-9414-f0921c16b9e5,0.13424657534246576,0.03709999844432,48
10,3ab63e8e-1800-e811-9414-f0921c16b9e5,0.136986301369863,0.03390000015497,49
10,3ab63e8e-1800-e811-9414-f0921c16b9e5,0.13972602739726028,0.02999999932945,50
10,3ab63e8e-1800-e811-9414-f0921c16b9e5,0.14246575342465753,0.0262000001967,51
10,3ab63e8e-1800-e811-9414-f0921c16b9e5,0.14520547945205478,0.02329999953508,52
10,3ab63e8e-1800-e811-9414-f0921c16b9e5,0.14794520547945206,0.02060000039637,53
10,3ab63e8e-1800-e811-9414-f0921c16b9e5,0.1506849315068493,0.01889999955893,54
10,3ab63e8e-1800-e811-9414-f0921c16b9e5,0.15342465753424658,0.01740000024438,55
10,3ab63e8e-1800-e811-9414-f0921c16b9e5,0.15616438356164383,0.01579999923706,56
10,3ab63e8e-1800-e811-9414-f0921c16b9e5,0.1589041095890411,0.01470000017434,57
10,3ab63e8e-1800-e811-9414-f0921c16b9e5,0.16164383561643836,0.0132999997586,58
10,3ab63e8e-1800-e811-9414-f0921c16b9e5,0.1643835616438356,0.01180000044405,59
10,3ab63e8e-1800-e811-9414-f0921c16b9e5,0.16712328767123288,0.01040000002831,60
10,3ab63e8e-1800-e811-9414-f0921c16b9e5,0.16986301369863013,0.009800000116229,61
10,3ab63e8e-1800-e811-9414-f0921c16b9e5,0.1726027397260274,0.009300000034273,62
10,3ab63e8e-1800-e811-9414-f0921c16b9e5,0.17534246575342466,0.007799999788404,63
10,3ab63e8e-1800-e811-9414-f0921c16b9e5,0.1780821917808219,0.007100000046194,64
10,3ab63e8e-1800-e811-9414-f0921c16b9e5,0.18082191780821918,0.006800000090152,65
10,3ab63e8e-1800-e811-9414-f0921c16b9e5,0.18356164383561643,0.006000000052154,66
10,3ab63e8e-1800-e811-9414-f0921c16b9e5,0.1863013698630137,0.005100000184029,67
10,3ab63e8e-1800-e811-9414-f0921c16b9e5,0.18904109589041096,0.004499999806285,68
10,3ab63e8e-1800-e811-9414-f0921c16b9e5,0.1917808219178082,0.004199999850243,69
10,3ab63e8e-1800-e811-9414-f0921c16b9e5,0.19452054794520549,0.003299999982119,70
10,3ab63e8e-1800-e811-9414-f0921c16b9e5,0.19726027397260273,0.003199999919161,71
10,3ab63e8e-1800-e811-9414-f0921c16b9e5,0.2,0.002799999900162,72
10,3ab63e8e-1800-e811-9414-f0921c16b9e5,0.20273972602739726,0.002600000007078,73
10,3ab63e8e-1800-e811-9414-f0921c16b9e5,0.2054794520547945,0.002400000113994,74
10,3ab63e8e-1800-e811-9414-f0921c16b9e5,0.20821917808219179,0.002099999925122,75
10,3ab63e8e-1800-e811-9414-f0921c16b9e5,0.21095890410958903,0.001900000032037,76
10,3ab63e8e-1800-e811-9414-f0921c16b9e5,0.2136986301369863,0.001700000022538,77
10,3ab63e8e-1800-e811-9414-f0921c16b9e5,0.21643835616438356,0.001399999950081,78
10,3ab63e8e-1800-e811-9414-f0921c16b9e5,0.2191780821917808,0.001300000003539,79
10,3ab63e8e-1800-e811-9414-f0921c16b9e5,0.2219178082191781,0.001200000056997,80
10,3ab63e8e-1800-e811-9414-f0921c16b9e5,0.22465753424657534,0.00109999999404,81
10,3ab63e8e-1800-e811-9414-f0921c16b9e5,0.2273972602739726,0.00089999998454,82
10,3ab63e8e-1800-e811-9414-f0921c16b9e5,0.23013698630136986,0.00089999998454,83
10,3ab63e8e-1800-e811-9414-f0921c16b9e5,0.2328767123287671,0.0007999999797903,84
10,3ab63e8e-1800-e811-9414-f0921c16b9e5,0.2356164383561644,0.0006999999750406,85
10,3ab63e8e-1800-e811-9414-f0921c16b9e5,0.23835616438356164,0.0006999999750406,86
10,3ab63e8e-1800-e811-9414-f0921c16b9e5,0.2410958904109589,0.0006999999750406,87
10,3ab63e8e-1800-e811-9414-f0921c16b9e5,0.24383561643835616,0.0006999999750406,88
10,3ab63e8e-1800-e811-9414-f0921c16b9e5,0.2465753424657534,0.0006999999750406,89
11,39b63e8e-1800-e811-9414-f0921c16b9e5,0.0027397260273972603,0.0,0
11,39b63e8e-1800-e811-9414-f0921c16b9e5,0.005479452054794521,0.0001999999949476,1
11,39b63e8e-1800-e811-9414-f0921c16b9e5,0.00821917808219178,0.00179999996908,2
11,39b63e8e-1800-e811-9414-f0921c16b9e5,0.010958904109589041,0.01350000035018,3
11,39b63e8e-1800-e811-9414-f0921c16b9e5,0.0136986301369863,0.09070000052452,4
11,39b63e8e-1800-e811-9414-f0921c16b9e5,0.01643835616438356,0.467099994421,5
11,39b63e8e-1800-e811-9414-f0921c16b9e5,0.019178082191780823,0.897400021553,6
11,39b63e8e-1800-e811-9414-f0921c16b9e5,0.021917808219178082,0.8046000003815,7
11,39b63e8e-1800-e811-9414-f0921c16b9e5,0.024657534246575342,0.6984999775887,8
11,39b63e8e-1800-e811-9414-f0921c16b9e5,0.0273972602739726,0.612900018692,9
11,39b63e8e-1800-e811-9414-f0921c16b9e5,0.030136986301369864,0.5267999768257,10
11,39b63e8e-1800-e811-9414-f0921c16b9e5,0.03287671232876712,0.4600999951363,11
11,39b63e8e-1800-e811-9414-f0921c16b9e5,0.03561643835616438,0.4000000059605,12
11,39b63e8e-1800-e811-9414-f0921c16b9e5,0.038356164383561646,0.3467000126839,13
11,39b63e8e-1800-e811-9414-f0921c16b9e5,0.0410958904109589,0.3041999936104,14
11,39b63e8e-1800-e811-9414-f0921c16b9e5,0.043835616438356165,0.2666000127792,15
11,39b63e8e-1800-e811-9414-f0921c16b9e5,0.04657534246575343,0.2331999987364,16
11,39b63e8e-1800-e811-9414-f0921c16b9e5,0.049315068493150684,0.2018000036478,17
11,39b63e8e-1800-e811-9414-f0921c16b9e5,0.052054794520547946,0.1756000071764,18
11,39b63e8e-1800-e811-9414-f0921c16b9e5,0.0547945205479452,0.1534000039101,19
11,39b63e8e-1800-e811-9414-f0921c16b9e5,0.057534246575342465,0.1305000036955,20
11,39b63e8e-1800-e811-9414-f0921c16b9e5,0.06027397260273973,0.1155999973416,21
11,39b63e8e-1800-e811-9414-f0921c16b9e5,0.06301369863013699,0.1024999991059,22
11,39b63e8e-1800-e811-9414-f0921c16b9e5,0.06575342465753424,0.08730000257492,23
11,39b63e8e-1800-e811-9414-f0921c16b9e5,0.0684931506849315,0.07580000162125,24
11,39b63e8e-1800-e811-9414-f0921c16b9e5,0.07123287671232877,0.06570000201464,25
11,39b63e8e-1800-e811-9414-f0921c16b9e5,0.07397260273972603,0.05799999833107,26
11,39b63e8e-1800-e811-9414-f0921c16b9e5,0.07671232876712329,0.05009999871254,27
11,39b63e8e-1800-e811-9414-f0921c16b9e5,0.07945205479452055,0.04340000078082,28
11,39b63e8e-1800-e811-9414-f0921c16b9e5,0.0821917808219178,0.0379999987781,29
11,39b63e8e-1800-e811-9414-f0921c16b9e5,0.08493150684931507,0.03280000016093,30
11,39b63e8e-1800-e811-9414-f0921c16b9e5,0.08767123287671233,0.02999999932945,31
11,39b63e8e-1800-e811-9414-f0921c16b9e5,0.09041095890410959,0.02580000087619,32
11,39b63e8e-1800-e811-9414-f0921c16b9e5,0.09315068493150686,0.02180000022054,33
11,39b63e8e-1800-e811-9414-f0921c16b9e5,0.0958904109589041,0.01830000057817,34
11,39b63e8e-1800-e811-9414-f0921c16b9e5,0.09863013698630137,0.01559999957681,35
11,39b63e8e-1800-e811-9414-f0921c16b9e5,0.10136986301369863,0.01319999992847,36
11,39b63e8e-1800-e811-9414-f0921c16b9e5,0.10410958904109589,0.01159999985248,37
11,39b63e8e-1800-e811-9414-f0921c16b9e5,0.10684931506849316,0.009899999946356,38
11,39b63e8e-1800-e811-9414-f0921c16b9e5,0.1095890410958904,0.008600000292063,39
11,39b63e8e-1800-e811-9414-f0921c16b9e5,0.11232876712328767,0.007499999832362,40
11,39b63e8e-1800-e811-9414-f0921c16b9e5,0.11506849315068493,0.006399999838322,41
11,39b63e8e-1800-e811-9414-f0921c16b9e5,0.1178082191780822,0.005499999970198,42
11,39b63e8e-1800-e811-9414-f0921c16b9e5,0.12054794520547946,0.004900000058115,43
11,39b63e8e-1800-e811-9414-f0921c16b9e5,0.1232876712328767,0.004300000146031,44
11,39b63e8e-1800-e811-9414-f0921c16b9e5,0.12602739726027398,0.00400000018999,45
11,39b63e8e-1800-e811-9414-f0921c16b9e5,0.12876712328767123,0.003500000108033,46
11,39b63e8e-1800-e811-9414-f0921c16b9e5,0.13150684931506848,0.003100000089034,47
11,39b63e8e-1800-e811-9414-f0921c16b9e5,0.13424657534246576,0.002600000007078,48
11,39b63e8e-1800-e811-9414-f0921c16b9e5,0.136986301369863,0.001900000032037,49
11,39b63e8e-1800-e811-9414-f0921c16b9e5,0.13972602739726028,0.00179999996908,50
11,39b63e8e-1800-e811-9414-f0921c16b9e5,0.14246575342465753,0.001599999959581,51
11,39b63e8e-1800-e811-9414-f0921c16b9e5,0.14520547945205478,0.001500000013039,52
11,39b63e8e-1800-e811-9414-f0921c16b9e5,0.14794520547945206,0.001399999950081,53
11,39b63e8e-1800-e811-9414-f0921c16b9e5,0.1506849315068493,0.001200000056997,54
11,39b63e8e-1800-e811-9414-f0921c16b9e5,0.15342465753424658,0.001200000056997,55
11,39b63e8e-1800-e811-9414-f0921c16b9e5,0.15616438356164383,0.00109999999404,56
11,39b63e8e-1800-e811-9414-f0921c16b9e5,0.1589041095890411,0.001000000047497,57
11,39b63e8e-1800-e811-9414-f0921c16b9e5,0.16164383561643836,0.00089999998454,58
11,39b63e8e-1800-e811-9414-f0921c16b9e5,0.1643835616438356,0.0006000000284985,59
11,39b63e8e-1800-e811-9414-f0921c16b9e5,0.16712328767123288,0.0005000000237487,60
11,39b63e8e-1800-e811-9414-f0921c16b9e5,0.16986301369863013,0.0003000000142492,61
11,39b63e8e-1800-e811-9414-f0921c16b9e5,0.1726027397260274,0.0001999999949476,62
11,39b63e8e-1800-e811-9414-f0921c16b9e5,0.17534246575342466,0.0001999999949476,63
11,39b63e8e-1800-e811-9414-f0921c16b9e5,0.1780821917808219,9.999999747379e-05,64
11,39b63e8e-1800-e811-9414-f0921c16b9e5,0.18082191780821918,9.999999747379e-05,65
11,39b63e8e-1800-e811-9414-f0921c16b9e5,0.18356164383561643,9.999999747379e-05,66
11,39b63e8e-1800-e811-9414-f0921c16b9e5,0.1863013698630137,9.999999747379e-05,67
11,39b63e8e-1800-e811-9414-f0921c16b9e5,0.18904109589041096,0.0,68
11,39b63e8e-1800-e811-9414-f0921c16b9e5,0.1917808219178082,0.0,69
11,39b63e8e-1800-e811-9414-f0921c16b9e5,0.19452054794520549,0.0,70
11,39b63e8e-1800-e811-9414-f0921c16b9e5,0.19726027397260273,0.0,71
11,39b63e8e-1800-e811-9414-f0921c16b9e5,0.2,0.0,72
11,39b63e8e-1800-e811-9414-f0921c16b9e5,0.20273972602739726,0.0,73
11,39b63e8e-1800-e811-9414-f0921c16b9e5,0.2054794520547945,0.0,74
11,39b63e8e-1800-e811-9414-f0921c16b9e5,0.20821917808219179,0.0,75
11,39b63e8e-1800-e811-9414-f0921c16b9e5,0.21095890410958903,0.0,76
11,39b63e8e-1800-e811-9414-f0921c16b9e5,0.2136986301369863,0.0,77
11,39b63e8e-1800-e811-9414-f0921c16b9e5,0.21643835616438356,0.0,78
11,39b63e8e-1800-e811-9414-f0921c16b9e5,0.2191780821917808,0.0,79
11,39b63e8e-1800-e811-9414-f0921c16b9e5,0.2219178082191781,0.0,80
11,39b63e8e-1800-e811-9414-f0921c16b9e5,0.22465753424657534,0.0,81
11,39b63e8e-1800-e811-9414-f0921c16b9e5,0.2273972602739726,0.0,82
11,39b63e8e-1800-e811-9414-f0921c16b9e5,0.23013698630136986,0.0,83
11,39b63e8e-1800-e811-9414-f0921c16b9e5,0.2328767123287671,0.0,84
11,39b63e8e-1800-e811-9414-f0921c16b9e5,0.2356164383561644,0.0,85
11,39b63e8e-1800-e811-9414-f0921c16b9e5,0.23835616438356164,0.0,86
11,39b63e8e-1800-e811-9414-f0921c16b9e5,0.2410958904109589,0.0,87
11,39b63e8e-1800-e811-9414-f0921c16b9e5,0.24383561643835616,0.0,88
11,39b63e8e-1800-e811-9414-f0921c16b9e5,0.2465753424657534,0.0,89
12,38b63e8e-1800-e811-9414-f0921c16b9e5,0.0027397260273972603,0.0,0
12,38b63e8e-1800-e811-9414-f0921c16b9e5,0.005479452054794521,0.0006000000284985,1
12,38b63e8e-1800-e811-9414-f0921c16b9e5,0.00821917808219178,0.001700000022538,2
12,38b63e8e-1800-e811-9414-f0921c16b9e5,0.010958904109589041,0.006099999882281,3
12,38b63e8e-1800-e811-9414-f0921c16b9e5,0.0136986301369863,0.01860000006855,4
12,38b63e8e-1800-e811-9414-f0921c16b9e5,0.01643835616438356,0.06140000000596,5
12,38b63e8e-1800-e811-9414-f0921c16b9e5,0.019178082191780823,0.1744000017643,6
12,38b63e8e-1800-e811-9414-f0921c16b9e5,0.021917808219178082,0.3968000113964,7
12,38b63e8e-1800-e811-9414-f0921c16b9e5,0.024657534246575342,0.5648000240326,8
12,38b63e8e-1800-e811-9414-f0921c16b9e5,0.0273972602739726,0.4717999994755,9
12,38b63e8e-1800-e811-9414-f0921c16b9e5,0.030136986301369864,0.3072000145912,10
12,38b63e8e-1800-e811-9414-f0921c16b9e5,0.03287671232876712,0.1824000030756,11
12,38b63e8e-1800-e811-9414-f0921c16b9e5,0.03561643835616438,0.1145000010729,12
12,38b63e8e-1800-e811-9414-f0921c16b9e5,0.038356164383561646,0.06870000064373,13
12,38b63e8e-1800-e811-9414-f0921c16b9e5,0.0410958904109589,0.04509999975562,14
12,38b63e8e-1800-e811-9414-f0921c16b9e5,0.043835616438356165,0.02899999916553,15
12,38b63e8e-1800-e811-9414-f0921c16b9e5,0.04657534246575343,0.01549999974668,16
12,38b63e8e-1800-e811-9414-f0921c16b9e5,0.049315068493150684,0.009399999864399,17
12,38b63e8e-1800-e811-9414-f0921c16b9e5,0.052054794520547946,0.005700000096112,18
12,38b63e8e-1800-e811-9414-f0921c16b9e5,0.0547945205479452,0.003000000026077,19
12,38b63e8e-1800-e811-9414-f0921c16b9e5,0.057534246575342465,0.001900000032037,20
12,38b63e8e-1800-e811-9414-f0921c16b9e5,0.06027397260273973,0.00109999999404,21
12,38b63e8e-1800-e811-9414-f0921c16b9e5,0.06301369863013699,0.0006999999750406,22
12,38b63e8e-1800-e811-9414-f0921c16b9e5,0.06575342465753424,0.0003000000142492,23
12,38b63e8e-1800-e811-9414-f0921c16b9e5,0.0684931506849315,9.999999747379e-05,24
12,38b63e8e-1800-e811-9414-f0921c16b9e5,0.07123287671232877,9.999999747379e-05,25
12,38b63e8e-1800-e811-9414-f0921c16b9e5,0.07397260273972603,9.999999747379e-05,26
12,38b63e8e-1800-e811-9414-f0921c16b9e5,0.07671232876712329,9.999999747379e-05,27
12,38b63e8e-1800-e811-9414-f0921c16b9e5,0.07945205479452055,9.999999747379e-05,28
12,38b63e8e-1800-e811-9414-f0921c16b9e5,0.0821917808219178,9.999999747379e-05,29
12,38b63e8e-1800-e811-9414-f0921c16b9e5,0.08493150684931507,0.0,30
12,38b63e8e-1800-e811-9414-f0921c16b9e5,0.08767123287671233,0.0,31
12,38b63e8e-1800-e811-9414-f0921c16b9e5,0.09041095890410959,0.0,32
12,38b63e8e-1800-e811-9414-f0921c16b9e5,0.09315068493150686,0.0,33
12,38b63e8e-1800-e811-9414-f0921c16b9e5,0.0958904109589041,0.0,34
12,38b63e8e-1800-e811-9414-f0921c16b9e5,0.09863013698630137,0.0,35
12,38b63e8e-1800-e811-9414-f0921c16b9e5,0.10136986301369863,0.0,36
12,38b63e8e-1800-e811-9414-f0921c16b9e5,0.10410958904109589,0.0,37
12,38b63e8e-1800-e811-9414-f0921c16b9e5,0.10684931506849316,0.0,38
12,38b63e8e-1800-e811-9414-f0921c16b9e5,0.1095890410958904,0.0,39
12,38b63e8e-1800-e811-9414-f0921c16b9e5,0.11232876712328767,0.0,40
12,38b63e8e-1800-e811-9414-f0921c16b9e5,0.11506849315068493,0.0,41
12,38b63e8e-1800-e811-9414-f0921c16b9e5,0.1178082191780822,0.0,42
12,38b63e8e-1800-e811-9414-f0921c16b9e5,0.12054794520547946,0.0,43
12,38b63e8e-1800-e811-9414-f0921c16b9e5,0.1232876712328767,0.0,44
12,38b63e8e-1800-e811-9414-f0921c16b9e5,0.12602739726027398,0.0,45
12,38b63e8e-1800-e811-9414-f0921c16b9e5,0.12876712328767123,0.0,46
12,38b63e8e-1800-e811-9414-f0921c16b9e5,0.13150684931506848,0.0,47
12,38b63e8e-1800-e811-9414-f0921c16b9e5,0.13424657534246576,0.0,48
12,38b63e8e-1800-e811-9414-f0921c16b9e5,0.136986301369863,0.0,49
12,38b63e8e-1800-e811-9414-f0921c16b9e5,0.13972602739726028,0.0,50
12,38b63e8e-1800-e811-9414-f0921c16b9e5,0.14246575342465753,0.0,51
12,38b63e8e-1800-e811-9414-f0921c16b9e5,0.14520547945205478,0.0,52
12,38b63e8e-1800-e811-9414-f0921c16b9e5,0.14794520547945206,0.0,53
12,38b63e8e-1800-e811-9414-f0921c16b9e5,0.1506849315068493,0.0,54
12,38b63e8e-1800-e811-9414-f0921c16b9e5,0.15342465753424658,0.0,55
12,38b63e8e-1800-e811-9414-f0921c16b9e5,0.15616438356164383,0.0,56
12,38b63e8e-1800-e811-9414-f0921c16b9e5,0.1589041095890411,0.0,57
12,38b63e8e-1800-e811-9414-f0921c16b9e5,0.16164383561643836,0.0,58
12,38b63e8e-1800-e811-9414-f0921c16b9e5,0.1643835616438356,0.0,59
12,38b63e8e-1800-e811-9414-f0921c16b9e5,0.16712328767123288,0.0,60
12,38b63e8e-1800-e811-9414-f0921c16b9e5,0.16986301369863013,0.0,61
12,38b63e8e-1800-e811-9414-f0921c16b9e5,0.1726027397260274,0.0,62
12,38b63e8e-1800-e811-9414-f0921c16b9e5,0.17534246575342466,0.0,63
12,38b63e8e-1800-e811-9414-f0921c16b9e5,0.1780821917808219,0.0,64
12,38b63e8e-1800-e811-9414-f0921c16b9e5,0.18082191780821918,0.0,65
12,38b63e8e-1800-e811-9414-f0921c16b9e5,0.18356164383561643,0.0,66
12,38b63e8e-1800-e811-9414-f0921c16b9e5,0.1863013698630137,0.0,67
12,38b63e8e-1800-e811-9414-f0921c16b9e5,0.18904109589041096,0.0,68
12,38b63e8e-1800-e811-9414-f0921c16b9e5,0.1917808219178082,0.0,69
12,38b63e8e-1800-e811-9414-f0921c16b9e5,0.19452054794520549,0.0,70
12,38b63e8e-1800-e811-9414-f0921c16b9e5,0.19726027397260273,0.0,71
12,38b63e8e-1800-e811-9414-f0921c16b9e5,0.2,0.0,72
12,38b63e8e-1800-e811-9414-f0921c16b9e5,0.20273972602739726,0.0,73
12,38b63e8e-1800-e811-9414-f0921c16b9e5,0.2054794520547945,0.0,74
12,38b63e8e-1800-e811-9414-f0921c16b9e5,0.20821917808219179,0.0,75
12,38b63e8e-1800-e811-9414-f0921c16b9e5,0.21095890410958903,0.0,76
12,38b63e8e-1800-e811-9414-f0921c16b9e5,0.2136986301369863,0.0,77
12,38b63e8e-1800-e811-9414-f0921c16b9e5,0.21643835616438356,0.0,78
12,38b63e8e-1800-e811-9414-f0921c16b9e5,0.2191780821917808,0.0,79
12,38b63e8e-1800-e811-9414-f0921c16b9e5,0.2219178082191781,0.0,80
12,38b63e8e-1800-e811-9414-f0921c16b9e5,0.22465753424657534,0.0,81
12,38b63e8e-1800-e811-9414-f0921c16b9e5,0.2273972602739726,0.0,82
12,38b63e8e-1800-e811-9414-f0921c16b9e5,0.23013698630136986,0.0,83
12,38b63e8e-1800-e811-9414-f0921c16b9e5,0.2328767123287671,0.0,84
12,38b63e8e-1800-e811-9414-f0921c16b9e5,0.2356164383561644,0.0,85
12,38b63e8e-1800-e811-9414-f0921c16b9e5,0.23835616438356164,0.0,86
12,38b63e8e-1800-e811-9414-f0921c16b9e5,0.2410958904109589,0.0,87
12,38b63e8e-1800-e811-9414-f0921c16b9e5,0.24383561643835616,0.0,88
12,38b63e8e-1800-e811-9414-f0921c16b9e5,0.2465753424657534,0.0,89
13,37b63e8e-1800-e811-9414-f0921c16b9e5,0.0027397260273972603,0.0,0
13,37b63e8e-1800-e811-9414-f0921c16b9e5,0.005479452054794521,0.0003999999898952,1
13,37b63e8e-1800-e811-9414-f0921c16b9e5,0.00821917808219178,0.001700000022538,2
13,37b63e8e-1800-e811-9414-f0921c16b9e5,0.010958904109589041,0.004300000146031,3
13,37b63e8e-1800-e811-9414-f0921c16b9e5,0.0136986301369863,0.01209999993443,4
13,37b63e8e-1800-e811-9414-f0921c16b9e5,0.01643835616438356,0.02869999967515,5
13,37b63e8e-1800-e811-9414-f0921c16b9e5,0.019178082191780823,0.06539999693632,6
13,37b63e8e-1800-e811-9414-f0921c16b9e5,0.021917808219178082,0.1477999985218,7
13,37b63e8e-1800-e811-9414-f0921c16b9e5,0.024657534246575342,0.3089999854565,8
13,37b63e8e-1800-e811-9414-f0921c16b9e5,0.0273972602739726,0.5335999727249,9
13,37b63e8e-1800-e811-9414-f0921c16b9e5,0.030136986301369864,0.7019000053406,10
13,37b63e8e-1800-e811-9414-f0921c16b9e5,0.03287671232876712,0.7300000190735,11
13,37b63e8e-1800-e811-9414-f0921c16b9e5,0.03561643835616438,0.6890000104904,12
13,37b63e8e-1800-e811-9414-f0921c16b9e5,0.038356164383561646,0.6236000061035,13
13,37b63e8e-1800-e811-9414-f0921c16b9e5,0.0410958904109589,0.5582000017166,14
13,37b63e8e-1800-e811-9414-f0921c16b9e5,0.043835616438356165,0.4968999922276,15
13,37b63e8e-1800-e811-9414-f0921c16b9e5,0.04657534246575343,0.4447999894619,16
13,37b63e8e-1800-e811-9414-f0921c16b9e5,0.049315068493150684,0.3916000127792,17
13,37b63e8e-1800-e811-9414-f0921c16b9e5,0.052054794520547946,0.3447999954224,18
13,37b63e8e-1800-e811-9414-f0921c16b9e5,0.0547945205479452,0.3055999875069,19
13,37b63e8e-1800-e811-9414-f0921c16b9e5,0.057534246575342465,0.2700999975204,20
13,37b63e8e-1800-e811-9414-f0921c16b9e5,0.06027397260273973,0.237399995327,21
13,37b63e8e-1800-e811-9414-f0921c16b9e5,0.06301369863013699,0.2091999948025,22
13,37b63e8e-1800-e811-9414-f0921c16b9e5,0.06575342465753424,0.1847999989986,23
13,37b63e8e-1800-e811-9414-f0921c16b9e5,0.0684931506849315,0.1631000041962,24
13,37b63e8e-1800-e811-9414-f0921c16b9e5,0.07123287671232877,0.1430999934673,25
13,37b63e8e-1800-e811-9414-f0921c16b9e5,0.07397260273972603,0.1269000023603,26
13,37b63e8e-1800-e811-9414-f0921c16b9e5,0.07671232876712329,0.1132000014186,27
13,37b63e8e-1800-e811-9414-f0921c16b9e5,0.07945205479452055,0.1005000025034,28
13,37b63e8e-1800-e811-9414-f0921c16b9e5,0.0821917808219178,0.08810000121593,29
13,37b63e8e-1800-e811-9414-f0921c16b9e5,0.08493150684931507,0.07819999754429,30
13,37b63e8e-1800-e811-9414-f0921c16b9e5,0.08767123287671233,0.068400003016,31
13,37b63e8e-1800-e811-9414-f0921c16b9e5,0.09041095890410959,0.05939999967813,32
13,37b63e8e-1800-e811-9414-f0921c16b9e5,0.09315068493150686,0.05310000106692,33
13,37b63e8e-1800-e811-9414-f0921c16b9e5,0.0958904109589041,0.04780000075698,34
13,37b63e8e-1800-e811-9414-f0921c16b9e5,0.09863013698630137,0.04360000044107,35
13,37b63e8e-1800-e811-9414-f0921c16b9e5,0.10136986301369863,0.03810000047088,36
13,37b63e8e-1800-e811-9414-f0921c16b9e5,0.10410958904109589,0.034200001508,37
13,37b63e8e-1800-e811-9414-f0921c16b9e5,0.10684931506849316,0.03050000034273,38
13,37b63e8e-1800-e811-9414-f0921c16b9e5,0.1095890410958904,0.0265999995172,39
13,37b63e8e-1800-e811-9414-f0921c16b9e5,0.11232876712328767,0.02410000003874,40
13,37b63e8e-1800-e811-9414-f0921c16b9e5,0.11506849315068493,0.02199999988079,41
13,37b63e8e-1800-e811-9414-f0921c16b9e5,0.1178082191780822,0.01930000074208,42
13,37b63e8e-1800-e811-9414-f0921c16b9e5,0.12054794520547946,0.01769999973476,43
13,37b63e8e-1800-e811-9414-f0921c16b9e5,0.1232876712328767,0.01499999966472,44
13,37b63e8e-1800-e811-9414-f0921c16b9e5,0.12602739726027398,0.01310000009835,45
13,37b63e8e-1800-e811-9414-f0921c16b9e5,0.12876712328767123,0.01159999985248,46
13,37b63e8e-1800-e811-9414-f0921c16b9e5,0.13150684931506848,0.01030000019819,47
13,37b63e8e-1800-e811-9414-f0921c16b9e5,0.13424657534246576,0.009499999694526,48
13,37b63e8e-1800-e811-9414-f0921c16b9e5,0.136986301369863,0.008600000292063,49
13,37b63e8e-1800-e811-9414-f0921c16b9e5,0.13972602739726028,0.007699999958277,50
13,37b63e8e-1800-e811-9414-f0921c16b9e5,0.14246575342465753,0.007000000216067,51
13,37b63e8e-1800-e811-9414-f0921c16b9e5,0.14520547945205478,0.006099999882281,52
13,37b63e8e-1800-e811-9414-f0921c16b9e5,0.14794520547945206,0.005100000184029,53
13,37b63e8e-1800-e811-9414-f0921c16b9e5,0.1506849315068493,0.0046999999322,54
13,37b63e8e-1800-e811-9414-f0921c16b9e5,0.15342465753424658,0.004399999976158,55
13,37b63e8e-1800-e811-9414-f0921c16b9e5,0.15616438356164383,0.003899999894202,56
13,37b63e8e-1800-e811-9414-f0921c16b9e5,0.1589041095890411,0.003700000001118,57
13,37b63e8e-1800-e811-9414-f0921c16b9e5,0.16164383561643836,0.003199999919161,58
13,37b63e8e-1800-e811-9414-f0921c16b9e5,0.1643835616438356,0.002700000070035,59
13,37b63e8e-1800-e811-9414-f0921c16b9e5,0.16712328767123288,0.002400000113994,60
13,37b63e8e-1800-e811-9414-f0921c16b9e5,0.16986301369863013,0.002199999988079,61
13,37b63e8e-1800-e811-9414-f0921c16b9e5,0.1726027397260274,0.001700000022538,62
13,37b63e8e-1800-e811-9414-f0921c16b9e5,0.17534246575342466,0.001200000056997,63
13,37b63e8e-1800-e811-9414-f0921c16b9e5,0.1780821917808219,0.00109999999404,64
13,37b63e8e-1800-e811-9414-f0921c16b9e5,0.18082191780821918,0.001000000047497,65
13,37b63e8e-1800-e811-9414-f0921c16b9e5,0.18356164383561643,0.00089999998454,66
13,37b63e8e-1800-e811-9414-f0921c16b9e5,0.1863013698630137,0.0006000000284985,67
13,37b63e8e-1800-e811-9414-f0921c16b9e5,0.18904109589041096,0.0005000000237487,68
13,37b63e8e-1800-e811-9414-f0921c16b9e5,0.1917808219178082,0.0003999999898952,69
13,37b63e8e-1800-e811-9414-f0921c16b9e5,0.19452054794520549,0.0001999999949476,70
13,37b63e8e-1800-e811-9414-f0921c16b9e5,0.19726027397260273,0.0001999999949476,71
13,37b63e8e-1800-e811-9414-f0921c16b9e5,0.2,0.0001999999949476,72
13,37b63e8e-1800-e811-9414-f0921c16b9e5,0.20273972602739726,0.0001999999949476,73
13,37b63e8e-1800-e811-9414-f0921c16b9e5,0.2054794520547945,0.0001999999949476,74
13,37b63e8e-1800-e811-9414-f0921c16b9e5,0.20821917808219179,0.0001999999949476,75
13,37b63e8e-1800-e811-9414-f0921c16b9e5,0.21095890410958903,0.0001999999949476,76
13,37b63e8e-1800-e811-9414-f0921c16b9e5,0.2136986301369863,0.0001999999949476,77
13,37b63e8e-1800-e811-9414-f0921c16b9e5,0.21643835616438356,0.0001999999949476,78
13,37b63e8e-1800-e811-9414-f0921c16b9e5,0.2191780821917808,0.0001999999949476,79
13,37b63e8e-1800-e811-9414-f0921c16b9e5,0.2219178082191781,9.999999747379e-05,80
13,37b63e8e-1800-e811-9414-f0921c16b9e5,0.22465753424657534,9.999999747379e-05,81
13,37b63e8e-1800-e811-9414-f0921c16b9e5,0.2273972602739726,9.999999747379e-05,82
13,37b63e8e-1800-e811-9414-f0921c16b9e5,0.23013698630136986,9.999999747379e-05,83
13,37b63e8e-1800-e811-9414-f0921c16b9e5,0.2328767123287671,9.999999747379e-05,84
13,37b63e8e-1800-e811-9414-f0921c16b9e5,0.2356164383561644,9.999999747379e-05,85
13,37b63e8e-1800-e811-9414-f0921c16b9e5,0.23835616438356164,9.999999747379e-05,86
13,37b63e8e-1800-e811-9414-f0921c16b9e5,0.2410958904109589,9.999999747379e-05,87
13,37b63e8e-1800-e811-9414-f0921c16b9e5,0.24383561643835616,9.999999747379e-05,88
13,37b63e8e-1800-e811-9414-f0921c16b9e5,0.2465753424657534,9.999999747379e-05,89
14,36b63e8e-1800-e811-9414-f0921c16b9e5,0.0027397260273972603,0.0,0
14,36b63e8e-1800-e811-9414-f0921c16b9e5,0.005479452054794521,0.001200000056997,1
14,36b63e8e-1800-e811-9414-f0921c16b9e5,0.00821917808219178,0.003299999982119,2
14,36b63e8e-1800-e811-9414-f0921c16b9e5,0.010958904109589041,0.00899999961257,3
14,36b63e8e-1800-e811-9414-f0921c16b9e5,0.0136986301369863,0.02749999985099,4
14,36b63e8e-1800-e811-9414-f0921c16b9e5,0.01643835616438356,0.08860000222921,5
14,36b63e8e-1800-e811-9414-f0921c16b9e5,0.019178082191780823,0.2441000044346,6
14,36b63e8e-1800-e811-9414-f0921c16b9e5,0.021917808219178082,0.5011000037193,7
14,36b63e8e-1800-e811-9414-f0921c16b9e5,0.024657534246575342,0.609700024128,8
14,36b63e8e-1800-e811-9414-f0921c16b9e5,0.0273972602739726,0.4801000058651,9
14,36b63e8e-1800-e811-9414-f0921c16b9e5,0.030136986301369864,0.3318000137806,10
14,36b63e8e-1800-e811-9414-f0921c16b9e5,0.03287671232876712,0.2257000058889,11
14,36b63e8e-1800-e811-9414-f0921c16b9e5,0.03561643835616438,0.1499000042677,12
14,36b63e8e-1800-e811-9414-f0921c16b9e5,0.038356164383561646,0.1017000004649,13
14,36b63e8e-1800-e811-9414-f0921c16b9e5,0.0410958904109589,0.06580000370741,14
14,36b63e8e-1800-e811-9414-f0921c16b9e5,0.043835616438356165,0.04529999941587,15
14,36b63e8e-1800-e811-9414-f0921c16b9e5,0.04657534246575343,0.02910000085831,16
14,36b63e8e-1800-e811-9414-f0921c16b9e5,0.049315068493150684,0.01860000006855,17
14,36b63e8e-1800-e811-9414-f0921c16b9e5,0.052054794520547946,0.01169999968261,18
14,36b63e8e-1800-e811-9414-f0921c16b9e5,0.0547945205479452,0.008100000210106,19
14,36b63e8e-1800-e811-9414-f0921c16b9e5,0.057534246575342465,0.005100000184029,20
14,36b63e8e-1800-e811-9414-f0921c16b9e5,0.06027397260273973,0.003400000045076,21
14,36b63e8e-1800-e811-9414-f0921c16b9e5,0.06301369863013699,0.002499999944121,22
14,36b63e8e-1800-e811-9414-f0921c16b9e5,0.06575342465753424,0.00179999996908,23
14,36b63e8e-1800-e811-9414-f0921c16b9e5,0.0684931506849315,0.001200000056997,24
14,36b63e8e-1800-e811-9414-f0921c16b9e5,0.07123287671232877,0.0006999999750406,25
14,36b63e8e-1800-e811-9414-f0921c16b9e5,0.07397260273972603,0.0003999999898952,26
14,36b63e8e-1800-e811-9414-f0921c16b9e5,0.07671232876712329,0.0003999999898952,27
14,36b63e8e-1800-e811-9414-f0921c16b9e5,0.07945205479452055,0.0001999999949476,28
14,36b63e8e-1800-e811-9414-f0921c16b9e5,0.0821917808219178,0.0,29
14,36b63e8e-1800-e811-9414-f0921c16b9e5,0.08493150684931507,0.0,30
14,36b63e8e-1800-e811-9414-f0921c16b9e5,0.08767123287671233,0.0,31
14,36b63e8e-1800-e811-9414-f0921c16b9e5,0.09041095890410959,0.0,32
14,36b63e8e-1800-e811-9414-f0921c16b9e5,0.09315068493150686,0.0,33
14,36b63e8e-1800-e811-9414-f0921c16b9e5,0.0958904109589041,0.0,34
14,36b63e8e-1800-e811-9414-f0921c16b9e5,0.09863013698630137,0.0,35
14,36b63e8e-1800-e811-9414-f0921c16b9e5,0.10136986301369863,0.0,36
14,36b63e8e-1800-e811-9414-f0921c16b9e5,0.10410958904109589,0.0,37
14,36b63e8e-1800-e811-9414-f0921c16b9e5,0.10684931506849316,0.0,38
14,36b63e8e-1800-e811-9414-f0921c16b9e5,0.1095890410958904,0.0,39
14,36b63e8e-1800-e811-9414-f0921c16b9e5,0.11232876712328767,0.0,40
14,36b63e8e-1800-e811-9414-f0921c16b9e5,0.11506849315068493,0.0,41
14,36b63e8e-1800-e811-9414-f0921c16b9e5,0.1178082191780822,0.0,42
14,36b63e8e-1800-e811-9414-f0921c16b9e5,0.12054794520547946,0.0,43
14,36b63e8e-1800-e811-9414-f0921c16b9e5,0.1232876712328767,0.0,44
14,36b63e8e-1800-e811-9414-f0921c16b9e5,0.12602739726027398,0.0,45
14,36b63e8e-1800-e811-9414-f0921c16b9e5,0.12876712328767123,0.0,46
14,36b63e8e-1800-e811-9414-f0921c16b9e5,0.13150684931506848,0.0,47
14,36b63e8e-1800-e811-9414-f0921c16b9e5,0.13424657534246576,0.0,48
14,36b63e8e-1800-e811-9414-f0921c16b9e5,0.136986301369863,0.0,49
14,36b63e8e-1800-e811-9414-f0921c16b9e5,0.13972602739726028,0.0,50
14,36b63e8e-1800-e811-9414-f0921c16b9e5,0.14246575342465753,0.0,51
14,36b63e8e-1800-e811-9414-f0921c16b9e5,0.14520547945205478,0.0,52
14,36b63e8e-1800-e811-9414-f0921c16b9e5,0.14794520547945206,0.0,53
14,36b63e8e-1800-e811-9414-f0921c16b9e5,0.1506849315068493,0.0,54
14,36b63e8e-1800-e811-9414-f0921c16b9e5,0.15342465753424658,0.0,55
14,36b63e8e-1800-e811-9414-f0921c16b9e5,0.15616438356164383,0.0,56
14,36b63e8e-1800-e811-9414-f0921c16b9e5,0.1589041095890411,0.0,57
14,36b63e8e-1800-e811-9414-f0921c16b9e5,0.16164383561643836,0.0,58
14,36b63e8e-1800-e811-9414-f0921c16b9e5,0.1643835616438356,0.0,59
14,36b63e8e-1800-e811-9414-f0921c16b9e5,0.16712328767123288,0.0,60
14,36b63e8e-1800-e811-9414-f0921c16b9e5,0.16986301369863013,0.0,61
14,36b63e8e-1800-e811-9414-f0921c16b9e5,0.1726027397260274,0.0,62
14,36b63e8e-1800-e811-9414-f0921c16b9e5,0.17534246575342466,0.0,63
14,36b63e8e-1800-e811-9414-f0921c16b9e5,0.1780821917808219,0.0,64
14,36b63e8e-1800-e811-9414-f0921c16b9e5,0.18082191780821918,0.0,65
14,36b63e8e-1800-e811-9414-f0921c16b9e5,0.18356164383561643,0.0,66
14,36b63e8e-1800-e811-9414-f0921c16b9e5,0.1863013698630137,0.0,67
14,36b63e8e-1800-e811-9414-f0921c16b9e5,0.18904109589041096,0.0,68
14,36b63e8e-1800-e811-9414-f0921c16b9e5,0.1917808219178082,0.0,69
14,36b63e8e-1800-e811-9414-f0921c16b9e5,0.19452054794520549,0.0,70
14,36b63e8e-1800-e811-9414-f0921c16b9e5,0.19726027397260273,0.0,71
14,36b63e8e-1800-e811-9414-f0921c16b9e5,0.2,0.0,72
14,36b63e8e-1800-e811-9414-f0921c16b9e5,0.20273972602739726,0.0,73
14,36b63e8e-1800-e811-9414-f0921c16b9e5,0.2054794520547945,0.0,74
14,36b63e8e-1800-e811-9414-f0921c16b9e5,0.20821917808219179,0.0,75
14,36b63e8e-1800-e811-9414-f0921c16b9e5,0.21095890410958903,0.0,76
14,36b63e8e-1800-e811-9414-f0921c16b9e5,0.2136986301369863,0.0,77
14,36b63e8e-1800-e811-9414-f0921c16b9e5,0.21643835616438356,0.0,78
14,36b63e8e-1800-e811-9414-f0921c16b9e5,0.2191780821917808,0.0,79
14,36b63e8e-1800-e811-9414-f0921c16b9e5,0.2219178082191781,0.0,80
14,36b63e8e-1800-e811-9414-f0921c16b9e5,0.22465753424657534,0.0,81
14,36b63e8e-1800-e811-9414-f0921c16b9e5,0.2273972602739726,0.0,82
14,36b63e8e-1800-e811-9414-f0921c16b9e5,0.23013698630136986,0.0,83
14,36b63e8e-1800-e811-9414-f0921c16b9e5,0.2328767123287671,0.0,84
14,36b63e8e-1800-e811-9414-f0921c16b9e5,0.2356164383561644,0.0,85
14,36b63e8e-1800-e811-9414-f0921c16b9e5,0.23835616438356164,0.0,86
14,36b63e8e-1800-e811-9414-f0921c16b9e5,0.2410958904109589,0.0,87
14,36b63e8e-1800-e811-9414-f0921c16b9e5,0.24383561643835616,0.0,88
14,36b63e8e-1800-e811-9414-f0921c16b9e5,0.2465753424657534,0.0,89
15,35b63e8e-1800-e811-9414-f0921c16b9e5,0.0027397260273972603,0.0,0
15,35b63e8e-1800-e811-9414-f0921c16b9e5,0.005479452054794521,0.0005000000237487,1
15,35b63e8e-1800-e811-9414-f0921c16b9e5,0.00821917808219178,0.001700000022538,2
15,35b63e8e-1800-e811-9414-f0921c16b9e5,0.010958904109589041,0.009600000455976,3
15,35b63e8e-1800-e811-9414-f0921c16b9e5,0.0136986301369863,0.04850000143051,4
15,35b63e8e-1800-e811-9414-f0921c16b9e5,0.01643835616438356,0.2205999940634,5
15,35b63e8e-1800-e811-9414-f0921c16b9e5,0.019178082191780823,0.6539999842644,6
15,35b63e8e-1800-e811-9414-f0921c16b9e5,0.021917808219178082,0.8730999827385,7
15,35b63e8e-1800-e811-9414-f0921c16b9e5,0.024657534246575342,0.797100007534,8
15,35b63e8e-1800-e811-9414-f0921c16b9e5,0.0273972602739726,0.7038000226021,9
15,35b63e8e-1800-e811-9414-f0921c16b9e5,0.030136986301369864,0.6197999715805,10
15,35b63e8e-1800-e811-9414-f0921c16b9e5,0.03287671232876712,0.5541999936104,11
15,35b63e8e-1800-e811-9414-f0921c16b9e5,0.03561643835616438,0.4902000129223,12
15,35b63e8e-1800-e811-9414-f0921c16b9e5,0.038356164383561646,0.4329999983311,13
15,35b63e8e-1800-e811-9414-f0921c16b9e5,0.0410958904109589,0.3856999874115,14
15,35b63e8e-1800-e811-9414-f0921c16b9e5,0.043835616438356165,0.3398999869823,15
15,35b63e8e-1800-e811-9414-f0921c16b9e5,0.04657534246575343,0.3036000132561,16
15,35b63e8e-1800-e811-9414-f0921c16b9e5,0.049315068493150684,0.2682999968529,17
15,35b63e8e-1800-e811-9414-f0921c16b9e5,0.052054794520547946,0.2384999990463,18
15,35b63e8e-1800-e811-9414-f0921c16b9e5,0.0547945205479452,0.2143999934196,19
15,35b63e8e-1800-e811-9414-f0921c16b9e5,0.057534246575342465,0.1906999945641,20
15,35b63e8e-1800-e811-9414-f0921c16b9e5,0.06027397260273973,0.1703000068665,21
15,35b63e8e-1800-e811-9414-f0921c16b9e5,0.06301369863013699,0.1516000032425,22
15,35b63e8e-1800-e811-9414-f0921c16b9e5,0.06575342465753424,0.1358000040054,23
15,35b63e8e-1800-e811-9414-f0921c16b9e5,0.0684931506849315,0.1207000017166,24
15,35b63e8e-1800-e811-9414-f0921c16b9e5,0.07123287671232877,0.1058000028133,25
15,35b63e8e-1800-e811-9414-f0921c16b9e5,0.07397260273972603,0.09329999983311,26
15,35b63e8e-1800-e811-9414-f0921c16b9e5,0.07671232876712329,0.08259999752045,27
15,35b63e8e-1800-e811-9414-f0921c16b9e5,0.07945205479452055,0.07329999655485,28
15,35b63e8e-1800-e811-9414-f0921c16b9e5,0.0821917808219178,0.06549999862909,29
15,35b63e8e-1800-e811-9414-f0921c16b9e5,0.08493150684931507,0.05860000103712,30
15,35b63e8e-1800-e811-9414-f0921c16b9e5,0.08767123287671233,0.05260000005364,31
15,35b63e8e-1800-e811-9414-f0921c16b9e5,0.09041095890410959,0.04690000042319,32
15,35b63e8e-1800-e811-9414-f0921c16b9e5,0.09315068493150686,0.04250000044703,33
15,35b63e8e-1800-e811-9414-f0921c16b9e5,0.0958904109589041,0.03900000080466,34
15,35b63e8e-1800-e811-9414-f0921c16b9e5,0.09863013698630137,0.03390000015497,35
15,35b63e8e-1800-e811-9414-f0921c16b9e5,0.10136986301369863,0.03009999915957,36
15,35b63e8e-1800-e811-9414-f0921c16b9e5,0.10410958904109589,0.02639999985695,37
15,35b63e8e-1800-e811-9414-f0921c16b9e5,0.10684931506849316,0.02280000038445,38
15,35b63e8e-1800-e811-9414-f0921c16b9e5,0.1095890410958904,0.02050000056624,39
15,35b63e8e-1800-e811-9414-f0921c16b9e5,0.11232876712328767,0.01840000040829,40
15,35b63e8e-1800-e811-9414-f0921c16b9e5,0.11506849315068493,0.01620000042021,41
15,35b63e8e-1800-e811-9414-f0921c16b9e5,0.1178082191780822,0.01439999975264,42
15,35b63e8e-1800-e811-9414-f0921c16b9e5,0.12054794520547946,0.01250000018626,43
15,35b63e8e-1800-e811-9414-f0921c16b9e5,0.1232876712328767,0.0109999999404,44
15,35b63e8e-1800-e811-9414-f0921c16b9e5,0.12602739726027398,0.009899999946356,45
15,35b63e8e-1800-e811-9414-f0921c16b9e5,0.12876712328767123,0.009200000204146,46
15,35b63e8e-1800-e811-9414-f0921c16b9e5,0.13150684931506848,0.008399999700487,47
15,35b63e8e-1800-e811-9414-f0921c16b9e5,0.13424657534246576,0.007400000002235,48
15,35b63e8e-1800-e811-9414-f0921c16b9e5,0.136986301369863,0.00650000013411,49
15,35b63e8e-1800-e811-9414-f0921c16b9e5,0.13972602739726028,0.005499999970198,50
15,35b63e8e-1800-e811-9414-f0921c16b9e5,0.14246575342465753,0.004999999888241,51
15,35b63e8e-1800-e811-9414-f0921c16b9e5,0.14520547945205478,0.004199999850243,52
15,35b63e8e-1800-e811-9414-f0921c16b9e5,0.14794520547945206,0.00359999993816,53
15,35b63e8e-1800-e811-9414-f0921c16b9e5,0.1506849315068493,0.003199999919161,54
15,35b63e8e-1800-e811-9414-f0921c16b9e5,0.15342465753424658,0.003199999919161,55
15,35b63e8e-1800-e811-9414-f0921c16b9e5,0.15616438356164383,0.002799999900162,56
15,35b63e8e-1800-e811-9414-f0921c16b9e5,0.1589041095890411,0.002600000007078,57
15,35b63e8e-1800-e811-9414-f0921c16b9e5,0.16164383561643836,0.002000000094995,58
15,35b63e8e-1800-e811-9414-f0921c16b9e5,0.1643835616438356,0.001599999959581,59
15,35b63e8e-1800-e811-9414-f0921c16b9e5,0.16712328767123288,0.001500000013039,60
15,35b63e8e-1800-e811-9414-f0921c16b9e5,0.16986301369863013,0.001500000013039,61
15,35b63e8e-1800-e811-9414-f0921c16b9e5,0.1726027397260274,0.001500000013039,62
15,35b63e8e-1800-e811-9414-f0921c16b9e5,0.17534246575342466,0.001399999950081,63
15,35b63e8e-1800-e811-9414-f0921c16b9e5,0.1780821917808219,0.001200000056997,64
15,35b63e8e-1800-e811-9414-f0921c16b9e5,0.18082191780821918,0.001000000047497,65
15,35b63e8e-1800-e811-9414-f0921c16b9e5,0.18356164383561643,0.0007999999797903,66
15,35b63e8e-1800-e811-9414-f0921c16b9e5,0.1863013698630137,0.0006999999750406,67
15,35b63e8e-1800-e811-9414-f0921c16b9e5,0.18904109589041096,0.0006999999750406,68
15,35b63e8e-1800-e811-9414-f0921c16b9e5,0.1917808219178082,0.0005000000237487,69
15,35b63e8e-1800-e811-9414-f0921c16b9e5,0.19452054794520549,0.0001999999949476,70
15,35b63e8e-1800-e811-9414-f0921c16b9e5,0.19726027397260273,0.0001999999949476,71
15,35b63e8e-1800-e811-9414-f0921c16b9e5,0.2,0.0001999999949476,72
15,35b63e8e-1800-e811-9414-f0921c16b9e5,0.20273972602739726,9.999999747379e-05,73
15,35b63e8e-1800-e811-9414-f0921c16b9e5,0.2054794520547945,9.999999747379e-05,74
15,35b63e8e-1800-e811-9414-f0921c16b9e5,0.20821917808219179,9.999999747379e-05,75
15,35b63e8e-1800-e811-9414-f0921c16b9e5,0.21095890410958903,9.999999747379e-05,76
15,35b63e8e-1800-e811-9414-f0921c16b9e5,0.2136986301369863,9.999999747379e-05,77
15,35b63e8e-1800-e811-9414-f0921c16b9e5,0.21643835616438356,9.999999747379e-05,78
15,35b63e8e-1800-e811-9414-f0921c16b9e5,0.2191780821917808,0.0,79
15,35b63e8e-1800-e811-9414-f0921c16b9e5,0.2219178082191781,0.0,80
15,35b63e8e-1800-e811-9414-f0921c16b9e5,0.22465753424657534,0.0,81
15,35b63e8e-1800-e811-9414-f0921c16b9e5,0.2273972602739726,0.0,82
15,35b63e8e-1800-e811-9414-f0921c16b9e5,0.23013698630136986,0.0,83
15,35b63e8e-1800-e811-9414-f0921c16b9e5,0.2328767123287671,0.0,84
15,35b63e8e-1800-e811-9414-f0921c16b9e5,0.2356164383561644,0.0,85
15,35b63e8e-1800-e811-9414-f0921c16b9e5,0.23835616438356164,0.0,86
15,35b63e8e-1800-e811-9414-f0921c16b9e5,0.2410958904109589,0.0,87
15,35b63e8e-1800-e811-9414-f0921c16b9e5,0.24383561643835616,0.0,88
15,35b63e8e-1800-e811-9414-f0921c16b9e5,0.2465753424657534,0.0,89
16,34b63e8e-1800-e811-9414-f0921c16b9e5,0.0027397260273972603,0.0,0
16,34b63e8e-1800-e811-9414-f0921c16b9e5,0.005479452054794521,0.0003000000142492,1
16,34b63e8e-1800-e811-9414-f0921c16b9e5,0.00821917808219178,9.999999747379e-05,2
16,34b63e8e-1800-e811-9414-f0921c16b9e5,0.010958904109589041,0.0001999999949476,3
16,34b63e8e-1800-e811-9414-f0921c16b9e5,0.0136986301369863,0.0001999999949476,4
16,34b63e8e-1800-e811-9414-f0921c16b9e5,0.01643835616438356,0.0003999999898952,5
16,34b63e8e-1800-e811-9414-f0921c16b9e5,0.019178082191780823,0.0006000000284985,6
16,34b63e8e-1800-e811-9414-f0921c16b9e5,0.021917808219178082,0.00089999998454,7
16,34b63e8e-1800-e811-9414-f0921c16b9e5,0.024657534246575342,0.001500000013039,8
16,34b63e8e-1800-e811-9414-f0921c16b9e5,0.0273972602739726,0.003100000089034,9
16,34b63e8e-1800-e811-9414-f0921c16b9e5,0.030136986301369864,0.005100000184029,10
16,34b63e8e-1800-e811-9414-f0921c16b9e5,0.03287671232876712,0.00789999961853,11
16,34b63e8e-1800-e811-9414-f0921c16b9e5,0.03561643835616438,0.01150000002235,12
16,34b63e8e-1800-e811-9414-f0921c16b9e5,0.038356164383561646,0.01569999940693,13
16,34b63e8e-1800-e811-9414-f0921c16b9e5,0.0410958904109589,0.02209999971092,14
16,34b63e8e-1800-e811-9414-f0921c16b9e5,0.043835616438356165,0.02879999950528,15
16,34b63e8e-1800-e811-9414-f0921c16b9e5,0.04657534246575343,0.04340000078082,16
16,34b63e8e-1800-e811-9414-f0921c16b9e5,0.049315068493150684,0.06120000034571,17
16,34b63e8e-1800-e811-9414-f0921c16b9e5,0.052054794520547946,0.08470000326633,18
16,34b63e8e-1800-e811-9414-f0921c16b9e5,0.0547945205479452,0.1165999993682,19
16,34b63e8e-1800-e811-9414-f0921c16b9e5,0.057534246575342465,0.1598999947309,20
16,34b63e8e-1800-e811-9414-f0921c16b9e5,0.06027397260273973,0.2152000069618,21
16,34b63e8e-1800-e811-9414-f0921c16b9e5,0.06301369863013699,0.2727000117302,22
16,34b63e8e-1800-e811-9414-f0921c16b9e5,0.06575342465753424,0.3368999958038,23
16,34b63e8e-1800-e811-9414-f0921c16b9e5,0.0684931506849315,0.3950999975204,24
16,34b63e8e-1800-e811-9414-f0921c16b9e5,0.07123287671232877,0.4469999969006,25
16,34b63e8e-1800-e811-9414-f0921c16b9e5,0.07397260273972603,0.4839000105858,26
16,34b63e8e-1800-e811-9414-f0921c16b9e5,0.07671232876712329,0.5008000135422,27
16,34b63e8e-1800-e811-9414-f0921c16b9e5,0.07945205479452055,0.4993000030518,28
16,34b63e8e-1800-e811-9414-f0921c16b9e5,0.0821917808219178,0.4812000095844,29
16,34b63e8e-1800-e811-9414-f0921c16b9e5,0.08493150684931507,0.4630999863148,30
16,34b63e8e-1800-e811-9414-f0921c16b9e5,0.08767123287671233,0.4350000023842,31
16,34b63e8e-1800-e811-9414-f0921c16b9e5,0.09041095890410959,0.4070999920368,32
16,34b63e8e-1800-e811-9414-f0921c16b9e5,0.09315068493150686,0.3736000061035,33
16,34b63e8e-1800-e811-9414-f0921c16b9e5,0.0958904109589041,0.3438999950886,34
16,34b63e8e-1800-e811-9414-f0921c16b9e5,0.09863013698630137,0.3127999901772,35
16,34b63e8e-1800-e811-9414-f0921c16b9e5,0.10136986301369863,0.2849000096321,36
16,34b63e8e-1800-e811-9414-f0921c16b9e5,0.10410958904109589,0.2599999904633,37
16,34b63e8e-1800-e811-9414-f0921c16b9e5,0.10684931506849316,0.2338999956846,38
16,34b63e8e-1800-e811-9414-f0921c16b9e5,0.1095890410958904,0.2117999941111,39
16,34b63e8e-1800-e811-9414-f0921c16b9e5,0.11232876712328767,0.1917999982834,40
16,34b63e8e-1800-e811-9414-f0921c16b9e5,0.11506849315068493,0.1723999977112,41
16,34b63e8e-1800-e811-9414-f0921c16b9e5,0.1178082191780822,0.1559000015259,42
16,34b63e8e-1800-e811-9414-f0921c16b9e5,0.12054794520547946,0.1407999992371,43
16,34b63e8e-1800-e811-9414-f0921c16b9e5,0.1232876712328767,0.1280000060797,44
16,34b63e8e-1800-e811-9414-f0921c16b9e5,0.12602739726027398,0.1142999976873,45
16,34b63e8e-1800-e811-9414-f0921c16b9e5,0.12876712328767123,0.1014000028372,46
16,34b63e8e-1800-e811-9414-f0921c16b9e5,0.13150684931506848,0.09200000017881,47
16,34b63e8e-1800-e811-9414-f0921c16b9e5,0.13424657534246576,0.08169999718666,48
16,34b63e8e-1800-e811-9414-f0921c16b9e5,0.136986301369863,0.07370000332594,49
16,34b63e8e-1800-e811-9414-f0921c16b9e5,0.13972602739726028,0.06570000201464,50
16,34b63e8e-1800-e811-9414-f0921c16b9e5,0.14246575342465753,0.05889999866486,51
16,34b63e8e-1800-e811-9414-f0921c16b9e5,0.14520547945205478,0.05350000038743,52
16,34b63e8e-1800-e811-9414-f0921c16b9e5,0.14794520547945206,0.04690000042319,53
16,34b63e8e-1800-e811-9414-f0921c16b9e5,0.1506849315068493,0.04289999976754,54
16,34b63e8e-1800-e811-9414-f0921c16b9e5,0.15342465753424658,0.03860000148416,55
16,34b63e8e-1800-e811-9414-f0921c16b9e5,0.15616438356164383,0.0346000008285,56
16,34b63e8e-1800-e811-9414-f0921c16b9e5,0.1589041095890411,0.03170000016689,57
16,34b63e8e-1800-e811-9414-f0921c16b9e5,0.16164383561643836,0.02869999967515,58
16,34b63e8e-1800-e811-9414-f0921c16b9e5,0.1643835616438356,0.0265999995172,59
16,34b63e8e-1800-e811-9414-f0921c16b9e5,0.16712328767123288,0.02410000003874,60
16,34b63e8e-1800-e811-9414-f0921c16b9e5,0.16986301369863013,0.02229999937117,61
16,34b63e8e-1800-e811-9414-f0921c16b9e5,0.1726027397260274,0.02099999971688,62
16,34b63e8e-1800-e811-9414-f0921c16b9e5,0.17534246575342466,0.01860000006855,63
16,34b63e8e-1800-e811-9414-f0921c16b9e5,0.1780821917808219,0.017100000754,64
16,34b63e8e-1800-e811-9414-f0921c16b9e5,0.18082191780821918,0.01510000042617,65
16,34b63e8e-1800-e811-9414-f0921c16b9e5,0.18356164383561643,0.01370000001043,66
16,34b63e8e-1800-e811-9414-f0921c16b9e5,0.1863013698630137,0.01190000027418,67
16,34b63e8e-1800-e811-9414-f0921c16b9e5,0.18904109589041096,0.01030000019819,68
16,34b63e8e-1800-e811-9414-f0921c16b9e5,0.1917808219178082,0.009899999946356,69
16,34b63e8e-1800-e811-9414-f0921c16b9e5,0.19452054794520549,0.009100000374019,70
16,34b63e8e-1800-e811-9414-f0921c16b9e5,0.19726027397260273,0.008500000461936,71
16,34b63e8e-1800-e811-9414-f0921c16b9e5,0.2,0.00760000012815,72
16,34b63e8e-1800-e811-9414-f0921c16b9e5,0.20273972602739726,0.006800000090152,73
16,34b63e8e-1800-e811-9414-f0921c16b9e5,0.2054794520547945,0.005700000096112,74
16,34b63e8e-1800-e811-9414-f0921c16b9e5,0.20821917808219179,0.005299999844283,75
16,34b63e8e-1800-e811-9414-f0921c16b9e5,0.21095890410958903,0.004900000058115,76
16,34b63e8e-1800-e811-9414-f0921c16b9e5,0.2136986301369863,0.004300000146031,77
16,34b63e8e-1800-e811-9414-f0921c16b9e5,0.21643835616438356,0.003700000001118,78
16,34b63e8e-1800-e811-9414-f0921c16b9e5,0.2191780821917808,0.003299999982119,79
16,34b63e8e-1800-e811-9414-f0921c16b9e5,0.2219178082191781,0.003100000089034,80
16,34b63e8e-1800-e811-9414-f0921c16b9e5,0.22465753424657534,0.002600000007078,81
16,34b63e8e-1800-e811-9414-f0921c16b9e5,0.2273972602739726,0.002300000051036,82
16,34b63e8e-1800-e811-9414-f0921c16b9e5,0.23013698630136986,0.002099999925122,83
16,34b63e8e-1800-e811-9414-f0921c16b9e5,0.2328767123287671,0.00179999996908,84
16,34b63e8e-1800-e811-9414-f0921c16b9e5,0.2356164383561644,0.001900000032037,85
16,34b63e8e-1800-e811-9414-f0921c16b9e5,0.23835616438356164,0.00179999996908,86
16,34b63e8e-1800-e811-9414-f0921c16b9e5,0.2410958904109589,0.001599999959581,87
16,34b63e8e-1800-e811-9414-f0921c16b9e5,0.24383561643835616,0.001599999959581,88
16,34b63e8e-1800-e811-9414-f0921c16b9e5,0.2465753424657534,0.001300000003539,89
17,33b63e8e-1800-e811-9414-f0921c16b9e5,0.0027397260273972603,0.0,0
17,33b63e8e-1800-e811-9414-f0921c16b9e5,0.005479452054794521,0.0003000000142492,1
17,33b63e8e-1800-e811-9414-f0921c16b9e5,0.00821917808219178,0.0006999999750406,2
17,33b63e8e-1800-e811-9414-f0921c16b9e5,0.010958904109589041,0.002000000094995,3
17,33b63e8e-1800-e811-9414-f0921c16b9e5,0.0136986301369863,0.005599999800324,4
17,33b63e8e-1800-e811-9414-f0921c16b9e5,0.01643835616438356,0.01400000043213,5
17,33b63e8e-1800-e811-9414-f0921c16b9e5,0.019178082191780823,0.03730000182986,6
17,33b63e8e-1800-e811-9414-f0921c16b9e5,0.021917808219178082,0.09440000355244,7
17,33b63e8e-1800-e811-9414-f0921c16b9e5,0.024657534246575342,0.2310000061989,8
17,33b63e8e-1800-e811-9414-f0921c16b9e5,0.0273972602739726,0.4758000075817,9
17,33b63e8e-1800-e811-9414-f0921c16b9e5,0.030136986301369864,0.7128000259399,10
17,33b63e8e-1800-e811-9414-f0921c16b9e5,0.03287671232876712,0.7803999781609,11
17,33b63e8e-1800-e811-9414-f0921c16b9e5,0.03561643835616438,0.7415000200272,12
17,33b63e8e-1800-e811-9414-f0921c16b9e5,0.038356164383561646,0.6705999970436,13
17,33b63e8e-1800-e811-9414-f0921c16b9e5,0.0410958904109589,0.6026999950409,14
17,33b63e8e-1800-e811-9414-f0921c16b9e5,0.043835616438356165,0.5382000207901,15
17,33b63e8e-1800-e811-9414-f0921c16b9e5,0.04657534246575343,0.4869999885559,16
17,33b63e8e-1800-e811-9414-f0921c16b9e5,0.049315068493150684,0.4379999935627,17
17,33b63e8e-1800-e811-9414-f0921c16b9e5,0.052054794520547946,0.3898999989033,18
17,33b63e8e-1800-e811-9414-f0921c16b9e5,0.0547945205479452,0.3521000146866,19
17,33b63e8e-1800-e811-9414-f0921c16b9e5,0.057534246575342465,0.3154999911785,20
17,33b63e8e-1800-e811-9414-f0921c16b9e5,0.06027397260273973,0.2842000126839,21
17,33b63e8e-1800-e811-9414-f0921c16b9e5,0.06301369863013699,0.2551000118256,22
17,33b63e8e-1800-e811-9414-f0921c16b9e5,0.06575342465753424,0.228900000453,23
17,33b63e8e-1800-e811-9414-f0921c16b9e5,0.0684931506849315,0.2022999972105,24
17,33b63e8e-1800-e811-9414-f0921c16b9e5,0.07123287671232877,0.1802999973297,25
17,33b63e8e-1800-e811-9414-f0921c16b9e5,0.07397260273972603,0.1615999937057,26
17,33b63e8e-1800-e811-9414-f0921c16b9e5,0.07671232876712329,0.1430000066757,27
17,33b63e8e-1800-e811-9414-f0921c16b9e5,0.07945205479452055,0.1272000074387,28
17,33b63e8e-1800-e811-9414-f0921c16b9e5,0.0821917808219178,0.1137000024319,29
17,33b63e8e-1800-e811-9414-f0921c16b9e5,0.08493150684931507,0.1005999967456,30
17,33b63e8e-1800-e811-9414-f0921c16b9e5,0.08767123287671233,0.09009999781847,31
17,33b63e8e-1800-e811-9414-f0921c16b9e5,0.09041095890410959,0.07959999889135,32
17,33b63e8e-1800-e811-9414-f0921c16b9e5,0.09315068493150686,0.07069999724627,33
17,33b63e8e-1800-e811-9414-f0921c16b9e5,0.0958904109589041,0.06350000202656,34
17,33b63e8e-1800-e811-9414-f0921c16b9e5,0.09863013698630137,0.05600000172853,35
17,33b63e8e-1800-e811-9414-f0921c16b9e5,0.10136986301369863,0.05009999871254,36
17,33b63e8e-1800-e811-9414-f0921c16b9e5,0.10410958904109589,0.04589999839664,37
17,33b63e8e-1800-e811-9414-f0921c16b9e5,0.10684931506849316,0.041400000453,38
17,33b63e8e-1800-e811-9414-f0921c16b9e5,0.1095890410958904,0.03700000047684,39
17,33b63e8e-1800-e811-9414-f0921c16b9e5,0.11232876712328767,0.0329000018537,40
17,33b63e8e-1800-e811-9414-f0921c16b9e5,0.11506849315068493,0.02879999950528,41
17,33b63e8e-1800-e811-9414-f0921c16b9e5,0.1178082191780822,0.02610000036657,42
17,33b63e8e-1800-e811-9414-f0921c16b9e5,0.12054794520547946,0.02349999919534,43
17,33b63e8e-1800-e811-9414-f0921c16b9e5,0.1232876712328767,0.01989999972284,44
17,33b63e8e-1800-e811-9414-f0921c16b9e5,0.12602739726027398,0.01799999922514,45
17,33b63e8e-1800-e811-9414-f0921c16b9e5,0.12876712328767123,0.01640000008047,46
17,33b63e8e-1800-e811-9414-f0921c16b9e5,0.13150684931506848,0.01530000008643,47
17,33b63e8e-1800-e811-9414-f0921c16b9e5,0.13424657534246576,0.01400000043213,48
17,33b63e8e-1800-e811-9414-f0921c16b9e5,0.136986301369863,0.01159999985248,49
17,33b63e8e-1800-e811-9414-f0921c16b9e5,0.13972602739726028,0.01059999968857,50
17,33b63e8e-1800-e811-9414-f0921c16b9e5,0.14246575342465753,0.009100000374019,51
17,33b63e8e-1800-e811-9414-f0921c16b9e5,0.14520547945205478,0.00800000037998,52
17,33b63e8e-1800-e811-9414-f0921c16b9e5,0.14794520547945206,0.007100000046194,53
17,33b63e8e-1800-e811-9414-f0921c16b9e5,0.1506849315068493,0.006599999964237,54
17,33b63e8e-1800-e811-9414-f0921c16b9e5,0.15342465753424658,0.006000000052154,55
17,33b63e8e-1800-e811-9414-f0921c16b9e5,0.15616438356164383,0.004800000227988,56
17,33b63e8e-1800-e811-9414-f0921c16b9e5,0.1589041095890411,0.00400000018999,57
17,33b63e8e-1800-e811-9414-f0921c16b9e5,0.16164383561643836,0.003700000001118,58
17,33b63e8e-1800-e811-9414-f0921c16b9e5,0.1643835616438356,0.003299999982119,59
17,33b63e8e-1800-e811-9414-f0921c16b9e5,0.16712328767123288,0.002700000070035,60
17,33b63e8e-1800-e811-9414-f0921c16b9e5,0.16986301369863013,0.002199999988079,61
17,33b63e8e-1800-e811-9414-f0921c16b9e5,0.1726027397260274,0.001900000032037,62
17,33b63e8e-1800-e811-9414-f0921c16b9e5,0.17534246575342466,0.001599999959581,63
17,33b63e8e-1800-e811-9414-f0921c16b9e5,0.1780821917808219,0.001500000013039,64
17,33b63e8e-1800-e811-9414-f0921c16b9e5,0.18082191780821918,0.001500000013039,65
17,33b63e8e-1800-e811-9414-f0921c16b9e5,0.18356164383561643,0.001300000003539,66
17,33b63e8e-1800-e811-9414-f0921c16b9e5,0.1863013698630137,0.00109999999404,67
17,33b63e8e-1800-e811-9414-f0921c16b9e5,0.18904109589041096,0.00109999999404,68
17,33b63e8e-1800-e811-9414-f0921c16b9e5,0.1917808219178082,0.00089999998454,69
17,33b63e8e-1800-e811-9414-f0921c16b9e5,0.19452054794520549,0.0006999999750406,70
17,33b63e8e-1800-e811-9414-f0921c16b9e5,0.19726027397260273,0.0006999999750406,71
17,33b63e8e-1800-e811-9414-f0921c16b9e5,0.2,0.0006999999750406,72
17,33b63e8e-1800-e811-9414-f0921c16b9e5,0.20273972602739726,0.0006000000284985,73
17,33b63e8e-1800-e811-9414-f0921c16b9e5,0.2054794520547945,0.0006000000284985,74
17,33b63e8e-1800-e811-9414-f0921c16b9e5,0.20821917808219179,0.0005000000237487,75
17,33b63e8e-1800-e811-9414-f0921c16b9e5,0.21095890410958903,0.0003999999898952,76
17,33b63e8e-1800-e811-9414-f0921c16b9e5,0.2136986301369863,0.0003999999898952,77
17,33b63e8e-1800-e811-9414-f0921c16b9e5,0.21643835616438356,0.0003999999898952,78
17,33b63e8e-1800-e811-9414-f0921c16b9e5,0.2191780821917808,0.0003999999898952,79
17,33b63e8e-1800-e811-9414-f0921c16b9e5,0.2219178082191781,0.0003999999898952,80
17,33b63e8e-1800-e811-9414-f0921c16b9e5,0.22465753424657534,0.0003999999898952,81
17,33b63e8e-1800-e811-9414-f0921c16b9e5,0.2273972602739726,0.0003999999898952,82
17,33b63e8e-1800-e811-9414-f0921c16b9e5,0.23013698630136986,0.0003999999898952,83
17,33b63e8e-1800-e811-9414-f0921c16b9e5,0.2328767123287671,0.0003999999898952,84
17,33b63e8e-1800-e811-9414-f0921c16b9e5,0.2356164383561644,0.0003999999898952,85
17,33b63e8e-1800-e811-9414-f0921c16b9e5,0.23835616438356164,0.0001999999949476,86
17,33b63e8e-1800-e811-9414-f0921c16b9e5,0.2410958904109589,9.999999747379e-05,87
17,33b63e8e-1800-e811-9414-f0921c16b9e5,0.24383561643835616,0.0,88
17,33b63e8e-1800-e811-9414-f0921c16b9e5,0.2465753424657534,0.0,89
18,32b63e8e-1800-e811-9414-f0921c16b9e5,0.0027397260273972603,0.0,0
18,32b63e8e-1800-e811-9414-f0921c16b9e5,0.005479452054794521,0.0001999999949476,1
18,32b63e8e-1800-e811-9414-f0921c16b9e5,0.00821917808219178,0.0005000000237487,2
18,32b63e8e-1800-e811-9414-f0921c16b9e5,0.010958904109589041,0.0005000000237487,3
18,32b63e8e-1800-e811-9414-f0921c16b9e5,0.0136986301369863,0.0006999999750406,4
18,32b63e8e-1800-e811-9414-f0921c16b9e5,0.01643835616438356,0.00109999999404,5
18,32b63e8e-1800-e811-9414-f0921c16b9e5,0.019178082191780823,0.001900000032037,6
18,32b63e8e-1800-e811-9414-f0921c16b9e5,0.021917808219178082,0.002400000113994,7
18,32b63e8e-1800-e811-9414-f0921c16b9e5,0.024657534246575342,0.004100000020117,8
18,32b63e8e-1800-e811-9414-f0921c16b9e5,0.0273972602739726,0.00650000013411,9
18,32b63e8e-1800-e811-9414-f0921c16b9e5,0.030136986301369864,0.009200000204146,10
18,32b63e8e-1800-e811-9414-f0921c16b9e5,0.03287671232876712,0.01370000001043,11
18,32b63e8e-1800-e811-9414-f0921c16b9e5,0.03561643835616438,0.02050000056624,12
18,32b63e8e-1800-e811-9414-f0921c16b9e5,0.038356164383561646,0.03020000085235,13
18,32b63e8e-1800-e811-9414-f0921c16b9e5,0.0410958904109589,0.04740000143647,14
18,32b63e8e-1800-e811-9414-f0921c16b9e5,0.043835616438356165,0.06949999928474,15
18,32b63e8e-1800-e811-9414-f0921c16b9e5,0.04657534246575343,0.09430000185966,16
18,32b63e8e-1800-e811-9414-f0921c16b9e5,0.049315068493150684,0.131500005722,17
18,32b63e8e-1800-e811-9414-f0921c16b9e5,0.052054794520547946,0.1781000047922,18
18,32b63e8e-1800-e811-9414-f0921c16b9e5,0.0547945205479452,0.2390999943018,19
18,32b63e8e-1800-e811-9414-f0921c16b9e5,0.057534246575342465,0.2978999912739,20
18,32b63e8e-1800-e811-9414-f0921c16b9e5,0.06027397260273973,0.3576000034809,21
18,32b63e8e-1800-e811-9414-f0921c16b9e5,0.06301369863013699,0.4108000099659,22
18,32b63e8e-1800-e811-9414-f0921c16b9e5,0.06575342465753424,0.4402000010014,23
18,32b63e8e-1800-e811-9414-f0921c16b9e5,0.0684931506849315,0.4436999857426,24
18,32b63e8e-1800-e811-9414-f0921c16b9e5,0.07123287671232877,0.4305000007153,25
18,32b63e8e-1800-e811-9414-f0921c16b9e5,0.07397260273972603,0.4050000011921,26
18,32b63e8e-1800-e811-9414-f0921c16b9e5,0.07671232876712329,0.3725000023842,27
18,32b63e8e-1800-e811-9414-f0921c16b9e5,0.07945205479452055,0.3346000015736,28
18,32b63e8e-1800-e811-9414-f0921c16b9e5,0.0821917808219178,0.3018999993801,29
18,32b63e8e-1800-e811-9414-f0921c16b9e5,0.08493150684931507,0.2649999856949,30
18,32b63e8e-1800-e811-9414-f0921c16b9e5,0.08767123287671233,0.2340999990702,31
18,32b63e8e-1800-e811-9414-f0921c16b9e5,0.09041095890410959,0.2065999954939,32
18,32b63e8e-1800-e811-9414-f0921c16b9e5,0.09315068493150686,0.1826000064611,33
18,32b63e8e-1800-e811-9414-f0921c16b9e5,0.0958904109589041,0.1588000059128,34
18,32b63e8e-1800-e811-9414-f0921c16b9e5,0.09863013698630137,0.1394000053406,35
18,32b63e8e-1800-e811-9414-f0921c16b9e5,0.10136986301369863,0.1220000013709,36
18,32b63e8e-1800-e811-9414-f0921c16b9e5,0.10410958904109589,0.1040000021458,37
18,32b63e8e-1800-e811-9414-f0921c16b9e5,0.10684931506849316,0.09019999951124,38
18,32b63e8e-1800-e811-9414-f0921c16b9e5,0.1095890410958904,0.0781000033021,39
18,32b63e8e-1800-e811-9414-f0921c16b9e5,0.11232876712328767,0.06780000030994,40
18,32b63e8e-1800-e811-9414-f0921c16b9e5,0.11506849315068493,0.05730000138283,41
18,32b63e8e-1800-e811-9414-f0921c16b9e5,0.1178082191780822,0.04800000041723,42
18,32b63e8e-1800-e811-9414-f0921c16b9e5,0.12054794520547946,0.04050000011921,43
18,32b63e8e-1800-e811-9414-f0921c16b9e5,0.1232876712328767,0.03469999879599,44
18,32b63e8e-1800-e811-9414-f0921c16b9e5,0.12602739726027398,0.03060000017285,45
18,32b63e8e-1800-e811-9414-f0921c16b9e5,0.12876712328767123,0.02749999985099,46
18,32b63e8e-1800-e811-9414-f0921c16b9e5,0.13150684931506848,0.02390000037849,47
18,32b63e8e-1800-e811-9414-f0921c16b9e5,0.13424657534246576,0.01970000006258,48
18,32b63e8e-1800-e811-9414-f0921c16b9e5,0.136986301369863,0.01649999991059,49
18,32b63e8e-1800-e811-9414-f0921c16b9e5,0.13972602739726028,0.01449999958277,50
18,32b63e8e-1800-e811-9414-f0921c16b9e5,0.14246575342465753,0.01159999985248,51
18,32b63e8e-1800-e811-9414-f0921c16b9e5,0.14520547945205478,0.009899999946356,52
18,32b63e8e-1800-e811-9414-f0921c16b9e5,0.14794520547945206,0.008200000040233,53
18,32b63e8e-1800-e811-9414-f0921c16b9e5,0.1506849315068493,0.006399999838322,54
18,32b63e8e-1800-e811-9414-f0921c16b9e5,0.15342465753424658,0.005400000140071,55
18,32b63e8e-1800-e811-9414-f0921c16b9e5,0.15616438356164383,0.003899999894202,56
18,32b63e8e-1800-e811-9414-f0921c16b9e5,0.1589041095890411,0.00289999996312,57
18,32b63e8e-1800-e811-9414-f0921c16b9e5,0.16164383561643836,0.002300000051036,58
18,32b63e8e-1800-e811-9414-f0921c16b9e5,0.1643835616438356,0.00179999996908,59
18,32b63e8e-1800-e811-9414-f0921c16b9e5,0.16712328767123288,0.001700000022538,60
18,32b63e8e-1800-e811-9414-f0921c16b9e5,0.16986301369863013,0.001300000003539,61
18,32b63e8e-1800-e811-9414-f0921c16b9e5,0.1726027397260274,0.001000000047497,62
18,32b63e8e-1800-e811-9414-f0921c16b9e5,0.17534246575342466,0.00089999998454,63
18,32b63e8e-1800-e811-9414-f0921c16b9e5,0.1780821917808219,0.0007999999797903,64
18,32b63e8e-1800-e811-9414-f0921c16b9e5,0.18082191780821918,0.0007999999797903,65
18,32b63e8e-1800-e811-9414-f0921c16b9e5,0.18356164383561643,0.0007999999797903,66
18,32b63e8e-1800-e811-9414-f0921c16b9e5,0.1863013698630137,0.0006999999750406,67
18,32b63e8e-1800-e811-9414-f0921c16b9e5,0.18904109589041096,0.0006999999750406,68
18,32b63e8e-1800-e811-9414-f0921c16b9e5,0.1917808219178082,0.0006000000284985,69
18,32b63e8e-1800-e811-9414-f0921c16b9e5,0.19452054794520549,0.0003999999898952,70
18,32b63e8e-1800-e811-9414-f0921c16b9e5,0.19726027397260273,0.0003000000142492,71
18,32b63e8e-1800-e811-9414-f0921c16b9e5,0.2,0.0001999999949476,72
18,32b63e8e-1800-e811-9414-f0921c16b9e5,0.20273972602739726,0.0001999999949476,73
18,32b63e8e-1800-e811-9414-f0921c16b9e5,0.2054794520547945,0.0001999999949476,74
18,32b63e8e-1800-e811-9414-f0921c16b9e5,0.20821917808219179,0.0001999999949476,75
18,32b63e8e-1800-e811-9414-f0921c16b9e5,0.21095890410958903,0.0001999999949476,76
18,32b63e8e-1800-e811-9414-f0921c16b9e5,0.2136986301369863,0.0001999999949476,77
18,32b63e8e-1800-e811-9414-f0921c16b9e5,0.21643835616438356,0.0001999999949476,78
18,32b63e8e-1800-e811-9414-f0921c16b9e5,0.2191780821917808,0.0003000000142492,79
18,32b63e8e-1800-e811-9414-f0921c16b9e5,0.2219178082191781,0.0001999999949476,80
18,32b63e8e-1800-e811-9414-f0921c16b9e5,0.22465753424657534,0.0001999999949476,81
18,32b63e8e-1800-e811-9414-f0921c16b9e5,0.2273972602739726,9.999999747379e-05,82
18,32b63e8e-1800-e811-9414-f0921c16b9e5,0.23013698630136986,0.0,83
18,32b63e8e-1800-e811-9414-f0921c16b9e5,0.2328767123287671,0.0,84
18,32b63e8e-1800-e811-9414-f0921c16b9e5,0.2356164383561644,0.0,85
18,32b63e8e-1800-e811-9414-f0921c16b9e5,0.23835616438356164,0.0,86
18,32b63e8e-1800-e811-9414-f0921c16b9e5,0.2410958904109589,0.0,87
18,32b63e8e-1800-e811-9414-f0921c16b9e5,0.24383561643835616,0.0,88
18,32b63e8e-1800-e811-9414-f0921c16b9e5,0.2465753424657534,0.0,89
19,31b63e8e-1800-e811-9414-f0921c16b9e5,0.0027397260273972603,0.0,0
19,31b63e8e-1800-e811-9414-f0921c16b9e5,0.005479452054794521,0.0007999999797903,1
19,31b63e8e-1800-e811-9414-f0921c16b9e5,0.00821917808219178,0.003700000001118,2
19,31b63e8e-1800-e811-9414-f0921c16b9e5,0.010958904109589041,0.01620000042021,3
19,31b63e8e-1800-e811-9414-f0921c16b9e5,0.0136986301369863,0.06700000166893,4
19,31b63e8e-1800-e811-9414-f0921c16b9e5,0.01643835616438356,0.2419999986887,5
19,31b63e8e-1800-e811-9414-f0921c16b9e5,0.019178082191780823,0.6078000068665,6
19,31b63e8e-1800-e811-9414-f0921c16b9e5,0.021917808219178082,0.7645999789238,7
19,31b63e8e-1800-e811-9414-f0921c16b9e5,0.024657534246575342,0.6507999897003,8
19,31b63e8e-1800-e811-9414-f0921c16b9e5,0.0273972602739726,0.5198000073433,9
19,31b63e8e-1800-e811-9414-f0921c16b9e5,0.030136986301369864,0.4147000014782,10
19,31b63e8e-1800-e811-9414-f0921c16b9e5,0.03287671232876712,0.3339000046253,11
19,31b63e8e-1800-e811-9414-f0921c16b9e5,0.03561643835616438,0.2689000070095,12
19,31b63e8e-1800-e811-9414-f0921c16b9e5,0.038356164383561646,0.2159000039101,13
19,31b63e8e-1800-e811-9414-f0921c16b9e5,0.0410958904109589,0.1729999929667,14
19,31b63e8e-1800-e811-9414-f0921c16b9e5,0.043835616438356165,0.1351999938488,15
19,31b63e8e-1800-e811-9414-f0921c16b9e5,0.04657534246575343,0.1074000000954,16
19,31b63e8e-1800-e811-9414-f0921c16b9e5,0.049315068493150684,0.083599999547,17
19,31b63e8e-1800-e811-9414-f0921c16b9e5,0.052054794520547946,0.06580000370741,18
19,31b63e8e-1800-e811-9414-f0921c16b9e5,0.0547945205479452,0.0531999990344,19
19,31b63e8e-1800-e811-9414-f0921c16b9e5,0.057534246575342465,0.04230000078678,20
19,31b63e8e-1800-e811-9414-f0921c16b9e5,0.06027397260273973,0.034200001508,21
19,31b63e8e-1800-e811-9414-f0921c16b9e5,0.06301369863013699,0.02700000070035,22
19,31b63e8e-1800-e811-9414-f0921c16b9e5,0.06575342465753424,0.02089999988675,23
19,31b63e8e-1800-e811-9414-f0921c16b9e5,0.0684931506849315,0.01620000042021,24
19,31b63e8e-1800-e811-9414-f0921c16b9e5,0.07123287671232877,0.01319999992847,25
19,31b63e8e-1800-e811-9414-f0921c16b9e5,0.07397260273972603,0.01080000028014,26
19,31b63e8e-1800-e811-9414-f0921c16b9e5,0.07671232876712329,0.007699999958277,27
19,31b63e8e-1800-e811-9414-f0921c16b9e5,0.07945205479452055,0.005599999800324,28
19,31b63e8e-1800-e811-9414-f0921c16b9e5,0.0821917808219178,0.004399999976158,29
19,31b63e8e-1800-e811-9414-f0921c16b9e5,0.08493150684931507,0.003700000001118,30
19,31b63e8e-1800-e811-9414-f0921c16b9e5,0.08767123287671233,0.002799999900162,31
19,31b63e8e-1800-e811-9414-f0921c16b9e5,0.09041095890410959,0.001900000032037,32
19,31b63e8e-1800-e811-9414-f0921c16b9e5,0.09315068493150686,0.001500000013039,33
19,31b63e8e-1800-e811-9414-f0921c16b9e5,0.0958904109589041,0.001000000047497,34
19,31b63e8e-1800-e811-9414-f0921c16b9e5,0.09863013698630137,0.0006999999750406,35
19,31b63e8e-1800-e811-9414-f0921c16b9e5,0.10136986301369863,0.0006000000284985,36
19,31b63e8e-1800-e811-9414-f0921c16b9e5,0.10410958904109589,0.0005000000237487,37
19,31b63e8e-1800-e811-9414-f0921c16b9e5,0.10684931506849316,0.0001999999949476,38
19,31b63e8e-1800-e811-9414-f0921c16b9e5,0.1095890410958904,0.0001999999949476,39
19,31b63e8e-1800-e811-9414-f0921c16b9e5,0.11232876712328767,9.999999747379e-05,40
19,31b63e8e-1800-e811-9414-f0921c16b9e5,0.11506849315068493,9.999999747379e-05,41
19,31b63e8e-1800-e811-9414-f0921c16b9e5,0.1178082191780822,0.0,42
19,31b63e8e-1800-e811-9414-f0921c16b9e5,0.12054794520547946,0.0,43
19,31b63e8e-1800-e811-9414-f0921c16b9e5,0.1232876712328767,0.0,44
19,31b63e8e-1800-e811-9414-f0921c16b9e5,0.12602739726027398,0.0,45
19,31b63e8e-1800-e811-9414-f0921c16b9e5,0.12876712328767123,0.0,46
19,31b63e8e-1800-e811-9414-f0921c16b9e5,0.13150684931506848,0.0,47
19,31b63e8e-1800-e811-9414-f0921c16b9e5,0.13424657534246576,0.0,48
19,31b63e8e-1800-e811-9414-f0921c16b9e5,0.136986301369863,0.0,49
19,31b63e8e-1800-e811-9414-f0921c16b9e5,0.13972602739726028,0.0,50
19,31b63e8e-1800-e811-9414-f0921c16b9e5,0.14246575342465753,0.0,51
19,31b63e8e-1800-e811-9414-f0921c16b9e5,0.14520547945205478,0.0,52
19,31b63e8e-1800-e811-9414-f0921c16b9e5,0.14794520547945206,0.0,53
19,31b63e8e-1800-e811-9414-f0921c16b9e5,0.1506849315068493,0.0,54
19,31b63e8e-1800-e811-9414-f0921c16b9e5,0.15342465753424658,0.0,55
19,31b63e8e-1800-e811-9414-f0921c16b9e5,0.15616438356164383,0.0,56
19,31b63e8e-1800-e811-9414-f0921c16b9e5,0.1589041095890411,0.0,57
19,31b63e8e-1800-e811-9414-f0921c16b9e5,0.16164383561643836,0.0,58
19,31b63e8e-1800-e811-9414-f0921c16b9e5,0.1643835616438356,0.0,59
19,31b63e8e-1800-e811-9414-f0921c16b9e5,0.16712328767123288,0.0,60
19,31b63e8e-1800-e811-9414-f0921c16b9e5,0.16986301369863013,0.0,61
19,31b63e8e-1800-e811-9414-f0921c16b9e5,0.1726027397260274,0.0,62
19,31b63e8e-1800-e811-9414-f0921c16b9e5,0.17534246575342466,0.0,63
19,31b63e8e-1800-e811-9414-f0921c16b9e5,0.1780821917808219,0.0,64
19,31b63e8e-1800-e811-9414-f0921c16b9e5,0.18082191780821918,0.0,65
19,31b63e8e-1800-e811-9414-f0921c16b9e5,0.18356164383561643,0.0,66
19,31b63e8e-1800-e811-9414-f0921c16b9e5,0.1863013698630137,0.0,67
19,31b63e8e-1800-e811-9414-f0921c16b9e5,0.18904109589041096,0.0,68
19,31b63e8e-1800-e811-9414-f0921c16b9e5,0.1917808219178082,0.0,69
19,31b63e8e-1800-e811-9414-f0921c16b9e5,0.19452054794520549,0.0,70
19,31b63e8e-1800-e811-9414-f0921c16b9e5,0.19726027397260273,0.0,71
19,31b63e8e-1800-e811-9414-f0921c16b9e5,0.2,0.0,72
19,31b63e8e-1800-e811-9414-f0921c16b9e5,0.20273972602739726,0.0,73
19,31b63e8e-1800-e811-9414-f0921c16b9e5,0.2054794520547945,0.0,74
19,31b63e8e-1800-e811-9414-f0921c16b9e5,0.20821917808219179,0.0,75
19,31b63e8e-1800-e811-9414-f0921c16b9e5,0.21095890410958903,0.0,76
19,31b63e8e-1800-e811-9414-f0921c16b9e5,0.2136986301369863,0.0,77
19,31b63e8e-1800-e811-9414-f0921c16b9e5,0.21643835616438356,0.0,78
19,31b63e8e-1800-e811-9414-f0921c16b9e5,0.2191780821917808,0.0,79
19,31b63e8e-1800-e811-9414-f0921c16b9e5,0.2219178082191781,0.0,80
19,31b63e8e-1800-e811-9414-f0921c16b9e5,0.22465753424657534,0.0,81
19,31b63e8e-1800-e811-9414-f0921c16b9e5,0.2273972602739726,0.0,82
19,31b63e8e-1800-e811-9414-f0921c16b9e5,0.23013698630136986,0.0,83
19,31b63e8e-1800-e811-9414-f0921c16b9e5,0.2328767123287671,0.0,84
19,31b63e8e-1800-e811-9414-f0921c16b9e5,0.2356164383561644,0.0,85
19,31b63e8e-1800-e811-9414-f0921c16b9e5,0.23835616438356164,0.0,86
19,31b63e8e-1800-e811-9414-f0921c16b9e5,0.2410958904109589,0.0,87
19,31b63e8e-1800-e811-9414-f0921c16b9e5,0.24383561643835616,0.0,88
19,31b63e8e-1800-e811-9414-f0921c16b9e5,0.2465753424657534,0.0,89
20,30b63e8e-1800-e811-9414-f0921c16b9e5,0.0027397260273972603,0.0,0
20,30b63e8e-1800-e811-9414-f0921c16b9e5,0.005479452054794521,0.0005000000237487,1
20,30b63e8e-1800-e811-9414-f0921c16b9e5,0.00821917808219178,0.003899999894202,2
20,30b63e8e-1800-e811-9414-f0921c16b9e5,0.010958904109589041,0.02999999932945,3
20,30b63e8e-1800-e811-9414-f0921c16b9e5,0.0136986301369863,0.1995999962091,4
20,30b63e8e-1800-e811-9414-f0921c16b9e5,0.01643835616438356,0.7465999722481,5
20,30b63e8e-1800-e811-9414-f0921c16b9e5,0.019178082191780823,0.9009000062943,6
20,30b63e8e-1800-e811-9414-f0921c16b9e5,0.021917808219178082,0.8137000203133,7
20,30b63e8e-1800-e811-9414-f0921c16b9e5,0.024657534246575342,0.7276999950409,8
20,30b63e8e-1800-e811-9414-f0921c16b9e5,0.0273972602739726,0.6553000211716,9
20,30b63e8e-1800-e811-9414-f0921c16b9e5,0.030136986301369864,0.5898000001907,10
20,30b63e8e-1800-e811-9414-f0921c16b9e5,0.03287671232876712,0.5289000272751,11
20,30b63e8e-1800-e811-9414-f0921c16b9e5,0.03561643835616438,0.4751000106335,12
20,30b63e8e-1800-e811-9414-f0921c16b9e5,0.038356164383561646,0.4253000020981,13
20,30b63e8e-1800-e811-9414-f0921c16b9e5,0.0410958904109589,0.3815999925137,14
20,30b63e8e-1800-e811-9414-f0921c16b9e5,0.043835616438356165,0.3407000005245,15
20,30b63e8e-1800-e811-9414-f0921c16b9e5,0.04657534246575343,0.3072000145912,16
20,30b63e8e-1800-e811-9414-f0921c16b9e5,0.049315068493150684,0.2752999961376,17
20,30b63e8e-1800-e811-9414-f0921c16b9e5,0.052054794520547946,0.2493000030518,18
20,30b63e8e-1800-e811-9414-f0921c16b9e5,0.0547945205479452,0.2230000048876,19
20,30b63e8e-1800-e811-9414-f0921c16b9e5,0.057534246575342465,0.1983000040054,20
20,30b63e8e-1800-e811-9414-f0921c16b9e5,0.06027397260273973,0.179800003767,21
20,30b63e8e-1800-e811-9414-f0921c16b9e5,0.06301369863013699,0.1630000025034,22
20,30b63e8e-1800-e811-9414-f0921c16b9e5,0.06575342465753424,0.1465000063181,23
20,30b63e8e-1800-e811-9414-f0921c16b9e5,0.0684931506849315,0.131899997592,24
20,30b63e8e-1800-e811-9414-f0921c16b9e5,0.07123287671232877,0.1186999976635,25
20,30b63e8e-1800-e811-9414-f0921c16b9e5,0.07397260273972603,0.1077999994159,26
20,30b63e8e-1800-e811-9414-f0921c16b9e5,0.07671232876712329,0.09560000151396,27
20,30b63e8e-1800-e811-9414-f0921c16b9e5,0.07945205479452055,0.08540000021458,28
20,30b63e8e-1800-e811-9414-f0921c16b9e5,0.0821917808219178,0.07739999890327,29
20,30b63e8e-1800-e811-9414-f0921c16b9e5,0.08493150684931507,0.06949999928474,30
20,30b63e8e-1800-e811-9414-f0921c16b9e5,0.08767123287671233,0.0625,31
20,30b63e8e-1800-e811-9414-f0921c16b9e5,0.09041095890410959,0.05469999834895,32
20,30b63e8e-1800-e811-9414-f0921c16b9e5,0.09315068493150686,0.04949999973178,33
20,30b63e8e-1800-e811-9414-f0921c16b9e5,0.0958904109589041,0.04540000110865,34
20,30b63e8e-1800-e811-9414-f0921c16b9e5,0.09863013698630137,0.04069999977946,35
20,30b63e8e-1800-e811-9414-f0921c16b9e5,0.10136986301369863,0.03669999912381,36
20,30b63e8e-1800-e811-9414-f0921c16b9e5,0.10410958904109589,0.03269999846816,37
20,30b63e8e-1800-e811-9414-f0921c16b9e5,0.10684931506849316,0.03020000085235,38
20,30b63e8e-1800-e811-9414-f0921c16b9e5,0.1095890410958904,0.02679999917746,39
20,30b63e8e-1800-e811-9414-f0921c16b9e5,0.11232876712328767,0.02449999935925,40
20,30b63e8e-1800-e811-9414-f0921c16b9e5,0.11506849315068493,0.02180000022054,41
20,30b63e8e-1800-e811-9414-f0921c16b9e5,0.1178082191780822,0.01920000091195,42
20,30b63e8e-1800-e811-9414-f0921c16b9e5,0.12054794520547946,0.01769999973476,43
20,30b63e8e-1800-e811-9414-f0921c16b9e5,0.1232876712328767,0.01590000092983,44
20,30b63e8e-1800-e811-9414-f0921c16b9e5,0.12602739726027398,0.01429999992251,45
20,30b63e8e-1800-e811-9414-f0921c16b9e5,0.12876712328767123,0.01300000026822,46
20,30b63e8e-1800-e811-9414-f0921c16b9e5,0.13150684931506848,0.01190000027418,47
20,30b63e8e-1800-e811-9414-f0921c16b9e5,0.13424657534246576,0.01070000045002,48
20,30b63e8e-1800-e811-9414-f0921c16b9e5,0.136986301369863,0.009700000286102,49
20,30b63e8e-1800-e811-9414-f0921c16b9e5,0.13972602739726028,0.008799999952316,50
20,30b63e8e-1800-e811-9414-f0921c16b9e5,0.14246575342465753,0.007499999832362,51
20,30b63e8e-1800-e811-9414-f0921c16b9e5,0.14520547945205478,0.006699999794364,52
20,30b63e8e-1800-e811-9414-f0921c16b9e5,0.14794520547945206,0.006399999838322,53
20,30b63e8e-1800-e811-9414-f0921c16b9e5,0.1506849315068493,0.005799999926239,54
20,30b63e8e-1800-e811-9414-f0921c16b9e5,0.15342465753424658,0.005400000140071,55
20,30b63e8e-1800-e811-9414-f0921c16b9e5,0.15616438356164383,0.004900000058115,56
20,30b63e8e-1800-e811-9414-f0921c16b9e5,0.1589041095890411,0.004499999806285,57
20,30b63e8e-1800-e811-9414-f0921c16b9e5,0.16164383561643836,0.00400000018999,58
20,30b63e8e-1800-e811-9414-f0921c16b9e5,0.1643835616438356,0.00359999993816,59
20,30b63e8e-1800-e811-9414-f0921c16b9e5,0.16712328767123288,0.003199999919161,60
20,30b63e8e-1800-e811-9414-f0921c16b9e5,0.16986301369863013,0.002600000007078,61
20,30b63e8e-1800-e811-9414-f0921c16b9e5,0.1726027397260274,0.002199999988079,62
20,30b63e8e-1800-e811-9414-f0921c16b9e5,0.17534246575342466,0.001900000032037,63
20,30b63e8e-1800-e811-9414-f0921c16b9e5,0.1780821917808219,0.00179999996908,64
20,30b63e8e-1800-e811-9414-f0921c16b9e5,0.18082191780821918,0.001599999959581,65
20,30b63e8e-1800-e811-9414-f0921c16b9e5,0.18356164383561643,0.001399999950081,66
20,30b63e8e-1800-e811-9414-f0921c16b9e5,0.1863013698630137,0.001399999950081,67
20,30b63e8e-1800-e811-9414-f0921c16b9e5,0.18904109589041096,0.001399999950081,68
20,30b63e8e-1800-e811-9414-f0921c16b9e5,0.1917808219178082,0.001399999950081,69
20,30b63e8e-1800-e811-9414-f0921c16b9e5,0.19452054794520549,0.001300000003539,70
20,30b63e8e-1800-e811-9414-f0921c16b9e5,0.19726027397260273,0.001000000047497,71
20,30b63e8e-1800-e811-9414-f0921c16b9e5,0.2,0.0007999999797903,72
20,30b63e8e-1800-e811-9414-f0921c16b9e5,0.20273972602739726,0.0007999999797903,73
20,30b63e8e-1800-e811-9414-f0921c16b9e5,0.2054794520547945,0.0007999999797903,74
20,30b63e8e-1800-e811-9414-f0921c16b9e5,0.20821917808219179,0.0006999999750406,75
20,30b63e8e-1800-e811-9414-f0921c16b9e5,0.21095890410958903,0.0006999999750406,76
20,30b63e8e-1800-e811-9414-f0921c16b9e5,0.2136986301369863,0.0006000000284985,77
20,30b63e8e-1800-e811-9414-f0921c16b9e5,0.21643835616438356,0.0003999999898952,78
20,30b63e8e-1800-e811-9414-f0921c16b9e5,0.2191780821917808,0.0003000000142492,79
20,30b63e8e-1800-e811-9414-f0921c16b9e5,0.2219178082191781,0.0001999999949476,80
20,30b63e8e-1800-e811-9414-f0921c16b9e5,0.22465753424657534,0.0001999999949476,81
20,30b63e8e-1800-e811-9414-f0921c16b9e5,0.2273972602739726,9.999999747379e-05,82
20,30b63e8e-1800-e811-9414-f0921c16b9e5,0.23013698630136986,9.999999747379e-05,83
20,30b63e8e-1800-e811-9414-f0921c16b9e5,0.2328767123287671,9.999999747379e-05,84
20,30b63e8e-1800-e811-9414-f0921c16b9e5,0.2356164383561644,9.999999747379e-05,85
20,30b63e8e-1800-e811-9414-f0921c16b9e5,0.23835616438356164,9.999999747379e-05,86
20,30b63e8e-1800-e811-9414-f0921c16b9e5,0.2410958904109589,9.999999747379e-05,87
20,30b63e8e-1800-e811-9414-f0921c16b9e5,0.24383561643835616,0.0,88
20,30b63e8e-1800-e811-9414-f0921c16b9e5,0.2465753424657534,0.0,89
21,2fb63e8e-1800-e811-9414-f0921c16b9e5,0.0027397260273972603,0.0,0
21,2fb63e8e-1800-e811-9414-f0921c16b9e5,0.005479452054794521,0.0007999999797903,1
21,2fb63e8e-1800-e811-9414-f0921c16b9e5,0.00821917808219178,0.004199999850243,2
21,2fb63e8e-1800-e811-9414-f0921c16b9e5,0.010958904109589041,0.02280000038445,3
21,2fb63e8e-1800-e811-9414-f0921c16b9e5,0.0136986301369863,0.119099996984,4
21,2fb63e8e-1800-e811-9414-f0921c16b9e5,0.01643835616438356,0.4828000068665,5
21,2fb63e8e-1800-e811-9414-f0921c16b9e5,0.019178082191780823,0.8727999925613,6
21,2fb63e8e-1800-e811-9414-f0921c16b9e5,0.021917808219178082,0.8051999807358,7
21,2fb63e8e-1800-e811-9414-f0921c16b9e5,0.024657534246575342,0.702799975872,8
21,2fb63e8e-1800-e811-9414-f0921c16b9e5,0.0273972602739726,0.609600007534,9
21,2fb63e8e-1800-e811-9414-f0921c16b9e5,0.030136986301369864,0.5321999788284,10
21,2fb63e8e-1800-e811-9414-f0921c16b9e5,0.03287671232876712,0.4629000127316,11
21,2fb63e8e-1800-e811-9414-f0921c16b9e5,0.03561643835616438,0.4065000116825,12
21,2fb63e8e-1800-e811-9414-f0921c16b9e5,0.038356164383561646,0.3573000133038,13
21,2fb63e8e-1800-e811-9414-f0921c16b9e5,0.0410958904109589,0.3125999867916,14
21,2fb63e8e-1800-e811-9414-f0921c16b9e5,0.043835616438356165,0.2743999958038,15
21,2fb63e8e-1800-e811-9414-f0921c16b9e5,0.04657534246575343,0.2402999997139,16
21,2fb63e8e-1800-e811-9414-f0921c16b9e5,0.049315068493150684,0.2092999964952,17
21,2fb63e8e-1800-e811-9414-f0921c16b9e5,0.052054794520547946,0.1833000034094,18
21,2fb63e8e-1800-e811-9414-f0921c16b9e5,0.0547945205479452,0.1613000035286,19
21,2fb63e8e-1800-e811-9414-f0921c16b9e5,0.057534246575342465,0.1418000012636,20
21,2fb63e8e-1800-e811-9414-f0921c16b9e5,0.06027397260273973,0.1233000010252,21
21,2fb63e8e-1800-e811-9414-f0921c16b9e5,0.06301369863013699,0.1048000007868,22
21,2fb63e8e-1800-e811-9414-f0921c16b9e5,0.06575342465753424,0.09329999983311,23
21,2fb63e8e-1800-e811-9414-f0921c16b9e5,0.0684931506849315,0.08269999921322,24
21,2fb63e8e-1800-e811-9414-f0921c16b9e5,0.07123287671232877,0.07209999859333,25
21,2fb63e8e-1800-e811-9414-f0921c16b9e5,0.07397260273972603,0.06260000169277,26
21,2fb63e8e-1800-e811-9414-f0921c16b9e5,0.07671232876712329,0.05570000037551,27
21,2fb63e8e-1800-e811-9414-f0921c16b9e5,0.07945205479452055,0.04809999838471,28
21,2fb63e8e-1800-e811-9414-f0921c16b9e5,0.0821917808219178,0.04289999976754,29
21,2fb63e8e-1800-e811-9414-f0921c16b9e5,0.08493150684931507,0.03739999979734,30
21,2fb63e8e-1800-e811-9414-f0921c16b9e5,0.08767123287671233,0.03299999982119,31
21,2fb63e8e-1800-e811-9414-f0921c16b9e5,0.09041095890410959,0.02960000000894,32
21,2fb63e8e-1800-e811-9414-f0921c16b9e5,0.09315068493150686,0.0262000001967,33
21,2fb63e8e-1800-e811-9414-f0921c16b9e5,0.0958904109589041,0.02349999919534,34
21,2fb63e8e-1800-e811-9414-f0921c16b9e5,0.09863013698630137,0.02009999938309,35
21,2fb63e8e-1800-e811-9414-f0921c16b9e5,0.10136986301369863,0.01649999991059,36
21,2fb63e8e-1800-e811-9414-f0921c16b9e5,0.10410958904109589,0.0148999998346,37
21,2fb63e8e-1800-e811-9414-f0921c16b9e5,0.10684931506849316,0.01290000043809,38
21,2fb63e8e-1800-e811-9414-f0921c16b9e5,0.1095890410958904,0.01180000044405,39
21,2fb63e8e-1800-e811-9414-f0921c16b9e5,0.11232876712328767,0.01030000019819,40
21,2fb63e8e-1800-e811-9414-f0921c16b9e5,0.11506849315068493,0.009499999694526,41
21,2fb63e8e-1800-e811-9414-f0921c16b9e5,0.1178082191780822,0.008399999700487,42
21,2fb63e8e-1800-e811-9414-f0921c16b9e5,0.12054794520547946,0.007499999832362,43
21,2fb63e8e-1800-e811-9414-f0921c16b9e5,0.1232876712328767,0.006599999964237,44
21,2fb63e8e-1800-e811-9414-f0921c16b9e5,0.12602739726027398,0.005700000096112,45
21,2fb63e8e-1800-e811-9414-f0921c16b9e5,0.12876712328767123,0.004999999888241,46
21,2fb63e8e-1800-e811-9414-f0921c16b9e5,0.13150684931506848,0.004199999850243,47
21,2fb63e8e-1800-e811-9414-f0921c16b9e5,0.13424657534246576,0.003700000001118,48
21,2fb63e8e-1800-e811-9414-f0921c16b9e5,0.136986301369863,0.003500000108033,49
21,2fb63e8e-1800-e811-9414-f0921c16b9e5,0.13972602739726028,0.003000000026077,50
21,2fb63e8e-1800-e811-9414-f0921c16b9e5,0.14246575342465753,0.00289999996312,51
21,2fb63e8e-1800-e811-9414-f0921c16b9e5,0.14520547945205478,0.002199999988079,52
21,2fb63e8e-1800-e811-9414-f0921c16b9e5,0.14794520547945206,0.001900000032037,53
21,2fb63e8e-1800-e811-9414-f0921c16b9e5,0.1506849315068493,0.001700000022538,54
21,2fb63e8e-1800-e811-9414-f0921c16b9e5,0.15342465753424658,0.001500000013039,55
21,2fb63e8e-1800-e811-9414-f0921c16b9e5,0.15616438356164383,0.001500000013039,56
21,2fb63e8e-1800-e811-9414-f0921c16b9e5,0.1589041095890411,0.00109999999404,57
21,2fb63e8e-1800-e811-9414-f0921c16b9e5,0.16164383561643836,0.00089999998454,58
21,2fb63e8e-1800-e811-9414-f0921c16b9e5,0.1643835616438356,0.00089999998454,59
21,2fb63e8e-1800-e811-9414-f0921c16b9e5,0.16712328767123288,0.0007999999797903,60
21,2fb63e8e-1800-e811-9414-f0921c16b9e5,0.16986301369863013,0.0007999999797903,61
21,2fb63e8e-1800-e811-9414-f0921c16b9e5,0.1726027397260274,0.0006999999750406,62
21,2fb63e8e-1800-e811-9414-f0921c16b9e5,0.17534246575342466,0.0006000000284985,63
21,2fb63e8e-1800-e811-9414-f0921c16b9e5,0.1780821917808219,0.0005000000237487,64
21,2fb63e8e-1800-e811-9414-f0921c16b9e5,0.18082191780821918,0.0005000000237487,65
21,2fb63e8e-1800-e811-9414-f0921c16b9e5,0.18356164383561643,0.0003999999898952,66
21,2fb63e8e-1800-e811-9414-f0921c16b9e5,0.1863013698630137,0.0003999999898952,67
21,2fb63e8e-1800-e811-9414-f0921c16b9e5,0.18904109589041096,0.0003000000142492,68
21,2fb63e8e-1800-e811-9414-f0921c16b9e5,0.1917808219178082,0.0003000000142492,69
21,2fb63e8e-1800-e811-9414-f0921c16b9e5,0.19452054794520549,0.0001999999949476,70
21,2fb63e8e-1800-e811-9414-f0921c16b9e5,0.19726027397260273,0.0001999999949476,71
21,2fb63e8e-1800-e811-9414-f0921c16b9e5,0.2,9.999999747379e-05,72
21,2fb63e8e-1800-e811-9414-f0921c16b9e5,0.20273972602739726,9.999999747379e-05,73
21,2fb63e8e-1800-e811-9414-f0921c16b9e5,0.2054794520547945,9.999999747379e-05,74
21,2fb63e8e-1800-e811-9414-f0921c16b9e5,0.20821917808219179,9.999999747379e-05,75
21,2fb63e8e-1800-e811-9414-f0921c16b9e5,0.21095890410958903,9.999999747379e-05,76
21,2fb63e8e-1800-e811-9414-f0921c16b9e5,0.2136986301369863,9.999999747379e-05,77
21,2fb63e8e-1800-e811-9414-f0921c16b9e5,0.21643835616438356,9.999999747379e-05,78
21,2fb63e8e-1800-e811-9414-f0921c16b9e5,0.2191780821917808,9.999999747379e-05,79
21,2fb63e8e-1800-e811-9414-f0921c16b9e5,0.2219178082191781,9.999999747379e-05,80
21,2fb63e8e-1800-e811-9414-f0921c16b9e5,0.22465753424657534,9.999999747379e-05,81
21,2fb63e8e-1800-e811-9414-f0921c16b9e5,0.2273972602739726,9.999999747379e-05,82
21,2fb63e8e-1800-e811-9414-f0921c16b9e5,0.23013698630136986,9.999999747379e-05,83
21,2fb63e8e-1800-e811-9414-f0921c16b9e5,0.2328767123287671,9.999999747379e-05,84
21,2fb63e8e-1800-e811-9414-f0921c16b9e5,0.2356164383561644,9.999999747379e-05,85
21,2fb63e8e-1800-e811-9414-f0921c16b9e5,0.23835616438356164,9.999999747379e-05,86
21,2fb63e8e-1800-e811-9414-f0921c16b9e5,0.2410958904109589,9.999999747379e-05,87
21,2fb63e8e-1800-e811-9414-f0921c16b9e5,0.24383561643835616,9.999999747379e-05,88
21,2fb63e8e-1800-e811-9414-f0921c16b9e5,0.2465753424657534,9.999999747379e-05,89
22,2eb63e8e-1800-e811-9414-f0921c16b9e5,0.0027397260273972603,0.0,0
22,2eb63e8e-1800-e811-9414-f0921c16b9e5,0.005479452054794521,0.0001999999949476,1
22,2eb63e8e-1800-e811-9414-f0921c16b9e5,0.00821917808219178,0.00089999998454,2
22,2eb63e8e-1800-e811-9414-f0921c16b9e5,0.010958904109589041,0.004300000146031,3
22,2eb63e8e-1800-e811-9414-f0921c16b9e5,0.0136986301369863,0.01899999938905,4
22,2eb63e8e-1800-e811-9414-f0921c16b9e5,0.01643835616438356,0.0798000022769,5
22,2eb63e8e-1800-e811-9414-f0921c16b9e5,0.019178082191780823,0.2917999923229,6
22,2eb63e8e-1800-e811-9414-f0921c16b9e5,0.021917808219178082,0.6805999875069,7
22,2eb63e8e-1800-e811-9414-f0921c16b9e5,0.024657534246575342,0.7789000272751,8
22,2eb63e8e-1800-e811-9414-f0921c16b9e5,0.0273972602739726,0.6608999967575,9
22,2eb63e8e-1800-e811-9414-f0921c16b9e5,0.030136986301369864,0.5430999994278,10
22,2eb63e8e-1800-e811-9414-f0921c16b9e5,0.03287671232876712,0.4431000053883,11
22,2eb63e8e-1800-e811-9414-f0921c16b9e5,0.03561643835616438,0.3612000048161,12
22,2eb63e8e-1800-e811-9414-f0921c16b9e5,0.038356164383561646,0.2978000044823,13
22,2eb63e8e-1800-e811-9414-f0921c16b9e5,0.0410958904109589,0.2405000030994,14
22,2eb63e8e-1800-e811-9414-f0921c16b9e5,0.043835616438356165,0.2006999999285,15
22,2eb63e8e-1800-e811-9414-f0921c16b9e5,0.04657534246575343,0.1612000018358,16
22,2eb63e8e-1800-e811-9414-f0921c16b9e5,0.049315068493150684,0.131099998951,17
22,2eb63e8e-1800-e811-9414-f0921c16b9e5,0.052054794520547946,0.1067999973893,18
22,2eb63e8e-1800-e811-9414-f0921c16b9e5,0.0547945205479452,0.0865999981761,19
22,2eb63e8e-1800-e811-9414-f0921c16b9e5,0.057534246575342465,0.07199999690056,20
22,2eb63e8e-1800-e811-9414-f0921c16b9e5,0.06027397260273973,0.05460000038147,21
22,2eb63e8e-1800-e811-9414-f0921c16b9e5,0.06301369863013699,0.04419999942183,22
22,2eb63e8e-1800-e811-9414-f0921c16b9e5,0.06575342465753424,0.03790000081062,23
22,2eb63e8e-1800-e811-9414-f0921c16b9e5,0.0684931506849315,0.03200000151992,24
22,2eb63e8e-1800-e811-9414-f0921c16b9e5,0.07123287671232877,0.02580000087619,25
22,2eb63e8e-1800-e811-9414-f0921c16b9e5,0.07397260273972603,0.02099999971688,26
22,2eb63e8e-1800-e811-9414-f0921c16b9e5,0.07671232876712329,0.01679999940097,27
22,2eb63e8e-1800-e811-9414-f0921c16b9e5,0.07945205479452055,0.01420000009239,28
22,2eb63e8e-1800-e811-9414-f0921c16b9e5,0.0821917808219178,0.01150000002235,29
22,2eb63e8e-1800-e811-9414-f0921c16b9e5,0.08493150684931507,0.008899999782443,30
22,2eb63e8e-1800-e811-9414-f0921c16b9e5,0.08767123287671233,0.006800000090152,31
22,2eb63e8e-1800-e811-9414-f0921c16b9e5,0.09041095890410959,0.005799999926239,32
22,2eb63e8e-1800-e811-9414-f0921c16b9e5,0.09315068493150686,0.005200000014156,33
22,2eb63e8e-1800-e811-9414-f0921c16b9e5,0.0958904109589041,0.004499999806285,34
22,2eb63e8e-1800-e811-9414-f0921c16b9e5,0.09863013698630137,0.003500000108033,35
22,2eb63e8e-1800-e811-9414-f0921c16b9e5,0.10136986301369863,0.002700000070035,36
22,2eb63e8e-1800-e811-9414-f0921c16b9e5,0.10410958904109589,0.002099999925122,37
22,2eb63e8e-1800-e811-9414-f0921c16b9e5,0.10684931506849316,0.001900000032037,38
22,2eb63e8e-1800-e811-9414-f0921c16b9e5,0.1095890410958904,0.001500000013039,39
22,2eb63e8e-1800-e811-9414-f0921c16b9e5,0.11232876712328767,0.001000000047497,40
22,2eb63e8e-1800-e811-9414-f0921c16b9e5,0.11506849315068493,0.00089999998454,41
22,2eb63e8e-1800-e811-9414-f0921c16b9e5,0.1178082191780822,0.0006999999750406,42
22,2eb63e8e-1800-e811-9414-f0921c16b9e5,0.12054794520547946,0.0006999999750406,43
22,2eb63e8e-1800-e811-9414-f0921c16b9e5,0.1232876712328767,0.0006999999750406,44
22,2eb63e8e-1800-e811-9414-f0921c16b9e5,0.12602739726027398,0.0005000000237487,45
22,2eb63e8e-1800-e811-9414-f0921c16b9e5,0.12876712328767123,0.0003000000142492,46
22,2eb63e8e-1800-e811-9414-f0921c16b9e5,0.13150684931506848,0.0003000000142492,47
22,2eb63e8e-1800-e811-9414-f0921c16b9e5,0.13424657534246576,0.0003000000142492,48
22,2eb63e8e-1800-e811-9414-f0921c16b9e5,0.136986301369863,0.0003000000142492,49
22,2eb63e8e-1800-e811-9414-f0921c16b9e5,0.13972602739726028,0.0003000000142492,50
22,2eb63e8e-1800-e811-9414-f0921c16b9e5,0.14246575342465753,9.999999747379e-05,51
22,2eb63e8e-1800-e811-9414-f0921c16b9e5,0.14520547945205478,0.0,52
22,2eb63e8e-1800-e811-9414-f0921c16b9e5,0.14794520547945206,0.0,53
22,2eb63e8e-1800-e811-9414-f0921c16b9e5,0.1506849315068493,0.0,54
22,2eb63e8e-1800-e811-9414-f0921c16b9e5,0.15342465753424658,0.0,55
22,2eb63e8e-1800-e811-9414-f0921c16b9e5,0.15616438356164383,0.0,56
22,2eb63e8e-1800-e811-9414-f0921c16b9e5,0.1589041095890411,0.0,57
22,2eb63e8e-1800-e811-9414-f0921c16b9e5,0.16164383561643836,0.0,58
22,2eb63e8e-1800-e811-9414-f0921c16b9e5,0.1643835616438356,0.0,59
22,2eb63e8e-1800-e811-9414-f0921c16b9e5,0.16712328767123288,0.0,60
22,2eb63e8e-1800-e811-9414-f0921c16b9e5,0.16986301369863013,0.0,61
22,2eb63e8e-1800-e811-9414-f0921c16b9e5,0.1726027397260274,0.0,62
22,2eb63e8e-1800-e811-9414-f0921c16b9e5,0.17534246575342466,0.0,63
22,2eb63e8e-1800-e811-9414-f0921c16b9e5,0.1780821917808219,0.0,64
22,2eb63e8e-1800-e811-9414-f0921c16b9e5,0.18082191780821918,0.0,65
22,2eb63e8e-1800-e811-9414-f0921c16b9e5,0.18356164383561643,0.0,66
22,2eb63e8e-1800-e811-9414-f0921c16b9e5,0.1863013698630137,0.0,67
22,2eb63e8e-1800-e811-9414-f0921c16b9e5,0.18904109589041096,0.0,68
22,2eb63e8e-1800-e811-9414-f0921c16b9e5,0.1917808219178082,0.0,69
22,2eb63e8e-1800-e811-9414-f0921c16b9e5,0.19452054794520549,0.0,70
22,2eb63e8e-1800-e811-9414-f0921c16b9e5,0.19726027397260273,0.0,71
22,2eb63e8e-1800-e811-9414-f0921c16b9e5,0.2,0.0,72
22,2eb63e8e-1800-e811-9414-f0921c16b9e5,0.20273972602739726,0.0,73
22,2eb63e8e-1800-e811-9414-f0921c16b9e5,0.2054794520547945,0.0,74
22,2eb63e8e-1800-e811-9414-f0921c16b9e5,0.20821917808219179,0.0,75
22,2eb63e8e-1800-e811-9414-f0921c16b9e5,0.21095890410958903,0.0,76
22,2eb63e8e-1800-e811-9414-f0921c16b9e5,0.2136986301369863,0.0,77
22,2eb63e8e-1800-e811-9414-f0921c16b9e5,0.21643835616438356,0.0,78
22,2eb63e8e-1800-e811-9414-f0921c16b9e5,0.2191780821917808,0.0,79
22,2eb63e8e-1800-e811-9414-f0921c16b9e5,0.2219178082191781,0.0,80
22,2eb63e8e-1800-e811-9414-f0921c16b9e5,0.22465753424657534,0.0,81
22,2eb63e8e-1800-e811-9414-f0921c16b9e5,0.2273972602739726,0.0,82
22,2eb63e8e-1800-e811-9414-f0921c16b9e5,0.23013698630136986,0.0,83
22,2eb63e8e-1800-e811-9414-f0921c16b9e5,0.2328767123287671,0.0,84
22,2eb63e8e-1800-e811-9414-f0921c16b9e5,0.2356164383561644,0.0,85
22,2eb63e8e-1800-e811-9414-f0921c16b9e5,0.23835616438356164,0.0,86
22,2eb63e8e-1800-e811-9414-f0921c16b9e5,0.2410958904109589,0.0,87
22,2eb63e8e-1800-e811-9414-f0921c16b9e5,0.24383561643835616,0.0,88
22,2eb63e8e-1800-e811-9414-f0921c16b9e5,0.2465753424657534,0.0,89
23,2db63e8e-1800-e811-9414-f0921c16b9e5,0.0027397260273972603,0.0,0
23,2db63e8e-1800-e811-9414-f0921c16b9e5,0.005479452054794521,0.0003999999898952,1
23,2db63e8e-1800-e811-9414-f0921c16b9e5,0.00821917808219178,0.001000000047497,2
23,2db63e8e-1800-e811-9414-f0921c16b9e5,0.010958904109589041,0.002000000094995,3
23,2db63e8e-1800-e811-9414-f0921c16b9e5,0.0136986301369863,0.003500000108033,4
23,2db63e8e-1800-e811-9414-f0921c16b9e5,0.01643835616438356,0.005299999844283,5
23,2db63e8e-1800-e811-9414-f0921c16b9e5,0.019178082191780823,0.01049999985844,6
23,2db63e8e-1800-e811-9414-f0921c16b9e5,0.021917808219178082,0.01950000040233,7
23,2db63e8e-1800-e811-9414-f0921c16b9e5,0.024657534246575342,0.03500000014901,8
23,2db63e8e-1800-e811-9414-f0921c16b9e5,0.0273972602739726,0.06279999762774,9
23,2db63e8e-1800-e811-9414-f0921c16b9e5,0.030136986301369864,0.1094999983907,10
23,2db63e8e-1800-e811-9414-f0921c16b9e5,0.03287671232876712,0.1757999956608,11
23,2db63e8e-1800-e811-9414-f0921c16b9e5,0.03561643835616438,0.2572000026703,12
23,2db63e8e-1800-e811-9414-f0921c16b9e5,0.038356164383561646,0.3472000062466,13
23,2db63e8e-1800-e811-9414-f0921c16b9e5,0.0410958904109589,0.4185999929905,14
23,2db63e8e-1800-e811-9414-f0921c16b9e5,0.043835616438356165,0.4456999897957,15
23,2db63e8e-1800-e811-9414-f0921c16b9e5,0.04657534246575343,0.4368999898434,16
23,2db63e8e-1800-e811-9414-f0921c16b9e5,0.049315068493150684,0.39359998703,17
23,2db63e8e-1800-e811-9414-f0921c16b9e5,0.052054794520547946,0.3364000022411,18
23,2db63e8e-1800-e811-9414-f0921c16b9e5,0.0547945205479452,0.2833000123501,19
23,2db63e8e-1800-e811-9414-f0921c16b9e5,0.057534246575342465,0.2369000017643,20
23,2db63e8e-1800-e811-9414-f0921c16b9e5,0.06027397260273973,0.1899999976158,21
23,2db63e8e-1800-e811-9414-f0921c16b9e5,0.06301369863013699,0.1546999961138,22
23,2db63e8e-1800-e811-9414-f0921c16b9e5,0.06575342465753424,0.1209999993443,23
23,2db63e8e-1800-e811-9414-f0921c16b9e5,0.0684931506849315,0.09669999778271,24
23,2db63e8e-1800-e811-9414-f0921c16b9e5,0.07123287671232877,0.07819999754429,25
23,2db63e8e-1800-e811-9414-f0921c16b9e5,0.07397260273972603,0.06120000034571,26
23,2db63e8e-1800-e811-9414-f0921c16b9e5,0.07671232876712329,0.04930000007153,27
23,2db63e8e-1800-e811-9414-f0921c16b9e5,0.07945205479452055,0.03849999979138,28
23,2db63e8e-1800-e811-9414-f0921c16b9e5,0.0821917808219178,0.03009999915957,29
23,2db63e8e-1800-e811-9414-f0921c16b9e5,0.08493150684931507,0.02459999918938,30
23,2db63e8e-1800-e811-9414-f0921c16b9e5,0.08767123287671233,0.02009999938309,31
23,2db63e8e-1800-e811-9414-f0921c16b9e5,0.09041095890410959,0.01649999991059,32
23,2db63e8e-1800-e811-9414-f0921c16b9e5,0.09315068493150686,0.01300000026822,33
23,2db63e8e-1800-e811-9414-f0921c16b9e5,0.0958904109589041,0.009800000116229,34
23,2db63e8e-1800-e811-9414-f0921c16b9e5,0.09863013698630137,0.008100000210106,35
23,2db63e8e-1800-e811-9414-f0921c16b9e5,0.10136986301369863,0.006300000008196,36
23,2db63e8e-1800-e811-9414-f0921c16b9e5,0.10410958904109589,0.0046999999322,37
23,2db63e8e-1800-e811-9414-f0921c16b9e5,0.10684931506849316,0.00400000018999,38
23,2db63e8e-1800-e811-9414-f0921c16b9e5,0.1095890410958904,0.003100000089034,39
23,2db63e8e-1800-e811-9414-f0921c16b9e5,0.11232876712328767,0.002700000070035,40
23,2db63e8e-1800-e811-9414-f0921c16b9e5,0.11506849315068493,0.002000000094995,41
23,2db63e8e-1800-e811-9414-f0921c16b9e5,0.1178082191780822,0.002000000094995,42
23,2db63e8e-1800-e811-9414-f0921c16b9e5,0.12054794520547946,0.001700000022538,43
23,2db63e8e-1800-e811-9414-f0921c16b9e5,0.1232876712328767,0.00109999999404,44
23,2db63e8e-1800-e811-9414-f0921c16b9e5,0.12602739726027398,0.001000000047497,45
23,2db63e8e-1800-e811-9414-f0921c16b9e5,0.12876712328767123,0.0006000000284985,46
23,2db63e8e-1800-e811-9414-f0921c16b9e5,0.13150684931506848,0.0003999999898952,47
23,2db63e8e-1800-e811-9414-f0921c16b9e5,0.13424657534246576,9.999999747379e-05,48
23,2db63e8e-1800-e811-9414-f0921c16b9e5,0.136986301369863,9.999999747379e-05,49
23,2db63e8e-1800-e811-9414-f0921c16b9e5,0.13972602739726028,0.0001999999949476,50
23,2db63e8e-1800-e811-9414-f0921c16b9e5,0.14246575342465753,0.0001999999949476,51
23,2db63e8e-1800-e811-9414-f0921c16b9e5,0.14520547945205478,9.999999747379e-05,52
23,2db63e8e-1800-e811-9414-f0921c16b9e5,0.14794520547945206,9.999999747379e-05,53
23,2db63e8e-1800-e811-9414-f0921c16b9e5,0.1506849315068493,9.999999747379e-05,54
23,2db63e8e-1800-e811-9414-f0921c16b9e5,0.15342465753424658,9.999999747379e-05,55
23,2db63e8e-1800-e811-9414-f0921c16b9e5,0.15616438356164383,0.0,56
23,2db63e8e-1800-e811-9414-f0921c16b9e5,0.1589041095890411,0.0,57
23,2db63e8e-1800-e811-9414-f0921c16b9e5,0.16164383561643836,0.0,58
23,2db63e8e-1800-e811-9414-f0921c16b9e5,0.1643835616438356,0.0,59
23,2db63e8e-1800-e811-9414-f0921c16b9e5,0.16712328767123288,0.0,60
23,2db63e8e-1800-e811-9414-f0921c16b9e5,0.16986301369863013,0.0,61
23,2db63e8e-1800-e811-9414-f0921c16b9e5,0.1726027397260274,0.0,62
23,2db63e8e-1800-e811-9414-f0921c16b9e5,0.17534246575342466,0.0,63
23,2db63e8e-1800-e811-9414-f0921c16b9e5,0.1780821917808219,0.0,64
23,2db63e8e-1800-e811-9414-f0921c16b9e5,0.18082191780821918,0.0,65
23,2db63e8e-1800-e811-9414-f0921c16b9e5,0.18356164383561643,0.0,66
23,2db63e8e-1800-e811-9414-f0921c16b9e5,0.1863013698630137,0.0,67
23,2db63e8e-1800-e811-9414-f0921c16b9e5,0.18904109589041096,0.0,68
23,2db63e8e-1800-e811-9414-f0921c16b9e5,0.1917808219178082,0.0,69
23,2db63e8e-1800-e811-9414-f0921c16b9e5,0.19452054794520549,0.0,70
23,2db63e8e-1800-e811-9414-f0921c16b9e5,0.19726027397260273,0.0,71
23,2db63e8e-1800-e811-9414-f0921c16b9e5,0.2,0.0,72
23,2db63e8e-1800-e811-9414-f0921c16b9e5,0.20273972602739726,0.0,73
23,2db63e8e-1800-e811-9414-f0921c16b9e5,0.2054794520547945,0.0,74
23,2db63e8e-1800-e811-9414-f0921c16b9e5,0.20821917808219179,0.0,75
23,2db63e8e-1800-e811-9414-f0921c16b9e5,0.21095890410958903,0.0,76
23,2db63e8e-1800-e811-9414-f0921c16b9e5,0.2136986301369863,0.0,77
23,2db63e8e-1800-e811-9414-f0921c16b9e5,0.21643835616438356,0.0,78
23,2db63e8e-1800-e811-9414-f0921c16b9e5,0.2191780821917808,0.0,79
23,2db63e8e-1800-e811-9414-f0921c16b9e5,0.2219178082191781,0.0,80
23,2db63e8e-1800-e811-9414-f0921c16b9e5,0.22465753424657534,0.0,81
23,2db63e8e-1800-e811-9414-f0921c16b9e5,0.2273972602739726,0.0,82
23,2db63e8e-1800-e811-9414-f0921c16b9e5,0.23013698630136986,0.0,83
23,2db63e8e-1800-e811-9414-f0921c16b9e5,0.2328767123287671,0.0,84
23,2db63e8e-1800-e811-9414-f0921c16b9e5,0.2356164383561644,0.0,85
23,2db63e8e-1800-e811-9414-f0921c16b9e5,0.23835616438356164,0.0,86
23,2db63e8e-1800-e811-9414-f0921c16b9e5,0.2410958904109589,0.0,87
23,2db63e8e-1800-e811-9414-f0921c16b9e5,0.24383561643835616,0.0,88
23,2db63e8e-1800-e811-9414-f0921c16b9e5,0.2465753424657534,0.0,89
24,2cb63e8e-1800-e811-9414-f0921c16b9e5,0.0027397260273972603,0.0,0
24,2cb63e8e-1800-e811-9414-f0921c16b9e5,0.005479452054794521,0.001000000047497,1
24,2cb63e8e-1800-e811-9414-f0921c16b9e5,0.00821917808219178,0.003100000089034,2
24,2cb63e8e-1800-e811-9414-f0921c16b9e5,0.010958904109589041,0.01250000018626,3
24,2cb63e8e-1800-e811-9414-f0921c16b9e5,0.0136986301369863,0.05000000074506,4
24,2cb63e8e-1800-e811-9414-f0921c16b9e5,0.01643835616438356,0.1733999997377,5
24,2cb63e8e-1800-e811-9414-f0921c16b9e5,0.019178082191780823,0.4796000123024,6
24,2cb63e8e-1800-e811-9414-f0921c16b9e5,0.021917808219178082,0.7749999761581,7
24,2cb63e8e-1800-e811-9414-f0921c16b9e5,0.024657534246575342,0.7530000209808,8
24,2cb63e8e-1800-e811-9414-f0921c16b9e5,0.0273972602739726,0.6421999931335,9
24,2cb63e8e-1800-e811-9414-f0921c16b9e5,0.030136986301369864,0.5457000136375,10
24,2cb63e8e-1800-e811-9414-f0921c16b9e5,0.03287671232876712,0.4629000127316,11
24,2cb63e8e-1800-e811-9414-f0921c16b9e5,0.03561643835616438,0.3952000141144,12
24,2cb63e8e-1800-e811-9414-f0921c16b9e5,0.038356164383561646,0.3321999907494,13
24,2cb63e8e-1800-e811-9414-f0921c16b9e5,0.0410958904109589,0.2815000116825,14
24,2cb63e8e-1800-e811-9414-f0921c16b9e5,0.043835616438356165,0.2374999970198,15
24,2cb63e8e-1800-e811-9414-f0921c16b9e5,0.04657534246575343,0.2020000070333,16
24,2cb63e8e-1800-e811-9414-f0921c16b9e5,0.049315068493150684,0.1710000038147,17
24,2cb63e8e-1800-e811-9414-f0921c16b9e5,0.052054794520547946,0.1455000042915,18
24,2cb63e8e-1800-e811-9414-f0921c16b9e5,0.0547945205479452,0.1221000030637,19
24,2cb63e8e-1800-e811-9414-f0921c16b9e5,0.057534246575342465,0.1032000035048,20
24,2cb63e8e-1800-e811-9414-f0921c16b9e5,0.06027397260273973,0.08690000325441,21
24,2cb63e8e-1800-e811-9414-f0921c16b9e5,0.06301369863013699,0.07289999723434,22
24,2cb63e8e-1800-e811-9414-f0921c16b9e5,0.06575342465753424,0.06219999864697,23
24,2cb63e8e-1800-e811-9414-f0921c16b9e5,0.0684931506849315,0.05330000072718,24
24,2cb63e8e-1800-e811-9414-f0921c16b9e5,0.07123287671232877,0.04490000009537,25
24,2cb63e8e-1800-e811-9414-f0921c16b9e5,0.07397260273972603,0.03889999911189,26
24,2cb63e8e-1800-e811-9414-f0921c16b9e5,0.07671232876712329,0.03269999846816,27
24,2cb63e8e-1800-e811-9414-f0921c16b9e5,0.07945205479452055,0.02759999968112,28
24,2cb63e8e-1800-e811-9414-f0921c16b9e5,0.0821917808219178,0.02380000054836,29
24,2cb63e8e-1800-e811-9414-f0921c16b9e5,0.08493150684931507,0.01989999972284,30
24,2cb63e8e-1800-e811-9414-f0921c16b9e5,0.08767123287671233,0.01730000041425,31
24,2cb63e8e-1800-e811-9414-f0921c16b9e5,0.09041095890410959,0.01420000009239,32
24,2cb63e8e-1800-e811-9414-f0921c16b9e5,0.09315068493150686,0.01219999976456,33
24,2cb63e8e-1800-e811-9414-f0921c16b9e5,0.0958904109589041,0.01109999977052,34
24,2cb63e8e-1800-e811-9414-f0921c16b9e5,0.09863013698630137,0.009499999694526,35
24,2cb63e8e-1800-e811-9414-f0921c16b9e5,0.10136986301369863,0.008200000040233,36
24,2cb63e8e-1800-e811-9414-f0921c16b9e5,0.10410958904109589,0.007000000216067,37
24,2cb63e8e-1800-e811-9414-f0921c16b9e5,0.10684931506849316,0.005700000096112,38
24,2cb63e8e-1800-e811-9414-f0921c16b9e5,0.1095890410958904,0.004900000058115,39
24,2cb63e8e-1800-e811-9414-f0921c16b9e5,0.11232876712328767,0.004199999850243,40
24,2cb63e8e-1800-e811-9414-f0921c16b9e5,0.11506849315068493,0.003700000001118,41
24,2cb63e8e-1800-e811-9414-f0921c16b9e5,0.1178082191780822,0.003299999982119,42
24,2cb63e8e-1800-e811-9414-f0921c16b9e5,0.12054794520547946,0.002499999944121,43
24,2cb63e8e-1800-e811-9414-f0921c16b9e5,0.1232876712328767,0.002099999925122,44
24,2cb63e8e-1800-e811-9414-f0921c16b9e5,0.12602739726027398,0.001900000032037,45
24,2cb63e8e-1800-e811-9414-f0921c16b9e5,0.12876712328767123,0.00179999996908,46
24,2cb63e8e-1800-e811-9414-f0921c16b9e5,0.13150684931506848,0.001500000013039,47
24,2cb63e8e-1800-e811-9414-f0921c16b9e5,0.13424657534246576,0.00089999998454,48
24,2cb63e8e-1800-e811-9414-f0921c16b9e5,0.136986301369863,0.0006999999750406,49
24,2cb63e8e-1800-e811-9414-f0921c16b9e5,0.13972602739726028,0.0006000000284985,50
24,2cb63e8e-1800-e811-9414-f0921c16b9e5,0.14246575342465753,0.0006000000284985,51
24,2cb63e8e-1800-e811-9414-f0921c16b9e5,0.14520547945205478,0.0006000000284985,52
24,2cb63e8e-1800-e811-9414-f0921c16b9e5,0.14794520547945206,0.0005000000237487,53
24,2cb63e8e-1800-e811-9414-f0921c16b9e5,0.1506849315068493,0.0003999999898952,54
24,2cb63e8e-1800-e811-9414-f0921c16b9e5,0.15342465753424658,0.0003000000142492,55
24,2cb63e8e-1800-e811-9414-f0921c16b9e5,0.15616438356164383,0.0001999999949476,56
24,2cb63e8e-1800-e811-9414-f0921c16b9e5,0.1589041095890411,0.0001999999949476,57
24,2cb63e8e-1800-e811-9414-f0921c16b9e5,0.16164383561643836,0.0001999999949476,58
24,2cb63e8e-1800-e811-9414-f0921c16b9e5,0.1643835616438356,0.0001999999949476,59
24,2cb63e8e-1800-e811-9414-f0921c16b9e5,0.16712328767123288,0.0001999999949476,60
24,2cb63e8e-1800-e811-9414-f0921c16b9e5,0.16986301369863013,0.0001999999949476,61
24,2cb63e8e-1800-e811-9414-f0921c16b9e5,0.1726027397260274,9.999999747379e-05,62
24,2cb63e8e-1800-e811-9414-f0921c16b9e5,0.17534246575342466,9.999999747379e-05,63
24,2cb63e8e-1800-e811-9414-f0921c16b9e5,0.1780821917808219,9.999999747379e-05,64
24,2cb63e8e-1800-e811-9414-f0921c16b9e5,0.18082191780821918,9.999999747379e-05,65
24,2cb63e8e-1800-e811-9414-f0921c16b9e5,0.18356164383561643,9.999999747379e-05,66
24,2cb63e8e-1800-e811-9414-f0921c16b9e5,0.1863013698630137,9.999999747379e-05,67
24,2cb63e8e-1800-e811-9414-f0921c16b9e5,0.18904109589041096,9.999999747379e-05,68
24,2cb63e8e-1800-e811-9414-f0921c16b9e5,0.1917808219178082,9.999999747379e-05,69
24,2cb63e8e-1800-e811-9414-f0921c16b9e5,0.19452054794520549,0.0,70
24,2cb63e8e-1800-e811-9414-f0921c16b9e5,0.19726027397260273,0.0,71
24,2cb63e8e-1800-e811-9414-f0921c16b9e5,0.2,0.0,72
24,2cb63e8e-1800-e811-9414-f0921c16b9e5,0.20273972602739726,0.0,73
24,2cb63e8e-1800-e811-9414-f0921c16b9e5,0.2054794520547945,0.0,74
24,2cb63e8e-1800-e811-9414-f0921c16b9e5,0.20821917808219179,0.0,75
24,2cb63e8e-1800-e811-9414-f0921c16b9e5,0.21095890410958903,0.0,76
24,2cb63e8e-1800-e811-9414-f0921c16b9e5,0.2136986301369863,0.0,77
24,2cb63e8e-1800-e811-9414-f0921c16b9e5,0.21643835616438356,0.0,78
24,2cb63e8e-1800-e811-9414-f0921c16b9e5,0.2191780821917808,0.0,79
24,2cb63e8e-1800-e811-9414-f0921c16b9e5,0.2219178082191781,0.0,80
24,2cb63e8e-1800-e811-9414-f0921c16b9e5,0.22465753424657534,0.0,81
24,2cb63e8e-1800-e811-9414-f0921c16b9e5,0.2273972602739726,0.0,82
24,2cb63e8e-1800-e811-9414-f0921c16b9e5,0.23013698630136986,0.0,83
24,2cb63e8e-1800-e811-9414-f0921c16b9e5,0.2328767123287671,0.0,84
24,2cb63e8e-1800-e811-9414-f0921c16b9e5,0.2356164383561644,0.0,85
24,2cb63e8e-1800-e811-9414-f0921c16b9e5,0.23835616438356164,0.0,86
24,2cb63e8e-1800-e811-9414-f0921c16b9e5,0.2410958904109589,0.0,87
24,2cb63e8e-1800-e811-9414-f0921c16b9e5,0.24383561643835616,0.0,88
24,2cb63e8e-1800-e811-9414-f0921c16b9e5,0.2465753424657534,0.0,89
25,2bb63e8e-1800-e811-9414-f0921c16b9e5,0.0027397260273972603,0.0,0
25,2bb63e8e-1800-e811-9414-f0921c16b9e5,0.005479452054794521,0.0003000000142492,1
25,2bb63e8e-1800-e811-9414-f0921c16b9e5,0.00821917808219178,0.001200000056997,2
25,2bb63e8e-1800-e811-9414-f0921c16b9e5,0.010958904109589041,0.002199999988079,3
25,2bb63e8e-1800-e811-9414-f0921c16b9e5,0.0136986301369863,0.005299999844283,4
25,2bb63e8e-1800-e811-9414-f0921c16b9e5,0.01643835616438356,0.009899999946356,5
25,2bb63e8e-1800-e811-9414-f0921c16b9e5,0.019178082191780823,0.02309999987483,6
25,2bb63e8e-1800-e811-9414-f0921c16b9e5,0.021917808219178082,0.04910000041127,7
25,2bb63e8e-1800-e811-9414-f0921c16b9e5,0.024657534246575342,0.1077999994159,8
25,2bb63e8e-1800-e811-9414-f0921c16b9e5,0.0273972602739726,0.2079000025988,9
25,2bb63e8e-1800-e811-9414-f0921c16b9e5,0.030136986301369864,0.3628000020981,10
25,2bb63e8e-1800-e811-9414-f0921c16b9e5,0.03287671232876712,0.5357999801636,11
25,2bb63e8e-1800-e811-9414-f0921c16b9e5,0.03561643835616438,0.622300028801,12
25,2bb63e8e-1800-e811-9414-f0921c16b9e5,0.038356164383561646,0.6165000200272,13
25,2bb63e8e-1800-e811-9414-f0921c16b9e5,0.0410958904109589,0.5551000237465,14
25,2bb63e8e-1800-e811-9414-f0921c16b9e5,0.043835616438356165,0.4826000034809,15
25,2bb63e8e-1800-e811-9414-f0921c16b9e5,0.04657534246575343,0.4115999937057,16
25,2bb63e8e-1800-e811-9414-f0921c16b9e5,0.049315068493150684,0.3486000001431,17
25,2bb63e8e-1800-e811-9414-f0921c16b9e5,0.052054794520547946,0.2913999855518,18
25,2bb63e8e-1800-e811-9414-f0921c16b9e5,0.0547945205479452,0.240700006485,19
25,2bb63e8e-1800-e811-9414-f0921c16b9e5,0.057534246575342465,0.2046999931335,20
25,2bb63e8e-1800-e811-9414-f0921c16b9e5,0.06027397260273973,0.1710000038147,21
25,2bb63e8e-1800-e811-9414-f0921c16b9e5,0.06301369863013699,0.1424999982119,22
25,2bb63e8e-1800-e811-9414-f0921c16b9e5,0.06575342465753424,0.1226999983191,23
25,2bb63e8e-1800-e811-9414-f0921c16b9e5,0.0684931506849315,0.1036000028253,24
25,2bb63e8e-1800-e811-9414-f0921c16b9e5,0.07123287671232877,0.0865999981761,25
25,2bb63e8e-1800-e811-9414-f0921c16b9e5,0.07397260273972603,0.0701000019908,26
25,2bb63e8e-1800-e811-9414-f0921c16b9e5,0.07671232876712329,0.06060000136495,27
25,2bb63e8e-1800-e811-9414-f0921c16b9e5,0.07945205479452055,0.05090000107884,28
25,2bb63e8e-1800-e811-9414-f0921c16b9e5,0.0821917808219178,0.04129999876022,29
25,2bb63e8e-1800-e811-9414-f0921c16b9e5,0.08493150684931507,0.03500000014901,30
25,2bb63e8e-1800-e811-9414-f0921c16b9e5,0.08767123287671233,0.03050000034273,31
25,2bb63e8e-1800-e811-9414-f0921c16b9e5,0.09041095890410959,0.02559999935329,32
25,2bb63e8e-1800-e811-9414-f0921c16b9e5,0.09315068493150686,0.02150000073016,33
25,2bb63e8e-1800-e811-9414-f0921c16b9e5,0.0958904109589041,0.01850000023842,34
25,2bb63e8e-1800-e811-9414-f0921c16b9e5,0.09863013698630137,0.01510000042617,35
25,2bb63e8e-1800-e811-9414-f0921c16b9e5,0.10136986301369863,0.01300000026822,36
25,2bb63e8e-1800-e811-9414-f0921c16b9e5,0.10410958904109589,0.0113000003621,37
25,2bb63e8e-1800-e811-9414-f0921c16b9e5,0.10684931506849316,0.009899999946356,38
25,2bb63e8e-1800-e811-9414-f0921c16b9e5,0.1095890410958904,0.008399999700487,39
25,2bb63e8e-1800-e811-9414-f0921c16b9e5,0.11232876712328767,0.007100000046194,40
25,2bb63e8e-1800-e811-9414-f0921c16b9e5,0.11506849315068493,0.006300000008196,41
25,2bb63e8e-1800-e811-9414-f0921c16b9e5,0.1178082191780822,0.004800000227988,42
25,2bb63e8e-1800-e811-9414-f0921c16b9e5,0.12054794520547946,0.004199999850243,43
25,2bb63e8e-1800-e811-9414-f0921c16b9e5,0.1232876712328767,0.00400000018999,44
25,2bb63e8e-1800-e811-9414-f0921c16b9e5,0.12602739726027398,0.003199999919161,45
25,2bb63e8e-1800-e811-9414-f0921c16b9e5,0.12876712328767123,0.002400000113994,46
25,2bb63e8e-1800-e811-9414-f0921c16b9e5,0.13150684931506848,0.00179999996908,47
25,2bb63e8e-1800-e811-9414-f0921c16b9e5,0.13424657534246576,0.001500000013039,48
25,2bb63e8e-1800-e811-9414-f0921c16b9e5,0.136986301369863,0.001200000056997,49
25,2bb63e8e-1800-e811-9414-f0921c16b9e5,0.13972602739726028,0.00109999999404,50
25,2bb63e8e-1800-e811-9414-f0921c16b9e5,0.14246575342465753,0.001000000047497,51
25,2bb63e8e-1800-e811-9414-f0921c16b9e5,0.14520547945205478,0.00089999998454,52
25,2bb63e8e-1800-e811-9414-f0921c16b9e5,0.14794520547945206,0.0007999999797903,53
25,2bb63e8e-1800-e811-9414-f0921c16b9e5,0.1506849315068493,0.0007999999797903,54
25,2bb63e8e-1800-e811-9414-f0921c16b9e5,0.15342465753424658,0.0006000000284985,55
25,2bb63e8e-1800-e811-9414-f0921c16b9e5,0.15616438356164383,0.0006000000284985,56
25,2bb63e8e-1800-e811-9414-f0921c16b9e5,0.1589041095890411,0.0006000000284985,57
25,2bb63e8e-1800-e811-9414-f0921c16b9e5,0.16164383561643836,0.0005000000237487,58
25,2bb63e8e-1800-e811-9414-f0921c16b9e5,0.1643835616438356,0.0003999999898952,59
25,2bb63e8e-1800-e811-9414-f0921c16b9e5,0.16712328767123288,0.0003000000142492,60
25,2bb63e8e-1800-e811-9414-f0921c16b9e5,0.16986301369863013,0.0003000000142492,61
25,2bb63e8e-1800-e811-9414-f0921c16b9e5,0.1726027397260274,0.0001999999949476,62
25,2bb63e8e-1800-e811-9414-f0921c16b9e5,0.17534246575342466,0.0001999999949476,63
25,2bb63e8e-1800-e811-9414-f0921c16b9e5,0.1780821917808219,0.0001999999949476,64
25,2bb63e8e-1800-e811-9414-f0921c16b9e5,0.18082191780821918,0.0001999999949476,65
25,2bb63e8e-1800-e811-9414-f0921c16b9e5,0.18356164383561643,0.0001999999949476,66
25,2bb63e8e-1800-e811-9414-f0921c16b9e5,0.1863013698630137,0.0001999999949476,67
25,2bb63e8e-1800-e811-9414-f0921c16b9e5,0.18904109589041096,0.0001999999949476,68
25,2bb63e8e-1800-e811-9414-f0921c16b9e5,0.1917808219178082,0.0001999999949476,69
25,2bb63e8e-1800-e811-9414-f0921c16b9e5,0.19452054794520549,9.999999747379e-05,70
25,2bb63e8e-1800-e811-9414-f0921c16b9e5,0.19726027397260273,0.0,71
25,2bb63e8e-1800-e811-9414-f0921c16b9e5,0.2,0.0,72
25,2bb63e8e-1800-e811-9414-f0921c16b9e5,0.20273972602739726,0.0,73
25,2bb63e8e-1800-e811-9414-f0921c16b9e5,0.2054794520547945,0.0,74
25,2bb63e8e-1800-e811-9414-f0921c16b9e5,0.20821917808219179,0.0,75
25,2bb63e8e-1800-e811-9414-f0921c16b9e5,0.21095890410958903,0.0,76
25,2bb63e8e-1800-e811-9414-f0921c16b9e5,0.2136986301369863,0.0,77
25,2bb63e8e-1800-e811-9414-f0921c16b9e5,0.21643835616438356,0.0,78
25,2bb63e8e-1800-e811-9414-f0921c16b9e5,0.2191780821917808,0.0,79
25,2bb63e8e-1800-e811-9414-f0921c16b9e5,0.2219178082191781,0.0,80
25,2bb63e8e-1800-e811-9414-f0921c16b9e5,0.22465753424657534,0.0,81
25,2bb63e8e-1800-e811-9414-f0921c16b9e5,0.2273972602739726,0.0,82
25,2bb63e8e-1800-e811-9414-f0921c16b9e5,0.23013698630136986,0.0,83
25,2bb63e8e-1800-e811-9414-f0921c16b9e5,0.2328767123287671,0.0,84
25,2bb63e8e-1800-e811-9414-f0921c16b9e5,0.2356164383561644,0.0,85
25,2bb63e8e-1800-e811-9414-f0921c16b9e5,0.23835616438356164,0.0,86
25,2bb63e8e-1800-e811-9414-f0921c16b9e5,0.2410958904109589,0.0,87
25,2bb63e8e-1800-e811-9414-f0921c16b9e5,0.24383561643835616,0.0,88
25,2bb63e8e-1800-e811-9414-f0921c16b9e5,0.2465753424657534,0.0,89
26,2ab63e8e-1800-e811-9414-f0921c16b9e5,0.0027397260273972603,0.0,0
26,2ab63e8e-1800-e811-9414-f0921c16b9e5,0.005479452054794521,0.0005000000237487,1
26,2ab63e8e-1800-e811-9414-f0921c16b9e5,0.00821917808219178,0.0006999999750406,2
26,2ab63e8e-1800-e811-9414-f0921c16b9e5,0.010958904109589041,0.001200000056997,3
26,2ab63e8e-1800-e811-9414-f0921c16b9e5,0.0136986301369863,0.001599999959581,4
26,2ab63e8e-1800-e811-9414-f0921c16b9e5,0.01643835616438356,0.002000000094995,5
26,2ab63e8e-1800-e811-9414-f0921c16b9e5,0.019178082191780823,0.002799999900162,6
26,2ab63e8e-1800-e811-9414-f0921c16b9e5,0.021917808219178082,0.003500000108033,7
26,2ab63e8e-1800-e811-9414-f0921c16b9e5,0.024657534246575342,0.0046999999322,8
26,2ab63e8e-1800-e811-9414-f0921c16b9e5,0.0273972602739726,0.005499999970198,9
26,2ab63e8e-1800-e811-9414-f0921c16b9e5,0.030136986301369864,0.007300000172108,10
26,2ab63e8e-1800-e811-9414-f0921c16b9e5,0.03287671232876712,0.009499999694526,11
26,2ab63e8e-1800-e811-9414-f0921c16b9e5,0.03561643835616438,0.01020000036806,12
26,2ab63e8e-1800-e811-9414-f0921c16b9e5,0.038356164383561646,0.01300000026822,13
26,2ab63e8e-1800-e811-9414-f0921c16b9e5,0.0410958904109589,0.01569999940693,14
26,2ab63e8e-1800-e811-9414-f0921c16b9e5,0.043835616438356165,0.01930000074208,15
26,2ab63e8e-1800-e811-9414-f0921c16b9e5,0.04657534246575343,0.02520000003278,16
26,2ab63e8e-1800-e811-9414-f0921c16b9e5,0.049315068493150684,0.02999999932945,17
26,2ab63e8e-1800-e811-9414-f0921c16b9e5,0.052054794520547946,0.03599999845028,18
26,2ab63e8e-1800-e811-9414-f0921c16b9e5,0.0547945205479452,0.04569999873638,19
26,2ab63e8e-1800-e811-9414-f0921c16b9e5,0.057534246575342465,0.05609999969602,20
26,2ab63e8e-1800-e811-9414-f0921c16b9e5,0.06027397260273973,0.06859999895096,21
26,2ab63e8e-1800-e811-9414-f0921c16b9e5,0.06301369863013699,0.08299999684095,22
26,2ab63e8e-1800-e811-9414-f0921c16b9e5,0.06575342465753424,0.09719999879599,23
26,2ab63e8e-1800-e811-9414-f0921c16b9e5,0.0684931506849315,0.1111000031233,24
26,2ab63e8e-1800-e811-9414-f0921c16b9e5,0.07123287671232877,0.1275999993086,25
26,2ab63e8e-1800-e811-9414-f0921c16b9e5,0.07397260273972603,0.1459999978542,26
26,2ab63e8e-1800-e811-9414-f0921c16b9e5,0.07671232876712329,0.1577000021935,27
26,2ab63e8e-1800-e811-9414-f0921c16b9e5,0.07945205479452055,0.1744000017643,28
26,2ab63e8e-1800-e811-9414-f0921c16b9e5,0.0821917808219178,0.1864999979734,29
26,2ab63e8e-1800-e811-9414-f0921c16b9e5,0.08493150684931507,0.1944999992847,30
26,2ab63e8e-1800-e811-9414-f0921c16b9e5,0.08767123287671233,0.1992000043392,31
26,2ab63e8e-1800-e811-9414-f0921c16b9e5,0.09041095890410959,0.1978999972343,32
26,2ab63e8e-1800-e811-9414-f0921c16b9e5,0.09315068493150686,0.1930000036955,33
26,2ab63e8e-1800-e811-9414-f0921c16b9e5,0.0958904109589041,0.1887000054121,34
26,2ab63e8e-1800-e811-9414-f0921c16b9e5,0.09863013698630137,0.1763000041246,35
26,2ab63e8e-1800-e811-9414-f0921c16b9e5,0.10136986301369863,0.1666000038385,36
26,2ab63e8e-1800-e811-9414-f0921c16b9e5,0.10410958904109589,0.1538999974728,37
26,2ab63e8e-1800-e811-9414-f0921c16b9e5,0.10684931506849316,0.1370999962091,38
26,2ab63e8e-1800-e811-9414-f0921c16b9e5,0.1095890410958904,0.1220000013709,39
26,2ab63e8e-1800-e811-9414-f0921c16b9e5,0.11232876712328767,0.1093000024557,40
26,2ab63e8e-1800-e811-9414-f0921c16b9e5,0.11506849315068493,0.09790000319481,41
26,2ab63e8e-1800-e811-9414-f0921c16b9e5,0.1178082191780822,0.08410000056028,42
26,2ab63e8e-1800-e811-9414-f0921c16b9e5,0.12054794520547946,0.07599999755621,43
26,2ab63e8e-1800-e811-9414-f0921c16b9e5,0.1232876712328767,0.06629999727011,44
26,2ab63e8e-1800-e811-9414-f0921c16b9e5,0.12602739726027398,0.05860000103712,45
26,2ab63e8e-1800-e811-9414-f0921c16b9e5,0.12876712328767123,0.05209999904037,46
26,2ab63e8e-1800-e811-9414-f0921c16b9e5,0.13150684931506848,0.04589999839664,47
26,2ab63e8e-1800-e811-9414-f0921c16b9e5,0.13424657534246576,0.03959999978542,48
26,2ab63e8e-1800-e811-9414-f0921c16b9e5,0.136986301369863,0.03359999880195,49
26,2ab63e8e-1800-e811-9414-f0921c16b9e5,0.13972602739726028,0.02859999984503,50
26,2ab63e8e-1800-e811-9414-f0921c16b9e5,0.14246575342465753,0.02449999935925,51
26,2ab63e8e-1800-e811-9414-f0921c16b9e5,0.14520547945205478,0.02160000056028,52
26,2ab63e8e-1800-e811-9414-f0921c16b9e5,0.14794520547945206,0.01799999922514,53
26,2ab63e8e-1800-e811-9414-f0921c16b9e5,0.1506849315068493,0.01600000075996,54
26,2ab63e8e-1800-e811-9414-f0921c16b9e5,0.15342465753424658,0.01370000001043,55
26,2ab63e8e-1800-e811-9414-f0921c16b9e5,0.15616438356164383,0.01180000044405,56
26,2ab63e8e-1800-e811-9414-f0921c16b9e5,0.1589041095890411,0.009700000286102,57
26,2ab63e8e-1800-e811-9414-f0921c16b9e5,0.16164383561643836,0.00789999961853,58
26,2ab63e8e-1800-e811-9414-f0921c16b9e5,0.1643835616438356,0.007799999788404,59
26,2ab63e8e-1800-e811-9414-f0921c16b9e5,0.16712328767123288,0.006300000008196,60
26,2ab63e8e-1800-e811-9414-f0921c16b9e5,0.16986301369863013,0.005100000184029,61
26,2ab63e8e-1800-e811-9414-f0921c16b9e5,0.1726027397260274,0.004399999976158,62
26,2ab63e8e-1800-e811-9414-f0921c16b9e5,0.17534246575342466,0.004100000020117,63
26,2ab63e8e-1800-e811-9414-f0921c16b9e5,0.1780821917808219,0.003700000001118,64
26,2ab63e8e-1800-e811-9414-f0921c16b9e5,0.18082191780821918,0.003299999982119,65
26,2ab63e8e-1800-e811-9414-f0921c16b9e5,0.18356164383561643,0.00289999996312,66
26,2ab63e8e-1800-e811-9414-f0921c16b9e5,0.1863013698630137,0.002600000007078,67
26,2ab63e8e-1800-e811-9414-f0921c16b9e5,0.18904109589041096,0.002400000113994,68
26,2ab63e8e-1800-e811-9414-f0921c16b9e5,0.1917808219178082,0.001900000032037,69
26,2ab63e8e-1800-e811-9414-f0921c16b9e5,0.19452054794520549,0.001599999959581,70
26,2ab63e8e-1800-e811-9414-f0921c16b9e5,0.19726027397260273,0.001300000003539,71
26,2ab63e8e-1800-e811-9414-f0921c16b9e5,0.2,0.001399999950081,72
26,2ab63e8e-1800-e811-9414-f0921c16b9e5,0.20273972602739726,0.001300000003539,73
26,2ab63e8e-1800-e811-9414-f0921c16b9e5,0.2054794520547945,0.001000000047497,74
26,2ab63e8e-1800-e811-9414-f0921c16b9e5,0.20821917808219179,0.0007999999797903,75
26,2ab63e8e-1800-e811-9414-f0921c16b9e5,0.21095890410958903,0.00089999998454,76
26,2ab63e8e-1800-e811-9414-f0921c16b9e5,0.2136986301369863,0.00089999998454,77
26,2ab63e8e-1800-e811-9414-f0921c16b9e5,0.21643835616438356,0.0006000000284985,78
26,2ab63e8e-1800-e811-9414-f0921c16b9e5,0.2191780821917808,0.0001999999949476,79
26,2ab63e8e-1800-e811-9414-f0921c16b9e5,0.2219178082191781,0.0001999999949476,80
26,2ab63e8e-1800-e811-9414-f0921c16b9e5,0.22465753424657534,0.0003000000142492,81
26,2ab63e8e-1800-e811-9414-f0921c16b9e5,0.2273972602739726,0.0001999999949476,82
26,2ab63e8e-1800-e811-9414-f0921c16b9e5,0.23013698630136986,0.0001999999949476,83
26,2ab63e8e-1800-e811-9414-f0921c16b9e5,0.2328767123287671,9.999999747379e-05,84
26,2ab63e8e-1800-e811-9414-f0921c16b9e5,0.2356164383561644,9.999999747379e-05,85
26,2ab63e8e-1800-e811-9414-f0921c16b9e5,0.23835616438356164,9.999999747379e-05,86
26,2ab63e8e-1800-e811-9414-f0921c16b9e5,0.2410958904109589,0.0,87
26,2ab63e8e-1800-e811-9414-f0921c16b9e5,0.24383561643835616,0.0,88
26,2ab63e8e-1800-e811-9414-f0921c16b9e5,0.2465753424657534,0.0,89
27,29b63e8e-1800-e811-9414-f0921c16b9e5,0.0027397260273972603,0.0,0
27,29b63e8e-1800-e811-9414-f0921c16b9e5,0.005479452054794521,9.999999747379e-05,1
27,29b63e8e-1800-e811-9414-f0921c16b9e5,0.00821917808219178,0.0005000000237487,2
27,29b63e8e-1800-e811-9414-f0921c16b9e5,0.010958904109589041,0.002000000094995,3
27,29b63e8e-1800-e811-9414-f0921c16b9e5,0.0136986301369863,0.00870000012219,4
27,29b63e8e-1800-e811-9414-f0921c16b9e5,0.01643835616438356,0.04470000043511,5
27,29b63e8e-1800-e811-9414-f0921c16b9e5,0.019178082191780823,0.2050999999046,6
27,29b63e8e-1800-e811-9414-f0921c16b9e5,0.021917808219178082,0.5903000235558,7
27,29b63e8e-1800-e811-9414-f0921c16b9e5,0.024657534246575342,0.6690000295639,8
27,29b63e8e-1800-e811-9414-f0921c16b9e5,0.0273972602739726,0.451700001955,9
27,29b63e8e-1800-e811-9414-f0921c16b9e5,0.030136986301369864,0.2831999957561,10
27,29b63e8e-1800-e811-9414-f0921c16b9e5,0.03287671232876712,0.1816000044346,11
27,29b63e8e-1800-e811-9414-f0921c16b9e5,0.03561643835616438,0.1171000003815,12
27,29b63e8e-1800-e811-9414-f0921c16b9e5,0.038356164383561646,0.07429999858141,13
27,29b63e8e-1800-e811-9414-f0921c16b9e5,0.0410958904109589,0.0494000017643,14
27,29b63e8e-1800-e811-9414-f0921c16b9e5,0.043835616438356165,0.03150000050664,15
27,29b63e8e-1800-e811-9414-f0921c16b9e5,0.04657534246575343,0.01860000006855,16
27,29b63e8e-1800-e811-9414-f0921c16b9e5,0.049315068493150684,0.01209999993443,17
27,29b63e8e-1800-e811-9414-f0921c16b9e5,0.052054794520547946,0.008899999782443,18
27,29b63e8e-1800-e811-9414-f0921c16b9e5,0.0547945205479452,0.005599999800324,19
27,29b63e8e-1800-e811-9414-f0921c16b9e5,0.057534246575342465,0.00359999993816,20
27,29b63e8e-1800-e811-9414-f0921c16b9e5,0.06027397260273973,0.002199999988079,21
27,29b63e8e-1800-e811-9414-f0921c16b9e5,0.06301369863013699,0.001500000013039,22
27,29b63e8e-1800-e811-9414-f0921c16b9e5,0.06575342465753424,0.00089999998454,23
27,29b63e8e-1800-e811-9414-f0921c16b9e5,0.0684931506849315,0.0003999999898952,24
27,29b63e8e-1800-e811-9414-f0921c16b9e5,0.07123287671232877,0.0003999999898952,25
27,29b63e8e-1800-e811-9414-f0921c16b9e5,0.07397260273972603,0.0001999999949476,26
27,29b63e8e-1800-e811-9414-f0921c16b9e5,0.07671232876712329,0.0,27
27,29b63e8e-1800-e811-9414-f0921c16b9e5,0.07945205479452055,0.0,28
27,29b63e8e-1800-e811-9414-f0921c16b9e5,0.0821917808219178,0.0,29
27,29b63e8e-1800-e811-9414-f0921c16b9e5,0.08493150684931507,0.0,30
27,29b63e8e-1800-e811-9414-f0921c16b9e5,0.08767123287671233,0.0,31
27,29b63e8e-1800-e811-9414-f0921c16b9e5,0.09041095890410959,0.0,32
27,29b63e8e-1800-e811-9414-f0921c16b9e5,0.09315068493150686,0.0,33
27,29b63e8e-1800-e811-9414-f0921c16b9e5,0.0958904109589041,0.0,34
27,29b63e8e-1800-e811-9414-f0921c16b9e5,0.09863013698630137,0.0,35
27,29b63e8e-1800-e811-9414-f0921c16b9e5,0.10136986301369863,0.0,36
27,29b63e8e-1800-e811-9414-f0921c16b9e5,0.10410958904109589,0.0,37
27,29b63e8e-1800-e811-9414-f0921c16b9e5,0.10684931506849316,0.0,38
27,29b63e8e-1800-e811-9414-f0921c16b9e5,0.1095890410958904,0.0,39
27,29b63e8e-1800-e811-9414-f0921c16b9e5,0.11232876712328767,0.0,40
27,29b63e8e-1800-e811-9414-f0921c16b9e5,0.11506849315068493,0.0,41
27,29b63e8e-1800-e811-9414-f0921c16b9e5,0.1178082191780822,0.0,42
27,29b63e8e-1800-e811-9414-f0921c16b9e5,0.12054794520547946,0.0,43
27,29b63e8e-1800-e811-9414-f0921c16b9e5,0.1232876712328767,0.0,44
27,29b63e8e-1800-e811-9414-f0921c16b9e5,0.12602739726027398,0.0,45
27,29b63e8e-1800-e811-9414-f0921c16b9e5,0.12876712328767123,0.0,46
27,29b63e8e-1800-e811-9414-f0921c16b9e5,0.13150684931506848,0.0,47
27,29b63e8e-1800-e811-9414-f0921c16b9e5,0.13424657534246576,0.0,48
27,29b63e8e-1800-e811-9414-f0921c16b9e5,0.136986301369863,0.0,49
27,29b63e8e-1800-e811-9414-f0921c16b9e5,0.13972602739726028,0.0,50
27,29b63e8e-1800-e811-9414-f0921c16b9e5,0.14246575342465753,0.0,51
27,29b63e8e-1800-e811-9414-f0921c16b9e5,0.14520547945205478,0.0,52
27,29b63e8e-1800-e811-9414-f0921c16b9e5,0.14794520547945206,0.0,53
27,29b63e8e-1800-e811-9414-f0921c16b9e5,0.1506849315068493,0.0,54
27,29b63e8e-1800-e811-9414-f0921c16b9e5,0.15342465753424658,0.0,55
27,29b63e8e-1800-e811-9414-f0921c16b9e5,0.15616438356164383,0.0,56
27,29b63e8e-1800-e811-9414-f0921c16b9e5,0.1589041095890411,0.0,57
27,29b63e8e-1800-e811-9414-f0921c16b9e5,0.16164383561643836,0.0,58
27,29b63e8e-1800-e811-9414-f0921c16b9e5,0.1643835616438356,0.0,59
27,29b63e8e-1800-e811-9414-f0921c16b9e5,0.16712328767123288,0.0,60
27,29b63e8e-1800-e811-9414-f0921c16b9e5,0.16986301369863013,0.0,61
27,29b63e8e-1800-e811-9414-f0921c16b9e5,0.1726027397260274,0.0,62
27,29b63e8e-1800-e811-9414-f0921c16b9e5,0.17534246575342466,0.0,63
27,29b63e8e-1800-e811-9414-f0921c16b9e5,0.1780821917808219,0.0,64
27,29b63e8e-1800-e811-9414-f0921c16b9e5,0.18082191780821918,0.0,65
27,29b63e8e-1800-e811-9414-f0921c16b9e5,0.18356164383561643,0.0,66
27,29b63e8e-1800-e811-9414-f0921c16b9e5,0.1863013698630137,0.0,67
27,29b63e8e-1800-e811-9414-f0921c16b9e5,0.18904109589041096,0.0,68
27,29b63e8e-1800-e811-9414-f0921c16b9e5,0.1917808219178082,0.0,69
27,29b63e8e-1800-e811-9414-f0921c16b9e5,0.19452054794520549,0.0,70
27,29b63e8e-1800-e811-9414-f0921c16b9e5,0.19726027397260273,0.0,71
27,29b63e8e-1800-e811-9414-f0921c16b9e5,0.2,0.0,72
27,29b63e8e-1800-e811-9414-f0921c16b9e5,0.20273972602739726,0.0,73
27,29b63e8e-1800-e811-9414-f0921c16b9e5,0.2054794520547945,0.0,74
27,29b63e8e-1800-e811-9414-f0921c16b9e5,0.20821917808219179,0.0,75
27,29b63e8e-1800-e811-9414-f0921c16b9e5,0.21095890410958903,0.0,76
27,29b63e8e-1800-e811-9414-f0921c16b9e5,0.2136986301369863,0.0,77
27,29b63e8e-1800-e811-9414-f0921c16b9e5,0.21643835616438356,0.0,78
27,29b63e8e-1800-e811-9414-f0921c16b9e5,0.2191780821917808,0.0,79
27,29b63e8e-1800-e811-9414-f0921c16b9e5,0.2219178082191781,0.0,80
27,29b63e8e-1800-e811-9414-f0921c16b9e5,0.22465753424657534,0.0,81
27,29b63e8e-1800-e811-9414-f0921c16b9e5,0.2273972602739726,0.0,82
27,29b63e8e-1800-e811-9414-f0921c16b9e5,0.23013698630136986,0.0,83
27,29b63e8e-1800-e811-9414-f0921c16b9e5,0.2328767123287671,0.0,84
27,29b63e8e-1800-e811-9414-f0921c16b9e5,0.2356164383561644,0.0,85
27,29b63e8e-1800-e811-9414-f0921c16b9e5,0.23835616438356164,0.0,86
27,29b63e8e-1800-e811-9414-f0921c16b9e5,0.2410958904109589,0.0,87
27,29b63e8e-1800-e811-9414-f0921c16b9e5,0.24383561643835616,0.0,88
27,29b63e8e-1800-e811-9414-f0921c16b9e5,0.2465753424657534,0.0,89
28,28b63e8e-1800-e811-9414-f0921c16b9e5,0.0027397260273972603,0.0,0
28,28b63e8e-1800-e811-9414-f0921c16b9e5,0.005479452054794521,0.0005000000237487,1
28,28b63e8e-1800-e811-9414-f0921c16b9e5,0.00821917808219178,0.00400000018999,2
28,28b63e8e-1800-e811-9414-f0921c16b9e5,0.010958904109589041,0.02979999966919,3
28,28b63e8e-1800-e811-9414-f0921c16b9e5,0.0136986301369863,0.1995999962091,4
28,28b63e8e-1800-e811-9414-f0921c16b9e5,0.01643835616438356,0.7531999945641,5
28,28b63e8e-1800-e811-9414-f0921c16b9e5,0.019178082191780823,0.8112000226974,6
28,28b63e8e-1800-e811-9414-f0921c16b9e5,0.021917808219178082,0.6614999771118,7
28,28b63e8e-1800-e811-9414-f0921c16b9e5,0.024657534246575342,0.5321000218391,8
28,28b63e8e-1800-e811-9414-f0921c16b9e5,0.0273972602739726,0.4356999993324,9
28,28b63e8e-1800-e811-9414-f0921c16b9e5,0.030136986301369864,0.3544000089169,10
28,28b63e8e-1800-e811-9414-f0921c16b9e5,0.03287671232876712,0.2906999886036,11
28,28b63e8e-1800-e811-9414-f0921c16b9e5,0.03561643835616438,0.237399995327,12
28,28b63e8e-1800-e811-9414-f0921c16b9e5,0.038356164383561646,0.1900999993086,13
28,28b63e8e-1800-e811-9414-f0921c16b9e5,0.0410958904109589,0.1542000025511,14
28,28b63e8e-1800-e811-9414-f0921c16b9e5,0.043835616438356165,0.126599997282,15
28,28b63e8e-1800-e811-9414-f0921c16b9e5,0.04657534246575343,0.103100001812,16
28,28b63e8e-1800-e811-9414-f0921c16b9e5,0.049315068493150684,0.08299999684095,17
28,28b63e8e-1800-e811-9414-f0921c16b9e5,0.052054794520547946,0.06729999929667,18
28,28b63e8e-1800-e811-9414-f0921c16b9e5,0.0547945205479452,0.05350000038743,19
28,28b63e8e-1800-e811-9414-f0921c16b9e5,0.057534246575342465,0.0434999987483,20
28,28b63e8e-1800-e811-9414-f0921c16b9e5,0.06027397260273973,0.03469999879599,21
28,28b63e8e-1800-e811-9414-f0921c16b9e5,0.06301369863013699,0.02769999951124,22
28,28b63e8e-1800-e811-9414-f0921c16b9e5,0.06575342465753424,0.02270000055432,23
28,28b63e8e-1800-e811-9414-f0921c16b9e5,0.0684931506849315,0.01920000091195,24
28,28b63e8e-1800-e811-9414-f0921c16b9e5,0.07123287671232877,0.01590000092983,25
28,28b63e8e-1800-e811-9414-f0921c16b9e5,0.07397260273972603,0.01290000043809,26
28,28b63e8e-1800-e811-9414-f0921c16b9e5,0.07671232876712329,0.01059999968857,27
28,28b63e8e-1800-e811-9414-f0921c16b9e5,0.07945205479452055,0.00829999987036,28
28,28b63e8e-1800-e811-9414-f0921c16b9e5,0.0821917808219178,0.00719999987632,29
28,28b63e8e-1800-e811-9414-f0921c16b9e5,0.08493150684931507,0.005799999926239,30
28,28b63e8e-1800-e811-9414-f0921c16b9e5,0.08767123287671233,0.005100000184029,31
28,28b63e8e-1800-e811-9414-f0921c16b9e5,0.09041095890410959,0.004199999850243,32
28,28b63e8e-1800-e811-9414-f0921c16b9e5,0.09315068493150686,0.003500000108033,33
28,28b63e8e-1800-e811-9414-f0921c16b9e5,0.0958904109589041,0.00289999996312,34
28,28b63e8e-1800-e811-9414-f0921c16b9e5,0.09863013698630137,0.002600000007078,35
28,28b63e8e-1800-e811-9414-f0921c16b9e5,0.10136986301369863,0.002499999944121,36
28,28b63e8e-1800-e811-9414-f0921c16b9e5,0.10410958904109589,0.002199999988079,37
28,28b63e8e-1800-e811-9414-f0921c16b9e5,0.10684931506849316,0.002000000094995,38
28,28b63e8e-1800-e811-9414-f0921c16b9e5,0.1095890410958904,0.001300000003539,39
28,28b63e8e-1800-e811-9414-f0921c16b9e5,0.11232876712328767,0.001000000047497,40
28,28b63e8e-1800-e811-9414-f0921c16b9e5,0.11506849315068493,0.0006999999750406,41
28,28b63e8e-1800-e811-9414-f0921c16b9e5,0.1178082191780822,0.0006999999750406,42
28,28b63e8e-1800-e811-9414-f0921c16b9e5,0.12054794520547946,0.0006000000284985,43
28,28b63e8e-1800-e811-9414-f0921c16b9e5,0.1232876712328767,0.0003000000142492,44
28,28b63e8e-1800-e811-9414-f0921c16b9e5,0.12602739726027398,0.0003000000142492,45
28,28b63e8e-1800-e811-9414-f0921c16b9e5,0.12876712328767123,0.0003000000142492,46
28,28b63e8e-1800-e811-9414-f0921c16b9e5,0.13150684931506848,0.0003000000142492,47
28,28b63e8e-1800-e811-9414-f0921c16b9e5,0.13424657534246576,0.0003000000142492,48
28,28b63e8e-1800-e811-9414-f0921c16b9e5,0.136986301369863,0.0001999999949476,49
28,28b63e8e-1800-e811-9414-f0921c16b9e5,0.13972602739726028,0.0001999999949476,50
28,28b63e8e-1800-e811-9414-f0921c16b9e5,0.14246575342465753,0.0001999999949476,51
28,28b63e8e-1800-e811-9414-f0921c16b9e5,0.14520547945205478,0.0001999999949476,52
28,28b63e8e-1800-e811-9414-f0921c16b9e5,0.14794520547945206,0.0001999999949476,53
28,28b63e8e-1800-e811-9414-f0921c16b9e5,0.1506849315068493,0.0001999999949476,54
28,28b63e8e-1800-e811-9414-f0921c16b9e5,0.15342465753424658,9.999999747379e-05,55
28,28b63e8e-1800-e811-9414-f0921c16b9e5,0.15616438356164383,0.0,56
28,28b63e8e-1800-e811-9414-f0921c16b9e5,0.1589041095890411,0.0,57
28,28b63e8e-1800-e811-9414-f0921c16b9e5,0.16164383561643836,0.0,58
28,28b63e8e-1800-e811-9414-f0921c16b9e5,0.1643835616438356,0.0,59
28,28b63e8e-1800-e811-9414-f0921c16b9e5,0.16712328767123288,0.0,60
28,28b63e8e-1800-e811-9414-f0921c16b9e5,0.16986301369863013,0.0,61
28,28b63e8e-1800-e811-9414-f0921c16b9e5,0.1726027397260274,0.0,62
28,28b63e8e-1800-e811-9414-f0921c16b9e5,0.17534246575342466,0.0,63
28,28b63e8e-1800-e811-9414-f0921c16b9e5,0.1780821917808219,0.0,64
28,28b63e8e-1800-e811-9414-f0921c16b9e5,0.18082191780821918,0.0,65
28,28b63e8e-1800-e811-9414-f0921c16b9e5,0.18356164383561643,0.0,66
28,28b63e8e-1800-e811-9414-f0921c16b9e5,0.1863013698630137,0.0,67
28,28b63e8e-1800-e811-9414-f0921c16b9e5,0.18904109589041096,0.0,68
28,28b63e8e-1800-e811-9414-f0921c16b9e5,0.1917808219178082,0.0,69
28,28b63e8e-1800-e811-9414-f0921c16b9e5,0.19452054794520549,0.0,70
28,28b63e8e-1800-e811-9414-f0921c16b9e5,0.19726027397260273,0.0,71
28,28b63e8e-1800-e811-9414-f0921c16b9e5,0.2,0.0,72
28,28b63e8e-1800-e811-9414-f0921c16b9e5,0.20273972602739726,0.0,73
28,28b63e8e-1800-e811-9414-f0921c16b9e5,0.2054794520547945,0.0,74
28,28b63e8e-1800-e811-9414-f0921c16b9e5,0.20821917808219179,0.0,75
28,28b63e8e-1800-e811-9414-f0921c16b9e5,0.21095890410958903,0.0,76
28,28b63e8e-1800-e811-9414-f0921c16b9e5,0.2136986301369863,0.0,77
28,28b63e8e-1800-e811-9414-f0921c16b9e5,0.21643835616438356,0.0,78
28,28b63e8e-1800-e811-9414-f0921c16b9e5,0.2191780821917808,0.0,79
28,28b63e8e-1800-e811-9414-f0921c16b9e5,0.2219178082191781,0.0,80
28,28b63e8e-1800-e811-9414-f0921c16b9e5,0.22465753424657534,0.0,81
28,28b63e8e-1800-e811-9414-f0921c16b9e5,0.2273972602739726,0.0,82
28,28b63e8e-1800-e811-9414-f0921c16b9e5,0.23013698630136986,0.0,83
28,28b63e8e-1800-e811-9414-f0921c16b9e5,0.2328767123287671,0.0,84
28,28b63e8e-1800-e811-9414-f0921c16b9e5,0.2356164383561644,0.0,85
28,28b63e8e-1800-e811-9414-f0921c16b9e5,0.23835616438356164,0.0,86
28,28b63e8e-1800-e811-9414-f0921c16b9e5,0.2410958904109589,0.0,87
28,28b63e8e-1800-e811-9414-f0921c16b9e5,0.24383561643835616,0.0,88
28,28b63e8e-1800-e811-9414-f0921c16b9e5,0.2465753424657534,0.0,89
29,27b63e8e-1800-e811-9414-f0921c16b9e5,0.0027397260273972603,0.0,0
29,27b63e8e-1800-e811-9414-f0921c16b9e5,0.005479452054794521,0.0001999999949476,1
29,27b63e8e-1800-e811-9414-f0921c16b9e5,0.00821917808219178,0.0003000000142492,2
29,27b63e8e-1800-e811-9414-f0921c16b9e5,0.010958904109589041,0.0003999999898952,3
29,27b63e8e-1800-e811-9414-f0921c16b9e5,0.0136986301369863,0.0003999999898952,4
29,27b63e8e-1800-e811-9414-f0921c16b9e5,0.01643835616438356,0.0003999999898952,5
29,27b63e8e-1800-e811-9414-f0921c16b9e5,0.019178082191780823,0.0006000000284985,6
29,27b63e8e-1800-e811-9414-f0921c16b9e5,0.021917808219178082,0.0007999999797903,7
29,27b63e8e-1800-e811-9414-f0921c16b9e5,0.024657534246575342,0.001399999950081,8
29,27b63e8e-1800-e811-9414-f0921c16b9e5,0.0273972602739726,0.001399999950081,9
29,27b63e8e-1800-e811-9414-f0921c16b9e5,0.030136986301369864,0.001200000056997,10
29,27b63e8e-1800-e811-9414-f0921c16b9e5,0.03287671232876712,0.00109999999404,11
29,27b63e8e-1800-e811-9414-f0921c16b9e5,0.03561643835616438,0.001300000003539,12
29,27b63e8e-1800-e811-9414-f0921c16b9e5,0.038356164383561646,0.001900000032037,13
29,27b63e8e-1800-e811-9414-f0921c16b9e5,0.0410958904109589,0.002600000007078,14
29,27b63e8e-1800-e811-9414-f0921c16b9e5,0.043835616438356165,0.003500000108033,15
29,27b63e8e-1800-e811-9414-f0921c16b9e5,0.04657534246575343,0.005100000184029,16
29,27b63e8e-1800-e811-9414-f0921c16b9e5,0.049315068493150684,0.005299999844283,17
29,27b63e8e-1800-e811-9414-f0921c16b9e5,0.052054794520547946,0.006000000052154,18
29,27b63e8e-1800-e811-9414-f0921c16b9e5,0.0547945205479452,0.007300000172108,19
29,27b63e8e-1800-e811-9414-f0921c16b9e5,0.057534246575342465,0.009700000286102,20
29,27b63e8e-1800-e811-9414-f0921c16b9e5,0.06027397260273973,0.01150000002235,21
29,27b63e8e-1800-e811-9414-f0921c16b9e5,0.06301369863013699,0.01499999966472,22
29,27b63e8e-1800-e811-9414-f0921c16b9e5,0.06575342465753424,0.01769999973476,23
29,27b63e8e-1800-e811-9414-f0921c16b9e5,0.0684931506849315,0.02099999971688,24
29,27b63e8e-1800-e811-9414-f0921c16b9e5,0.07123287671232877,0.02549999952316,25
29,27b63e8e-1800-e811-9414-f0921c16b9e5,0.07397260273972603,0.03070000000298,26
29,27b63e8e-1800-e811-9414-f0921c16b9e5,0.07671232876712329,0.03640000149608,27
29,27b63e8e-1800-e811-9414-f0921c16b9e5,0.07945205479452055,0.04380000010133,28
29,27b63e8e-1800-e811-9414-f0921c16b9e5,0.0821917808219178,0.05139999836683,29
29,27b63e8e-1800-e811-9414-f0921c16b9e5,0.08493150684931507,0.05959999933839,30
29,27b63e8e-1800-e811-9414-f0921c16b9e5,0.08767123287671233,0.0701000019908,31
29,27b63e8e-1800-e811-9414-f0921c16b9e5,0.09041095890410959,0.0815000012517,32
29,27b63e8e-1800-e811-9414-f0921c16b9e5,0.09315068493150686,0.09440000355244,33
29,27b63e8e-1800-e811-9414-f0921c16b9e5,0.0958904109589041,0.09790000319481,34
29,27b63e8e-1800-e811-9414-f0921c16b9e5,0.09863013698630137,0.103100001812,35
29,27b63e8e-1800-e811-9414-f0921c16b9e5,0.10136986301369863,0.1098999977112,36
29,27b63e8e-1800-e811-9414-f0921c16b9e5,0.10410958904109589,0.1193000003695,37
29,27b63e8e-1800-e811-9414-f0921c16b9e5,0.10684931506849316,0.118299998343,38
29,27b63e8e-1800-e811-9414-f0921c16b9e5,0.1095890410958904,0.1235999986529,39
29,27b63e8e-1800-e811-9414-f0921c16b9e5,0.11232876712328767,0.1323000043631,40
29,27b63e8e-1800-e811-9414-f0921c16b9e5,0.11506849315068493,0.1340000033379,41
29,27b63e8e-1800-e811-9414-f0921c16b9e5,0.1178082191780822,0.1307999938726,42
29,27b63e8e-1800-e811-9414-f0921c16b9e5,0.12054794520547946,0.1291999965906,43
29,27b63e8e-1800-e811-9414-f0921c16b9e5,0.1232876712328767,0.1200999990106,44
29,27b63e8e-1800-e811-9414-f0921c16b9e5,0.12602739726027398,0.112199999392,45
29,27b63e8e-1800-e811-9414-f0921c16b9e5,0.12876712328767123,0.1053000018001,46
29,27b63e8e-1800-e811-9414-f0921c16b9e5,0.13150684931506848,0.09860000014305,47
29,27b63e8e-1800-e811-9414-f0921c16b9e5,0.13424657534246576,0.0945999994874,48
29,27b63e8e-1800-e811-9414-f0921c16b9e5,0.136986301369863,0.08510000258684,49
29,27b63e8e-1800-e811-9414-f0921c16b9e5,0.13972602739726028,0.07890000194311,50
29,27b63e8e-1800-e811-9414-f0921c16b9e5,0.14246575342465753,0.07129999995232,51
29,27b63e8e-1800-e811-9414-f0921c16b9e5,0.14520547945205478,0.06570000201464,52
29,27b63e8e-1800-e811-9414-f0921c16b9e5,0.14794520547945206,0.0608000010252,53
29,27b63e8e-1800-e811-9414-f0921c16b9e5,0.1506849315068493,0.05429999902844,54
29,27b63e8e-1800-e811-9414-f0921c16b9e5,0.15342465753424658,0.04639999940991,55
29,27b63e8e-1800-e811-9414-f0921c16b9e5,0.15616438356164383,0.04129999876022,56
29,27b63e8e-1800-e811-9414-f0921c16b9e5,0.1589041095890411,0.0375999994576,57
29,27b63e8e-1800-e811-9414-f0921c16b9e5,0.16164383561643836,0.03390000015497,58
29,27b63e8e-1800-e811-9414-f0921c16b9e5,0.1643835616438356,0.03030000068247,59
29,27b63e8e-1800-e811-9414-f0921c16b9e5,0.16712328767123288,0.02720000036061,60
29,27b63e8e-1800-e811-9414-f0921c16b9e5,0.16986301369863013,0.02400000020862,61
29,27b63e8e-1800-e811-9414-f0921c16b9e5,0.1726027397260274,0.02199999988079,62
29,27b63e8e-1800-e811-9414-f0921c16b9e5,0.17534246575342466,0.01750000007451,63
29,27b63e8e-1800-e811-9414-f0921c16b9e5,0.1780821917808219,0.01559999957681,64
29,27b63e8e-1800-e811-9414-f0921c16b9e5,0.18082191780821918,0.01200000010431,65
29,27b63e8e-1800-e811-9414-f0921c16b9e5,0.18356164383561643,0.01009999960661,66
29,27b63e8e-1800-e811-9414-f0921c16b9e5,0.1863013698630137,0.009700000286102,67
29,27b63e8e-1800-e811-9414-f0921c16b9e5,0.18904109589041096,0.008899999782443,68
29,27b63e8e-1800-e811-9414-f0921c16b9e5,0.1917808219178082,0.008200000040233,69
29,27b63e8e-1800-e811-9414-f0921c16b9e5,0.19452054794520549,0.007699999958277,70
29,27b63e8e-1800-e811-9414-f0921c16b9e5,0.19726027397260273,0.007000000216067,71
29,27b63e8e-1800-e811-9414-f0921c16b9e5,0.2,0.005900000222027,72
29,27b63e8e-1800-e811-9414-f0921c16b9e5,0.20273972602739726,0.005599999800324,73
29,27b63e8e-1800-e811-9414-f0921c16b9e5,0.2054794520547945,0.006000000052154,74
29,27b63e8e-1800-e811-9414-f0921c16b9e5,0.20821917808219179,0.004600000102073,75
29,27b63e8e-1800-e811-9414-f0921c16b9e5,0.21095890410958903,0.003800000064075,76
29,27b63e8e-1800-e811-9414-f0921c16b9e5,0.2136986301369863,0.003299999982119,77
29,27b63e8e-1800-e811-9414-f0921c16b9e5,0.21643835616438356,0.003000000026077,78
29,27b63e8e-1800-e811-9414-f0921c16b9e5,0.2191780821917808,0.002499999944121,79
29,27b63e8e-1800-e811-9414-f0921c16b9e5,0.2219178082191781,0.002199999988079,80
29,27b63e8e-1800-e811-9414-f0921c16b9e5,0.22465753424657534,0.001900000032037,81
29,27b63e8e-1800-e811-9414-f0921c16b9e5,0.2273972602739726,0.001900000032037,82
29,27b63e8e-1800-e811-9414-f0921c16b9e5,0.23013698630136986,0.001900000032037,83
29,27b63e8e-1800-e811-9414-f0921c16b9e5,0.2328767123287671,0.001900000032037,84
29,27b63e8e-1800-e811-9414-f0921c16b9e5,0.2356164383561644,0.001599999959581,85
29,27b63e8e-1800-e811-9414-f0921c16b9e5,0.23835616438356164,0.001300000003539,86
29,27b63e8e-1800-e811-9414-f0921c16b9e5,0.2410958904109589,0.001200000056997,87
29,27b63e8e-1800-e811-9414-f0921c16b9e5,0.24383561643835616,0.00109999999404,88
29,27b63e8e-1800-e811-9414-f0921c16b9e5,0.2465753424657534,0.00089999998454,89
30,69e07385-1800-e811-9414-f0921c16b9e5,0.0027397260273972603,0.0,0
30,69e07385-1800-e811-9414-f0921c16b9e5,0.005479452054794521,0.0006999999750406,1
30,69e07385-1800-e811-9414-f0921c16b9e5,0.00821917808219178,0.001300000003539,2
30,69e07385-1800-e811-9414-f0921c16b9e5,0.010958904109589041,0.002099999925122,3
30,69e07385-1800-e811-9414-f0921c16b9e5,0.0136986301369863,0.003800000064075,4
30,69e07385-1800-e811-9414-f0921c16b9e5,0.01643835616438356,0.007100000046194,5
30,69e07385-1800-e811-9414-f0921c16b9e5,0.019178082191780823,0.01260000001639,6
30,69e07385-1800-e811-9414-f0921c16b9e5,0.021917808219178082,0.02150000073016,7
30,69e07385-1800-e811-9414-f0921c16b9e5,0.024657534246575342,0.04129999876022,8
30,69e07385-1800-e811-9414-f0921c16b9e5,0.0273972602739726,0.07129999995232,9
30,69e07385-1800-e811-9414-f0921c16b9e5,0.030136986301369864,0.1193000003695,10
30,69e07385-1800-e811-9414-f0921c16b9e5,0.03287671232876712,0.1780000030994,11
30,69e07385-1800-e811-9414-f0921c16b9e5,0.03561643835616438,0.2347999960184,12
30,69e07385-1800-e811-9414-f0921c16b9e5,0.038356164383561646,0.2569000124931,13
30,69e07385-1800-e811-9414-f0921c16b9e5,0.0410958904109589,0.2236000001431,14
30,69e07385-1800-e811-9414-f0921c16b9e5,0.043835616438356165,0.1649000048637,15
30,69e07385-1800-e811-9414-f0921c16b9e5,0.04657534246575343,0.1112999990582,16
30,69e07385-1800-e811-9414-f0921c16b9e5,0.049315068493150684,0.06480000168085,17
30,69e07385-1800-e811-9414-f0921c16b9e5,0.052054794520547946,0.03940000012517,18
30,69e07385-1800-e811-9414-f0921c16b9e5,0.0547945205479452,0.02380000054836,19
30,69e07385-1800-e811-9414-f0921c16b9e5,0.057534246575342465,0.01319999992847,20
30,69e07385-1800-e811-9414-f0921c16b9e5,0.06027397260273973,0.00899999961257,21
30,69e07385-1800-e811-9414-f0921c16b9e5,0.06301369863013699,0.0046999999322,22
30,69e07385-1800-e811-9414-f0921c16b9e5,0.06575342465753424,0.002700000070035,23
30,69e07385-1800-e811-9414-f0921c16b9e5,0.0684931506849315,0.00089999998454,24
30,69e07385-1800-e811-9414-f0921c16b9e5,0.07123287671232877,0.0003999999898952,25
30,69e07385-1800-e811-9414-f0921c16b9e5,0.07397260273972603,0.0003000000142492,26
30,69e07385-1800-e811-9414-f0921c16b9e5,0.07671232876712329,9.999999747379e-05,27
30,69e07385-1800-e811-9414-f0921c16b9e5,0.07945205479452055,9.999999747379e-05,28
30,69e07385-1800-e811-9414-f0921c16b9e5,0.0821917808219178,0.0,29
30,69e07385-1800-e811-9414-f0921c16b9e5,0.08493150684931507,0.0,30
30,69e07385-1800-e811-9414-f0921c16b9e5,0.08767123287671233,0.0,31
30,69e07385-1800-e811-9414-f0921c16b9e5,0.09041095890410959,0.0,32
30,69e07385-1800-e811-9414-f0921c16b9e5,0.09315068493150686,0.0,33
30,69e07385-1800-e811-9414-f0921c16b9e5,0.0958904109589041,0.0,34
30,69e07385-1800-e811-9414-f0921c16b9e5,0.09863013698630137,0.0,35
30,69e07385-1800-e811-9414-f0921c16b9e5,0.10136986301369863,0.0,36
30,69e07385-1800-e811-9414-f0921c16b9e5,0.10410958904109589,0.0,37
30,69e07385-1800-e811-9414-f0921c16b9e5,0.10684931506849316,0.0,38
30,69e07385-1800-e811-9414-f0921c16b9e5,0.1095890410958904,0.0,39
30,69e07385-1800-e811-9414-f0921c16b9e5,0.11232876712328767,0.0,40
30,69e07385-1800-e811-9414-f0921c16b9e5,0.11506849315068493,0.0,41
30,69e07385-1800-e811-9414-f0921c16b9e5,0.1178082191780822,0.0,42
30,69e07385-1800-e811-9414-f0921c16b9e5,0.12054794520547946,0.0,43
30,69e07385-1800-e811-9414-f0921c16b9e5,0.1232876712328767,0.0,44
30,69e07385-1800-e811-9414-f0921c16b9e5,0.12602739726027398,0.0,45
30,69e07385-1800-e811-9414-f0921c16b9e5,0.12876712328767123,0.0,46
30,69e07385-1800-e811-9414-f0921c16b9e5,0.13150684931506848,0.0,47
30,69e07385-1800-e811-9414-f0921c16b9e5,0.13424657534246576,0.0,48
30,69e07385-1800-e811-9414-f0921c16b9e5,0.136986301369863,0.0,49
30,69e07385-1800-e811-9414-f0921c16b9e5,0.13972602739726028,0.0,50
30,69e07385-1800-e811-9414-f0921c16b9e5,0.14246575342465753,0.0,51
30,69e07385-1800-e811-9414-f0921c16b9e5,0.14520547945205478,0.0,52
30,69e07385-1800-e811-9414-f0921c16b9e5,0.14794520547945206,0.0,53
30,69e07385-1800-e811-9414-f0921c16b9e5,0.1506849315068493,0.0,54
30,69e07385-1800-e811-9414-f0921c16b9e5,0.15342465753424658,0.0,55
30,69e07385-1800-e811-9414-f0921c16b9e5,0.15616438356164383,0.0,56
30,69e07385-1800-e811-9414-f0921c16b9e5,0.1589041095890411,0.0,57
30,69e07385-1800-e811-9414-f0921c16b9e5,0.16164383561643836,0.0,58
30,69e07385-1800-e811-9414-f0921c16b9e5,0.1643835616438356,0.0,59
30,69e07385-1800-e811-9414-f0921c16b9e5,0.16712328767123288,0.0,60
30,69e07385-1800-e811-9414-f0921c16b9e5,0.16986301369863013,0.0,61
30,69e07385-1800-e811-9414-f0921c16b9e5,0.1726027397260274,0.0,62
30,69e07385-1800-e811-9414-f0921c16b9e5,0.17534246575342466,0.0,63
30,69e07385-1800-e811-9414-f0921c16b9e5,0.1780821917808219,0.0,64
30,69e07385-1800-e811-9414-f0921c16b9e5,0.18082191780821918,0.0,65
30,69e07385-1800-e811-9414-f0921c16b9e5,0.18356164383561643,0.0,66
30,69e07385-1800-e811-9414-f0921c16b9e5,0.1863013698630137,0.0,67
30,69e07385-1800-e811-9414-f0921c16b9e5,0.18904109589041096,0.0,68
30,69e07385-1800-e811-9414-f0921c16b9e5,0.1917808219178082,0.0,69
30,69e07385-1800-e811-9414-f0921c16b9e5,0.19452054794520549,0.0,70
30,69e07385-1800-e811-9414-f0921c16b9e5,0.19726027397260273,0.0,71
30,69e07385-1800-e811-9414-f0921c16b9e5,0.2,0.0,72
30,69e07385-1800-e811-9414-f0921c16b9e5,0.20273972602739726,0.0,73
30,69e07385-1800-e811-9414-f0921c16b9e5,0.2054794520547945,0.0,74
30,69e07385-1800-e811-9414-f0921c16b9e5,0.20821917808219179,0.0,75
30,69e07385-1800-e811-9414-f0921c16b9e5,0.21095890410958903,0.0,76
30,69e07385-1800-e811-9414-f0921c16b9e5,0.2136986301369863,0.0,77
30,69e07385-1800-e811-9414-f0921c16b9e5,0.21643835616438356,0.0,78
30,69e07385-1800-e811-9414-f0921c16b9e5,0.2191780821917808,0.0,79
30,69e07385-1800-e811-9414-f0921c16b9e5,0.2219178082191781,0.0,80
30,69e07385-1800-e811-9414-f0921c16b9e5,0.22465753424657534,0.0,81
30,69e07385-1800-e811-9414-f0921c16b9e5,0.2273972602739726,0.0,82
30,69e07385-1800-e811-9414-f0921c16b9e5,0.23013698630136986,0.0,83
30,69e07385-1800-e811-9414-f0921c16b9e5,0.2328767123287671,0.0,84
30,69e07385-1800-e811-9414-f0921c16b9e5,0.2356164383561644,0.0,85
30,69e07385-1800-e811-9414-f0921c16b9e5,0.23835616438356164,0.0,86
30,69e07385-1800-e811-9414-f0921c16b9e5,0.2410958904109589,0.0,87
30,69e07385-1800-e811-9414-f0921c16b9e5,0.24383561643835616,0.0,88
30,69e07385-1800-e811-9414-f0921c16b9e5,0.2465753424657534,0.0,89
31,68e07385-1800-e811-9414-f0921c16b9e5,0.0027397260273972603,0.0,0
31,68e07385-1800-e811-9414-f0921c16b9e5,0.005479452054794521,0.0006999999750406,1
31,68e07385-1800-e811-9414-f0921c16b9e5,0.00821917808219178,0.002000000094995,2
31,68e07385-1800-e811-9414-f0921c16b9e5,0.010958904109589041,0.004900000058115,3
31,68e07385-1800-e811-9414-f0921c16b9e5,0.0136986301369863,0.01370000001043,4
31,68e07385-1800-e811-9414-f0921c16b9e5,0.01643835616438356,0.03620000183582,5
31,68e07385-1800-e811-9414-f0921c16b9e5,0.019178082191780823,0.09489999711514,6
31,68e07385-1800-e811-9414-f0921c16b9e5,0.021917808219178082,0.2249000072479,7
31,68e07385-1800-e811-9414-f0921c16b9e5,0.024657534246575342,0.4379999935627,8
31,68e07385-1800-e811-9414-f0921c16b9e5,0.0273972602739726,0.6165000200272,9
31,68e07385-1800-e811-9414-f0921c16b9e5,0.030136986301369864,0.6011999845505,10
31,68e07385-1800-e811-9414-f0921c16b9e5,0.03287671232876712,0.5018000006676,11
31,68e07385-1800-e811-9414-f0921c16b9e5,0.03561643835616438,0.3962000012398,12
31,68e07385-1800-e811-9414-f0921c16b9e5,0.038356164383561646,0.3048999905586,13
31,68e07385-1800-e811-9414-f0921c16b9e5,0.0410958904109589,0.236599996686,14
31,68e07385-1800-e811-9414-f0921c16b9e5,0.043835616438356165,0.1802999973297,15
31,68e07385-1800-e811-9414-f0921c16b9e5,0.04657534246575343,0.1354999989271,16
31,68e07385-1800-e811-9414-f0921c16b9e5,0.049315068493150684,0.102300003171,17
31,68e07385-1800-e811-9414-f0921c16b9e5,0.052054794520547946,0.07760000228882,18
31,68e07385-1800-e811-9414-f0921c16b9e5,0.0547945205479452,0.05820000171661,19
31,68e07385-1800-e811-9414-f0921c16b9e5,0.057534246575342465,0.04520000144839,20
31,68e07385-1800-e811-9414-f0921c16b9e5,0.06027397260273973,0.03500000014901,21
31,68e07385-1800-e811-9414-f0921c16b9e5,0.06301369863013699,0.02669999934733,22
31,68e07385-1800-e811-9414-f0921c16b9e5,0.06575342465753424,0.02050000056624,23
31,68e07385-1800-e811-9414-f0921c16b9e5,0.0684931506849315,0.01640000008047,24
31,68e07385-1800-e811-9414-f0921c16b9e5,0.07123287671232877,0.01229999959469,25
31,68e07385-1800-e811-9414-f0921c16b9e5,0.07397260273972603,0.009300000034273,26
31,68e07385-1800-e811-9414-f0921c16b9e5,0.07671232876712329,0.008200000040233,27
31,68e07385-1800-e811-9414-f0921c16b9e5,0.07945205479452055,0.006300000008196,28
31,68e07385-1800-e811-9414-f0921c16b9e5,0.0821917808219178,0.004800000227988,29
31,68e07385-1800-e811-9414-f0921c16b9e5,0.08493150684931507,0.003100000089034,30
31,68e07385-1800-e811-9414-f0921c16b9e5,0.08767123287671233,0.002000000094995,31
31,68e07385-1800-e811-9414-f0921c16b9e5,0.09041095890410959,0.001599999959581,32
31,68e07385-1800-e811-9414-f0921c16b9e5,0.09315068493150686,0.001500000013039,33
31,68e07385-1800-e811-9414-f0921c16b9e5,0.0958904109589041,0.001300000003539,34
31,68e07385-1800-e811-9414-f0921c16b9e5,0.09863013698630137,0.00109999999404,35
31,68e07385-1800-e811-9414-f0921c16b9e5,0.10136986301369863,0.001000000047497,36
31,68e07385-1800-e811-9414-f0921c16b9e5,0.10410958904109589,0.0006999999750406,37
31,68e07385-1800-e811-9414-f0921c16b9e5,0.10684931506849316,0.0003000000142492,38
31,68e07385-1800-e811-9414-f0921c16b9e5,0.1095890410958904,0.0003000000142492,39
31,68e07385-1800-e811-9414-f0921c16b9e5,0.11232876712328767,0.0003000000142492,40
31,68e07385-1800-e811-9414-f0921c16b9e5,0.11506849315068493,9.999999747379e-05,41
31,68e07385-1800-e811-9414-f0921c16b9e5,0.1178082191780822,9.999999747379e-05,42
31,68e07385-1800-e811-9414-f0921c16b9e5,0.12054794520547946,9.999999747379e-05,43
31,68e07385-1800-e811-9414-f0921c16b9e5,0.1232876712328767,9.999999747379e-05,44
31,68e07385-1800-e811-9414-f0921c16b9e5,0.12602739726027398,9.999999747379e-05,45
31,68e07385-1800-e811-9414-f0921c16b9e5,0.12876712328767123,9.999999747379e-05,46
31,68e07385-1800-e811-9414-f0921c16b9e5,0.13150684931506848,9.999999747379e-05,47
31,68e07385-1800-e811-9414-f0921c16b9e5,0.13424657534246576,9.999999747379e-05,48
31,68e07385-1800-e811-9414-f0921c16b9e5,0.136986301369863,9.999999747379e-05,49
31,68e07385-1800-e811-9414-f0921c16b9e5,0.13972602739726028,9.999999747379e-05,50
31,68e07385-1800-e811-9414-f0921c16b9e5,0.14246575342465753,0.0,51
31,68e07385-1800-e811-9414-f0921c16b9e5,0.14520547945205478,0.0,52
31,68e07385-1800-e811-9414-f0921c16b9e5,0.14794520547945206,0.0,53
31,68e07385-1800-e811-9414-f0921c16b9e5,0.1506849315068493,0.0,54
31,68e07385-1800-e811-9414-f0921c16b9e5,0.15342465753424658,0.0,55
31,68e07385-1800-e811-9414-f0921c16b9e5,0.15616438356164383,0.0,56
31,68e07385-1800-e811-9414-f0921c16b9e5,0.1589041095890411,0.0,57
31,68e07385-1800-e811-9414-f0921c16b9e5,0.16164383561643836,0.0,58
31,68e07385-1800-e811-9414-f0921c16b9e5,0.1643835616438356,0.0,59
31,68e07385-1800-e811-9414-f0921c16b9e5,0.16712328767123288,0.0,60
31,68e07385-1800-e811-9414-f0921c16b9e5,0.16986301369863013,0.0,61
31,68e07385-1800-e811-9414-f0921c16b9e5,0.1726027397260274,0.0,62
31,68e07385-1800-e811-9414-f0921c16b9e5,0.17534246575342466,0.0,63
31,68e07385-1800-e811-9414-f0921c16b9e5,0.1780821917808219,0.0,64
31,68e07385-1800-e811-9414-f0921c16b9e5,0.18082191780821918,0.0,65
31,68e07385-1800-e811-9414-f0921c16b9e5,0.18356164383561643,0.0,66
31,68e07385-1800-e811-9414-f0921c16b9e5,0.1863013698630137,0.0,67
31,68e07385-1800-e811-9414-f0921c16b9e5,0.18904109589041096,0.0,68
31,68e07385-1800-e811-9414-f0921c16b9e5,0.1917808219178082,0.0,69
31,68e07385-1800-e811-9414-f0921c16b9e5,0.19452054794520549,0.0,70
31,68e07385-1800-e811-9414-f0921c16b9e5,0.19726027397260273,0.0,71
31,68e07385-1800-e811-9414-f0921c16b9e5,0.2,0.0,72
31,68e07385-1800-e811-9414-f0921c16b9e5,0.20273972602739726,0.0,73
31,68e07385-1800-e811-9414-f0921c16b9e5,0.2054794520547945,0.0,74
31,68e07385-1800-e811-9414-f0921c16b9e5,0.20821917808219179,0.0,75
31,68e07385-1800-e811-9414-f0921c16b9e5,0.21095890410958903,0.0,76
31,68e07385-1800-e811-9414-f0921c16b9e5,0.2136986301369863,0.0,77
31,68e07385-1800-e811-9414-f0921c16b9e5,0.21643835616438356,0.0,78
31,68e07385-1800-e811-9414-f0921c16b9e5,0.2191780821917808,0.0,79
31,68e07385-1800-e811-9414-f0921c16b9e5,0.2219178082191781,0.0,80
31,68e07385-1800-e811-9414-f0921c16b9e5,0.22465753424657534,0.0,81
31,68e07385-1800-e811-9414-f0921c16b9e5,0.2273972602739726,0.0,82
31,68e07385-1800-e811-9414-f0921c16b9e5,0.23013698630136986,0.0,83
31,68e07385-1800-e811-9414-f0921c16b9e5,0.2328767123287671,0.0,84
31,68e07385-1800-e811-9414-f0921c16b9e5,0.2356164383561644,0.0,85
31,68e07385-1800-e811-9414-f0921c16b9e5,0.23835616438356164,0.0,86
31,68e07385-1800-e811-9414-f0921c16b9e5,0.2410958904109589,0.0,87
31,68e07385-1800-e811-9414-f0921c16b9e5,0.24383561643835616,0.0,88
31,68e07385-1800-e811-9414-f0921c16b9e5,0.2465753424657534,0.0,89
32,67e07385-1800-e811-9414-f0921c16b9e5,0.0027397260273972603,0.0,0
32,67e07385-1800-e811-9414-f0921c16b9e5,0.005479452054794521,0.0007999999797903,1
32,67e07385-1800-e811-9414-f0921c16b9e5,0.00821917808219178,0.001700000022538,2
32,67e07385-1800-e811-9414-f0921c16b9e5,0.010958904109589041,0.003500000108033,3
32,67e07385-1800-e811-9414-f0921c16b9e5,0.0136986301369863,0.007799999788404,4
32,67e07385-1800-e811-9414-f0921c16b9e5,0.01643835616438356,0.01499999966472,5
32,67e07385-1800-e811-9414-f0921c16b9e5,0.019178082191780823,0.03319999948144,6
32,67e07385-1800-e811-9414-f0921c16b9e5,0.021917808219178082,0.06800000369549,7
32,67e07385-1800-e811-9414-f0921c16b9e5,0.024657534246575342,0.1344999969006,8
32,67e07385-1800-e811-9414-f0921c16b9e5,0.0273972602739726,0.2399999946356,9
32,67e07385-1800-e811-9414-f0921c16b9e5,0.030136986301369864,0.3598999977112,10
32,67e07385-1800-e811-9414-f0921c16b9e5,0.03287671232876712,0.4332000017166,11
32,67e07385-1800-e811-9414-f0921c16b9e5,0.03561643835616438,0.435799986124,12
32,67e07385-1800-e811-9414-f0921c16b9e5,0.038356164383561646,0.3661000132561,13
32,67e07385-1800-e811-9414-f0921c16b9e5,0.0410958904109589,0.2838999927044,14
32,67e07385-1800-e811-9414-f0921c16b9e5,0.043835616438356165,0.2100999951363,15
32,67e07385-1800-e811-9414-f0921c16b9e5,0.04657534246575343,0.1538999974728,16
32,67e07385-1800-e811-9414-f0921c16b9e5,0.049315068493150684,0.1103999987245,17
32,67e07385-1800-e811-9414-f0921c16b9e5,0.052054794520547946,0.07880000025034,18
32,67e07385-1800-e811-9414-f0921c16b9e5,0.0547945205479452,0.05719999969006,19
32,67e07385-1800-e811-9414-f0921c16b9e5,0.057534246575342465,0.03869999945164,20
32,67e07385-1800-e811-9414-f0921c16b9e5,0.06027397260273973,0.0278999991715,21
32,67e07385-1800-e811-9414-f0921c16b9e5,0.06301369863013699,0.01899999938905,22
32,67e07385-1800-e811-9414-f0921c16b9e5,0.06575342465753424,0.01269999984652,23
32,67e07385-1800-e811-9414-f0921c16b9e5,0.0684931506849315,0.009200000204146,24
32,67e07385-1800-e811-9414-f0921c16b9e5,0.07123287671232877,0.006200000178069,25
32,67e07385-1800-e811-9414-f0921c16b9e5,0.07397260273972603,0.004100000020117,26
32,67e07385-1800-e811-9414-f0921c16b9e5,0.07671232876712329,0.002700000070035,27
32,67e07385-1800-e811-9414-f0921c16b9e5,0.07945205479452055,0.001599999959581,28
32,67e07385-1800-e811-9414-f0921c16b9e5,0.0821917808219178,0.00109999999404,29
32,67e07385-1800-e811-9414-f0921c16b9e5,0.08493150684931507,0.0007999999797903,30
32,67e07385-1800-e811-9414-f0921c16b9e5,0.08767123287671233,0.0006000000284985,31
32,67e07385-1800-e811-9414-f0921c16b9e5,0.09041095890410959,0.0005000000237487,32
32,67e07385-1800-e811-9414-f0921c16b9e5,0.09315068493150686,9.999999747379e-05,33
32,67e07385-1800-e811-9414-f0921c16b9e5,0.0958904109589041,0.0,34
32,67e07385-1800-e811-9414-f0921c16b9e5,0.09863013698630137,0.0,35
32,67e07385-1800-e811-9414-f0921c16b9e5,0.10136986301369863,0.0,36
32,67e07385-1800-e811-9414-f0921c16b9e5,0.10410958904109589,0.0,37
32,67e07385-1800-e811-9414-f0921c16b9e5,0.10684931506849316,0.0,38
32,67e07385-1800-e811-9414-f0921c16b9e5,0.1095890410958904,0.0,39
32,67e07385-1800-e811-9414-f0921c16b9e5,0.11232876712328767,0.0,40
32,67e07385-1800-e811-9414-f0921c16b9e5,0.11506849315068493,0.0,41
32,67e07385-1800-e811-9414-f0921c16b9e5,0.1178082191780822,0.0,42
32,67e07385-1800-e811-9414-f0921c16b9e5,0.12054794520547946,0.0,43
32,67e07385-1800-e811-9414-f0921c16b9e5,0.1232876712328767,0.0,44
32,67e07385-1800-e811-9414-f0921c16b9e5,0.12602739726027398,0.0,45
32,67e07385-1800-e811-9414-f0921c16b9e5,0.12876712328767123,0.0,46
32,67e07385-1800-e811-9414-f0921c16b9e5,0.13150684931506848,0.0,47
32,67e07385-1800-e811-9414-f0921c16b9e5,0.13424657534246576,0.0,48
32,67e07385-1800-e811-9414-f0921c16b9e5,0.136986301369863,0.0,49
32,67e07385-1800-e811-9414-f0921c16b9e5,0.13972602739726028,0.0,50
32,67e07385-1800-e811-9414-f0921c16b9e5,0.14246575342465753,0.0,51
32,67e07385-1800-e811-9414-f0921c16b9e5,0.14520547945205478,0.0,52
32,67e07385-1800-e811-9414-f0921c16b9e5,0.14794520547945206,0.0,53
32,67e07385-1800-e811-9414-f0921c16b9e5,0.1506849315068493,0.0,54
32,67e07385-1800-e811-9414-f0921c16b9e5,0.15342465753424658,0.0,55
32,67e07385-1800-e811-9414-f0921c16b9e5,0.15616438356164383,0.0,56
32,67e07385-1800-e811-9414-f0921c16b9e5,0.1589041095890411,0.0,57
32,67e07385-1800-e811-9414-f0921c16b9e5,0.16164383561643836,0.0,58
32,67e07385-1800-e811-9414-f0921c16b9e5,0.1643835616438356,0.0,59
32,67e07385-1800-e811-9414-f0921c16b9e5,0.16712328767123288,0.0,60
32,67e07385-1800-e811-9414-f0921c16b9e5,0.16986301369863013,0.0,61
32,67e07385-1800-e811-9414-f0921c16b9e5,0.1726027397260274,0.0,62
32,67e07385-1800-e811-9414-f0921c16b9e5,0.17534246575342466,0.0,63
32,67e07385-1800-e811-9414-f0921c16b9e5,0.1780821917808219,0.0,64
32,67e07385-1800-e811-9414-f0921c16b9e5,0.18082191780821918,0.0,65
32,67e07385-1800-e811-9414-f0921c16b9e5,0.18356164383561643,0.0,66
32,67e07385-1800-e811-9414-f0921c16b9e5,0.1863013698630137,0.0,67
32,67e07385-1800-e811-9414-f0921c16b9e5,0.18904109589041096,0.0,68
32,67e07385-1800-e811-9414-f0921c16b9e5,0.1917808219178082,0.0,69
32,67e07385-1800-e811-9414-f0921c16b9e5,0.19452054794520549,0.0,70
32,67e07385-1800-e811-9414-f0921c16b9e5,0.19726027397260273,0.0,71
32,67e07385-1800-e811-9414-f0921c16b9e5,0.2,0.0,72
32,67e07385-1800-e811-9414-f0921c16b9e5,0.20273972602739726,0.0,73
32,67e07385-1800-e811-9414-f0921c16b9e5,0.2054794520547945,0.0,74
32,67e07385-1800-e811-9414-f0921c16b9e5,0.20821917808219179,0.0,75
32,67e07385-1800-e811-9414-f0921c16b9e5,0.21095890410958903,0.0,76
32,67e07385-1800-e811-9414-f0921c16b9e5,0.2136986301369863,0.0,77
32,67e07385-1800-e811-9414-f0921c16b9e5,0.21643835616438356,0.0,78
32,67e07385-1800-e811-9414-f0921c16b9e5,0.2191780821917808,0.0,79
32,67e07385-1800-e811-9414-f0921c16b9e5,0.2219178082191781,0.0,80
32,67e07385-1800-e811-9414-f0921c16b9e5,0.22465753424657534,0.0,81
32,67e07385-1800-e811-9414-f0921c16b9e5,0.2273972602739726,0.0,82
32,67e07385-1800-e811-9414-f0921c16b9e5,0.23013698630136986,0.0,83
32,67e07385-1800-e811-9414-f0921c16b9e5,0.2328767123287671,0.0,84
32,67e07385-1800-e811-9414-f0921c16b9e5,0.2356164383561644,0.0,85
32,67e07385-1800-e811-9414-f0921c16b9e5,0.23835616438356164,0.0,86
32,67e07385-1800-e811-9414-f0921c16b9e5,0.2410958904109589,0.0,87
32,67e07385-1800-e811-9414-f0921c16b9e5,0.24383561643835616,0.0,88
32,67e07385-1800-e811-9414-f0921c16b9e5,0.2465753424657534,0.0,89
33,66e07385-1800-e811-9414-f0921c16b9e5,0.0027397260273972603,0.0,0
33,66e07385-1800-e811-9414-f0921c16b9e5,0.005479452054794521,0.0006000000284985,1
33,66e07385-1800-e811-9414-f0921c16b9e5,0.00821917808219178,0.00089999998454,2
33,66e07385-1800-e811-9414-f0921c16b9e5,0.010958904109589041,0.00179999996908,3
33,66e07385-1800-e811-9414-f0921c16b9e5,0.0136986301369863,0.003199999919161,4
33,66e07385-1800-e811-9414-f0921c16b9e5,0.01643835616438356,0.006000000052154,5
33,66e07385-1800-e811-9414-f0921c16b9e5,0.019178082191780823,0.01180000044405,6
33,66e07385-1800-e811-9414-f0921c16b9e5,0.021917808219178082,0.01950000040233,7
33,66e07385-1800-e811-9414-f0921c16b9e5,0.024657534246575342,0.03260000050068,8
33,66e07385-1800-e811-9414-f0921c16b9e5,0.0273972602739726,0.06030000001192,9
33,66e07385-1800-e811-9414-f0921c16b9e5,0.030136986301369864,0.102300003171,10
33,66e07385-1800-e811-9414-f0921c16b9e5,0.03287671232876712,0.1669999957085,11
33,66e07385-1800-e811-9414-f0921c16b9e5,0.03561643835616438,0.2531999945641,12
33,66e07385-1800-e811-9414-f0921c16b9e5,0.038356164383561646,0.365700006485,13
33,66e07385-1800-e811-9414-f0921c16b9e5,0.0410958904109589,0.4708999991417,14
33,66e07385-1800-e811-9414-f0921c16b9e5,0.043835616438356165,0.5601999759674,15
33,66e07385-1800-e811-9414-f0921c16b9e5,0.04657534246575343,0.6026999950409,16
33,66e07385-1800-e811-9414-f0921c16b9e5,0.049315068493150684,0.6033999919891,17
33,66e07385-1800-e811-9414-f0921c16b9e5,0.052054794520547946,0.5774999856949,18
33,66e07385-1800-e811-9414-f0921c16b9e5,0.0547945205479452,0.5408999919891,19
33,66e07385-1800-e811-9414-f0921c16b9e5,0.057534246575342465,0.490700006485,20
33,66e07385-1800-e811-9414-f0921c16b9e5,0.06027397260273973,0.4481000006199,21
33,66e07385-1800-e811-9414-f0921c16b9e5,0.06301369863013699,0.4023000001907,22
33,66e07385-1800-e811-9414-f0921c16b9e5,0.06575342465753424,0.3612999916077,23
33,66e07385-1800-e811-9414-f0921c16b9e5,0.0684931506849315,0.3215999901295,24
33,66e07385-1800-e811-9414-f0921c16b9e5,0.07123287671232877,0.2834999859333,25
33,66e07385-1800-e811-9414-f0921c16b9e5,0.07397260273972603,0.2536999881268,26
33,66e07385-1800-e811-9414-f0921c16b9e5,0.07671232876712329,0.2275999933481,27
33,66e07385-1800-e811-9414-f0921c16b9e5,0.07945205479452055,0.202500000596,28
33,66e07385-1800-e811-9414-f0921c16b9e5,0.0821917808219178,0.1801999956369,29
33,66e07385-1800-e811-9414-f0921c16b9e5,0.08493150684931507,0.1615999937057,30
33,66e07385-1800-e811-9414-f0921c16b9e5,0.08767123287671233,0.1435000002384,31
33,66e07385-1800-e811-9414-f0921c16b9e5,0.09041095890410959,0.1275999993086,32
33,66e07385-1800-e811-9414-f0921c16b9e5,0.09315068493150686,0.1140000000596,33
33,66e07385-1800-e811-9414-f0921c16b9e5,0.0958904109589041,0.1018000021577,34
33,66e07385-1800-e811-9414-f0921c16b9e5,0.09863013698630137,0.09040000289679,35
33,66e07385-1800-e811-9414-f0921c16b9e5,0.10136986301369863,0.08139999955893,36
33,66e07385-1800-e811-9414-f0921c16b9e5,0.10410958904109589,0.0718000009656,37
33,66e07385-1800-e811-9414-f0921c16b9e5,0.10684931506849316,0.06390000134706,38
33,66e07385-1800-e811-9414-f0921c16b9e5,0.1095890410958904,0.05730000138283,39
33,66e07385-1800-e811-9414-f0921c16b9e5,0.11232876712328767,0.05130000039935,40
33,66e07385-1800-e811-9414-f0921c16b9e5,0.11506849315068493,0.04610000178218,41
33,66e07385-1800-e811-9414-f0921c16b9e5,0.1178082191780822,0.03979999944568,42
33,66e07385-1800-e811-9414-f0921c16b9e5,0.12054794520547946,0.03489999845624,43
33,66e07385-1800-e811-9414-f0921c16b9e5,0.1232876712328767,0.0304000005126,44
33,66e07385-1800-e811-9414-f0921c16b9e5,0.12602739726027398,0.02740000002086,45
33,66e07385-1800-e811-9414-f0921c16b9e5,0.12876712328767123,0.02449999935925,46
33,66e07385-1800-e811-9414-f0921c16b9e5,0.13150684931506848,0.02180000022054,47
33,66e07385-1800-e811-9414-f0921c16b9e5,0.13424657534246576,0.01930000074208,48
33,66e07385-1800-e811-9414-f0921c16b9e5,0.136986301369863,0.017100000754,49
33,66e07385-1800-e811-9414-f0921c16b9e5,0.13972602739726028,0.01559999957681,50
33,66e07385-1800-e811-9414-f0921c16b9e5,0.14246575342465753,0.01400000043213,51
33,66e07385-1800-e811-9414-f0921c16b9e5,0.14520547945205478,0.01190000027418,52
33,66e07385-1800-e811-9414-f0921c16b9e5,0.14794520547945206,0.01059999968857,53
33,66e07385-1800-e811-9414-f0921c16b9e5,0.1506849315068493,0.009200000204146,54
33,66e07385-1800-e811-9414-f0921c16b9e5,0.15342465753424658,0.00800000037998,55
33,66e07385-1800-e811-9414-f0921c16b9e5,0.15616438356164383,0.007100000046194,56
33,66e07385-1800-e811-9414-f0921c16b9e5,0.1589041095890411,0.006000000052154,57
33,66e07385-1800-e811-9414-f0921c16b9e5,0.16164383561643836,0.005599999800324,58
33,66e07385-1800-e811-9414-f0921c16b9e5,0.1643835616438356,0.004999999888241,59
33,66e07385-1800-e811-9414-f0921c16b9e5,0.16712328767123288,0.004499999806285,60
33,66e07385-1800-e811-9414-f0921c16b9e5,0.16986301369863013,0.004300000146031,61
33,66e07385-1800-e811-9414-f0921c16b9e5,0.1726027397260274,0.00400000018999,62
33,66e07385-1800-e811-9414-f0921c16b9e5,0.17534246575342466,0.00359999993816,63
33,66e07385-1800-e811-9414-f0921c16b9e5,0.1780821917808219,0.003400000045076,64
33,66e07385-1800-e811-9414-f0921c16b9e5,0.18082191780821918,0.003100000089034,65
33,66e07385-1800-e811-9414-f0921c16b9e5,0.18356164383561643,0.002700000070035,66
33,66e07385-1800-e811-9414-f0921c16b9e5,0.1863013698630137,0.002499999944121,67
33,66e07385-1800-e811-9414-f0921c16b9e5,0.18904109589041096,0.002199999988079,68
33,66e07385-1800-e811-9414-f0921c16b9e5,0.1917808219178082,0.00179999996908,69
33,66e07385-1800-e811-9414-f0921c16b9e5,0.19452054794520549,0.001599999959581,70
33,66e07385-1800-e811-9414-f0921c16b9e5,0.19726027397260273,0.001300000003539,71
33,66e07385-1800-e811-9414-f0921c16b9e5,0.2,0.001300000003539,72
33,66e07385-1800-e811-9414-f0921c16b9e5,0.20273972602739726,0.00109999999404,73
33,66e07385-1800-e811-9414-f0921c16b9e5,0.2054794520547945,0.001000000047497,74
33,66e07385-1800-e811-9414-f0921c16b9e5,0.20821917808219179,0.0006999999750406,75
33,66e07385-1800-e811-9414-f0921c16b9e5,0.21095890410958903,0.0006999999750406,76
33,66e07385-1800-e811-9414-f0921c16b9e5,0.2136986301369863,0.0006999999750406,77
33,66e07385-1800-e811-9414-f0921c16b9e5,0.21643835616438356,0.0005000000237487,78
33,66e07385-1800-e811-9414-f0921c16b9e5,0.2191780821917808,0.0003999999898952,79
33,66e07385-1800-e811-9414-f0921c16b9e5,0.2219178082191781,0.0003000000142492,80
33,66e07385-1800-e811-9414-f0921c16b9e5,0.22465753424657534,0.0001999999949476,81
33,66e07385-1800-e811-9414-f0921c16b9e5,0.2273972602739726,0.0,82
33,66e07385-1800-e811-9414-f0921c16b9e5,0.23013698630136986,0.0,83
33,66e07385-1800-e811-9414-f0921c16b9e5,0.2328767123287671,0.0,84
33,66e07385-1800-e811-9414-f0921c16b9e5,0.2356164383561644,0.0,85
33,66e07385-1800-e811-9414-f0921c16b9e5,0.23835616438356164,0.0,86
33,66e07385-1800-e811-9414-f0921c16b9e5,0.2410958904109589,0.0,87
33,66e07385-1800-e811-9414-f0921c16b9e5,0.24383561643835616,0.0,88
33,66e07385-1800-e811-9414-f0921c16b9e5,0.2465753424657534,0.0,89
34,65e07385-1800-e811-9414-f0921c16b9e5,0.0027397260273972603,0.0,0
34,65e07385-1800-e811-9414-f0921c16b9e5,0.005479452054794521,0.0003000000142492,1
34,65e07385-1800-e811-9414-f0921c16b9e5,0.00821917808219178,0.00179999996908,2
34,65e07385-1800-e811-9414-f0921c16b9e5,0.010958904109589041,0.01080000028014,3
34,65e07385-1800-e811-9414-f0921c16b9e5,0.0136986301369863,0.06170000135899,4
34,65e07385-1800-e811-9414-f0921c16b9e5,0.01643835616438356,0.3073000013828,5
34,65e07385-1800-e811-9414-f0921c16b9e5,0.019178082191780823,0.7929999828339,6
34,65e07385-1800-e811-9414-f0921c16b9e5,0.021917808219178082,0.8206999897957,7
34,65e07385-1800-e811-9414-f0921c16b9e5,0.024657534246575342,0.7046999931335,8
34,65e07385-1800-e811-9414-f0921c16b9e5,0.0273972602739726,0.6065999865532,9
34,65e07385-1800-e811-9414-f0921c16b9e5,0.030136986301369864,0.5230000019073,10
34,65e07385-1800-e811-9414-f0921c16b9e5,0.03287671232876712,0.4465999901295,11
34,65e07385-1800-e811-9414-f0921c16b9e5,0.03561643835616438,0.3772999942303,12
34,65e07385-1800-e811-9414-f0921c16b9e5,0.038356164383561646,0.3237000107765,13
34,65e07385-1800-e811-9414-f0921c16b9e5,0.0410958904109589,0.2779000103474,14
34,65e07385-1800-e811-9414-f0921c16b9e5,0.043835616438356165,0.2414000034332,15
34,65e07385-1800-e811-9414-f0921c16b9e5,0.04657534246575343,0.2079000025988,16
34,65e07385-1800-e811-9414-f0921c16b9e5,0.049315068493150684,0.1776999980211,17
34,65e07385-1800-e811-9414-f0921c16b9e5,0.052054794520547946,0.1520999968052,18
34,65e07385-1800-e811-9414-f0921c16b9e5,0.0547945205479452,0.1298000067472,19
34,65e07385-1800-e811-9414-f0921c16b9e5,0.057534246575342465,0.1120999976993,20
34,65e07385-1800-e811-9414-f0921c16b9e5,0.06027397260273973,0.09560000151396,21
34,65e07385-1800-e811-9414-f0921c16b9e5,0.06301369863013699,0.08120000362396,22
34,65e07385-1800-e811-9414-f0921c16b9e5,0.06575342465753424,0.06769999861717,23
34,65e07385-1800-e811-9414-f0921c16b9e5,0.0684931506849315,0.05909999832511,24
34,65e07385-1800-e811-9414-f0921c16b9e5,0.07123287671232877,0.05070000141859,25
34,65e07385-1800-e811-9414-f0921c16b9e5,0.07397260273972603,0.0430999994278,26
34,65e07385-1800-e811-9414-f0921c16b9e5,0.07671232876712329,0.03709999844432,27
34,65e07385-1800-e811-9414-f0921c16b9e5,0.07945205479452055,0.03089999966323,28
34,65e07385-1800-e811-9414-f0921c16b9e5,0.0821917808219178,0.02679999917746,29
34,65e07385-1800-e811-9414-f0921c16b9e5,0.08493150684931507,0.02329999953508,30
34,65e07385-1800-e811-9414-f0921c16b9e5,0.08767123287671233,0.01989999972284,31
34,65e07385-1800-e811-9414-f0921c16b9e5,0.09041095890410959,0.01730000041425,32
34,65e07385-1800-e811-9414-f0921c16b9e5,0.09315068493150686,0.01470000017434,33
34,65e07385-1800-e811-9414-f0921c16b9e5,0.0958904109589041,0.01269999984652,34
34,65e07385-1800-e811-9414-f0921c16b9e5,0.09863013698630137,0.01070000045002,35
34,65e07385-1800-e811-9414-f0921c16b9e5,0.10136986301369863,0.009200000204146,36
34,65e07385-1800-e811-9414-f0921c16b9e5,0.10410958904109589,0.008100000210106,37
34,65e07385-1800-e811-9414-f0921c16b9e5,0.10684931506849316,0.006200000178069,38
34,65e07385-1800-e811-9414-f0921c16b9e5,0.1095890410958904,0.004999999888241,39
34,65e07385-1800-e811-9414-f0921c16b9e5,0.11232876712328767,0.004300000146031,40
34,65e07385-1800-e811-9414-f0921c16b9e5,0.11506849315068493,0.003299999982119,41
34,65e07385-1800-e811-9414-f0921c16b9e5,0.1178082191780822,0.003000000026077,42
34,65e07385-1800-e811-9414-f0921c16b9e5,0.12054794520547946,0.002400000113994,43
34,65e07385-1800-e811-9414-f0921c16b9e5,0.1232876712328767,0.002099999925122,44
34,65e07385-1800-e811-9414-f0921c16b9e5,0.12602739726027398,0.00179999996908,45
34,65e07385-1800-e811-9414-f0921c16b9e5,0.12876712328767123,0.001200000056997,46
34,65e07385-1800-e811-9414-f0921c16b9e5,0.13150684931506848,0.00109999999404,47
34,65e07385-1800-e811-9414-f0921c16b9e5,0.13424657534246576,0.00089999998454,48
34,65e07385-1800-e811-9414-f0921c16b9e5,0.136986301369863,0.0007999999797903,49
34,65e07385-1800-e811-9414-f0921c16b9e5,0.13972602739726028,0.0006999999750406,50
34,65e07385-1800-e811-9414-f0921c16b9e5,0.14246575342465753,0.0006000000284985,51
34,65e07385-1800-e811-9414-f0921c16b9e5,0.14520547945205478,0.0005000000237487,52
34,65e07385-1800-e811-9414-f0921c16b9e5,0.14794520547945206,0.0005000000237487,53
34,65e07385-1800-e811-9414-f0921c16b9e5,0.1506849315068493,0.0003999999898952,54
34,65e07385-1800-e811-9414-f0921c16b9e5,0.15342465753424658,0.0003999999898952,55
34,65e07385-1800-e811-9414-f0921c16b9e5,0.15616438356164383,0.0003000000142492,56
34,65e07385-1800-e811-9414-f0921c16b9e5,0.1589041095890411,0.0001999999949476,57
34,65e07385-1800-e811-9414-f0921c16b9e5,0.16164383561643836,9.999999747379e-05,58
34,65e07385-1800-e811-9414-f0921c16b9e5,0.1643835616438356,9.999999747379e-05,59
34,65e07385-1800-e811-9414-f0921c16b9e5,0.16712328767123288,9.999999747379e-05,60
34,65e07385-1800-e811-9414-f0921c16b9e5,0.16986301369863013,9.999999747379e-05,61
34,65e07385-1800-e811-9414-f0921c16b9e5,0.1726027397260274,0.0,62
34,65e07385-1800-e811-9414-f0921c16b9e5,0.17534246575342466,0.0,63
34,65e07385-1800-e811-9414-f0921c16b9e5,0.1780821917808219,0.0,64
34,65e07385-1800-e811-9414-f0921c16b9e5,0.18082191780821918,0.0,65
34,65e07385-1800-e811-9414-f0921c16b9e5,0.18356164383561643,0.0,66
34,65e07385-1800-e811-9414-f0921c16b9e5,0.1863013698630137,0.0,67
34,65e07385-1800-e811-9414-f0921c16b9e5,0.18904109589041096,0.0,68
34,65e07385-1800-e811-9414-f0921c16b9e5,0.1917808219178082,0.0,69
34,65e07385-1800-e811-9414-f0921c16b9e5,0.19452054794520549,0.0,70
34,65e07385-1800-e811-9414-f0921c16b9e5,0.19726027397260273,0.0,71
34,65e07385-1800-e811-9414-f0921c16b9e5,0.2,0.0,72
34,65e07385-1800-e811-9414-f0921c16b9e5,0.20273972602739726,0.0,73
34,65e07385-1800-e811-9414-f0921c16b9e5,0.2054794520547945,0.0,74
34,65e07385-1800-e811-9414-f0921c16b9e5,0.20821917808219179,0.0,75
34,65e07385-1800-e811-9414-f0921c16b9e5,0.21095890410958903,0.0,76
34,65e07385-1800-e811-9414-f0921c16b9e5,0.2136986301369863,0.0,77
34,65e07385-1800-e811-9414-f0921c16b9e5,0.21643835616438356,0.0,78
34,65e07385-1800-e811-9414-f0921c16b9e5,0.2191780821917808,0.0,79
34,65e07385-1800-e811-9414-f0921c16b9e5,0.2219178082191781,0.0,80
34,65e07385-1800-e811-9414-f0921c16b9e5,0.22465753424657534,0.0,81
34,65e07385-1800-e811-9414-f0921c16b9e5,0.2273972602739726,0.0,82
34,65e07385-1800-e811-9414-f0921c16b9e5,0.23013698630136986,0.0,83
34,65e07385-1800-e811-9414-f0921c16b9e5,0.2328767123287671,0.0,84
34,65e07385-1800-e811-9414-f0921c16b9e5,0.2356164383561644,0.0,85
34,65e07385-1800-e811-9414-f0921c16b9e5,0.23835616438356164,0.0,86
34,65e07385-1800-e811-9414-f0921c16b9e5,0.2410958904109589,0.0,87
34,65e07385-1800-e811-9414-f0921c16b9e5,0.24383561643835616,0.0,88
34,65e07385-1800-e811-9414-f0921c16b9e5,0.2465753424657534,0.0,89
35,64e07385-1800-e811-9414-f0921c16b9e5,0.0027397260273972603,0.0,0
35,64e07385-1800-e811-9414-f0921c16b9e5,0.005479452054794521,0.0003000000142492,1
35,64e07385-1800-e811-9414-f0921c16b9e5,0.00821917808219178,0.002099999925122,2
35,64e07385-1800-e811-9414-f0921c16b9e5,0.010958904109589041,0.009499999694526,3
35,64e07385-1800-e811-9414-f0921c16b9e5,0.0136986301369863,0.04619999974966,4
35,64e07385-1800-e811-9414-f0921c16b9e5,0.01643835616438356,0.2045000046492,5
35,64e07385-1800-e811-9414-f0921c16b9e5,0.019178082191780823,0.6061000227928,6
35,64e07385-1800-e811-9414-f0921c16b9e5,0.021917808219178082,0.8177999854088,7
35,64e07385-1800-e811-9414-f0921c16b9e5,0.024657534246575342,0.6980999708176,8
35,64e07385-1800-e811-9414-f0921c16b9e5,0.0273972602739726,0.5730999708176,9
35,64e07385-1800-e811-9414-f0921c16b9e5,0.030136986301369864,0.4726000130177,10
35,64e07385-1800-e811-9414-f0921c16b9e5,0.03287671232876712,0.3921999931335,11
35,64e07385-1800-e811-9414-f0921c16b9e5,0.03561643835616438,0.3255999982357,12
35,64e07385-1800-e811-9414-f0921c16b9e5,0.038356164383561646,0.2700999975204,13
35,64e07385-1800-e811-9414-f0921c16b9e5,0.0410958904109589,0.2225999981165,14
35,64e07385-1800-e811-9414-f0921c16b9e5,0.043835616438356165,0.1834000051022,15
35,64e07385-1800-e811-9414-f0921c16b9e5,0.04657534246575343,0.1518999934196,16
35,64e07385-1800-e811-9414-f0921c16b9e5,0.049315068493150684,0.1243000030518,17
35,64e07385-1800-e811-9414-f0921c16b9e5,0.052054794520547946,0.103100001812,18
35,64e07385-1800-e811-9414-f0921c16b9e5,0.0547945205479452,0.08349999785423,19
35,64e07385-1800-e811-9414-f0921c16b9e5,0.057534246575342465,0.0705000013113,20
35,64e07385-1800-e811-9414-f0921c16b9e5,0.06027397260273973,0.0586999990046,21
35,64e07385-1800-e811-9414-f0921c16b9e5,0.06301369863013699,0.04809999838471,22
35,64e07385-1800-e811-9414-f0921c16b9e5,0.06575342465753424,0.04109999909997,23
35,64e07385-1800-e811-9414-f0921c16b9e5,0.0684931506849315,0.03429999947548,24
35,64e07385-1800-e811-9414-f0921c16b9e5,0.07123287671232877,0.02910000085831,25
35,64e07385-1800-e811-9414-f0921c16b9e5,0.07397260273972603,0.02480000071228,26
35,64e07385-1800-e811-9414-f0921c16b9e5,0.07671232876712329,0.02040000073612,27
35,64e07385-1800-e811-9414-f0921c16b9e5,0.07945205479452055,0.01740000024438,28
35,64e07385-1800-e811-9414-f0921c16b9e5,0.0821917808219178,0.01449999958277,29
35,64e07385-1800-e811-9414-f0921c16b9e5,0.08493150684931507,0.01159999985248,30
35,64e07385-1800-e811-9414-f0921c16b9e5,0.08767123287671233,0.009499999694526,31
35,64e07385-1800-e811-9414-f0921c16b9e5,0.09041095890410959,0.008100000210106,32
35,64e07385-1800-e811-9414-f0921c16b9e5,0.09315068493150686,0.006699999794364,33
35,64e07385-1800-e811-9414-f0921c16b9e5,0.0958904109589041,0.006099999882281,34
35,64e07385-1800-e811-9414-f0921c16b9e5,0.09863013698630137,0.005200000014156,35
35,64e07385-1800-e811-9414-f0921c16b9e5,0.10136986301369863,0.004100000020117,36
35,64e07385-1800-e811-9414-f0921c16b9e5,0.10410958904109589,0.003299999982119,37
35,64e07385-1800-e811-9414-f0921c16b9e5,0.10684931506849316,0.002600000007078,38
35,64e07385-1800-e811-9414-f0921c16b9e5,0.1095890410958904,0.002099999925122,39
35,64e07385-1800-e811-9414-f0921c16b9e5,0.11232876712328767,0.001700000022538,40
35,64e07385-1800-e811-9414-f0921c16b9e5,0.11506849315068493,0.001399999950081,41
35,64e07385-1800-e811-9414-f0921c16b9e5,0.1178082191780822,0.001200000056997,42
35,64e07385-1800-e811-9414-f0921c16b9e5,0.12054794520547946,0.0007999999797903,43
35,64e07385-1800-e811-9414-f0921c16b9e5,0.1232876712328767,0.0007999999797903,44
35,64e07385-1800-e811-9414-f0921c16b9e5,0.12602739726027398,0.0006999999750406,45
35,64e07385-1800-e811-9414-f0921c16b9e5,0.12876712328767123,0.0006999999750406,46
35,64e07385-1800-e811-9414-f0921c16b9e5,0.13150684931506848,0.0005000000237487,47
35,64e07385-1800-e811-9414-f0921c16b9e5,0.13424657534246576,0.0003999999898952,48
35,64e07385-1800-e811-9414-f0921c16b9e5,0.136986301369863,0.0003000000142492,49
35,64e07385-1800-e811-9414-f0921c16b9e5,0.13972602739726028,0.0001999999949476,50
35,64e07385-1800-e811-9414-f0921c16b9e5,0.14246575342465753,0.0,51
35,64e07385-1800-e811-9414-f0921c16b9e5,0.14520547945205478,0.0,52
35,64e07385-1800-e811-9414-f0921c16b9e5,0.14794520547945206,0.0,53
35,64e07385-1800-e811-9414-f0921c16b9e5,0.1506849315068493,0.0,54
35,64e07385-1800-e811-9414-f0921c16b9e5,0.15342465753424658,0.0,55
35,64e07385-1800-e811-9414-f0921c16b9e5,0.15616438356164383,0.0,56
35,64e07385-1800-e811-9414-f0921c16b9e5,0.1589041095890411,0.0,57
35,64e07385-1800-e811-9414-f0921c16b9e5,0.16164383561643836,0.0,58
35,64e07385-1800-e811-9414-f0921c16b9e5,0.1643835616438356,0.0,59
35,64e07385-1800-e811-9414-f0921c16b9e5,0.16712328767123288,0.0,60
35,64e07385-1800-e811-9414-f0921c16b9e5,0.16986301369863013,0.0,61
35,64e07385-1800-e811-9414-f0921c16b9e5,0.1726027397260274,0.0,62
35,64e07385-1800-e811-9414-f0921c16b9e5,0.17534246575342466,0.0,63
35,64e07385-1800-e811-9414-f0921c16b9e5,0.1780821917808219,0.0,64
35,64e07385-1800-e811-9414-f0921c16b9e5,0.18082191780821918,0.0,65
35,64e07385-1800-e811-9414-f0921c16b9e5,0.18356164383561643,0.0,66
35,64e07385-1800-e811-9414-f0921c16b9e5,0.1863013698630137,0.0,67
35,64e07385-1800-e811-9414-f0921c16b9e5,0.18904109589041096,0.0,68
35,64e07385-1800-e811-9414-f0921c16b9e5,0.1917808219178082,0.0,69
35,64e07385-1800-e811-9414-f0921c16b9e5,0.19452054794520549,0.0,70
35,64e07385-1800-e811-9414-f0921c16b9e5,0.19726027397260273,0.0,71
35,64e07385-1800-e811-9414-f0921c16b9e5,0.2,0.0,72
35,64e07385-1800-e811-9414-f0921c16b9e5,0.20273972602739726,0.0,73
35,64e07385-1800-e811-9414-f0921c16b9e5,0.2054794520547945,0.0,74
35,64e07385-1800-e811-9414-f0921c16b9e5,0.20821917808219179,0.0,75
35,64e07385-1800-e811-9414-f0921c16b9e5,0.21095890410958903,0.0,76
35,64e07385-1800-e811-9414-f0921c16b9e5,0.2136986301369863,0.0,77
35,64e07385-1800-e811-9414-f0921c16b9e5,0.21643835616438356,0.0,78
35,64e07385-1800-e811-9414-f0921c16b9e5,0.2191780821917808,0.0,79
35,64e07385-1800-e811-9414-f0921c16b9e5,0.2219178082191781,0.0,80
35,64e07385-1800-e811-9414-f0921c16b9e5,0.22465753424657534,0.0,81
35,64e07385-1800-e811-9414-f0921c16b9e5,0.2273972602739726,0.0,82
35,64e07385-1800-e811-9414-f0921c16b9e5,0.23013698630136986,0.0,83
35,64e07385-1800-e811-9414-f0921c16b9e5,0.2328767123287671,0.0,84
35,64e07385-1800-e811-9414-f0921c16b9e5,0.2356164383561644,0.0,85
35,64e07385-1800-e811-9414-f0921c16b9e5,0.23835616438356164,0.0,86
35,64e07385-1800-e811-9414-f0921c16b9e5,0.2410958904109589,0.0,87
35,64e07385-1800-e811-9414-f0921c16b9e5,0.24383561643835616,0.0,88
35,64e07385-1800-e811-9414-f0921c16b9e5,0.2465753424657534,0.0,89
36,63e07385-1800-e811-9414-f0921c16b9e5,0.0027397260273972603,0.0,0
36,63e07385-1800-e811-9414-f0921c16b9e5,0.005479452054794521,0.0005000000237487,1
36,63e07385-1800-e811-9414-f0921c16b9e5,0.00821917808219178,0.00109999999404,2
36,63e07385-1800-e811-9414-f0921c16b9e5,0.010958904109589041,0.002499999944121,3
36,63e07385-1800-e811-9414-f0921c16b9e5,0.0136986301369863,0.004399999976158,4
36,63e07385-1800-e811-9414-f0921c16b9e5,0.01643835616438356,0.008600000292063,5
36,63e07385-1800-e811-9414-f0921c16b9e5,0.019178082191780823,0.0152000002563,6
36,63e07385-1800-e811-9414-f0921c16b9e5,0.021917808219178082,0.02930000051856,7
36,63e07385-1800-e811-9414-f0921c16b9e5,0.024657534246575342,0.05070000141859,8
36,63e07385-1800-e811-9414-f0921c16b9e5,0.0273972602739726,0.08869999647141,9
36,63e07385-1800-e811-9414-f0921c16b9e5,0.030136986301369864,0.1504999995232,10
36,63e07385-1800-e811-9414-f0921c16b9e5,0.03287671232876712,0.2391999959946,11
36,63e07385-1800-e811-9414-f0921c16b9e5,0.03561643835616438,0.3598000109196,12
36,63e07385-1800-e811-9414-f0921c16b9e5,0.038356164383561646,0.4851000010967,13
36,63e07385-1800-e811-9414-f0921c16b9e5,0.0410958904109589,0.5819000005722,14
36,63e07385-1800-e811-9414-f0921c16b9e5,0.043835616438356165,0.6309000253677,15
36,63e07385-1800-e811-9414-f0921c16b9e5,0.04657534246575343,0.6281999945641,16
36,63e07385-1800-e811-9414-f0921c16b9e5,0.049315068493150684,0.5990999937057,17
36,63e07385-1800-e811-9414-f0921c16b9e5,0.052054794520547946,0.5554999709129,18
36,63e07385-1800-e811-9414-f0921c16b9e5,0.0547945205479452,0.5067999958992,19
36,63e07385-1800-e811-9414-f0921c16b9e5,0.057534246575342465,0.4521000087261,20
36,63e07385-1800-e811-9414-f0921c16b9e5,0.06027397260273973,0.4054000079632,21
36,63e07385-1800-e811-9414-f0921c16b9e5,0.06301369863013699,0.3614999949932,22
36,63e07385-1800-e811-9414-f0921c16b9e5,0.06575342465753424,0.3219999969006,23
36,63e07385-1800-e811-9414-f0921c16b9e5,0.0684931506849315,0.2883000075817,24
36,63e07385-1800-e811-9414-f0921c16b9e5,0.07123287671232877,0.2606999874115,25
36,63e07385-1800-e811-9414-f0921c16b9e5,0.07397260273972603,0.2320999950171,26
36,63e07385-1800-e811-9414-f0921c16b9e5,0.07671232876712329,0.2073000073433,27
36,63e07385-1800-e811-9414-f0921c16b9e5,0.07945205479452055,0.1853999942541,28
36,63e07385-1800-e811-9414-f0921c16b9e5,0.0821917808219178,0.1641000062227,29
36,63e07385-1800-e811-9414-f0921c16b9e5,0.08493150684931507,0.1479000002146,30
36,63e07385-1800-e811-9414-f0921c16b9e5,0.08767123287671233,0.131099998951,31
36,63e07385-1800-e811-9414-f0921c16b9e5,0.09041095890410959,0.1171000003815,32
36,63e07385-1800-e811-9414-f0921c16b9e5,0.09315068493150686,0.1041999980807,33
36,63e07385-1800-e811-9414-f0921c16b9e5,0.0958904109589041,0.09449999779463,34
36,63e07385-1800-e811-9414-f0921c16b9e5,0.09863013698630137,0.08470000326633,35
36,63e07385-1800-e811-9414-f0921c16b9e5,0.10136986301369863,0.07460000365973,36
36,63e07385-1800-e811-9414-f0921c16b9e5,0.10410958904109589,0.06780000030994,37
36,63e07385-1800-e811-9414-f0921c16b9e5,0.10684931506849316,0.05990000069141,38
36,63e07385-1800-e811-9414-f0921c16b9e5,0.1095890410958904,0.05440000072122,39
36,63e07385-1800-e811-9414-f0921c16b9e5,0.11232876712328767,0.04850000143051,40
36,63e07385-1800-e811-9414-f0921c16b9e5,0.11506849315068493,0.04430000111461,41
36,63e07385-1800-e811-9414-f0921c16b9e5,0.1178082191780822,0.03880000114441,42
36,63e07385-1800-e811-9414-f0921c16b9e5,0.12054794520547946,0.03480000048876,43
36,63e07385-1800-e811-9414-f0921c16b9e5,0.1232876712328767,0.03119999915361,44
36,63e07385-1800-e811-9414-f0921c16b9e5,0.12602739726027398,0.02830000035465,45
36,63e07385-1800-e811-9414-f0921c16b9e5,0.12876712328767123,0.02590000070632,46
36,63e07385-1800-e811-9414-f0921c16b9e5,0.13150684931506848,0.02419999986887,47
36,63e07385-1800-e811-9414-f0921c16b9e5,0.13424657534246576,0.02129999920726,48
36,63e07385-1800-e811-9414-f0921c16b9e5,0.136986301369863,0.01830000057817,49
36,63e07385-1800-e811-9414-f0921c16b9e5,0.13972602739726028,0.01610000059009,50
36,63e07385-1800-e811-9414-f0921c16b9e5,0.14246575342465753,0.01439999975264,51
36,63e07385-1800-e811-9414-f0921c16b9e5,0.14520547945205478,0.01229999959469,52
36,63e07385-1800-e811-9414-f0921c16b9e5,0.14794520547945206,0.01119999960065,53
36,63e07385-1800-e811-9414-f0921c16b9e5,0.1506849315068493,0.01049999985844,54
36,63e07385-1800-e811-9414-f0921c16b9e5,0.15342465753424658,0.009399999864399,55
36,63e07385-1800-e811-9414-f0921c16b9e5,0.15616438356164383,0.008200000040233,56
36,63e07385-1800-e811-9414-f0921c16b9e5,0.1589041095890411,0.007400000002235,57
36,63e07385-1800-e811-9414-f0921c16b9e5,0.16164383561643836,0.00650000013411,58
36,63e07385-1800-e811-9414-f0921c16b9e5,0.1643835616438356,0.005799999926239,59
36,63e07385-1800-e811-9414-f0921c16b9e5,0.16712328767123288,0.004900000058115,60
36,63e07385-1800-e811-9414-f0921c16b9e5,0.16986301369863013,0.004399999976158,61
36,63e07385-1800-e811-9414-f0921c16b9e5,0.1726027397260274,0.004100000020117,62
36,63e07385-1800-e811-9414-f0921c16b9e5,0.17534246575342466,0.003500000108033,63
36,63e07385-1800-e811-9414-f0921c16b9e5,0.1780821917808219,0.003199999919161,64
36,63e07385-1800-e811-9414-f0921c16b9e5,0.18082191780821918,0.00289999996312,65
36,63e07385-1800-e811-9414-f0921c16b9e5,0.18356164383561643,0.002700000070035,66
36,63e07385-1800-e811-9414-f0921c16b9e5,0.1863013698630137,0.002199999988079,67
36,63e07385-1800-e811-9414-f0921c16b9e5,0.18904109589041096,0.001900000032037,68
36,63e07385-1800-e811-9414-f0921c16b9e5,0.1917808219178082,0.001700000022538,69
36,63e07385-1800-e811-9414-f0921c16b9e5,0.19452054794520549,0.001700000022538,70
36,63e07385-1800-e811-9414-f0921c16b9e5,0.19726027397260273,0.001500000013039,71
36,63e07385-1800-e811-9414-f0921c16b9e5,0.2,0.001500000013039,72
36,63e07385-1800-e811-9414-f0921c16b9e5,0.20273972602739726,0.001300000003539,73
36,63e07385-1800-e811-9414-f0921c16b9e5,0.2054794520547945,0.001200000056997,74
36,63e07385-1800-e811-9414-f0921c16b9e5,0.20821917808219179,0.00109999999404,75
36,63e07385-1800-e811-9414-f0921c16b9e5,0.21095890410958903,0.0007999999797903,76
36,63e07385-1800-e811-9414-f0921c16b9e5,0.2136986301369863,0.0006999999750406,77
36,63e07385-1800-e811-9414-f0921c16b9e5,0.21643835616438356,0.0006999999750406,78
36,63e07385-1800-e811-9414-f0921c16b9e5,0.2191780821917808,0.0006999999750406,79
36,63e07385-1800-e811-9414-f0921c16b9e5,0.2219178082191781,0.0006999999750406,80
36,63e07385-1800-e811-9414-f0921c16b9e5,0.22465753424657534,0.0006000000284985,81
36,63e07385-1800-e811-9414-f0921c16b9e5,0.2273972602739726,0.0005000000237487,82
36,63e07385-1800-e811-9414-f0921c16b9e5,0.23013698630136986,0.0005000000237487,83
36,63e07385-1800-e811-9414-f0921c16b9e5,0.2328767123287671,0.0005000000237487,84
36,63e07385-1800-e811-9414-f0921c16b9e5,0.2356164383561644,0.0003000000142492,85
36,63e07385-1800-e811-9414-f0921c16b9e5,0.23835616438356164,9.999999747379e-05,86
36,63e07385-1800-e811-9414-f0921c16b9e5,0.2410958904109589,9.999999747379e-05,87
36,63e07385-1800-e811-9414-f0921c16b9e5,0.24383561643835616,9.999999747379e-05,88
36,63e07385-1800-e811-9414-f0921c16b9e5,0.2465753424657534,0.0,89
37,62e07385-1800-e811-9414-f0921c16b9e5,0.0027397260273972603,0.0,0
37,62e07385-1800-e811-9414-f0921c16b9e5,0.005479452054794521,0.001000000047497,1
37,62e07385-1800-e811-9414-f0921c16b9e5,0.00821917808219178,0.00359999993816,2
37,62e07385-1800-e811-9414-f0921c16b9e5,0.010958904109589041,0.01539999991655,3
37,62e07385-1800-e811-9414-f0921c16b9e5,0.0136986301369863,0.06480000168085,4
37,62e07385-1800-e811-9414-f0921c16b9e5,0.01643835616438356,0.2508000135422,5
37,62e07385-1800-e811-9414-f0921c16b9e5,0.019178082191780823,0.618399977684,6
37,62e07385-1800-e811-9414-f0921c16b9e5,0.021917808219178082,0.7064999938011,7
37,62e07385-1800-e811-9414-f0921c16b9e5,0.024657534246575342,0.5329999923706,8
37,62e07385-1800-e811-9414-f0921c16b9e5,0.0273972602739726,0.3869999945164,9
37,62e07385-1800-e811-9414-f0921c16b9e5,0.030136986301369864,0.2745000123978,10
37,62e07385-1800-e811-9414-f0921c16b9e5,0.03287671232876712,0.1958999931812,11
37,62e07385-1800-e811-9414-f0921c16b9e5,0.03561643835616438,0.1404999941587,12
37,62e07385-1800-e811-9414-f0921c16b9e5,0.038356164383561646,0.102300003171,13
37,62e07385-1800-e811-9414-f0921c16b9e5,0.0410958904109589,0.07249999791384,14
37,62e07385-1800-e811-9414-f0921c16b9e5,0.043835616438356165,0.05040000006557,15
37,62e07385-1800-e811-9414-f0921c16b9e5,0.04657534246575343,0.03689999878407,16
37,62e07385-1800-e811-9414-f0921c16b9e5,0.049315068493150684,0.02720000036061,17
37,62e07385-1800-e811-9414-f0921c16b9e5,0.052054794520547946,0.01970000006258,18
37,62e07385-1800-e811-9414-f0921c16b9e5,0.0547945205479452,0.01350000035018,19
37,62e07385-1800-e811-9414-f0921c16b9e5,0.057534246575342465,0.009899999946356,20
37,62e07385-1800-e811-9414-f0921c16b9e5,0.06027397260273973,0.007100000046194,21
37,62e07385-1800-e811-9414-f0921c16b9e5,0.06301369863013699,0.004999999888241,22
37,62e07385-1800-e811-9414-f0921c16b9e5,0.06575342465753424,0.003000000026077,23
37,62e07385-1800-e811-9414-f0921c16b9e5,0.0684931506849315,0.002099999925122,24
37,62e07385-1800-e811-9414-f0921c16b9e5,0.07123287671232877,0.001599999959581,25
37,62e07385-1800-e811-9414-f0921c16b9e5,0.07397260273972603,0.001200000056997,26
37,62e07385-1800-e811-9414-f0921c16b9e5,0.07671232876712329,0.00089999998454,27
37,62e07385-1800-e811-9414-f0921c16b9e5,0.07945205479452055,0.0006000000284985,28
37,62e07385-1800-e811-9414-f0921c16b9e5,0.0821917808219178,0.0005000000237487,29
37,62e07385-1800-e811-9414-f0921c16b9e5,0.08493150684931507,0.0003000000142492,30
37,62e07385-1800-e811-9414-f0921c16b9e5,0.08767123287671233,0.0001999999949476,31
37,62e07385-1800-e811-9414-f0921c16b9e5,0.09041095890410959,0.0001999999949476,32
37,62e07385-1800-e811-9414-f0921c16b9e5,0.09315068493150686,0.0001999999949476,33
37,62e07385-1800-e811-9414-f0921c16b9e5,0.0958904109589041,9.999999747379e-05,34
37,62e07385-1800-e811-9414-f0921c16b9e5,0.09863013698630137,9.999999747379e-05,35
37,62e07385-1800-e811-9414-f0921c16b9e5,0.10136986301369863,0.0,36
37,62e07385-1800-e811-9414-f0921c16b9e5,0.10410958904109589,0.0,37
37,62e07385-1800-e811-9414-f0921c16b9e5,0.10684931506849316,0.0,38
37,62e07385-1800-e811-9414-f0921c16b9e5,0.1095890410958904,0.0,39
37,62e07385-1800-e811-9414-f0921c16b9e5,0.11232876712328767,0.0,40
37,62e07385-1800-e811-9414-f0921c16b9e5,0.11506849315068493,0.0,41
37,62e07385-1800-e811-9414-f0921c16b9e5,0.1178082191780822,0.0,42
37,62e07385-1800-e811-9414-f0921c16b9e5,0.12054794520547946,0.0,43
37,62e07385-1800-e811-9414-f0921c16b9e5,0.1232876712328767,0.0,44
37,62e07385-1800-e811-9414-f0921c16b9e5,0.12602739726027398,0.0,45
37,62e07385-1800-e811-9414-f0921c16b9e5,0.12876712328767123,0.0,46
37,62e07385-1800-e811-9414-f0921c16b9e5,0.13150684931506848,0.0,47
37,62e07385-1800-e811-9414-f0921c16b9e5,0.13424657534246576,0.0,48
37,62e07385-1800-e811-9414-f0921c16b9e5,0.136986301369863,0.0,49
37,62e07385-1800-e811-9414-f0921c16b9e5,0.13972602739726028,0.0,50
37,62e07385-1800-e811-9414-f0921c16b9e5,0.14246575342465753,0.0,51
37,62e07385-1800-e811-9414-f0921c16b9e5,0.14520547945205478,0.0,52
37,62e07385-1800-e811-9414-f0921c16b9e5,0.14794520547945206,0.0,53
37,62e07385-1800-e811-9414-f0921c16b9e5,0.1506849315068493,0.0,54
37,62e07385-1800-e811-9414-f0921c16b9e5,0.15342465753424658,0.0,55
37,62e07385-1800-e811-9414-f0921c16b9e5,0.15616438356164383,0.0,56
37,62e07385-1800-e811-9414-f0921c16b9e5,0.1589041095890411,0.0,57
37,62e07385-1800-e811-9414-f0921c16b9e5,0.16164383561643836,0.0,58
37,62e07385-1800-e811-9414-f0921c16b9e5,0.1643835616438356,0.0,59
37,62e07385-1800-e811-9414-f0921c16b9e5,0.16712328767123288,0.0,60
37,62e07385-1800-e811-9414-f0921c16b9e5,0.16986301369863013,0.0,61
37,62e07385-1800-e811-9414-f0921c16b9e5,0.1726027397260274,0.0,62
37,62e07385-1800-e811-9414-f0921c16b9e5,0.17534246575342466,0.0,63
37,62e07385-1800-e811-9414-f0921c16b9e5,0.1780821917808219,0.0,64
37,62e07385-1800-e811-9414-f0921c16b9e5,0.18082191780821918,0.0,65
37,62e07385-1800-e811-9414-f0921c16b9e5,0.18356164383561643,0.0,66
37,62e07385-1800-e811-9414-f0921c16b9e5,0.1863013698630137,0.0,67
37,62e07385-1800-e811-9414-f0921c16b9e5,0.18904109589041096,0.0,68
37,62e07385-1800-e811-9414-f0921c16b9e5,0.1917808219178082,0.0,69
37,62e07385-1800-e811-9414-f0921c16b9e5,0.19452054794520549,0.0,70
37,62e07385-1800-e811-9414-f0921c16b9e5,0.19726027397260273,0.0,71
37,62e07385-1800-e811-9414-f0921c16b9e5,0.2,0.0,72
37,62e07385-1800-e811-9414-f0921c16b9e5,0.20273972602739726,0.0,73
37,62e07385-1800-e811-9414-f0921c16b9e5,0.2054794520547945,0.0,74
37,62e07385-1800-e811-9414-f0921c16b9e5,0.20821917808219179,0.0,75
37,62e07385-1800-e811-9414-f0921c16b9e5,0.21095890410958903,0.0,76
37,62e07385-1800-e811-9414-f0921c16b9e5,0.2136986301369863,0.0,77
37,62e07385-1800-e811-9414-f0921c16b9e5,0.21643835616438356,0.0,78
37,62e07385-1800-e811-9414-f0921c16b9e5,0.2191780821917808,0.0,79
37,62e07385-1800-e811-9414-f0921c16b9e5,0.2219178082191781,0.0,80
37,62e07385-1800-e811-9414-f0921c16b9e5,0.22465753424657534,0.0,81
37,62e07385-1800-e811-9414-f0921c16b9e5,0.2273972602739726,0.0,82
37,62e07385-1800-e811-9414-f0921c16b9e5,0.23013698630136986,0.0,83
37,62e07385-1800-e811-9414-f0921c16b9e5,0.2328767123287671,0.0,84
37,62e07385-1800-e811-9414-f0921c16b9e5,0.2356164383561644,0.0,85
37,62e07385-1800-e811-9414-f0921c16b9e5,0.23835616438356164,0.0,86
37,62e07385-1800-e811-9414-f0921c16b9e5,0.2410958904109589,0.0,87
37,62e07385-1800-e811-9414-f0921c16b9e5,0.24383561643835616,0.0,88
37,62e07385-1800-e811-9414-f0921c16b9e5,0.2465753424657534,0.0,89
38,61e07385-1800-e811-9414-f0921c16b9e5,0.0027397260273972603,0.0,0
38,61e07385-1800-e811-9414-f0921c16b9e5,0.005479452054794521,0.0006000000284985,1
38,61e07385-1800-e811-9414-f0921c16b9e5,0.00821917808219178,0.004199999850243,2
38,61e07385-1800-e811-9414-f0921c16b9e5,0.010958904109589041,0.02730000019073,3
38,61e07385-1800-e811-9414-f0921c16b9e5,0.0136986301369863,0.1564999967813,4
38,61e07385-1800-e811-9414-f0921c16b9e5,0.01643835616438356,0.6333000063896,5
38,61e07385-1800-e811-9414-f0921c16b9e5,0.019178082191780823,0.8766999840736,6
38,61e07385-1800-e811-9414-f0921c16b9e5,0.021917808219178082,0.7700999975204,7
38,61e07385-1800-e811-9414-f0921c16b9e5,0.024657534246575342,0.6665999889374,8
38,61e07385-1800-e811-9414-f0921c16b9e5,0.0273972602739726,0.5745000243187,9
38,61e07385-1800-e811-9414-f0921c16b9e5,0.030136986301369864,0.4952000081539,10
38,61e07385-1800-e811-9414-f0921c16b9e5,0.03287671232876712,0.4251999855042,11
38,61e07385-1800-e811-9414-f0921c16b9e5,0.03561643835616438,0.3625999987125,12
38,61e07385-1800-e811-9414-f0921c16b9e5,0.038356164383561646,0.3134999871254,13
38,61e07385-1800-e811-9414-f0921c16b9e5,0.0410958904109589,0.2689999938011,14
38,61e07385-1800-e811-9414-f0921c16b9e5,0.043835616438356165,0.2317000031471,15
38,61e07385-1800-e811-9414-f0921c16b9e5,0.04657534246575343,0.1988999992609,16
38,61e07385-1800-e811-9414-f0921c16b9e5,0.049315068493150684,0.1703999936581,17
38,61e07385-1800-e811-9414-f0921c16b9e5,0.052054794520547946,0.1459999978542,18
38,61e07385-1800-e811-9414-f0921c16b9e5,0.0547945205479452,0.1256999969482,19
38,61e07385-1800-e811-9414-f0921c16b9e5,0.057534246575342465,0.1108999997377,20
38,61e07385-1800-e811-9414-f0921c16b9e5,0.06027397260273973,0.09510000050068,21
38,61e07385-1800-e811-9414-f0921c16b9e5,0.06301369863013699,0.08129999786615,22
38,61e07385-1800-e811-9414-f0921c16b9e5,0.06575342465753424,0.07150000333786,23
38,61e07385-1800-e811-9414-f0921c16b9e5,0.0684931506849315,0.06040000170469,24
38,61e07385-1800-e811-9414-f0921c16b9e5,0.07123287671232877,0.0515000000596,25
38,61e07385-1800-e811-9414-f0921c16b9e5,0.07397260273972603,0.04600000008941,26
38,61e07385-1800-e811-9414-f0921c16b9e5,0.07671232876712329,0.03940000012517,27
38,61e07385-1800-e811-9414-f0921c16b9e5,0.07945205479452055,0.03469999879599,28
38,61e07385-1800-e811-9414-f0921c16b9e5,0.0821917808219178,0.02989999949932,29
38,61e07385-1800-e811-9414-f0921c16b9e5,0.08493150684931507,0.02590000070632,30
38,61e07385-1800-e811-9414-f0921c16b9e5,0.08767123287671233,0.02160000056028,31
38,61e07385-1800-e811-9414-f0921c16b9e5,0.09041095890410959,0.01860000006855,32
38,61e07385-1800-e811-9414-f0921c16b9e5,0.09315068493150686,0.01610000059009,33
38,61e07385-1800-e811-9414-f0921c16b9e5,0.0958904109589041,0.01389999967068,34
38,61e07385-1800-e811-9414-f0921c16b9e5,0.09863013698630137,0.01169999968261,35
38,61e07385-1800-e811-9414-f0921c16b9e5,0.10136986301369863,0.009999999776483,36
38,61e07385-1800-e811-9414-f0921c16b9e5,0.10410958904109589,0.009399999864399,37
38,61e07385-1800-e811-9414-f0921c16b9e5,0.10684931506849316,0.008500000461936,38
38,61e07385-1800-e811-9414-f0921c16b9e5,0.1095890410958904,0.006800000090152,39
38,61e07385-1800-e811-9414-f0921c16b9e5,0.11232876712328767,0.005799999926239,40
38,61e07385-1800-e811-9414-f0921c16b9e5,0.11506849315068493,0.004499999806285,41
38,61e07385-1800-e811-9414-f0921c16b9e5,0.1178082191780822,0.003700000001118,42
38,61e07385-1800-e811-9414-f0921c16b9e5,0.12054794520547946,0.003199999919161,43
38,61e07385-1800-e811-9414-f0921c16b9e5,0.1232876712328767,0.002600000007078,44
38,61e07385-1800-e811-9414-f0921c16b9e5,0.12602739726027398,0.002000000094995,45
38,61e07385-1800-e811-9414-f0921c16b9e5,0.12876712328767123,0.001700000022538,46
38,61e07385-1800-e811-9414-f0921c16b9e5,0.13150684931506848,0.001599999959581,47
38,61e07385-1800-e811-9414-f0921c16b9e5,0.13424657534246576,0.001599999959581,48
38,61e07385-1800-e811-9414-f0921c16b9e5,0.136986301369863,0.001500000013039,49
38,61e07385-1800-e811-9414-f0921c16b9e5,0.13972602739726028,0.001399999950081,50
38,61e07385-1800-e811-9414-f0921c16b9e5,0.14246575342465753,0.001200000056997,51
38,61e07385-1800-e811-9414-f0921c16b9e5,0.14520547945205478,0.00109999999404,52
38,61e07385-1800-e811-9414-f0921c16b9e5,0.14794520547945206,0.00089999998454,53
38,61e07385-1800-e811-9414-f0921c16b9e5,0.1506849315068493,0.00089999998454,54
38,61e07385-1800-e811-9414-f0921c16b9e5,0.15342465753424658,0.00089999998454,55
38,61e07385-1800-e811-9414-f0921c16b9e5,0.15616438356164383,0.0006999999750406,56
38,61e07385-1800-e811-9414-f0921c16b9e5,0.1589041095890411,0.0006000000284985,57
38,61e07385-1800-e811-9414-f0921c16b9e5,0.16164383561643836,0.0005000000237487,58
38,61e07385-1800-e811-9414-f0921c16b9e5,0.1643835616438356,0.0003000000142492,59
38,61e07385-1800-e811-9414-f0921c16b9e5,0.16712328767123288,9.999999747379e-05,60
38,61e07385-1800-e811-9414-f0921c16b9e5,0.16986301369863013,9.999999747379e-05,61
38,61e07385-1800-e811-9414-f0921c16b9e5,0.1726027397260274,9.999999747379e-05,62
38,61e07385-1800-e811-9414-f0921c16b9e5,0.17534246575342466,9.999999747379e-05,63
38,61e07385-1800-e811-9414-f0921c16b9e5,0.1780821917808219,9.999999747379e-05,64
38,61e07385-1800-e811-9414-f0921c16b9e5,0.18082191780821918,0.0,65
38,61e07385-1800-e811-9414-f0921c16b9e5,0.18356164383561643,0.0,66
38,61e07385-1800-e811-9414-f0921c16b9e5,0.1863013698630137,0.0,67
38,61e07385-1800-e811-9414-f0921c16b9e5,0.18904109589041096,0.0,68
38,61e07385-1800-e811-9414-f0921c16b9e5,0.1917808219178082,0.0,69
38,61e07385-1800-e811-9414-f0921c16b9e5,0.19452054794520549,0.0,70
38,61e07385-1800-e811-9414-f0921c16b9e5,0.19726027397260273,0.0,71
38,61e07385-1800-e811-9414-f0921c16b9e5,0.2,0.0,72
38,61e07385-1800-e811-9414-f0921c16b9e5,0.20273972602739726,0.0,73
38,61e07385-1800-e811-9414-f0921c16b9e5,0.2054794520547945,0.0,74
38,61e07385-1800-e811-9414-f0921c16b9e5,0.20821917808219179,0.0,75
38,61e07385-1800-e811-9414-f0921c16b9e5,0.21095890410958903,0.0,76
38,61e07385-1800-e811-9414-f0921c16b9e5,0.2136986301369863,0.0,77
38,61e07385-1800-e811-9414-f0921c16b9e5,0.21643835616438356,0.0,78
38,61e07385-1800-e811-9414-f0921c16b9e5,0.2191780821917808,0.0,79
38,61e07385-1800-e811-9414-f0921c16b9e5,0.2219178082191781,0.0,80
38,61e07385-1800-e811-9414-f0921c16b9e5,0.22465753424657534,0.0,81
38,61e07385-1800-e811-9414-f0921c16b9e5,0.2273972602739726,0.0,82
38,61e07385-1800-e811-9414-f0921c16b9e5,0.23013698630136986,0.0,83
38,61e07385-1800-e811-9414-f0921c16b9e5,0.2328767123287671,0.0,84
38,61e07385-1800-e811-9414-f0921c16b9e5,0.2356164383561644,0.0,85
38,61e07385-1800-e811-9414-f0921c16b9e5,0.23835616438356164,0.0,86
38,61e07385-1800-e811-9414-f0921c16b9e5,0.2410958904109589,0.0,87
38,61e07385-1800-e811-9414-f0921c16b9e5,0.24383561643835616,0.0,88
38,61e07385-1800-e811-9414-f0921c16b9e5,0.2465753424657534,0.0,89
39,60e07385-1800-e811-9414-f0921c16b9e5,0.0027397260273972603,0.0,0
39,60e07385-1800-e811-9414-f0921c16b9e5,0.005479452054794521,0.0007999999797903,1
39,60e07385-1800-e811-9414-f0921c16b9e5,0.00821917808219178,0.001599999959581,2
39,60e07385-1800-e811-9414-f0921c16b9e5,0.010958904109589041,0.002700000070035,3
39,60e07385-1800-e811-9414-f0921c16b9e5,0.0136986301369863,0.005799999926239,4
39,60e07385-1800-e811-9414-f0921c16b9e5,0.01643835616438356,0.01229999959469,5
39,60e07385-1800-e811-9414-f0921c16b9e5,0.019178082191780823,0.02339999936521,6
39,60e07385-1800-e811-9414-f0921c16b9e5,0.021917808219178082,0.04470000043511,7
39,60e07385-1800-e811-9414-f0921c16b9e5,0.024657534246575342,0.08380000293255,8
39,60e07385-1800-e811-9414-f0921c16b9e5,0.0273972602739726,0.1538999974728,9
39,60e07385-1800-e811-9414-f0921c16b9e5,0.030136986301369864,0.2619000077248,10
39,60e07385-1800-e811-9414-f0921c16b9e5,0.03287671232876712,0.406199991703,11
39,60e07385-1800-e811-9414-f0921c16b9e5,0.03561643835616438,0.5410000085831,12
39,60e07385-1800-e811-9414-f0921c16b9e5,0.038356164383561646,0.6292999982834,13
39,60e07385-1800-e811-9414-f0921c16b9e5,0.0410958904109589,0.6356999874115,14
39,60e07385-1800-e811-9414-f0921c16b9e5,0.043835616438356165,0.6108999848366,15
39,60e07385-1800-e811-9414-f0921c16b9e5,0.04657534246575343,0.5561000108719,16
39,60e07385-1800-e811-9414-f0921c16b9e5,0.049315068493150684,0.5001000165939,17
39,60e07385-1800-e811-9414-f0921c16b9e5,0.052054794520547946,0.443599998951,18
39,60e07385-1800-e811-9414-f0921c16b9e5,0.0547945205479452,0.3912000060081,19
39,60e07385-1800-e811-9414-f0921c16b9e5,0.057534246575342465,0.3445999920368,20
39,60e07385-1800-e811-9414-f0921c16b9e5,0.06027397260273973,0.3046999871731,21
39,60e07385-1800-e811-9414-f0921c16b9e5,0.06301369863013699,0.2671000063419,22
39,60e07385-1800-e811-9414-f0921c16b9e5,0.06575342465753424,0.235400006175,23
39,60e07385-1800-e811-9414-f0921c16b9e5,0.0684931506849315,0.2081000059843,24
39,60e07385-1800-e811-9414-f0921c16b9e5,0.07123287671232877,0.1808999925852,25
39,60e07385-1800-e811-9414-f0921c16b9e5,0.07397260273972603,0.1581999957561,26
39,60e07385-1800-e811-9414-f0921c16b9e5,0.07671232876712329,0.1374000012875,27
39,60e07385-1800-e811-9414-f0921c16b9e5,0.07945205479452055,0.1202000007033,28
39,60e07385-1800-e811-9414-f0921c16b9e5,0.0821917808219178,0.1061000004411,29
39,60e07385-1800-e811-9414-f0921c16b9e5,0.08493150684931507,0.09570000320673,30
39,60e07385-1800-e811-9414-f0921c16b9e5,0.08767123287671233,0.08349999785423,31
39,60e07385-1800-e811-9414-f0921c16b9e5,0.09041095890410959,0.07490000128746,32
39,60e07385-1800-e811-9414-f0921c16b9e5,0.09315068493150686,0.06400000303984,33
39,60e07385-1800-e811-9414-f0921c16b9e5,0.0958904109589041,0.05590000003576,34
39,60e07385-1800-e811-9414-f0921c16b9e5,0.09863013698630137,0.05000000074506,35
39,60e07385-1800-e811-9414-f0921c16b9e5,0.10136986301369863,0.04380000010133,36
39,60e07385-1800-e811-9414-f0921c16b9e5,0.10410958904109589,0.03860000148416,37
39,60e07385-1800-e811-9414-f0921c16b9e5,0.10684931506849316,0.03480000048876,38
39,60e07385-1800-e811-9414-f0921c16b9e5,0.1095890410958904,0.03060000017285,39
39,60e07385-1800-e811-9414-f0921c16b9e5,0.11232876712328767,0.0265999995172,40
39,60e07385-1800-e811-9414-f0921c16b9e5,0.11506849315068493,0.02390000037849,41
39,60e07385-1800-e811-9414-f0921c16b9e5,0.1178082191780822,0.0207000002265,42
39,60e07385-1800-e811-9414-f0921c16b9e5,0.12054794520547946,0.01840000040829,43
39,60e07385-1800-e811-9414-f0921c16b9e5,0.1232876712328767,0.01620000042021,44
39,60e07385-1800-e811-9414-f0921c16b9e5,0.12602739726027398,0.01470000017434,45
39,60e07385-1800-e811-9414-f0921c16b9e5,0.12876712328767123,0.0132999997586,46
39,60e07385-1800-e811-9414-f0921c16b9e5,0.13150684931506848,0.01200000010431,47
39,60e07385-1800-e811-9414-f0921c16b9e5,0.13424657534246576,0.01150000002235,48
39,60e07385-1800-e811-9414-f0921c16b9e5,0.136986301369863,0.009700000286102,49
39,60e07385-1800-e811-9414-f0921c16b9e5,0.13972602739726028,0.008399999700487,50
39,60e07385-1800-e811-9414-f0921c16b9e5,0.14246575342465753,0.007100000046194,51
39,60e07385-1800-e811-9414-f0921c16b9e5,0.14520547945205478,0.006099999882281,52
39,60e07385-1800-e811-9414-f0921c16b9e5,0.14794520547945206,0.004999999888241,53
39,60e07385-1800-e811-9414-f0921c16b9e5,0.1506849315068493,0.0046999999322,54
39,60e07385-1800-e811-9414-f0921c16b9e5,0.15342465753424658,0.004199999850243,55
39,60e07385-1800-e811-9414-f0921c16b9e5,0.15616438356164383,0.00359999993816,56
39,60e07385-1800-e811-9414-f0921c16b9e5,0.1589041095890411,0.003199999919161,57
39,60e07385-1800-e811-9414-f0921c16b9e5,0.16164383561643836,0.003100000089034,58
39,60e07385-1800-e811-9414-f0921c16b9e5,0.1643835616438356,0.002600000007078,59
39,60e07385-1800-e811-9414-f0921c16b9e5,0.16712328767123288,0.002099999925122,60
39,60e07385-1800-e811-9414-f0921c16b9e5,0.16986301369863013,0.001900000032037,61
39,60e07385-1800-e811-9414-f0921c16b9e5,0.1726027397260274,0.001599999959581,62
39,60e07385-1800-e811-9414-f0921c16b9e5,0.17534246575342466,0.001500000013039,63
39,60e07385-1800-e811-9414-f0921c16b9e5,0.1780821917808219,0.001200000056997,64
39,60e07385-1800-e811-9414-f0921c16b9e5,0.18082191780821918,0.00089999998454,65
39,60e07385-1800-e811-9414-f0921c16b9e5,0.18356164383561643,0.00089999998454,66
39,60e07385-1800-e811-9414-f0921c16b9e5,0.1863013698630137,0.0007999999797903,67
39,60e07385-1800-e811-9414-f0921c16b9e5,0.18904109589041096,0.0005000000237487,68
39,60e07385-1800-e811-9414-f0921c16b9e5,0.1917808219178082,0.0005000000237487,69
39,60e07385-1800-e811-9414-f0921c16b9e5,0.19452054794520549,0.0003999999898952,70
39,60e07385-1800-e811-9414-f0921c16b9e5,0.19726027397260273,0.0003000000142492,71
39,60e07385-1800-e811-9414-f0921c16b9e5,0.2,0.0003000000142492,72
39,60e07385-1800-e811-9414-f0921c16b9e5,0.20273972602739726,0.0003000000142492,73
39,60e07385-1800-e811-9414-f0921c16b9e5,0.2054794520547945,0.0003000000142492,74
39,60e07385-1800-e811-9414-f0921c16b9e5,0.20821917808219179,0.0003000000142492,75
39,60e07385-1800-e811-9414-f0921c16b9e5,0.21095890410958903,0.0001999999949476,76
39,60e07385-1800-e811-9414-f0921c16b9e5,0.2136986301369863,0.0001999999949476,77
39,60e07385-1800-e811-9414-f0921c16b9e5,0.21643835616438356,9.999999747379e-05,78
39,60e07385-1800-e811-9414-f0921c16b9e5,0.2191780821917808,9.999999747379e-05,79
39,60e07385-1800-e811-9414-f0921c16b9e5,0.2219178082191781,0.0,80
39,60e07385-1800-e811-9414-f0921c16b9e5,0.22465753424657534,0.0,81
39,60e07385-1800-e811-9414-f0921c16b9e5,0.2273972602739726,0.0,82
39,60e07385-1800-e811-9414-f0921c16b9e5,0.23013698630136986,0.0,83
39,60e07385-1800-e811-9414-f0921c16b9e5,0.2328767123287671,0.0,84
39,60e07385-1800-e811-9414-f0921c16b9e5,0.2356164383561644,0.0,85
39,60e07385-1800-e811-9414-f0921c16b9e5,0.23835616438356164,0.0,86
39,60e07385-1800-e811-9414-f0921c16b9e5,0.2410958904109589,0.0,87
39,60e07385-1800-e811-9414-f0921c16b9e5,0.24383561643835616,0.0,88
39,60e07385-1800-e811-9414-f0921c16b9e5,0.2465753424657534,0.0,89
40,5fe07385-1800-e811-9414-f0921c16b9e5,0.0027397260273972603,0.0,0
40,5fe07385-1800-e811-9414-f0921c16b9e5,0.005479452054794521,0.0003000000142492,1
40,5fe07385-1800-e811-9414-f0921c16b9e5,0.00821917808219178,0.0003999999898952,2
40,5fe07385-1800-e811-9414-f0921c16b9e5,0.010958904109589041,0.00089999998454,3
40,5fe07385-1800-e811-9414-f0921c16b9e5,0.0136986301369863,0.001599999959581,4
40,5fe07385-1800-e811-9414-f0921c16b9e5,0.01643835616438356,0.003199999919161,5
40,5fe07385-1800-e811-9414-f0921c16b9e5,0.019178082191780823,0.00650000013411,6
40,5fe07385-1800-e811-9414-f0921c16b9e5,0.021917808219178082,0.01219999976456,7
40,5fe07385-1800-e811-9414-f0921c16b9e5,0.024657534246575342,0.02190000005066,8
40,5fe07385-1800-e811-9414-f0921c16b9e5,0.0273972602739726,0.04039999842644,9
40,5fe07385-1800-e811-9414-f0921c16b9e5,0.030136986301369864,0.07400000095367,10
40,5fe07385-1800-e811-9414-f0921c16b9e5,0.03287671232876712,0.1275999993086,11
40,5fe07385-1800-e811-9414-f0921c16b9e5,0.03561643835616438,0.2131000012159,12
40,5fe07385-1800-e811-9414-f0921c16b9e5,0.038356164383561646,0.3336000144482,13
40,5fe07385-1800-e811-9414-f0921c16b9e5,0.0410958904109589,0.4632999897003,14
40,5fe07385-1800-e811-9414-f0921c16b9e5,0.043835616438356165,0.5451999902725,15
40,5fe07385-1800-e811-9414-f0921c16b9e5,0.04657534246575343,0.5698999762535,16
40,5fe07385-1800-e811-9414-f0921c16b9e5,0.049315068493150684,0.5397999882698,17
40,5fe07385-1800-e811-9414-f0921c16b9e5,0.052054794520547946,0.4830999970436,18
40,5fe07385-1800-e811-9414-f0921c16b9e5,0.0547945205479452,0.4287000000477,19
40,5fe07385-1800-e811-9414-f0921c16b9e5,0.057534246575342465,0.3679000139236,20
40,5fe07385-1800-e811-9414-f0921c16b9e5,0.06027397260273973,0.3156000077724,21
40,5fe07385-1800-e811-9414-f0921c16b9e5,0.06301369863013699,0.2673000097275,22
40,5fe07385-1800-e811-9414-f0921c16b9e5,0.06575342465753424,0.2270999997854,23
40,5fe07385-1800-e811-9414-f0921c16b9e5,0.0684931506849315,0.1909999996424,24
40,5fe07385-1800-e811-9414-f0921c16b9e5,0.07123287671232877,0.1590999960899,25
40,5fe07385-1800-e811-9414-f0921c16b9e5,0.07397260273972603,0.1352999955416,26
40,5fe07385-1800-e811-9414-f0921c16b9e5,0.07671232876712329,0.1116999983788,27
40,5fe07385-1800-e811-9414-f0921c16b9e5,0.07945205479452055,0.09239999949932,28
40,5fe07385-1800-e811-9414-f0921c16b9e5,0.0821917808219178,0.07720000296831,29
40,5fe07385-1800-e811-9414-f0921c16b9e5,0.08493150684931507,0.06620000302792,30
40,5fe07385-1800-e811-9414-f0921c16b9e5,0.08767123287671233,0.05559999868274,31
40,5fe07385-1800-e811-9414-f0921c16b9e5,0.09041095890410959,0.04659999907017,32
40,5fe07385-1800-e811-9414-f0921c16b9e5,0.09315068493150686,0.03860000148416,33
40,5fe07385-1800-e811-9414-f0921c16b9e5,0.0958904109589041,0.03139999881387,34
40,5fe07385-1800-e811-9414-f0921c16b9e5,0.09863013698630137,0.02669999934733,35
40,5fe07385-1800-e811-9414-f0921c16b9e5,0.10136986301369863,0.02199999988079,36
40,5fe07385-1800-e811-9414-f0921c16b9e5,0.10410958904109589,0.01860000006855,37
40,5fe07385-1800-e811-9414-f0921c16b9e5,0.10684931506849316,0.01579999923706,38
40,5fe07385-1800-e811-9414-f0921c16b9e5,0.1095890410958904,0.01339999958873,39
40,5fe07385-1800-e811-9414-f0921c16b9e5,0.11232876712328767,0.0109999999404,40
40,5fe07385-1800-e811-9414-f0921c16b9e5,0.11506849315068493,0.008600000292063,41
40,5fe07385-1800-e811-9414-f0921c16b9e5,0.1178082191780822,0.007499999832362,42
40,5fe07385-1800-e811-9414-f0921c16b9e5,0.12054794520547946,0.00650000013411,43
40,5fe07385-1800-e811-9414-f0921c16b9e5,0.1232876712328767,0.005700000096112,44
40,5fe07385-1800-e811-9414-f0921c16b9e5,0.12602739726027398,0.004600000102073,45
40,5fe07385-1800-e811-9414-f0921c16b9e5,0.12876712328767123,0.003400000045076,46
40,5fe07385-1800-e811-9414-f0921c16b9e5,0.13150684931506848,0.002600000007078,47
40,5fe07385-1800-e811-9414-f0921c16b9e5,0.13424657534246576,0.002400000113994,48
40,5fe07385-1800-e811-9414-f0921c16b9e5,0.136986301369863,0.002000000094995,49
40,5fe07385-1800-e811-9414-f0921c16b9e5,0.13972602739726028,0.001700000022538,50
40,5fe07385-1800-e811-9414-f0921c16b9e5,0.14246575342465753,0.001599999959581,51
40,5fe07385-1800-e811-9414-f0921c16b9e5,0.14520547945205478,0.00089999998454,52
40,5fe07385-1800-e811-9414-f0921c16b9e5,0.14794520547945206,0.0006999999750406,53
40,5fe07385-1800-e811-9414-f0921c16b9e5,0.1506849315068493,0.0005000000237487,54
40,5fe07385-1800-e811-9414-f0921c16b9e5,0.15342465753424658,0.0003999999898952,55
40,5fe07385-1800-e811-9414-f0921c16b9e5,0.15616438356164383,0.0003000000142492,56
40,5fe07385-1800-e811-9414-f0921c16b9e5,0.1589041095890411,9.999999747379e-05,57
40,5fe07385-1800-e811-9414-f0921c16b9e5,0.16164383561643836,9.999999747379e-05,58
40,5fe07385-1800-e811-9414-f0921c16b9e5,0.1643835616438356,9.999999747379e-05,59
40,5fe07385-1800-e811-9414-f0921c16b9e5,0.16712328767123288,9.999999747379e-05,60
40,5fe07385-1800-e811-9414-f0921c16b9e5,0.16986301369863013,9.999999747379e-05,61
40,5fe07385-1800-e811-9414-f0921c16b9e5,0.1726027397260274,0.0,62
40,5fe07385-1800-e811-9414-f0921c16b9e5,0.17534246575342466,0.0,63
40,5fe07385-1800-e811-9414-f0921c16b9e5,0.1780821917808219,0.0,64
40,5fe07385-1800-e811-9414-f0921c16b9e5,0.18082191780821918,0.0,65
40,5fe07385-1800-e811-9414-f0921c16b9e5,0.18356164383561643,0.0,66
40,5fe07385-1800-e811-9414-f0921c16b9e5,0.1863013698630137,0.0,67
40,5fe07385-1800-e811-9414-f0921c16b9e5,0.18904109589041096,0.0,68
40,5fe07385-1800-e811-9414-f0921c16b9e5,0.1917808219178082,0.0,69
40,5fe07385-1800-e811-9414-f0921c16b9e5,0.19452054794520549,0.0,70
40,5fe07385-1800-e811-9414-f0921c16b9e5,0.19726027397260273,0.0,71
40,5fe07385-1800-e811-9414-f0921c16b9e5,0.2,0.0,72
40,5fe07385-1800-e811-9414-f0921c16b9e5,0.20273972602739726,0.0,73
40,5fe07385-1800-e811-9414-f0921c16b9e5,0.2054794520547945,0.0,74
40,5fe07385-1800-e811-9414-f0921c16b9e5,0.20821917808219179,0.0,75
40,5fe07385-1800-e811-9414-f0921c16b9e5,0.21095890410958903,0.0,76
40,5fe07385-1800-e811-9414-f0921c16b9e5,0.2136986301369863,0.0,77
40,5fe07385-1800-e811-9414-f0921c16b9e5,0.21643835616438356,0.0,78
40,5fe07385-1800-e811-9414-f0921c16b9e5,0.2191780821917808,0.0,79
40,5fe07385-1800-e811-9414-f0921c16b9e5,0.2219178082191781,0.0,80
40,5fe07385-1800-e811-9414-f0921c16b9e5,0.22465753424657534,0.0,81
40,5fe07385-1800-e811-9414-f0921c16b9e5,0.2273972602739726,0.0,82
40,5fe07385-1800-e811-9414-f0921c16b9e5,0.23013698630136986,0.0,83
40,5fe07385-1800-e811-9414-f0921c16b9e5,0.2328767123287671,0.0,84
40,5fe07385-1800-e811-9414-f0921c16b9e5,0.2356164383561644,0.0,85
40,5fe07385-1800-e811-9414-f0921c16b9e5,0.23835616438356164,0.0,86
40,5fe07385-1800-e811-9414-f0921c16b9e5,0.2410958904109589,0.0,87
40,5fe07385-1800-e811-9414-f0921c16b9e5,0.24383561643835616,0.0,88
40,5fe07385-1800-e811-9414-f0921c16b9e5,0.2465753424657534,0.0,89
41,5ee07385-1800-e811-9414-f0921c16b9e5,0.0027397260273972603,0.0,0
41,5ee07385-1800-e811-9414-f0921c16b9e5,0.005479452054794521,0.0001999999949476,1
41,5ee07385-1800-e811-9414-f0921c16b9e5,0.00821917808219178,0.0003000000142492,2
41,5ee07385-1800-e811-9414-f0921c16b9e5,0.010958904109589041,0.0003999999898952,3
41,5ee07385-1800-e811-9414-f0921c16b9e5,0.0136986301369863,0.0003000000142492,4
41,5ee07385-1800-e811-9414-f0921c16b9e5,0.01643835616438356,0.0003999999898952,5
41,5ee07385-1800-e811-9414-f0921c16b9e5,0.019178082191780823,0.0003999999898952,6
41,5ee07385-1800-e811-9414-f0921c16b9e5,0.021917808219178082,0.0005000000237487,7
41,5ee07385-1800-e811-9414-f0921c16b9e5,0.024657534246575342,0.0001999999949476,8
41,5ee07385-1800-e811-9414-f0921c16b9e5,0.0273972602739726,0.0001999999949476,9
41,5ee07385-1800-e811-9414-f0921c16b9e5,0.030136986301369864,0.0001999999949476,10
41,5ee07385-1800-e811-9414-f0921c16b9e5,0.03287671232876712,0.0003000000142492,11
41,5ee07385-1800-e811-9414-f0921c16b9e5,0.03561643835616438,0.0003999999898952,12
41,5ee07385-1800-e811-9414-f0921c16b9e5,0.038356164383561646,0.0003000000142492,13
41,5ee07385-1800-e811-9414-f0921c16b9e5,0.0410958904109589,0.0001999999949476,14
41,5ee07385-1800-e811-9414-f0921c16b9e5,0.043835616438356165,9.999999747379e-05,15
41,5ee07385-1800-e811-9414-f0921c16b9e5,0.04657534246575343,0.0001999999949476,16
41,5ee07385-1800-e811-9414-f0921c16b9e5,0.049315068493150684,0.0003000000142492,17
41,5ee07385-1800-e811-9414-f0921c16b9e5,0.052054794520547946,0.0005000000237487,18
41,5ee07385-1800-e811-9414-f0921c16b9e5,0.0547945205479452,0.00089999998454,19
41,5ee07385-1800-e811-9414-f0921c16b9e5,0.057534246575342465,0.001000000047497,20
41,5ee07385-1800-e811-9414-f0921c16b9e5,0.06027397260273973,0.00179999996908,21
41,5ee07385-1800-e811-9414-f0921c16b9e5,0.06301369863013699,0.002199999988079,22
41,5ee07385-1800-e811-9414-f0921c16b9e5,0.06575342465753424,0.002600000007078,23
41,5ee07385-1800-e811-9414-f0921c16b9e5,0.0684931506849315,0.002400000113994,24
41,5ee07385-1800-e811-9414-f0921c16b9e5,0.07123287671232877,0.002799999900162,25
41,5ee07385-1800-e811-9414-f0921c16b9e5,0.07397260273972603,0.00289999996312,26
41,5ee07385-1800-e811-9414-f0921c16b9e5,0.07671232876712329,0.002600000007078,27
41,5ee07385-1800-e811-9414-f0921c16b9e5,0.07945205479452055,0.003100000089034,28
41,5ee07385-1800-e811-9414-f0921c16b9e5,0.0821917808219178,0.003199999919161,29
41,5ee07385-1800-e811-9414-f0921c16b9e5,0.08493150684931507,0.003500000108033,30
41,5ee07385-1800-e811-9414-f0921c16b9e5,0.08767123287671233,0.003500000108033,31
41,5ee07385-1800-e811-9414-f0921c16b9e5,0.09041095890410959,0.004300000146031,32
41,5ee07385-1800-e811-9414-f0921c16b9e5,0.09315068493150686,0.004999999888241,33
41,5ee07385-1800-e811-9414-f0921c16b9e5,0.0958904109589041,0.005799999926239,34
41,5ee07385-1800-e811-9414-f0921c16b9e5,0.09863013698630137,0.007100000046194,35
41,5ee07385-1800-e811-9414-f0921c16b9e5,0.10136986301369863,0.00789999961853,36
41,5ee07385-1800-e811-9414-f0921c16b9e5,0.10410958904109589,0.00870000012219,37
41,5ee07385-1800-e811-9414-f0921c16b9e5,0.10684931506849316,0.01009999960661,38
41,5ee07385-1800-e811-9414-f0921c16b9e5,0.1095890410958904,0.01260000001639,39
41,5ee07385-1800-e811-9414-f0921c16b9e5,0.11232876712328767,0.01400000043213,40
41,5ee07385-1800-e811-9414-f0921c16b9e5,0.11506849315068493,0.01549999974668,41
41,5ee07385-1800-e811-9414-f0921c16b9e5,0.1178082191780822,0.01759999990463,42
41,5ee07385-1800-e811-9414-f0921c16b9e5,0.12054794520547946,0.0187999997288,43
41,5ee07385-1800-e811-9414-f0921c16b9e5,0.1232876712328767,0.021099999547,44
41,5ee07385-1800-e811-9414-f0921c16b9e5,0.12602739726027398,0.02400000020862,45
41,5ee07385-1800-e811-9414-f0921c16b9e5,0.12876712328767123,0.02749999985099,46
41,5ee07385-1800-e811-9414-f0921c16b9e5,0.13150684931506848,0.03249999880791,47
41,5ee07385-1800-e811-9414-f0921c16b9e5,0.13424657534246576,0.03739999979734,48
41,5ee07385-1800-e811-9414-f0921c16b9e5,0.136986301369863,0.04259999841452,49
41,5ee07385-1800-e811-9414-f0921c16b9e5,0.13972602739726028,0.04919999837875,50
41,5ee07385-1800-e811-9414-f0921c16b9e5,0.14246575342465753,0.05629999935627,51
41,5ee07385-1800-e811-9414-f0921c16b9e5,0.14520547945205478,0.06459999829531,52
41,5ee07385-1800-e811-9414-f0921c16b9e5,0.14794520547945206,0.07259999960661,53
41,5ee07385-1800-e811-9414-f0921c16b9e5,0.1506849315068493,0.07620000094175,54
41,5ee07385-1800-e811-9414-f0921c16b9e5,0.15342465753424658,0.083599999547,55
41,5ee07385-1800-e811-9414-f0921c16b9e5,0.15616438356164383,0.08990000188351,56
41,5ee07385-1800-e811-9414-f0921c16b9e5,0.1589041095890411,0.09340000152588,57
41,5ee07385-1800-e811-9414-f0921c16b9e5,0.16164383561643836,0.09539999812841,58
41,5ee07385-1800-e811-9414-f0921c16b9e5,0.1643835616438356,0.09960000216961,59
41,5ee07385-1800-e811-9414-f0921c16b9e5,0.16712328767123288,0.1072999984026,60
41,5ee07385-1800-e811-9414-f0921c16b9e5,0.16986301369863013,0.1083000004292,61
41,5ee07385-1800-e811-9414-f0921c16b9e5,0.1726027397260274,0.1096000000834,62
41,5ee07385-1800-e811-9414-f0921c16b9e5,0.17534246575342466,0.106299996376,63
41,5ee07385-1800-e811-9414-f0921c16b9e5,0.1780821917808219,0.1020999997854,64
41,5ee07385-1800-e811-9414-f0921c16b9e5,0.18082191780821918,0.09640000015497,65
41,5ee07385-1800-e811-9414-f0921c16b9e5,0.18356164383561643,0.09420000016689,66
41,5ee07385-1800-e811-9414-f0921c16b9e5,0.1863013698630137,0.08739999681711,67
41,5ee07385-1800-e811-9414-f0921c16b9e5,0.18904109589041096,0.08269999921322,68
41,5ee07385-1800-e811-9414-f0921c16b9e5,0.1917808219178082,0.0785000026226,69
41,5ee07385-1800-e811-9414-f0921c16b9e5,0.19452054794520549,0.0722000002861,70
41,5ee07385-1800-e811-9414-f0921c16b9e5,0.19726027397260273,0.0658999979496,71
41,5ee07385-1800-e811-9414-f0921c16b9e5,0.2,0.06030000001192,72
41,5ee07385-1800-e811-9414-f0921c16b9e5,0.20273972602739726,0.05519999936223,73
41,5ee07385-1800-e811-9414-f0921c16b9e5,0.2054794520547945,0.04930000007153,74
41,5ee07385-1800-e811-9414-f0921c16b9e5,0.20821917808219179,0.04320000112057,75
41,5ee07385-1800-e811-9414-f0921c16b9e5,0.21095890410958903,0.03750000149012,76
41,5ee07385-1800-e811-9414-f0921c16b9e5,0.2136986301369863,0.03310000151396,77
41,5ee07385-1800-e811-9414-f0921c16b9e5,0.21643835616438356,0.03299999982119,78
41,5ee07385-1800-e811-9414-f0921c16b9e5,0.2191780821917808,0.02969999983907,79
41,5ee07385-1800-e811-9414-f0921c16b9e5,0.2219178082191781,0.02500000037253,80
41,5ee07385-1800-e811-9414-f0921c16b9e5,0.22465753424657534,0.02190000005066,81
41,5ee07385-1800-e811-9414-f0921c16b9e5,0.2273972602739726,0.01950000040233,82
41,5ee07385-1800-e811-9414-f0921c16b9e5,0.23013698630136986,0.01759999990463,83
41,5ee07385-1800-e811-9414-f0921c16b9e5,0.2328767123287671,0.01539999991655,84
41,5ee07385-1800-e811-9414-f0921c16b9e5,0.2356164383561644,0.01389999967068,85
41,5ee07385-1800-e811-9414-f0921c16b9e5,0.23835616438356164,0.01269999984652,86
41,5ee07385-1800-e811-9414-f0921c16b9e5,0.2410958904109589,0.01080000028014,87
41,5ee07385-1800-e811-9414-f0921c16b9e5,0.24383561643835616,0.01049999985844,88
41,5ee07385-1800-e811-9414-f0921c16b9e5,0.2465753424657534,0.009600000455976,89
42,5de07385-1800-e811-9414-f0921c16b9e5,0.0027397260273972603,0.0,0
42,5de07385-1800-e811-9414-f0921c16b9e5,0.005479452054794521,0.0005000000237487,1
42,5de07385-1800-e811-9414-f0921c16b9e5,0.00821917808219178,0.0007999999797903,2
42,5de07385-1800-e811-9414-f0921c16b9e5,0.010958904109589041,0.001300000003539,3
42,5de07385-1800-e811-9414-f0921c16b9e5,0.0136986301369863,0.002000000094995,4
42,5de07385-1800-e811-9414-f0921c16b9e5,0.01643835616438356,0.003100000089034,5
42,5de07385-1800-e811-9414-f0921c16b9e5,0.019178082191780823,0.0046999999322,6
42,5de07385-1800-e811-9414-f0921c16b9e5,0.021917808219178082,0.006699999794364,7
42,5de07385-1800-e811-9414-f0921c16b9e5,0.024657534246575342,0.00829999987036,8
42,5de07385-1800-e811-9414-f0921c16b9e5,0.0273972602739726,0.01059999968857,9
42,5de07385-1800-e811-9414-f0921c16b9e5,0.030136986301369864,0.01410000026226,10
42,5de07385-1800-e811-9414-f0921c16b9e5,0.03287671232876712,0.02009999938309,11
42,5de07385-1800-e811-9414-f0921c16b9e5,0.03561643835616438,0.02700000070035,12
42,5de07385-1800-e811-9414-f0921c16b9e5,0.038356164383561646,0.03469999879599,13
42,5de07385-1800-e811-9414-f0921c16b9e5,0.0410958904109589,0.04639999940991,14
42,5de07385-1800-e811-9414-f0921c16b9e5,0.043835616438356165,0.06449999660254,15
42,5de07385-1800-e811-9414-f0921c16b9e5,0.04657534246575343,0.08680000156164,16
42,5de07385-1800-e811-9414-f0921c16b9e5,0.049315068493150684,0.1120999976993,17
42,5de07385-1800-e811-9414-f0921c16b9e5,0.052054794520547946,0.1436000019312,18
42,5de07385-1800-e811-9414-f0921c16b9e5,0.0547945205479452,0.1835999935865,19
42,5de07385-1800-e811-9414-f0921c16b9e5,0.057534246575342465,0.2233999967575,20
42,5de07385-1800-e811-9414-f0921c16b9e5,0.06027397260273973,0.2572000026703,21
42,5de07385-1800-e811-9414-f0921c16b9e5,0.06301369863013699,0.2912999987602,22
42,5de07385-1800-e811-9414-f0921c16b9e5,0.06575342465753424,0.3183000087738,23
42,5de07385-1800-e811-9414-f0921c16b9e5,0.0684931506849315,0.3443999886513,24
42,5de07385-1800-e811-9414-f0921c16b9e5,0.07123287671232877,0.358000010252,25
42,5de07385-1800-e811-9414-f0921c16b9e5,0.07397260273972603,0.3600000143051,26
42,5de07385-1800-e811-9414-f0921c16b9e5,0.07671232876712329,0.3576000034809,27
42,5de07385-1800-e811-9414-f0921c16b9e5,0.07945205479452055,0.343699991703,28
42,5de07385-1800-e811-9414-f0921c16b9e5,0.0821917808219178,0.3269999921322,29
42,5de07385-1800-e811-9414-f0921c16b9e5,0.08493150684931507,0.3050000071526,30
42,5de07385-1800-e811-9414-f0921c16b9e5,0.08767123287671233,0.282900005579,31
42,5de07385-1800-e811-9414-f0921c16b9e5,0.09041095890410959,0.2579999864101,32
42,5de07385-1800-e811-9414-f0921c16b9e5,0.09315068493150686,0.2330999970436,33
42,5de07385-1800-e811-9414-f0921c16b9e5,0.0958904109589041,0.2094999998808,34
42,5de07385-1800-e811-9414-f0921c16b9e5,0.09863013698630137,0.1861000061035,35
42,5de07385-1800-e811-9414-f0921c16b9e5,0.10136986301369863,0.1657000035048,36
42,5de07385-1800-e811-9414-f0921c16b9e5,0.10410958904109589,0.1504999995232,37
42,5de07385-1800-e811-9414-f0921c16b9e5,0.10684931506849316,0.1336999982595,38
42,5de07385-1800-e811-9414-f0921c16b9e5,0.1095890410958904,0.1171000003815,39
42,5de07385-1800-e811-9414-f0921c16b9e5,0.11232876712328767,0.1030000001192,40
42,5de07385-1800-e811-9414-f0921c16b9e5,0.11506849315068493,0.09030000120401,41
42,5de07385-1800-e811-9414-f0921c16b9e5,0.1178082191780822,0.07890000194311,42
42,5de07385-1800-e811-9414-f0921c16b9e5,0.12054794520547946,0.07029999792576,43
42,5de07385-1800-e811-9414-f0921c16b9e5,0.1232876712328767,0.06159999966621,44
42,5de07385-1800-e811-9414-f0921c16b9e5,0.12602739726027398,0.055300001055,45
42,5de07385-1800-e811-9414-f0921c16b9e5,0.12876712328767123,0.04760000109673,46
42,5de07385-1800-e811-9414-f0921c16b9e5,0.13150684931506848,0.04239999875426,47
42,5de07385-1800-e811-9414-f0921c16b9e5,0.13424657534246576,0.03550000116229,48
42,5de07385-1800-e811-9414-f0921c16b9e5,0.136986301369863,0.02920000068843,49
42,5de07385-1800-e811-9414-f0921c16b9e5,0.13972602739726028,0.02679999917746,50
42,5de07385-1800-e811-9414-f0921c16b9e5,0.14246575342465753,0.02370000071824,51
42,5de07385-1800-e811-9414-f0921c16b9e5,0.14520547945205478,0.02209999971092,52
42,5de07385-1800-e811-9414-f0921c16b9e5,0.14794520547945206,0.01930000074208,53
42,5de07385-1800-e811-9414-f0921c16b9e5,0.1506849315068493,0.01720000058413,54
42,5de07385-1800-e811-9414-f0921c16b9e5,0.15342465753424658,0.01470000017434,55
42,5de07385-1800-e811-9414-f0921c16b9e5,0.15616438356164383,0.01240000035614,56
42,5de07385-1800-e811-9414-f0921c16b9e5,0.1589041095890411,0.01059999968857,57
42,5de07385-1800-e811-9414-f0921c16b9e5,0.16164383561643836,0.009200000204146,58
42,5de07385-1800-e811-9414-f0921c16b9e5,0.1643835616438356,0.008799999952316,59
42,5de07385-1800-e811-9414-f0921c16b9e5,0.16712328767123288,0.00760000012815,60
42,5de07385-1800-e811-9414-f0921c16b9e5,0.16986301369863013,0.006599999964237,61
42,5de07385-1800-e811-9414-f0921c16b9e5,0.1726027397260274,0.005700000096112,62
42,5de07385-1800-e811-9414-f0921c16b9e5,0.17534246575342466,0.005299999844283,63
42,5de07385-1800-e811-9414-f0921c16b9e5,0.1780821917808219,0.004800000227988,64
42,5de07385-1800-e811-9414-f0921c16b9e5,0.18082191780821918,0.004199999850243,65
42,5de07385-1800-e811-9414-f0921c16b9e5,0.18356164383561643,0.00359999993816,66
42,5de07385-1800-e811-9414-f0921c16b9e5,0.1863013698630137,0.003100000089034,67
42,5de07385-1800-e811-9414-f0921c16b9e5,0.18904109589041096,0.003100000089034,68
42,5de07385-1800-e811-9414-f0921c16b9e5,0.1917808219178082,0.00289999996312,69
42,5de07385-1800-e811-9414-f0921c16b9e5,0.19452054794520549,0.002499999944121,70
42,5de07385-1800-e811-9414-f0921c16b9e5,0.19726027397260273,0.002199999988079,71
42,5de07385-1800-e811-9414-f0921c16b9e5,0.2,0.001599999959581,72
42,5de07385-1800-e811-9414-f0921c16b9e5,0.20273972602739726,0.001399999950081,73
42,5de07385-1800-e811-9414-f0921c16b9e5,0.2054794520547945,0.001000000047497,74
42,5de07385-1800-e811-9414-f0921c16b9e5,0.20821917808219179,0.0007999999797903,75
42,5de07385-1800-e811-9414-f0921c16b9e5,0.21095890410958903,0.0007999999797903,76
42,5de07385-1800-e811-9414-f0921c16b9e5,0.2136986301369863,0.00089999998454,77
42,5de07385-1800-e811-9414-f0921c16b9e5,0.21643835616438356,0.0006000000284985,78
42,5de07385-1800-e811-9414-f0921c16b9e5,0.2191780821917808,0.0005000000237487,79
42,5de07385-1800-e811-9414-f0921c16b9e5,0.2219178082191781,0.0005000000237487,80
42,5de07385-1800-e811-9414-f0921c16b9e5,0.22465753424657534,0.0003999999898952,81
42,5de07385-1800-e811-9414-f0921c16b9e5,0.2273972602739726,0.0003000000142492,82
42,5de07385-1800-e811-9414-f0921c16b9e5,0.23013698630136986,0.0003000000142492,83
42,5de07385-1800-e811-9414-f0921c16b9e5,0.2328767123287671,0.0003000000142492,84
42,5de07385-1800-e811-9414-f0921c16b9e5,0.2356164383561644,0.0003000000142492,85
42,5de07385-1800-e811-9414-f0921c16b9e5,0.23835616438356164,0.0003000000142492,86
42,5de07385-1800-e811-9414-f0921c16b9e5,0.2410958904109589,0.0003000000142492,87
42,5de07385-1800-e811-9414-f0921c16b9e5,0.24383561643835616,0.0003000000142492,88
42,5de07385-1800-e811-9414-f0921c16b9e5,0.2465753424657534,0.0001999999949476,89
43,5ce07385-1800-e811-9414-f0921c16b9e5,0.0027397260273972603,0.0,0
43,5ce07385-1800-e811-9414-f0921c16b9e5,0.005479452054794521,0.00089999998454,1
43,5ce07385-1800-e811-9414-f0921c16b9e5,0.00821917808219178,0.00109999999404,2
43,5ce07385-1800-e811-9414-f0921c16b9e5,0.010958904109589041,0.001200000056997,3
43,5ce07385-1800-e811-9414-f0921c16b9e5,0.0136986301369863,0.001700000022538,4
43,5ce07385-1800-e811-9414-f0921c16b9e5,0.01643835616438356,0.002199999988079,5
43,5ce07385-1800-e811-9414-f0921c16b9e5,0.019178082191780823,0.003299999982119,6
43,5ce07385-1800-e811-9414-f0921c16b9e5,0.021917808219178082,0.004399999976158,7
43,5ce07385-1800-e811-9414-f0921c16b9e5,0.024657534246575342,0.006099999882281,8
43,5ce07385-1800-e811-9414-f0921c16b9e5,0.0273972602739726,0.007300000172108,9
43,5ce07385-1800-e811-9414-f0921c16b9e5,0.030136986301369864,0.01119999960065,10
43,5ce07385-1800-e811-9414-f0921c16b9e5,0.03287671232876712,0.01439999975264,11
43,5ce07385-1800-e811-9414-f0921c16b9e5,0.03561643835616438,0.01860000006855,12
43,5ce07385-1800-e811-9414-f0921c16b9e5,0.038356164383561646,0.02569999918342,13
43,5ce07385-1800-e811-9414-f0921c16b9e5,0.0410958904109589,0.03260000050068,14
43,5ce07385-1800-e811-9414-f0921c16b9e5,0.043835616438356165,0.0401000007987,15
43,5ce07385-1800-e811-9414-f0921c16b9e5,0.04657534246575343,0.04989999905229,16
43,5ce07385-1800-e811-9414-f0921c16b9e5,0.049315068493150684,0.06499999761581,17
43,5ce07385-1800-e811-9414-f0921c16b9e5,0.052054794520547946,0.08449999988079,18
43,5ce07385-1800-e811-9414-f0921c16b9e5,0.0547945205479452,0.1054000034928,19
43,5ce07385-1800-e811-9414-f0921c16b9e5,0.057534246575342465,0.1331000030041,20
43,5ce07385-1800-e811-9414-f0921c16b9e5,0.06027397260273973,0.1622000038624,21
43,5ce07385-1800-e811-9414-f0921c16b9e5,0.06301369863013699,0.1964000016451,22
43,5ce07385-1800-e811-9414-f0921c16b9e5,0.06575342465753424,0.2320999950171,23
43,5ce07385-1800-e811-9414-f0921c16b9e5,0.0684931506849315,0.2736999988556,24
43,5ce07385-1800-e811-9414-f0921c16b9e5,0.07123287671232877,0.3122999966145,25
43,5ce07385-1800-e811-9414-f0921c16b9e5,0.07397260273972603,0.3459999859333,26
43,5ce07385-1800-e811-9414-f0921c16b9e5,0.07671232876712329,0.3749000132084,27
43,5ce07385-1800-e811-9414-f0921c16b9e5,0.07945205479452055,0.3912999927998,28
43,5ce07385-1800-e811-9414-f0921c16b9e5,0.0821917808219178,0.4054999947548,29
43,5ce07385-1800-e811-9414-f0921c16b9e5,0.08493150684931507,0.415499985218,30
43,5ce07385-1800-e811-9414-f0921c16b9e5,0.08767123287671233,0.4122000038624,31
43,5ce07385-1800-e811-9414-f0921c16b9e5,0.09041095890410959,0.4068000018597,32
43,5ce07385-1800-e811-9414-f0921c16b9e5,0.09315068493150686,0.3964999914169,33
43,5ce07385-1800-e811-9414-f0921c16b9e5,0.0958904109589041,0.381099998951,34
43,5ce07385-1800-e811-9414-f0921c16b9e5,0.09863013698630137,0.358000010252,35
43,5ce07385-1800-e811-9414-f0921c16b9e5,0.10136986301369863,0.3368000090122,36
43,5ce07385-1800-e811-9414-f0921c16b9e5,0.10410958904109589,0.3152000010014,37
43,5ce07385-1800-e811-9414-f0921c16b9e5,0.10684931506849316,0.29390001297,38
43,5ce07385-1800-e811-9414-f0921c16b9e5,0.1095890410958904,0.2788000106812,39
43,5ce07385-1800-e811-9414-f0921c16b9e5,0.11232876712328767,0.2601999938488,40
43,5ce07385-1800-e811-9414-f0921c16b9e5,0.11506849315068493,0.2435999959707,41
43,5ce07385-1800-e811-9414-f0921c16b9e5,0.1178082191780822,0.2217999994755,42
43,5ce07385-1800-e811-9414-f0921c16b9e5,0.12054794520547946,0.2074999958277,43
43,5ce07385-1800-e811-9414-f0921c16b9e5,0.1232876712328767,0.1931000053883,44
43,5ce07385-1800-e811-9414-f0921c16b9e5,0.12602739726027398,0.1788000017405,45
43,5ce07385-1800-e811-9414-f0921c16b9e5,0.12876712328767123,0.1645999997854,46
43,5ce07385-1800-e811-9414-f0921c16b9e5,0.13150684931506848,0.1509000062943,47
43,5ce07385-1800-e811-9414-f0921c16b9e5,0.13424657534246576,0.1365000009537,48
43,5ce07385-1800-e811-9414-f0921c16b9e5,0.136986301369863,0.1240999996662,49
43,5ce07385-1800-e811-9414-f0921c16b9e5,0.13972602739726028,0.1143999993801,50
43,5ce07385-1800-e811-9414-f0921c16b9e5,0.14246575342465753,0.1050999984145,51
43,5ce07385-1800-e811-9414-f0921c16b9e5,0.14520547945205478,0.09520000219345,52
43,5ce07385-1800-e811-9414-f0921c16b9e5,0.14794520547945206,0.08810000121593,53
43,5ce07385-1800-e811-9414-f0921c16b9e5,0.1506849315068493,0.07940000295639,54
43,5ce07385-1800-e811-9414-f0921c16b9e5,0.15342465753424658,0.07249999791384,55
43,5ce07385-1800-e811-9414-f0921c16b9e5,0.15616438356164383,0.06509999930859,56
43,5ce07385-1800-e811-9414-f0921c16b9e5,0.1589041095890411,0.06019999831915,57
43,5ce07385-1800-e811-9414-f0921c16b9e5,0.16164383561643836,0.05400000140071,58
43,5ce07385-1800-e811-9414-f0921c16b9e5,0.1643835616438356,0.04850000143051,59
43,5ce07385-1800-e811-9414-f0921c16b9e5,0.16712328767123288,0.04340000078082,60
43,5ce07385-1800-e811-9414-f0921c16b9e5,0.16986301369863013,0.03979999944568,61
43,5ce07385-1800-e811-9414-f0921c16b9e5,0.1726027397260274,0.0362999998033,62
43,5ce07385-1800-e811-9414-f0921c16b9e5,0.17534246575342466,0.03280000016093,63
43,5ce07385-1800-e811-9414-f0921c16b9e5,0.1780821917808219,0.03030000068247,64
43,5ce07385-1800-e811-9414-f0921c16b9e5,0.18082191780821918,0.02759999968112,65
43,5ce07385-1800-e811-9414-f0921c16b9e5,0.18356164383561643,0.02549999952316,66
43,5ce07385-1800-e811-9414-f0921c16b9e5,0.1863013698630137,0.02270000055432,67
43,5ce07385-1800-e811-9414-f0921c16b9e5,0.18904109589041096,0.02030000090599,68
43,5ce07385-1800-e811-9414-f0921c16b9e5,0.1917808219178082,0.01820000074804,69
43,5ce07385-1800-e811-9414-f0921c16b9e5,0.19452054794520549,0.01600000075996,70
43,5ce07385-1800-e811-9414-f0921c16b9e5,0.19726027397260273,0.01429999992251,71
43,5ce07385-1800-e811-9414-f0921c16b9e5,0.2,0.01260000001639,72
43,5ce07385-1800-e811-9414-f0921c16b9e5,0.20273972602739726,0.01070000045002,73
43,5ce07385-1800-e811-9414-f0921c16b9e5,0.2054794520547945,0.01049999985844,74
43,5ce07385-1800-e811-9414-f0921c16b9e5,0.20821917808219179,0.008899999782443,75
43,5ce07385-1800-e811-9414-f0921c16b9e5,0.21095890410958903,0.007799999788404,76
43,5ce07385-1800-e811-9414-f0921c16b9e5,0.2136986301369863,0.007300000172108,77
43,5ce07385-1800-e811-9414-f0921c16b9e5,0.21643835616438356,0.006399999838322,78
43,5ce07385-1800-e811-9414-f0921c16b9e5,0.2191780821917808,0.005400000140071,79
43,5ce07385-1800-e811-9414-f0921c16b9e5,0.2219178082191781,0.005499999970198,80
43,5ce07385-1800-e811-9414-f0921c16b9e5,0.22465753424657534,0.004999999888241,81
43,5ce07385-1800-e811-9414-f0921c16b9e5,0.2273972602739726,0.004499999806285,82
43,5ce07385-1800-e811-9414-f0921c16b9e5,0.23013698630136986,0.003899999894202,83
43,5ce07385-1800-e811-9414-f0921c16b9e5,0.2328767123287671,0.003400000045076,84
43,5ce07385-1800-e811-9414-f0921c16b9e5,0.2356164383561644,0.002799999900162,85
43,5ce07385-1800-e811-9414-f0921c16b9e5,0.23835616438356164,0.002600000007078,86
43,5ce07385-1800-e811-9414-f0921c16b9e5,0.2410958904109589,0.002000000094995,87
43,5ce07385-1800-e811-9414-f0921c16b9e5,0.24383561643835616,0.002000000094995,88
43,5ce07385-1800-e811-9414-f0921c16b9e5,0.2465753424657534,0.00179999996908,89
44,5be07385-1800-e811-9414-f0921c16b9e5,0.0027397260273972603,0.0,0
44,5be07385-1800-e811-9414-f0921c16b9e5,0.005479452054794521,0.0003999999898952,1
44,5be07385-1800-e811-9414-f0921c16b9e5,0.00821917808219178,0.001200000056997,2
44,5be07385-1800-e811-9414-f0921c16b9e5,0.010958904109589041,0.003500000108033,3
44,5be07385-1800-e811-9414-f0921c16b9e5,0.0136986301369863,0.009700000286102,4
44,5be07385-1800-e811-9414-f0921c16b9e5,0.01643835616438356,0.02830000035465,5
44,5be07385-1800-e811-9414-f0921c16b9e5,0.019178082191780823,0.07949999719858,6
44,5be07385-1800-e811-9414-f0921c16b9e5,0.021917808219178082,0.2175000011921,7
44,5be07385-1800-e811-9414-f0921c16b9e5,0.024657534246575342,0.4758999943733,8
44,5be07385-1800-e811-9414-f0921c16b9e5,0.0273972602739726,0.6891000270844,9
44,5be07385-1800-e811-9414-f0921c16b9e5,0.030136986301369864,0.6693999767303,10
44,5be07385-1800-e811-9414-f0921c16b9e5,0.03287671232876712,0.5588999986649,11
44,5be07385-1800-e811-9414-f0921c16b9e5,0.03561643835616438,0.4519999921322,12
44,5be07385-1800-e811-9414-f0921c16b9e5,0.038356164383561646,0.3616000115871,13
44,5be07385-1800-e811-9414-f0921c16b9e5,0.0410958904109589,0.290600001812,14
44,5be07385-1800-e811-9414-f0921c16b9e5,0.043835616438356165,0.2348999977112,15
44,5be07385-1800-e811-9414-f0921c16b9e5,0.04657534246575343,0.1861000061035,16
44,5be07385-1800-e811-9414-f0921c16b9e5,0.049315068493150684,0.1494999974966,17
44,5be07385-1800-e811-9414-f0921c16b9e5,0.052054794520547946,0.1196999996901,18
44,5be07385-1800-e811-9414-f0921c16b9e5,0.0547945205479452,0.09650000184774,19
44,5be07385-1800-e811-9414-f0921c16b9e5,0.057534246575342465,0.07919999957085,20
44,5be07385-1800-e811-9414-f0921c16b9e5,0.06027397260273973,0.06509999930859,21
44,5be07385-1800-e811-9414-f0921c16b9e5,0.06301369863013699,0.05330000072718,22
44,5be07385-1800-e811-9414-f0921c16b9e5,0.06575342465753424,0.04230000078678,23
44,5be07385-1800-e811-9414-f0921c16b9e5,0.0684931506849315,0.03299999982119,24
44,5be07385-1800-e811-9414-f0921c16b9e5,0.07123287671232877,0.0265999995172,25
44,5be07385-1800-e811-9414-f0921c16b9e5,0.07397260273972603,0.02170000039041,26
44,5be07385-1800-e811-9414-f0921c16b9e5,0.07671232876712329,0.01730000041425,27
44,5be07385-1800-e811-9414-f0921c16b9e5,0.07945205479452055,0.01350000035018,28
44,5be07385-1800-e811-9414-f0921c16b9e5,0.0821917808219178,0.01080000028014,29
44,5be07385-1800-e811-9414-f0921c16b9e5,0.08493150684931507,0.008100000210106,30
44,5be07385-1800-e811-9414-f0921c16b9e5,0.08767123287671233,0.006099999882281,31
44,5be07385-1800-e811-9414-f0921c16b9e5,0.09041095890410959,0.004800000227988,32
44,5be07385-1800-e811-9414-f0921c16b9e5,0.09315068493150686,0.003899999894202,33
44,5be07385-1800-e811-9414-f0921c16b9e5,0.0958904109589041,0.002600000007078,34
44,5be07385-1800-e811-9414-f0921c16b9e5,0.09863013698630137,0.002099999925122,35
44,5be07385-1800-e811-9414-f0921c16b9e5,0.10136986301369863,0.001700000022538,36
44,5be07385-1800-e811-9414-f0921c16b9e5,0.10410958904109589,0.001000000047497,37
44,5be07385-1800-e811-9414-f0921c16b9e5,0.10684931506849316,0.001000000047497,38
44,5be07385-1800-e811-9414-f0921c16b9e5,0.1095890410958904,0.00089999998454,39
44,5be07385-1800-e811-9414-f0921c16b9e5,0.11232876712328767,0.0003999999898952,40
44,5be07385-1800-e811-9414-f0921c16b9e5,0.11506849315068493,0.0003999999898952,41
44,5be07385-1800-e811-9414-f0921c16b9e5,0.1178082191780822,0.0003000000142492,42
44,5be07385-1800-e811-9414-f0921c16b9e5,0.12054794520547946,9.999999747379e-05,43
44,5be07385-1800-e811-9414-f0921c16b9e5,0.1232876712328767,9.999999747379e-05,44
44,5be07385-1800-e811-9414-f0921c16b9e5,0.12602739726027398,9.999999747379e-05,45
44,5be07385-1800-e811-9414-f0921c16b9e5,0.12876712328767123,9.999999747379e-05,46
44,5be07385-1800-e811-9414-f0921c16b9e5,0.13150684931506848,9.999999747379e-05,47
44,5be07385-1800-e811-9414-f0921c16b9e5,0.13424657534246576,9.999999747379e-05,48
44,5be07385-1800-e811-9414-f0921c16b9e5,0.136986301369863,9.999999747379e-05,49
44,5be07385-1800-e811-9414-f0921c16b9e5,0.13972602739726028,9.999999747379e-05,50
44,5be07385-1800-e811-9414-f0921c16b9e5,0.14246575342465753,9.999999747379e-05,51
44,5be07385-1800-e811-9414-f0921c16b9e5,0.14520547945205478,9.999999747379e-05,52
44,5be07385-1800-e811-9414-f0921c16b9e5,0.14794520547945206,9.999999747379e-05,53
44,5be07385-1800-e811-9414-f0921c16b9e5,0.1506849315068493,9.999999747379e-05,54
44,5be07385-1800-e811-9414-f0921c16b9e5,0.15342465753424658,0.0,55
44,5be07385-1800-e811-9414-f0921c16b9e5,0.15616438356164383,0.0,56
44,5be07385-1800-e811-9414-f0921c16b9e5,0.1589041095890411,0.0,57
44,5be07385-1800-e811-9414-f0921c16b9e5,0.16164383561643836,0.0,58
44,5be07385-1800-e811-9414-f0921c16b9e5,0.1643835616438356,0.0,59
44,5be07385-1800-e811-9414-f0921c16b9e5,0.16712328767123288,0.0,60
44,5be07385-1800-e811-9414-f0921c16b9e5,0.16986301369863013,0.0,61
44,5be07385-1800-e811-9414-f0921c16b9e5,0.1726027397260274,0.0,62
44,5be07385-1800-e811-9414-f0921c16b9e5,0.17534246575342466,0.0,63
44,5be07385-1800-e811-9414-f0921c16b9e5,0.1780821917808219,0.0,64
44,5be07385-1800-e811-9414-f0921c16b9e5,0.18082191780821918,0.0,65
44,5be07385-1800-e811-9414-f0921c16b9e5,0.18356164383561643,0.0,66
44,5be07385-1800-e811-9414-f0921c16b9e5,0.1863013698630137,0.0,67
44,5be07385-1800-e811-9414-f0921c16b9e5,0.18904109589041096,0.0,68
44,5be07385-1800-e811-9414-f0921c16b9e5,0.1917808219178082,0.0,69
44,5be07385-1800-e811-9414-f0921c16b9e5,0.19452054794520549,0.0,70
44,5be07385-1800-e811-9414-f0921c16b9e5,0.19726027397260273,0.0,71
44,5be07385-1800-e811-9414-f0921c16b9e5,0.2,0.0,72
44,5be07385-1800-e811-9414-f0921c16b9e5,0.20273972602739726,0.0,73
44,5be07385-1800-e811-9414-f0921c16b9e5,0.2054794520547945,0.0,74
44,5be07385-1800-e811-9414-f0921c16b9e5,0.20821917808219179,0.0,75
44,5be07385-1800-e811-9414-f0921c16b9e5,0.21095890410958903,0.0,76
44,5be07385-1800-e811-9414-f0921c16b9e5,0.2136986301369863,0.0,77
44,5be07385-1800-e811-9414-f0921c16b9e5,0.21643835616438356,0.0,78
44,5be07385-1800-e811-9414-f0921c16b9e5,0.2191780821917808,0.0,79
44,5be07385-1800-e811-9414-f0921c16b9e5,0.2219178082191781,0.0,80
44,5be07385-1800-e811-9414-f0921c16b9e5,0.22465753424657534,0.0,81
44,5be07385-1800-e811-9414-f0921c16b9e5,0.2273972602739726,0.0,82
44,5be07385-1800-e811-9414-f0921c16b9e5,0.23013698630136986,0.0,83
44,5be07385-1800-e811-9414-f0921c16b9e5,0.2328767123287671,0.0,84
44,5be07385-1800-e811-9414-f0921c16b9e5,0.2356164383561644,0.0,85
44,5be07385-1800-e811-9414-f0921c16b9e5,0.23835616438356164,0.0,86
44,5be07385-1800-e811-9414-f0921c16b9e5,0.2410958904109589,0.0,87
44,5be07385-1800-e811-9414-f0921c16b9e5,0.24383561643835616,0.0,88
44,5be07385-1800-e811-9414-f0921c16b9e5,0.2465753424657534,0.0,89
45,5ae07385-1800-e811-9414-f0921c16b9e5,0.0027397260273972603,0.0,0
45,5ae07385-1800-e811-9414-f0921c16b9e5,0.005479452054794521,0.0003000000142492,1
45,5ae07385-1800-e811-9414-f0921c16b9e5,0.00821917808219178,0.001300000003539,2
45,5ae07385-1800-e811-9414-f0921c16b9e5,0.010958904109589041,0.003899999894202,3
45,5ae07385-1800-e811-9414-f0921c16b9e5,0.0136986301369863,0.01159999985248,4
45,5ae07385-1800-e811-9414-f0921c16b9e5,0.01643835616438356,0.04050000011921,5
45,5ae07385-1800-e811-9414-f0921c16b9e5,0.019178082191780823,0.127399995923,6
45,5ae07385-1800-e811-9414-f0921c16b9e5,0.021917808219178082,0.3280999958515,7
45,5ae07385-1800-e811-9414-f0921c16b9e5,0.024657534246575342,0.6370000243187,8
45,5ae07385-1800-e811-9414-f0921c16b9e5,0.0273972602739726,0.784500002861,9
45,5ae07385-1800-e811-9414-f0921c16b9e5,0.030136986301369864,0.7404000163078,10
45,5ae07385-1800-e811-9414-f0921c16b9e5,0.03287671232876712,0.6572999954224,11
45,5ae07385-1800-e811-9414-f0921c16b9e5,0.03561643835616438,0.5791000127792,12
45,5ae07385-1800-e811-9414-f0921c16b9e5,0.038356164383561646,0.5102000236511,13
45,5ae07385-1800-e811-9414-f0921c16b9e5,0.0410958904109589,0.4463999867439,14
45,5ae07385-1800-e811-9414-f0921c16b9e5,0.043835616438356165,0.3887999951839,15
45,5ae07385-1800-e811-9414-f0921c16b9e5,0.04657534246575343,0.3375999927521,16
45,5ae07385-1800-e811-9414-f0921c16b9e5,0.049315068493150684,0.2940999865532,17
45,5ae07385-1800-e811-9414-f0921c16b9e5,0.052054794520547946,0.2567999958992,18
45,5ae07385-1800-e811-9414-f0921c16b9e5,0.0547945205479452,0.2241999953985,19
45,5ae07385-1800-e811-9414-f0921c16b9e5,0.057534246575342465,0.1948000043631,20
45,5ae07385-1800-e811-9414-f0921c16b9e5,0.06027397260273973,0.1703999936581,21
45,5ae07385-1800-e811-9414-f0921c16b9e5,0.06301369863013699,0.1500999927521,22
45,5ae07385-1800-e811-9414-f0921c16b9e5,0.06575342465753424,0.1290999948978,23
45,5ae07385-1800-e811-9414-f0921c16b9e5,0.0684931506849315,0.1142999976873,24
45,5ae07385-1800-e811-9414-f0921c16b9e5,0.07123287671232877,0.09939999878407,25
45,5ae07385-1800-e811-9414-f0921c16b9e5,0.07397260273972603,0.08649999648333,26
45,5ae07385-1800-e811-9414-f0921c16b9e5,0.07671232876712329,0.0768000036478,27
45,5ae07385-1800-e811-9414-f0921c16b9e5,0.07945205479452055,0.06809999793768,28
45,5ae07385-1800-e811-9414-f0921c16b9e5,0.0821917808219178,0.05849999934435,29
45,5ae07385-1800-e811-9414-f0921c16b9e5,0.08493150684931507,0.05169999971986,30
45,5ae07385-1800-e811-9414-f0921c16b9e5,0.08767123287671233,0.04580000042915,31
45,5ae07385-1800-e811-9414-f0921c16b9e5,0.09041095890410959,0.03959999978542,32
45,5ae07385-1800-e811-9414-f0921c16b9e5,0.09315068493150686,0.03350000083447,33
45,5ae07385-1800-e811-9414-f0921c16b9e5,0.0958904109589041,0.02840000018477,34
45,5ae07385-1800-e811-9414-f0921c16b9e5,0.09863013698630137,0.0249000005424,35
45,5ae07385-1800-e811-9414-f0921c16b9e5,0.10136986301369863,0.02199999988079,36
45,5ae07385-1800-e811-9414-f0921c16b9e5,0.10410958904109589,0.01899999938905,37
45,5ae07385-1800-e811-9414-f0921c16b9e5,0.10684931506849316,0.01669999957085,38
45,5ae07385-1800-e811-9414-f0921c16b9e5,0.1095890410958904,0.01429999992251,39
45,5ae07385-1800-e811-9414-f0921c16b9e5,0.11232876712328767,0.01310000009835,40
45,5ae07385-1800-e811-9414-f0921c16b9e5,0.11506849315068493,0.01119999960065,41
45,5ae07385-1800-e811-9414-f0921c16b9e5,0.1178082191780822,0.009800000116229,42
45,5ae07385-1800-e811-9414-f0921c16b9e5,0.12054794520547946,0.008600000292063,43
45,5ae07385-1800-e811-9414-f0921c16b9e5,0.1232876712328767,0.007400000002235,44
45,5ae07385-1800-e811-9414-f0921c16b9e5,0.12602739726027398,0.006099999882281,45
45,5ae07385-1800-e811-9414-f0921c16b9e5,0.12876712328767123,0.005299999844283,46
45,5ae07385-1800-e811-9414-f0921c16b9e5,0.13150684931506848,0.004999999888241,47
45,5ae07385-1800-e811-9414-f0921c16b9e5,0.13424657534246576,0.004499999806285,48
45,5ae07385-1800-e811-9414-f0921c16b9e5,0.136986301369863,0.003899999894202,49
45,5ae07385-1800-e811-9414-f0921c16b9e5,0.13972602739726028,0.003400000045076,50
45,5ae07385-1800-e811-9414-f0921c16b9e5,0.14246575342465753,0.002700000070035,51
45,5ae07385-1800-e811-9414-f0921c16b9e5,0.14520547945205478,0.002499999944121,52
45,5ae07385-1800-e811-9414-f0921c16b9e5,0.14794520547945206,0.002499999944121,53
45,5ae07385-1800-e811-9414-f0921c16b9e5,0.1506849315068493,0.002400000113994,54
45,5ae07385-1800-e811-9414-f0921c16b9e5,0.15342465753424658,0.002000000094995,55
45,5ae07385-1800-e811-9414-f0921c16b9e5,0.15616438356164383,0.00179999996908,56
45,5ae07385-1800-e811-9414-f0921c16b9e5,0.1589041095890411,0.001500000013039,57
45,5ae07385-1800-e811-9414-f0921c16b9e5,0.16164383561643836,0.001399999950081,58
45,5ae07385-1800-e811-9414-f0921c16b9e5,0.1643835616438356,0.001200000056997,59
45,5ae07385-1800-e811-9414-f0921c16b9e5,0.16712328767123288,0.00109999999404,60
45,5ae07385-1800-e811-9414-f0921c16b9e5,0.16986301369863013,0.001000000047497,61
45,5ae07385-1800-e811-9414-f0921c16b9e5,0.1726027397260274,0.0007999999797903,62
45,5ae07385-1800-e811-9414-f0921c16b9e5,0.17534246575342466,0.0007999999797903,63
45,5ae07385-1800-e811-9414-f0921c16b9e5,0.1780821917808219,0.0005000000237487,64
45,5ae07385-1800-e811-9414-f0921c16b9e5,0.18082191780821918,0.0005000000237487,65
45,5ae07385-1800-e811-9414-f0921c16b9e5,0.18356164383561643,0.0003999999898952,66
45,5ae07385-1800-e811-9414-f0921c16b9e5,0.1863013698630137,0.0003999999898952,67
45,5ae07385-1800-e811-9414-f0921c16b9e5,0.18904109589041096,0.0003999999898952,68
45,5ae07385-1800-e811-9414-f0921c16b9e5,0.1917808219178082,0.0003000000142492,69
45,5ae07385-1800-e811-9414-f0921c16b9e5,0.19452054794520549,0.0003000000142492,70
45,5ae07385-1800-e811-9414-f0921c16b9e5,0.19726027397260273,0.0003000000142492,71
45,5ae07385-1800-e811-9414-f0921c16b9e5,0.2,0.0003000000142492,72
45,5ae07385-1800-e811-9414-f0921c16b9e5,0.20273972602739726,0.0003000000142492,73
45,5ae07385-1800-e811-9414-f0921c16b9e5,0.2054794520547945,0.0003000000142492,74
45,5ae07385-1800-e811-9414-f0921c16b9e5,0.20821917808219179,0.0003000000142492,75
45,5ae07385-1800-e811-9414-f0921c16b9e5,0.21095890410958903,0.0003000000142492,76
45,5ae07385-1800-e811-9414-f0921c16b9e5,0.2136986301369863,0.0003000000142492,77
45,5ae07385-1800-e811-9414-f0921c16b9e5,0.21643835616438356,0.0001999999949476,78
45,5ae07385-1800-e811-9414-f0921c16b9e5,0.2191780821917808,0.0001999999949476,79
45,5ae07385-1800-e811-9414-f0921c16b9e5,0.2219178082191781,0.0001999999949476,80
45,5ae07385-1800-e811-9414-f0921c16b9e5,0.22465753424657534,9.999999747379e-05,81
45,5ae07385-1800-e811-9414-f0921c16b9e5,0.2273972602739726,9.999999747379e-05,82
45,5ae07385-1800-e811-9414-f0921c16b9e5,0.23013698630136986,9.999999747379e-05,83
45,5ae07385-1800-e811-9414-f0921c16b9e5,0.2328767123287671,9.999999747379e-05,84
45,5ae07385-1800-e811-9414-f0921c16b9e5,0.2356164383561644,9.999999747379e-05,85
45,5ae07385-1800-e811-9414-f0921c16b9e5,0.23835616438356164,9.999999747379e-05,86
45,5ae07385-1800-e811-9414-f0921c16b9e5,0.2410958904109589,9.999999747379e-05,87
45,5ae07385-1800-e811-9414-f0921c16b9e5,0.24383561643835616,9.999999747379e-05,88
45,5ae07385-1800-e811-9414-f0921c16b9e5,0.2465753424657534,9.999999747379e-05,89
46,59e07385-1800-e811-9414-f0921c16b9e5,0.0027397260273972603,0.0,0
46,59e07385-1800-e811-9414-f0921c16b9e5,0.005479452054794521,0.0005000000237487,1
46,59e07385-1800-e811-9414-f0921c16b9e5,0.00821917808219178,0.0006999999750406,2
46,59e07385-1800-e811-9414-f0921c16b9e5,0.010958904109589041,0.0006999999750406,3
46,59e07385-1800-e811-9414-f0921c16b9e5,0.0136986301369863,0.001000000047497,4
46,59e07385-1800-e811-9414-f0921c16b9e5,0.01643835616438356,0.001200000056997,5
46,59e07385-1800-e811-9414-f0921c16b9e5,0.019178082191780823,0.001500000013039,6
46,59e07385-1800-e811-9414-f0921c16b9e5,0.021917808219178082,0.001599999959581,7
46,59e07385-1800-e811-9414-f0921c16b9e5,0.024657534246575342,0.001900000032037,8
46,59e07385-1800-e811-9414-f0921c16b9e5,0.0273972602739726,0.001900000032037,9
46,59e07385-1800-e811-9414-f0921c16b9e5,0.030136986301369864,0.002099999925122,10
46,59e07385-1800-e811-9414-f0921c16b9e5,0.03287671232876712,0.002099999925122,11
46,59e07385-1800-e811-9414-f0921c16b9e5,0.03561643835616438,0.002400000113994,12
46,59e07385-1800-e811-9414-f0921c16b9e5,0.038356164383561646,0.003000000026077,13
46,59e07385-1800-e811-9414-f0921c16b9e5,0.0410958904109589,0.004499999806285,14
46,59e07385-1800-e811-9414-f0921c16b9e5,0.043835616438356165,0.004900000058115,15
46,59e07385-1800-e811-9414-f0921c16b9e5,0.04657534246575343,0.005400000140071,16
46,59e07385-1800-e811-9414-f0921c16b9e5,0.049315068493150684,0.006599999964237,17
46,59e07385-1800-e811-9414-f0921c16b9e5,0.052054794520547946,0.008500000461936,18
46,59e07385-1800-e811-9414-f0921c16b9e5,0.0547945205479452,0.009999999776483,19
46,59e07385-1800-e811-9414-f0921c16b9e5,0.057534246575342465,0.01140000019222,20
46,59e07385-1800-e811-9414-f0921c16b9e5,0.06027397260273973,0.01499999966472,21
46,59e07385-1800-e811-9414-f0921c16b9e5,0.06301369863013699,0.01789999939501,22
46,59e07385-1800-e811-9414-f0921c16b9e5,0.06575342465753424,0.02160000056028,23
46,59e07385-1800-e811-9414-f0921c16b9e5,0.0684931506849315,0.02669999934733,24
46,59e07385-1800-e811-9414-f0921c16b9e5,0.07123287671232877,0.03269999846816,25
46,59e07385-1800-e811-9414-f0921c16b9e5,0.07397260273972603,0.04060000181198,26
46,59e07385-1800-e811-9414-f0921c16b9e5,0.07671232876712329,0.04839999973774,27
46,59e07385-1800-e811-9414-f0921c16b9e5,0.07945205479452055,0.05570000037551,28
46,59e07385-1800-e811-9414-f0921c16b9e5,0.0821917808219178,0.06379999965429,29
46,59e07385-1800-e811-9414-f0921c16b9e5,0.08493150684931507,0.07750000059605,30
46,59e07385-1800-e811-9414-f0921c16b9e5,0.08767123287671233,0.09070000052452,31
46,59e07385-1800-e811-9414-f0921c16b9e5,0.09041095890410959,0.1064999997616,32
46,59e07385-1800-e811-9414-f0921c16b9e5,0.09315068493150686,0.1215000003576,33
46,59e07385-1800-e811-9414-f0921c16b9e5,0.0958904109589041,0.1366000026464,34
46,59e07385-1800-e811-9414-f0921c16b9e5,0.09863013698630137,0.1526000052691,35
46,59e07385-1800-e811-9414-f0921c16b9e5,0.10136986301369863,0.1691000014544,36
46,59e07385-1800-e811-9414-f0921c16b9e5,0.10410958904109589,0.1833000034094,37
46,59e07385-1800-e811-9414-f0921c16b9e5,0.10684931506849316,0.1975000053644,38
46,59e07385-1800-e811-9414-f0921c16b9e5,0.1095890410958904,0.2100999951363,39
46,59e07385-1800-e811-9414-f0921c16b9e5,0.11232876712328767,0.2193000018597,40
46,59e07385-1800-e811-9414-f0921c16b9e5,0.11506849315068493,0.2259999960661,41
46,59e07385-1800-e811-9414-f0921c16b9e5,0.1178082191780822,0.2305999994278,42
46,59e07385-1800-e811-9414-f0921c16b9e5,0.12054794520547946,0.230499997735,43
46,59e07385-1800-e811-9414-f0921c16b9e5,0.1232876712328767,0.2322999984026,44
46,59e07385-1800-e811-9414-f0921c16b9e5,0.12602739726027398,0.223199993372,45
46,59e07385-1800-e811-9414-f0921c16b9e5,0.12876712328767123,0.2187000066042,46
46,59e07385-1800-e811-9414-f0921c16b9e5,0.13150684931506848,0.2143999934196,47
46,59e07385-1800-e811-9414-f0921c16b9e5,0.13424657534246576,0.2046999931335,48
46,59e07385-1800-e811-9414-f0921c16b9e5,0.136986301369863,0.193200007081,49
46,59e07385-1800-e811-9414-f0921c16b9e5,0.13972602739726028,0.1776999980211,50
46,59e07385-1800-e811-9414-f0921c16b9e5,0.14246575342465753,0.1674000024796,51
46,59e07385-1800-e811-9414-f0921c16b9e5,0.14520547945205478,0.1576000005007,52
46,59e07385-1800-e811-9414-f0921c16b9e5,0.14794520547945206,0.1432999968529,53
46,59e07385-1800-e811-9414-f0921c16b9e5,0.1506849315068493,0.1324000060558,54
46,59e07385-1800-e811-9414-f0921c16b9e5,0.15342465753424658,0.1199000030756,55
46,59e07385-1800-e811-9414-f0921c16b9e5,0.15616438356164383,0.1103999987245,56
46,59e07385-1800-e811-9414-f0921c16b9e5,0.1589041095890411,0.1017000004649,57
46,59e07385-1800-e811-9414-f0921c16b9e5,0.16164383561643836,0.09369999915361,58
46,59e07385-1800-e811-9414-f0921c16b9e5,0.1643835616438356,0.08709999918938,59
46,59e07385-1800-e811-9414-f0921c16b9e5,0.16712328767123288,0.0798000022769,60
46,59e07385-1800-e811-9414-f0921c16b9e5,0.16986301369863013,0.07249999791384,61
46,59e07385-1800-e811-9414-f0921c16b9e5,0.1726027397260274,0.06819999963045,62
46,59e07385-1800-e811-9414-f0921c16b9e5,0.17534246575342466,0.06279999762774,63
46,59e07385-1800-e811-9414-f0921c16b9e5,0.1780821917808219,0.05739999935031,64
46,59e07385-1800-e811-9414-f0921c16b9e5,0.18082191780821918,0.05189999938011,65
46,59e07385-1800-e811-9414-f0921c16b9e5,0.18356164383561643,0.04569999873638,66
46,59e07385-1800-e811-9414-f0921c16b9e5,0.1863013698630137,0.04109999909997,67
46,59e07385-1800-e811-9414-f0921c16b9e5,0.18904109589041096,0.03730000182986,68
46,59e07385-1800-e811-9414-f0921c16b9e5,0.1917808219178082,0.03480000048876,69
46,59e07385-1800-e811-9414-f0921c16b9e5,0.19452054794520549,0.03200000151992,70
46,59e07385-1800-e811-9414-f0921c16b9e5,0.19726027397260273,0.02840000018477,71
46,59e07385-1800-e811-9414-f0921c16b9e5,0.2,0.02520000003278,72
46,59e07385-1800-e811-9414-f0921c16b9e5,0.20273972602739726,0.02270000055432,73
46,59e07385-1800-e811-9414-f0921c16b9e5,0.2054794520547945,0.02089999988675,74
46,59e07385-1800-e811-9414-f0921c16b9e5,0.20821917808219179,0.01869999989867,75
46,59e07385-1800-e811-9414-f0921c16b9e5,0.21095890410958903,0.01679999940097,76
46,59e07385-1800-e811-9414-f0921c16b9e5,0.2136986301369863,0.01439999975264,77
46,59e07385-1800-e811-9414-f0921c16b9e5,0.21643835616438356,0.01319999992847,78
46,59e07385-1800-e811-9414-f0921c16b9e5,0.2191780821917808,0.01070000045002,79
46,59e07385-1800-e811-9414-f0921c16b9e5,0.2219178082191781,0.008799999952316,80
46,59e07385-1800-e811-9414-f0921c16b9e5,0.22465753424657534,0.007100000046194,81
46,59e07385-1800-e811-9414-f0921c16b9e5,0.2273972602739726,0.006300000008196,82
46,59e07385-1800-e811-9414-f0921c16b9e5,0.23013698630136986,0.005700000096112,83
46,59e07385-1800-e811-9414-f0921c16b9e5,0.2328767123287671,0.004800000227988,84
46,59e07385-1800-e811-9414-f0921c16b9e5,0.2356164383561644,0.004300000146031,85
46,59e07385-1800-e811-9414-f0921c16b9e5,0.23835616438356164,0.003700000001118,86
46,59e07385-1800-e811-9414-f0921c16b9e5,0.2410958904109589,0.003299999982119,87
46,59e07385-1800-e811-9414-f0921c16b9e5,0.24383561643835616,0.003299999982119,88
46,59e07385-1800-e811-9414-f0921c16b9e5,0.2465753424657534,0.003100000089034,89
47,58e07385-1800-e811-9414-f0921c16b9e5,0.0027397260273972603,0.0,0
47,58e07385-1800-e811-9414-f0921c16b9e5,0.005479452054794521,0.0006999999750406,1
47,58e07385-1800-e811-9414-f0921c16b9e5,0.00821917808219178,0.004399999976158,2
47,58e07385-1800-e811-9414-f0921c16b9e5,0.010958904109589041,0.02690000087023,3
47,58e07385-1800-e811-9414-f0921c16b9e5,0.0136986301369863,0.146899998188,4
47,58e07385-1800-e811-9414-f0921c16b9e5,0.01643835616438356,0.540099978447,5
47,58e07385-1800-e811-9414-f0921c16b9e5,0.019178082191780823,0.6613000035286,6
47,58e07385-1800-e811-9414-f0921c16b9e5,0.021917808219178082,0.3930999934673,7
47,58e07385-1800-e811-9414-f0921c16b9e5,0.024657534246575342,0.2169000059366,8
47,58e07385-1800-e811-9414-f0921c16b9e5,0.0273972602739726,0.1208000034094,9
47,58e07385-1800-e811-9414-f0921c16b9e5,0.030136986301369864,0.06939999759197,10
47,58e07385-1800-e811-9414-f0921c16b9e5,0.03287671232876712,0.0384000018239,11
47,58e07385-1800-e811-9414-f0921c16b9e5,0.03561643835616438,0.02190000005066,12
47,58e07385-1800-e811-9414-f0921c16b9e5,0.038356164383561646,0.01250000018626,13
47,58e07385-1800-e811-9414-f0921c16b9e5,0.0410958904109589,0.007400000002235,14
47,58e07385-1800-e811-9414-f0921c16b9e5,0.043835616438356165,0.00400000018999,15
47,58e07385-1800-e811-9414-f0921c16b9e5,0.04657534246575343,0.002000000094995,16
47,58e07385-1800-e811-9414-f0921c16b9e5,0.049315068493150684,0.001000000047497,17
47,58e07385-1800-e811-9414-f0921c16b9e5,0.052054794520547946,0.0006999999750406,18
47,58e07385-1800-e811-9414-f0921c16b9e5,0.0547945205479452,0.0005000000237487,19
47,58e07385-1800-e811-9414-f0921c16b9e5,0.057534246575342465,0.0003999999898952,20
47,58e07385-1800-e811-9414-f0921c16b9e5,0.06027397260273973,0.0,21
47,58e07385-1800-e811-9414-f0921c16b9e5,0.06301369863013699,0.0,22
47,58e07385-1800-e811-9414-f0921c16b9e5,0.06575342465753424,0.0,23
47,58e07385-1800-e811-9414-f0921c16b9e5,0.0684931506849315,0.0,24
47,58e07385-1800-e811-9414-f0921c16b9e5,0.07123287671232877,0.0,25
47,58e07385-1800-e811-9414-f0921c16b9e5,0.07397260273972603,0.0,26
47,58e07385-1800-e811-9414-f0921c16b9e5,0.07671232876712329,0.0,27
47,58e07385-1800-e811-9414-f0921c16b9e5,0.07945205479452055,0.0,28
47,58e07385-1800-e811-9414-f0921c16b9e5,0.0821917808219178,0.0,29
47,58e07385-1800-e811-9414-f0921c16b9e5,0.08493150684931507,0.0,30
47,58e07385-1800-e811-9414-f0921c16b9e5,0.08767123287671233,0.0,31
47,58e07385-1800-e811-9414-f0921c16b9e5,0.09041095890410959,0.0,32
47,58e07385-1800-e811-9414-f0921c16b9e5,0.09315068493150686,0.0,33
47,58e07385-1800-e811-9414-f0921c16b9e5,0.0958904109589041,0.0,34
47,58e07385-1800-e811-9414-f0921c16b9e5,0.09863013698630137,0.0,35
47,58e07385-1800-e811-9414-f0921c16b9e5,0.10136986301369863,0.0,36
47,58e07385-1800-e811-9414-f0921c16b9e5,0.10410958904109589,0.0,37
47,58e07385-1800-e811-9414-f0921c16b9e5,0.10684931506849316,0.0,38
47,58e07385-1800-e811-9414-f0921c16b9e5,0.1095890410958904,0.0,39
47,58e07385-1800-e811-9414-f0921c16b9e5,0.11232876712328767,0.0,40
47,58e07385-1800-e811-9414-f0921c16b9e5,0.11506849315068493,0.0,41
47,58e07385-1800-e811-9414-f0921c16b9e5,0.1178082191780822,0.0,42
47,58e07385-1800-e811-9414-f0921c16b9e5,0.12054794520547946,0.0,43
47,58e07385-1800-e811-9414-f0921c16b9e5,0.1232876712328767,0.0,44
47,58e07385-1800-e811-9414-f0921c16b9e5,0.12602739726027398,0.0,45
47,58e07385-1800-e811-9414-f0921c16b9e5,0.12876712328767123,0.0,46
47,58e07385-1800-e811-9414-f0921c16b9e5,0.13150684931506848,0.0,47
47,58e07385-1800-e811-9414-f0921c16b9e5,0.13424657534246576,0.0,48
47,58e07385-1800-e811-9414-f0921c16b9e5,0.136986301369863,0.0,49
47,58e07385-1800-e811-9414-f0921c16b9e5,0.13972602739726028,0.0,50
47,58e07385-1800-e811-9414-f0921c16b9e5,0.14246575342465753,0.0,51
47,58e07385-1800-e811-9414-f0921c16b9e5,0.14520547945205478,0.0,52
47,58e07385-1800-e811-9414-f0921c16b9e5,0.14794520547945206,0.0,53
47,58e07385-1800-e811-9414-f0921c16b9e5,0.1506849315068493,0.0,54
47,58e07385-1800-e811-9414-f0921c16b9e5,0.15342465753424658,0.0,55
47,58e07385-1800-e811-9414-f0921c16b9e5,0.15616438356164383,0.0,56
47,58e07385-1800-e811-9414-f0921c16b9e5,0.1589041095890411,0.0,57
47,58e07385-1800-e811-9414-f0921c16b9e5,0.16164383561643836,0.0,58
47,58e07385-1800-e811-9414-f0921c16b9e5,0.1643835616438356,0.0,59
47,58e07385-1800-e811-9414-f0921c16b9e5,0.16712328767123288,0.0,60
47,58e07385-1800-e811-9414-f0921c16b9e5,0.16986301369863013,0.0,61
47,58e07385-1800-e811-9414-f0921c16b9e5,0.1726027397260274,0.0,62
47,58e07385-1800-e811-9414-f0921c16b9e5,0.17534246575342466,0.0,63
47,58e07385-1800-e811-9414-f0921c16b9e5,0.1780821917808219,0.0,64
47,58e07385-1800-e811-9414-f0921c16b9e5,0.18082191780821918,0.0,65
47,58e07385-1800-e811-9414-f0921c16b9e5,0.18356164383561643,0.0,66
47,58e07385-1800-e811-9414-f0921c16b9e5,0.1863013698630137,0.0,67
47,58e07385-1800-e811-9414-f0921c16b9e5,0.18904109589041096,0.0,68
47,58e07385-1800-e811-9414-f0921c16b9e5,0.1917808219178082,0.0,69
47,58e07385-1800-e811-9414-f0921c16b9e5,0.19452054794520549,0.0,70
47,58e07385-1800-e811-9414-f0921c16b9e5,0.19726027397260273,0.0,71
47,58e07385-1800-e811-9414-f0921c16b9e5,0.2,0.0,72
47,58e07385-1800-e811-9414-f0921c16b9e5,0.20273972602739726,0.0,73
47,58e07385-1800-e811-9414-f0921c16b9e5,0.2054794520547945,0.0,74
47,58e07385-1800-e811-9414-f0921c16b9e5,0.20821917808219179,0.0,75
47,58e07385-1800-e811-9414-f0921c16b9e5,0.21095890410958903,0.0,76
47,58e07385-1800-e811-9414-f0921c16b9e5,0.2136986301369863,0.0,77
47,58e07385-1800-e811-9414-f0921c16b9e5,0.21643835616438356,0.0,78
47,58e07385-1800-e811-9414-f0921c16b9e5,0.2191780821917808,0.0,79
47,58e07385-1800-e811-9414-f0921c16b9e5,0.2219178082191781,0.0,80
47,58e07385-1800-e811-9414-f0921c16b9e5,0.22465753424657534,0.0,81
47,58e07385-1800-e811-9414-f0921c16b9e5,0.2273972602739726,0.0,82
47,58e07385-1800-e811-9414-f0921c16b9e5,0.23013698630136986,0.0,83
47,58e07385-1800-e811-9414-f0921c16b9e5,0.2328767123287671,0.0,84
47,58e07385-1800-e811-9414-f0921c16b9e5,0.2356164383561644,0.0,85
47,58e07385-1800-e811-9414-f0921c16b9e5,0.23835616438356164,0.0,86
47,58e07385-1800-e811-9414-f0921c16b9e5,0.2410958904109589,0.0,87
47,58e07385-1800-e811-9414-f0921c16b9e5,0.24383561643835616,0.0,88
47,58e07385-1800-e811-9414-f0921c16b9e5,0.2465753424657534,0.0,89
48,57e07385-1800-e811-9414-f0921c16b9e5,0.0027397260273972603,0.0,0
48,57e07385-1800-e811-9414-f0921c16b9e5,0.005479452054794521,0.0005000000237487,1
48,57e07385-1800-e811-9414-f0921c16b9e5,0.00821917808219178,0.00109999999404,2
48,57e07385-1800-e811-9414-f0921c16b9e5,0.010958904109589041,0.001900000032037,3
48,57e07385-1800-e811-9414-f0921c16b9e5,0.0136986301369863,0.003100000089034,4
48,57e07385-1800-e811-9414-f0921c16b9e5,0.01643835616438356,0.004300000146031,5
48,57e07385-1800-e811-9414-f0921c16b9e5,0.019178082191780823,0.006599999964237,6
48,57e07385-1800-e811-9414-f0921c16b9e5,0.021917808219178082,0.01040000002831,7
48,57e07385-1800-e811-9414-f0921c16b9e5,0.024657534246575342,0.0148999998346,8
48,57e07385-1800-e811-9414-f0921c16b9e5,0.0273972602739726,0.02180000022054,9
48,57e07385-1800-e811-9414-f0921c16b9e5,0.030136986301369864,0.02869999967515,10
48,57e07385-1800-e811-9414-f0921c16b9e5,0.03287671232876712,0.03739999979734,11
48,57e07385-1800-e811-9414-f0921c16b9e5,0.03561643835616438,0.04989999905229,12
48,57e07385-1800-e811-9414-f0921c16b9e5,0.038356164383561646,0.06469999998808,13
48,57e07385-1800-e811-9414-f0921c16b9e5,0.0410958904109589,0.0848999992013,14
48,57e07385-1800-e811-9414-f0921c16b9e5,0.043835616438356165,0.1134999990463,15
48,57e07385-1800-e811-9414-f0921c16b9e5,0.04657534246575343,0.1456999927759,16
48,57e07385-1800-e811-9414-f0921c16b9e5,0.049315068493150684,0.1815000027418,17
48,57e07385-1800-e811-9414-f0921c16b9e5,0.052054794520547946,0.2238000035286,18
48,57e07385-1800-e811-9414-f0921c16b9e5,0.0547945205479452,0.2633999884129,19
48,57e07385-1800-e811-9414-f0921c16b9e5,0.057534246575342465,0.3061000108719,20
48,57e07385-1800-e811-9414-f0921c16b9e5,0.06027397260273973,0.3368000090122,21
48,57e07385-1800-e811-9414-f0921c16b9e5,0.06301369863013699,0.3531999886036,22
48,57e07385-1800-e811-9414-f0921c16b9e5,0.06575342465753424,0.3531999886036,23
48,57e07385-1800-e811-9414-f0921c16b9e5,0.0684931506849315,0.3416000008583,24
48,57e07385-1800-e811-9414-f0921c16b9e5,0.07123287671232877,0.3206999897957,25
48,57e07385-1800-e811-9414-f0921c16b9e5,0.07397260273972603,0.2966000139713,26
48,57e07385-1800-e811-9414-f0921c16b9e5,0.07671232876712329,0.2698000073433,27
48,57e07385-1800-e811-9414-f0921c16b9e5,0.07945205479452055,0.2433999925852,28
48,57e07385-1800-e811-9414-f0921c16b9e5,0.0821917808219178,0.21629999578,29
48,57e07385-1800-e811-9414-f0921c16b9e5,0.08493150684931507,0.1923000067472,30
48,57e07385-1800-e811-9414-f0921c16b9e5,0.08767123287671233,0.1701000034809,31
48,57e07385-1800-e811-9414-f0921c16b9e5,0.09041095890410959,0.1515000015497,32
48,57e07385-1800-e811-9414-f0921c16b9e5,0.09315068493150686,0.1337999999523,33
48,57e07385-1800-e811-9414-f0921c16b9e5,0.0958904109589041,0.1162000000477,34
48,57e07385-1800-e811-9414-f0921c16b9e5,0.09863013698630137,0.1014999970794,35
48,57e07385-1800-e811-9414-f0921c16b9e5,0.10136986301369863,0.08709999918938,36
48,57e07385-1800-e811-9414-f0921c16b9e5,0.10410958904109589,0.07320000231266,37
48,57e07385-1800-e811-9414-f0921c16b9e5,0.10684931506849316,0.06469999998808,38
48,57e07385-1800-e811-9414-f0921c16b9e5,0.1095890410958904,0.05510000139475,39
48,57e07385-1800-e811-9414-f0921c16b9e5,0.11232876712328767,0.04569999873638,40
48,57e07385-1800-e811-9414-f0921c16b9e5,0.11506849315068493,0.03779999911785,41
48,57e07385-1800-e811-9414-f0921c16b9e5,0.1178082191780822,0.03229999914765,42
48,57e07385-1800-e811-9414-f0921c16b9e5,0.12054794520547946,0.0285000000149,43
48,57e07385-1800-e811-9414-f0921c16b9e5,0.1232876712328767,0.024299999699,44
48,57e07385-1800-e811-9414-f0921c16b9e5,0.12602739726027398,0.02199999988079,45
48,57e07385-1800-e811-9414-f0921c16b9e5,0.12876712328767123,0.01899999938905,46
48,57e07385-1800-e811-9414-f0921c16b9e5,0.13150684931506848,0.01620000042021,47
48,57e07385-1800-e811-9414-f0921c16b9e5,0.13424657534246576,0.01400000043213,48
48,57e07385-1800-e811-9414-f0921c16b9e5,0.136986301369863,0.01200000010431,49
48,57e07385-1800-e811-9414-f0921c16b9e5,0.13972602739726028,0.01020000036806,50
48,57e07385-1800-e811-9414-f0921c16b9e5,0.14246575342465753,0.008600000292063,51
48,57e07385-1800-e811-9414-f0921c16b9e5,0.14520547945205478,0.006800000090152,52
48,57e07385-1800-e811-9414-f0921c16b9e5,0.14794520547945206,0.006200000178069,53
48,57e07385-1800-e811-9414-f0921c16b9e5,0.1506849315068493,0.004999999888241,54
48,57e07385-1800-e811-9414-f0921c16b9e5,0.15342465753424658,0.003800000064075,55
48,57e07385-1800-e811-9414-f0921c16b9e5,0.15616438356164383,0.003100000089034,56
48,57e07385-1800-e811-9414-f0921c16b9e5,0.1589041095890411,0.002400000113994,57
48,57e07385-1800-e811-9414-f0921c16b9e5,0.16164383561643836,0.00179999996908,58
48,57e07385-1800-e811-9414-f0921c16b9e5,0.1643835616438356,0.001300000003539,59
48,57e07385-1800-e811-9414-f0921c16b9e5,0.16712328767123288,0.00089999998454,60
48,57e07385-1800-e811-9414-f0921c16b9e5,0.16986301369863013,0.0007999999797903,61
48,57e07385-1800-e811-9414-f0921c16b9e5,0.1726027397260274,0.0006999999750406,62
48,57e07385-1800-e811-9414-f0921c16b9e5,0.17534246575342466,0.0006000000284985,63
48,57e07385-1800-e811-9414-f0921c16b9e5,0.1780821917808219,0.0006000000284985,64
48,57e07385-1800-e811-9414-f0921c16b9e5,0.18082191780821918,0.0003999999898952,65
48,57e07385-1800-e811-9414-f0921c16b9e5,0.18356164383561643,0.0003999999898952,66
48,57e07385-1800-e811-9414-f0921c16b9e5,0.1863013698630137,0.0003999999898952,67
48,57e07385-1800-e811-9414-f0921c16b9e5,0.18904109589041096,0.0003000000142492,68
48,57e07385-1800-e811-9414-f0921c16b9e5,0.1917808219178082,0.0001999999949476,69
48,57e07385-1800-e811-9414-f0921c16b9e5,0.19452054794520549,0.0001999999949476,70
48,57e07385-1800-e811-9414-f0921c16b9e5,0.19726027397260273,0.0001999999949476,71
48,57e07385-1800-e811-9414-f0921c16b9e5,0.2,9.999999747379e-05,72
48,57e07385-1800-e811-9414-f0921c16b9e5,0.20273972602739726,9.999999747379e-05,73
48,57e07385-1800-e811-9414-f0921c16b9e5,0.2054794520547945,0.0001999999949476,74
48,57e07385-1800-e811-9414-f0921c16b9e5,0.20821917808219179,9.999999747379e-05,75
48,57e07385-1800-e811-9414-f0921c16b9e5,0.21095890410958903,9.999999747379e-05,76
48,57e07385-1800-e811-9414-f0921c16b9e5,0.2136986301369863,0.0,77
48,57e07385-1800-e811-9414-f0921c16b9e5,0.21643835616438356,0.0,78
48,57e07385-1800-e811-9414-f0921c16b9e5,0.2191780821917808,0.0,79
48,57e07385-1800-e811-9414-f0921c16b9e5,0.2219178082191781,0.0,80
48,57e07385-1800-e811-9414-f0921c16b9e5,0.22465753424657534,0.0,81
48,57e07385-1800-e811-9414-f0921c16b9e5,0.2273972602739726,0.0,82
48,57e07385-1800-e811-9414-f0921c16b9e5,0.23013698630136986,0.0,83
48,57e07385-1800-e811-9414-f0921c16b9e5,0.2328767123287671,0.0,84
48,57e07385-1800-e811-9414-f0921c16b9e5,0.2356164383561644,0.0,85
48,57e07385-1800-e811-9414-f0921c16b9e5,0.23835616438356164,0.0,86
48,57e07385-1800-e811-9414-f0921c16b9e5,0.2410958904109589,0.0,87
48,57e07385-1800-e811-9414-f0921c16b9e5,0.24383561643835616,0.0,88
48,57e07385-1800-e811-9414-f0921c16b9e5,0.2465753424657534,0.0,89
49,56e07385-1800-e811-9414-f0921c16b9e5,0.0027397260273972603,0.0,0
49,56e07385-1800-e811-9414-f0921c16b9e5,0.005479452054794521,0.0001999999949476,1
49,56e07385-1800-e811-9414-f0921c16b9e5,0.00821917808219178,0.0005000000237487,2
49,56e07385-1800-e811-9414-f0921c16b9e5,0.010958904109589041,0.001000000047497,3
49,56e07385-1800-e811-9414-f0921c16b9e5,0.0136986301369863,0.001700000022538,4
49,56e07385-1800-e811-9414-f0921c16b9e5,0.01643835616438356,0.00359999993816,5
49,56e07385-1800-e811-9414-f0921c16b9e5,0.019178082191780823,0.00719999987632,6
49,56e07385-1800-e811-9414-f0921c16b9e5,0.021917808219178082,0.01470000017434,7
49,56e07385-1800-e811-9414-f0921c16b9e5,0.024657534246575342,0.02989999949932,8
49,56e07385-1800-e811-9414-f0921c16b9e5,0.0273972602739726,0.05939999967813,9
49,56e07385-1800-e811-9414-f0921c16b9e5,0.030136986301369864,0.116700001061,10
49,56e07385-1800-e811-9414-f0921c16b9e5,0.03287671232876712,0.2172999978065,11
49,56e07385-1800-e811-9414-f0921c16b9e5,0.03561643835616438,0.3601000010967,12
49,56e07385-1800-e811-9414-f0921c16b9e5,0.038356164383561646,0.5200999975204,13
49,56e07385-1800-e811-9414-f0921c16b9e5,0.0410958904109589,0.6431999802589,14
49,56e07385-1800-e811-9414-f0921c16b9e5,0.043835616438356165,0.6906999945641,15
49,56e07385-1800-e811-9414-f0921c16b9e5,0.04657534246575343,0.6768000125885,16
49,56e07385-1800-e811-9414-f0921c16b9e5,0.049315068493150684,0.6340000033379,17
49,56e07385-1800-e811-9414-f0921c16b9e5,0.052054794520547946,0.5767999887466,18
49,56e07385-1800-e811-9414-f0921c16b9e5,0.0547945205479452,0.5162000060081,19
49,56e07385-1800-e811-9414-f0921c16b9e5,0.057534246575342465,0.462700009346,20
49,56e07385-1800-e811-9414-f0921c16b9e5,0.06027397260273973,0.4167000055313,21
49,56e07385-1800-e811-9414-f0921c16b9e5,0.06301369863013699,0.3743999898434,22
49,56e07385-1800-e811-9414-f0921c16b9e5,0.06575342465753424,0.3334000110626,23
49,56e07385-1800-e811-9414-f0921c16b9e5,0.0684931506849315,0.3003000020981,24
49,56e07385-1800-e811-9414-f0921c16b9e5,0.07123287671232877,0.2696000039577,25
49,56e07385-1800-e811-9414-f0921c16b9e5,0.07397260273972603,0.2435999959707,26
49,56e07385-1800-e811-9414-f0921c16b9e5,0.07671232876712329,0.2190999984741,27
49,56e07385-1800-e811-9414-f0921c16b9e5,0.07945205479452055,0.196799993515,28
49,56e07385-1800-e811-9414-f0921c16b9e5,0.0821917808219178,0.178200006485,29
49,56e07385-1800-e811-9414-f0921c16b9e5,0.08493150684931507,0.1599999964237,30
49,56e07385-1800-e811-9414-f0921c16b9e5,0.08767123287671233,0.1439000070095,31
49,56e07385-1800-e811-9414-f0921c16b9e5,0.09041095890410959,0.1300999969244,32
49,56e07385-1800-e811-9414-f0921c16b9e5,0.09315068493150686,0.1169999986887,33
49,56e07385-1800-e811-9414-f0921c16b9e5,0.0958904109589041,0.1049000024796,34
49,56e07385-1800-e811-9414-f0921c16b9e5,0.09863013698630137,0.0945999994874,35
49,56e07385-1800-e811-9414-f0921c16b9e5,0.10136986301369863,0.08299999684095,36
49,56e07385-1800-e811-9414-f0921c16b9e5,0.10410958904109589,0.07509999722242,37
49,56e07385-1800-e811-9414-f0921c16b9e5,0.10684931506849316,0.0675999969244,38
49,56e07385-1800-e811-9414-f0921c16b9e5,0.1095890410958904,0.06109999865294,39
49,56e07385-1800-e811-9414-f0921c16b9e5,0.11232876712328767,0.05499999970198,40
49,56e07385-1800-e811-9414-f0921c16b9e5,0.11506849315068493,0.05000000074506,41
49,56e07385-1800-e811-9414-f0921c16b9e5,0.1178082191780822,0.04580000042915,42
49,56e07385-1800-e811-9414-f0921c16b9e5,0.12054794520547946,0.0417999997735,43
49,56e07385-1800-e811-9414-f0921c16b9e5,0.1232876712328767,0.03770000115037,44
49,56e07385-1800-e811-9414-f0921c16b9e5,0.12602739726027398,0.03359999880195,45
49,56e07385-1800-e811-9414-f0921c16b9e5,0.12876712328767123,0.03020000085235,46
49,56e07385-1800-e811-9414-f0921c16b9e5,0.13150684931506848,0.02690000087023,47
49,56e07385-1800-e811-9414-f0921c16b9e5,0.13424657534246576,0.02459999918938,48
49,56e07385-1800-e811-9414-f0921c16b9e5,0.136986301369863,0.02140000090003,49
49,56e07385-1800-e811-9414-f0921c16b9e5,0.13972602739726028,0.01889999955893,50
49,56e07385-1800-e811-9414-f0921c16b9e5,0.14246575342465753,0.01659999974072,51
49,56e07385-1800-e811-9414-f0921c16b9e5,0.14520547945205478,0.01470000017434,52
49,56e07385-1800-e811-9414-f0921c16b9e5,0.14794520547945206,0.01279999967664,53
49,56e07385-1800-e811-9414-f0921c16b9e5,0.1506849315068493,0.01150000002235,54
49,56e07385-1800-e811-9414-f0921c16b9e5,0.15342465753424658,0.009899999946356,55
49,56e07385-1800-e811-9414-f0921c16b9e5,0.15616438356164383,0.009300000034273,56
49,56e07385-1800-e811-9414-f0921c16b9e5,0.1589041095890411,0.00789999961853,57
49,56e07385-1800-e811-9414-f0921c16b9e5,0.16164383561643836,0.00650000013411,58
49,56e07385-1800-e811-9414-f0921c16b9e5,0.1643835616438356,0.005799999926239,59
49,56e07385-1800-e811-9414-f0921c16b9e5,0.16712328767123288,0.005299999844283,60
49,56e07385-1800-e811-9414-f0921c16b9e5,0.16986301369863013,0.005100000184029,61
49,56e07385-1800-e811-9414-f0921c16b9e5,0.1726027397260274,0.004800000227988,62
49,56e07385-1800-e811-9414-f0921c16b9e5,0.17534246575342466,0.004300000146031,63
49,56e07385-1800-e811-9414-f0921c16b9e5,0.1780821917808219,0.004100000020117,64
49,56e07385-1800-e811-9414-f0921c16b9e5,0.18082191780821918,0.003500000108033,65
49,56e07385-1800-e811-9414-f0921c16b9e5,0.18356164383561643,0.003100000089034,66
49,56e07385-1800-e811-9414-f0921c16b9e5,0.1863013698630137,0.00289999996312,67
49,56e07385-1800-e811-9414-f0921c16b9e5,0.18904109589041096,0.002600000007078,68
49,56e07385-1800-e811-9414-f0921c16b9e5,0.1917808219178082,0.002499999944121,69
49,56e07385-1800-e811-9414-f0921c16b9e5,0.19452054794520549,0.002199999988079,70
49,56e07385-1800-e811-9414-f0921c16b9e5,0.19726027397260273,0.00179999996908,71
49,56e07385-1800-e811-9414-f0921c16b9e5,0.2,0.001700000022538,72
49,56e07385-1800-e811-9414-f0921c16b9e5,0.20273972602739726,0.001599999959581,73
49,56e07385-1800-e811-9414-f0921c16b9e5,0.2054794520547945,0.001500000013039,74
49,56e07385-1800-e811-9414-f0921c16b9e5,0.20821917808219179,0.001300000003539,75
49,56e07385-1800-e811-9414-f0921c16b9e5,0.21095890410958903,0.001200000056997,76
49,56e07385-1800-e811-9414-f0921c16b9e5,0.2136986301369863,0.00109999999404,77
49,56e07385-1800-e811-9414-f0921c16b9e5,0.21643835616438356,0.00089999998454,78
49,56e07385-1800-e811-9414-f0921c16b9e5,0.2191780821917808,0.0007999999797903,79
49,56e07385-1800-e811-9414-f0921c16b9e5,0.2219178082191781,0.0006000000284985,80
49,56e07385-1800-e811-9414-f0921c16b9e5,0.22465753424657534,0.0005000000237487,81
49,56e07385-1800-e811-9414-f0921c16b9e5,0.2273972602739726,0.0005000000237487,82
49,56e07385-1800-e811-9414-f0921c16b9e5,0.23013698630136986,0.0005000000237487,83
49,56e07385-1800-e811-9414-f0921c16b9e5,0.2328767123287671,0.0005000000237487,84
49,56e07385-1800-e811-9414-f0921c16b9e5,0.2356164383561644,0.0003999999898952,85
49,56e07385-1800-e811-9414-f0921c16b9e5,0.23835616438356164,0.0003999999898952,86
49,56e07385-1800-e811-9414-f0921c16b9e5,0.2410958904109589,0.0003999999898952,87
49,56e07385-1800-e811-9414-f0921c16b9e5,0.24383561643835616,0.0003999999898952,88
49,56e07385-1800-e811-9414-f0921c16b9e5,0.2465753424657534,0.0003999999898952,89
