Sample,Sim_Id,Year,Prevalence,Timestep
0,46ceed91-daff-e711-9414-f0921c16b9e5,0.0027397260273972603,0.0,0
0,46ceed91-daff-e711-9414-f0921c16b9e5,0.005479452054794521,0.00089999998454,1
0,46ceed91-daff-e711-9414-f0921c16b9e5,0.00821917808219178,0.001900000032037,2
0,46ceed91-daff-e711-9414-f0921c16b9e5,0.010958904109589041,0.003400000045076,3
0,46ceed91-daff-e711-9414-f0921c16b9e5,0.0136986301369863,0.00789999961853,4
0,46ceed91-daff-e711-9414-f0921c16b9e5,0.01643835616438356,0.01590000092983,5
0,46ceed91-daff-e711-9414-f0921c16b9e5,0.019178082191780823,0.02999999932945,6
0,46ceed91-daff-e711-9414-f0921c16b9e5,0.021917808219178082,0.05640000104904,7
0,46ceed91-daff-e711-9414-f0921c16b9e5,0.024657534246575342,0.1018999963999,8
0,46ceed91-daff-e711-9414-f0921c16b9e5,0.0273972602739726,0.1731999963522,9
0,46ceed91-daff-e711-9414-f0921c16b9e5,0.030136986301369864,0.2761000096798,10
0,46ceed91-daff-e711-9414-f0921c16b9e5,0.03287671232876712,0.381099998951,11
0,46ceed91-daff-e711-9414-f0921c16b9e5,0.03561643835616438,0.4607000052929,12
0,46ceed91-daff-e711-9414-f0921c16b9e5,0.038356164383561646,0.4783999919891,13
0,46ceed91-daff-e711-9414-f0921c16b9e5,0.0410958904109589,0.446799993515,14
0,46ceed91-daff-e711-9414-f0921c16b9e5,0.043835616438356165,0.3905000090599,15
0,46ceed91-daff-e711-9414-f0921c16b9e5,0.04657534246575343,0.3337000012398,16
0,46ceed91-daff-e711-9414-f0921c16b9e5,0.049315068493150684,0.2737999856472,17
0,46ceed91-daff-e711-9414-f0921c16b9e5,0.052054794520547946,0.2213999927044,18
0,46ceed91-daff-e711-9414-f0921c16b9e5,0.0547945205479452,0.1773999929428,19
0,46ceed91-daff-e711-9414-f0921c16b9e5,0.057534246575342465,0.1403000056744,20
0,46ceed91-daff-e711-9414-f0921c16b9e5,0.06027397260273973,0.1093999966979,21
0,46ceed91-daff-e711-9414-f0921c16b9e5,0.06301369863013699,0.08569999784231,22
0,46ceed91-daff-e711-9414-f0921c16b9e5,0.06575342465753424,0.06729999929667,23
0,46ceed91-daff-e711-9414-f0921c16b9e5,0.0684931506849315,0.05609999969602,24
0,46ceed91-daff-e711-9414-f0921c16b9e5,0.07123287671232877,0.04509999975562,25
0,46ceed91-daff-e711-9414-f0921c16b9e5,0.07397260273972603,0.03559999912977,26
0,46ceed91-daff-e711-9414-f0921c16b9e5,0.07671232876712329,0.0262000001967,27
0,46ceed91-daff-e711-9414-f0921c16b9e5,0.07945205479452055,0.02060000039637,28
0,46ceed91-daff-e711-9414-f0921c16b9e5,0.0821917808219178,0.01579999923706,29
0,46ceed91-daff-e711-9414-f0921c16b9e5,0.08493150684931507,0.01269999984652,30
0,46ceed91-daff-e711-9414-f0921c16b9e5,0.08767123287671233,0.01009999960661,31
0,46ceed91-daff-e711-9414-f0921c16b9e5,0.09041095890410959,0.00870000012219,32
0,46ceed91-daff-e711-9414-f0921c16b9e5,0.09315068493150686,0.007100000046194,33
0,46ceed91-daff-e711-9414-f0921c16b9e5,0.0958904109589041,0.005700000096112,34
0,46ceed91-daff-e711-9414-f0921c16b9e5,0.09863013698630137,0.004300000146031,35
0,46ceed91-daff-e711-9414-f0921c16b9e5,0.10136986301369863,0.003299999982119,36
0,46ceed91-daff-e711-9414-f0921c16b9e5,0.10410958904109589,0.002700000070035,37
0,46ceed91-daff-e711-9414-f0921c16b9e5,0.10684931506849316,0.002300000051036,38
0,46ceed91-daff-e711-9414-f0921c16b9e5,0.1095890410958904,0.001700000022538,39
0,46ceed91-daff-e711-9414-f0921c16b9e5,0.11232876712328767,0.001300000003539,40
0,46ceed91-daff-e711-9414-f0921c16b9e5,0.11506849315068493,0.00089999998454,41
0,46ceed91-daff-e711-9414-f0921c16b9e5,0.1178082191780822,0.0007999999797903,42
0,46ceed91-daff-e711-9414-f0921c16b9e5,0.12054794520547946,0.0006000000284985,43
0,46ceed91-daff-e711-9414-f0921c16b9e5,0.1232876712328767,0.0005000000237487,44
0,46ceed91-daff-e711-9414-f0921c16b9e5,0.12602739726027398,0.0003999999898952,45
0,46ceed91-daff-e711-9414-f0921c16b9e5,0.12876712328767123,0.0003999999898952,46
0,46ceed91-daff-e711-9414-f0921c16b9e5,0.13150684931506848,0.0003999999898952,47
0,46ceed91-daff-e711-9414-f0921c16b9e5,0.13424657534246576,0.0003000000142492,48
0,46ceed91-daff-e711-9414-f0921c16b9e5,0.136986301369863,0.0003000000142492,49
0,46ceed91-daff-e711-9414-f0921c16b9e5,0.13972602739726028,0.0003000000142492,50
0,46ceed91-daff-e711-9414-f0921c16b9e5,0.14246575342465753,0.0001999999949476,51
0,46ceed91-daff-e711-9414-f0921c16b9e5,0.14520547945205478,9.999999747379e-05,52
0,46ceed91-daff-e711-9414-f0921c16b9e5,0.14794520547945206,0.0,53
0,46ceed91-daff-e711-9414-f0921c16b9e5,0.1506849315068493,0.0,54
0,46ceed91-daff-e711-9414-f0921c16b9e5,0.15342465753424658,0.0,55
0,46ceed91-daff-e711-9414-f0921c16b9e5,0.15616438356164383,0.0,56
0,46ceed91-daff-e711-9414-f0921c16b9e5,0.1589041095890411,0.0,57
0,46ceed91-daff-e711-9414-f0921c16b9e5,0.16164383561643836,0.0,58
0,46ceed91-daff-e711-9414-f0921c16b9e5,0.1643835616438356,0.0,59
0,46ceed91-daff-e711-9414-f0921c16b9e5,0.16712328767123288,0.0,60
0,46ceed91-daff-e711-9414-f0921c16b9e5,0.16986301369863013,0.0,61
0,46ceed91-daff-e711-9414-f0921c16b9e5,0.1726027397260274,0.0,62
0,46ceed91-daff-e711-9414-f0921c16b9e5,0.17534246575342466,0.0,63
0,46ceed91-daff-e711-9414-f0921c16b9e5,0.1780821917808219,0.0,64
0,46ceed91-daff-e711-9414-f0921c16b9e5,0.18082191780821918,0.0,65
0,46ceed91-daff-e711-9414-f0921c16b9e5,0.18356164383561643,0.0,66
0,46ceed91-daff-e711-9414-f0921c16b9e5,0.1863013698630137,0.0,67
0,46ceed91-daff-e711-9414-f0921c16b9e5,0.18904109589041096,0.0,68
0,46ceed91-daff-e711-9414-f0921c16b9e5,0.1917808219178082,0.0,69
0,46ceed91-daff-e711-9414-f0921c16b9e5,0.19452054794520549,0.0,70
0,46ceed91-daff-e711-9414-f0921c16b9e5,0.19726027397260273,0.0,71
0,46ceed91-daff-e711-9414-f0921c16b9e5,0.2,0.0,72
0,46ceed91-daff-e711-9414-f0921c16b9e5,0.20273972602739726,0.0,73
0,46ceed91-daff-e711-9414-f0921c16b9e5,0.2054794520547945,0.0,74
0,46ceed91-daff-e711-9414-f0921c16b9e5,0.20821917808219179,0.0,75
0,46ceed91-daff-e711-9414-f0921c16b9e5,0.21095890410958903,0.0,76
0,46ceed91-daff-e711-9414-f0921c16b9e5,0.2136986301369863,0.0,77
0,46ceed91-daff-e711-9414-f0921c16b9e5,0.21643835616438356,0.0,78
0,46ceed91-daff-e711-9414-f0921c16b9e5,0.2191780821917808,0.0,79
0,46ceed91-daff-e711-9414-f0921c16b9e5,0.2219178082191781,0.0,80
0,46ceed91-daff-e711-9414-f0921c16b9e5,0.22465753424657534,0.0,81
0,46ceed91-daff-e711-9414-f0921c16b9e5,0.2273972602739726,0.0,82
0,46ceed91-daff-e711-9414-f0921c16b9e5,0.23013698630136986,0.0,83
0,46ceed91-daff-e711-9414-f0921c16b9e5,0.2328767123287671,0.0,84
0,46ceed91-daff-e711-9414-f0921c16b9e5,0.2356164383561644,0.0,85
0,46ceed91-daff-e711-9414-f0921c16b9e5,0.23835616438356164,0.0,86
0,46ceed91-daff-e711-9414-f0921c16b9e5,0.2410958904109589,0.0,87
0,46ceed91-daff-e711-9414-f0921c16b9e5,0.24383561643835616,0.0,88
0,46ceed91-daff-e711-9414-f0921c16b9e5,0.2465753424657534,0.0,89
1,45ceed91-daff-e711-9414-f0921c16b9e5,0.0027397260273972603,0.0,0
1,45ceed91-daff-e711-9414-f0921c16b9e5,0.005479452054794521,0.0006000000284985,1
1,45ceed91-daff-e711-9414-f0921c16b9e5,0.00821917808219178,0.001300000003539,2
1,45ceed91-daff-e711-9414-f0921c16b9e5,0.010958904109589041,0.002600000007078,3
1,45ceed91-daff-e711-9414-f0921c16b9e5,0.0136986301369863,0.004199999850243,4
1,45ceed91-daff-e711-9414-f0921c16b9e5,0.01643835616438356,0.007499999832362,5
1,45ceed91-daff-e711-9414-f0921c16b9e5,0.019178082191780823,0.01180000044405,6
1,45ceed91-daff-e711-9414-f0921c16b9e5,0.021917808219178082,0.01740000024438,7
1,45ceed91-daff-e711-9414-f0921c16b9e5,0.024657534246575342,0.02999999932945,8
1,45ceed91-daff-e711-9414-f0921c16b9e5,0.0273972602739726,0.05070000141859,9
1,45ceed91-daff-e711-9414-f0921c16b9e5,0.030136986301369864,0.08129999786615,10
1,45ceed91-daff-e711-9414-f0921c16b9e5,0.03287671232876712,0.1283999979496,11
1,45ceed91-daff-e711-9414-f0921c16b9e5,0.03561643835616438,0.1969999969006,12
1,45ceed91-daff-e711-9414-f0921c16b9e5,0.038356164383561646,0.2860000133514,13
1,45ceed91-daff-e711-9414-f0921c16b9e5,0.0410958904109589,0.3867999911308,14
1,45ceed91-daff-e711-9414-f0921c16b9e5,0.043835616438356165,0.4862999916077,15
1,45ceed91-daff-e711-9414-f0921c16b9e5,0.04657534246575343,0.5546000003815,16
1,45ceed91-daff-e711-9414-f0921c16b9e5,0.049315068493150684,0.5931000113487,17
1,45ceed91-daff-e711-9414-f0921c16b9e5,0.052054794520547946,0.5978000164032,18
1,45ceed91-daff-e711-9414-f0921c16b9e5,0.0547945205479452,0.5838000178337,19
1,45ceed91-daff-e711-9414-f0921c16b9e5,0.057534246575342465,0.5497000217438,20
1,45ceed91-daff-e711-9414-f0921c16b9e5,0.06027397260273973,0.5073999762535,21
1,45ceed91-daff-e711-9414-f0921c16b9e5,0.06301369863013699,0.4672000110149,22
1,45ceed91-daff-e711-9414-f0921c16b9e5,0.06575342465753424,0.4311000108719,23
1,45ceed91-daff-e711-9414-f0921c16b9e5,0.0684931506849315,0.3898999989033,24
1,45ceed91-daff-e711-9414-f0921c16b9e5,0.07123287671232877,0.3558999896049,25
1,45ceed91-daff-e711-9414-f0921c16b9e5,0.07397260273972603,0.3248000144958,26
1,45ceed91-daff-e711-9414-f0921c16b9e5,0.07671232876712329,0.2921000123024,27
1,45ceed91-daff-e711-9414-f0921c16b9e5,0.07945205479452055,0.2660000026226,28
1,45ceed91-daff-e711-9414-f0921c16b9e5,0.0821917808219178,0.2401999980211,29
1,45ceed91-daff-e711-9414-f0921c16b9e5,0.08493150684931507,0.2161999940872,30
1,45ceed91-daff-e711-9414-f0921c16b9e5,0.08767123287671233,0.1930000036955,31
1,45ceed91-daff-e711-9414-f0921c16b9e5,0.09041095890410959,0.1743000000715,32
1,45ceed91-daff-e711-9414-f0921c16b9e5,0.09315068493150686,0.1561000049114,33
1,45ceed91-daff-e711-9414-f0921c16b9e5,0.0958904109589041,0.1410000026226,34
1,45ceed91-daff-e711-9414-f0921c16b9e5,0.09863013698630137,0.1261000037193,35
1,45ceed91-daff-e711-9414-f0921c16b9e5,0.10136986301369863,0.1137999966741,36
1,45ceed91-daff-e711-9414-f0921c16b9e5,0.10410958904109589,0.1032000035048,37
1,45ceed91-daff-e711-9414-f0921c16b9e5,0.10684931506849316,0.0929000005126,38
1,45ceed91-daff-e711-9414-f0921c16b9e5,0.1095890410958904,0.0832000002265,39
1,45ceed91-daff-e711-9414-f0921c16b9e5,0.11232876712328767,0.07490000128746,40
1,45ceed91-daff-e711-9414-f0921c16b9e5,0.11506849315068493,0.06580000370741,41
1,45ceed91-daff-e711-9414-f0921c16b9e5,0.1178082191780822,0.05880000069737,42
1,45ceed91-daff-e711-9414-f0921c16b9e5,0.12054794520547946,0.05400000140071,43
1,45ceed91-daff-e711-9414-f0921c16b9e5,0.1232876712328767,0.04850000143051,44
1,45ceed91-daff-e711-9414-f0921c16b9e5,0.12602739726027398,0.04340000078082,45
1,45ceed91-daff-e711-9414-f0921c16b9e5,0.12876712328767123,0.03999999910593,46
1,45ceed91-daff-e711-9414-f0921c16b9e5,0.13150684931506848,0.03510000184178,47
1,45ceed91-daff-e711-9414-f0921c16b9e5,0.13424657534246576,0.03119999915361,48
1,45ceed91-daff-e711-9414-f0921c16b9e5,0.136986301369863,0.0285000000149,49
1,45ceed91-daff-e711-9414-f0921c16b9e5,0.13972602739726028,0.02439999952912,50
1,45ceed91-daff-e711-9414-f0921c16b9e5,0.14246575342465753,0.0226000007242,51
1,45ceed91-daff-e711-9414-f0921c16b9e5,0.14520547945205478,0.02050000056624,52
1,45ceed91-daff-e711-9414-f0921c16b9e5,0.14794520547945206,0.01810000091791,53
1,45ceed91-daff-e711-9414-f0921c16b9e5,0.1506849315068493,0.0168999992311,54
1,45ceed91-daff-e711-9414-f0921c16b9e5,0.15342465753424658,0.01579999923706,55
1,45ceed91-daff-e711-9414-f0921c16b9e5,0.15616438356164383,0.0148999998346,56
1,45ceed91-daff-e711-9414-f0921c16b9e5,0.1589041095890411,0.01290000043809,57
1,45ceed91-daff-e711-9414-f0921c16b9e5,0.16164383561643836,0.01169999968261,58
1,45ceed91-daff-e711-9414-f0921c16b9e5,0.1643835616438356,0.01020000036806,59
1,45ceed91-daff-e711-9414-f0921c16b9e5,0.16712328767123288,0.009499999694526,60
1,45ceed91-daff-e711-9414-f0921c16b9e5,0.16986301369863013,0.00829999987036,61
1,45ceed91-daff-e711-9414-f0921c16b9e5,0.1726027397260274,0.007300000172108,62
1,45ceed91-daff-e711-9414-f0921c16b9e5,0.17534246575342466,0.006599999964237,63
1,45ceed91-daff-e711-9414-f0921c16b9e5,0.1780821917808219,0.006099999882281,64
1,45ceed91-daff-e711-9414-f0921c16b9e5,0.18082191780821918,0.005400000140071,65
1,45ceed91-daff-e711-9414-f0921c16b9e5,0.18356164383561643,0.004499999806285,66
1,45ceed91-daff-e711-9414-f0921c16b9e5,0.1863013698630137,0.004199999850243,67
1,45ceed91-daff-e711-9414-f0921c16b9e5,0.18904109589041096,0.00359999993816,68
1,45ceed91-daff-e711-9414-f0921c16b9e5,0.1917808219178082,0.003000000026077,69
1,45ceed91-daff-e711-9414-f0921c16b9e5,0.19452054794520549,0.002600000007078,70
1,45ceed91-daff-e711-9414-f0921c16b9e5,0.19726027397260273,0.002400000113994,71
1,45ceed91-daff-e711-9414-f0921c16b9e5,0.2,0.002199999988079,72
1,45ceed91-daff-e711-9414-f0921c16b9e5,0.20273972602739726,0.002099999925122,73
1,45ceed91-daff-e711-9414-f0921c16b9e5,0.2054794520547945,0.00179999996908,74
1,45ceed91-daff-e711-9414-f0921c16b9e5,0.20821917808219179,0.001500000013039,75
1,45ceed91-daff-e711-9414-f0921c16b9e5,0.21095890410958903,0.001399999950081,76
1,45ceed91-daff-e711-9414-f0921c16b9e5,0.2136986301369863,0.001200000056997,77
1,45ceed91-daff-e711-9414-f0921c16b9e5,0.21643835616438356,0.001200000056997,78
1,45ceed91-daff-e711-9414-f0921c16b9e5,0.2191780821917808,0.00109999999404,79
1,45ceed91-daff-e711-9414-f0921c16b9e5,0.2219178082191781,0.00109999999404,80
1,45ceed91-daff-e711-9414-f0921c16b9e5,0.22465753424657534,0.001000000047497,81
1,45ceed91-daff-e711-9414-f0921c16b9e5,0.2273972602739726,0.00089999998454,82
1,45ceed91-daff-e711-9414-f0921c16b9e5,0.23013698630136986,0.0006999999750406,83
1,45ceed91-daff-e711-9414-f0921c16b9e5,0.2328767123287671,0.0006999999750406,84
1,45ceed91-daff-e711-9414-f0921c16b9e5,0.2356164383561644,0.0006999999750406,85
1,45ceed91-daff-e711-9414-f0921c16b9e5,0.23835616438356164,0.0006000000284985,86
1,45ceed91-daff-e711-9414-f0921c16b9e5,0.2410958904109589,0.0006000000284985,87
1,45ceed91-daff-e711-9414-f0921c16b9e5,0.24383561643835616,0.0006000000284985,88
1,45ceed91-daff-e711-9414-f0921c16b9e5,0.2465753424657534,0.0005000000237487,89
2,44ceed91-daff-e711-9414-f0921c16b9e5,0.0027397260273972603,0.0,0
2,44ceed91-daff-e711-9414-f0921c16b9e5,0.005479452054794521,0.0006000000284985,1
2,44ceed91-daff-e711-9414-f0921c16b9e5,0.00821917808219178,0.002600000007078,2
2,44ceed91-daff-e711-9414-f0921c16b9e5,0.010958904109589041,0.01169999968261,3
2,44ceed91-daff-e711-9414-f0921c16b9e5,0.0136986301369863,0.04690000042319,4
2,44ceed91-daff-e711-9414-f0921c16b9e5,0.01643835616438356,0.1766999959946,5
2,44ceed91-daff-e711-9414-f0921c16b9e5,0.019178082191780823,0.5090000033379,6
2,44ceed91-daff-e711-9414-f0921c16b9e5,0.021917808219178082,0.8292999863625,7
2,44ceed91-daff-e711-9414-f0921c16b9e5,0.024657534246575342,0.8039000034332,8
2,44ceed91-daff-e711-9414-f0921c16b9e5,0.0273972602739726,0.7110000252724,9
2,44ceed91-daff-e711-9414-f0921c16b9e5,0.030136986301369864,0.6233000159264,10
2,44ceed91-daff-e711-9414-f0921c16b9e5,0.03287671232876712,0.5422999858856,11
2,44ceed91-daff-e711-9414-f0921c16b9e5,0.03561643835616438,0.4718999862671,12
2,44ceed91-daff-e711-9414-f0921c16b9e5,0.038356164383561646,0.4153000116348,13
2,44ceed91-daff-e711-9414-f0921c16b9e5,0.0410958904109589,0.367300003767,14
2,44ceed91-daff-e711-9414-f0921c16b9e5,0.043835616438356165,0.3228999972343,15
2,44ceed91-daff-e711-9414-f0921c16b9e5,0.04657534246575343,0.2840999960899,16
2,44ceed91-daff-e711-9414-f0921c16b9e5,0.049315068493150684,0.249200001359,17
2,44ceed91-daff-e711-9414-f0921c16b9e5,0.052054794520547946,0.2176000028849,18
2,44ceed91-daff-e711-9414-f0921c16b9e5,0.0547945205479452,0.1902000010014,19
2,44ceed91-daff-e711-9414-f0921c16b9e5,0.057534246575342465,0.1675000041723,20
2,44ceed91-daff-e711-9414-f0921c16b9e5,0.06027397260273973,0.1446000039577,21
2,44ceed91-daff-e711-9414-f0921c16b9e5,0.06301369863013699,0.1269000023603,22
2,44ceed91-daff-e711-9414-f0921c16b9e5,0.06575342465753424,0.11060000211,23
2,44ceed91-daff-e711-9414-f0921c16b9e5,0.0684931506849315,0.09679999947548,24
2,44ceed91-daff-e711-9414-f0921c16b9e5,0.07123287671232877,0.08569999784231,25
2,44ceed91-daff-e711-9414-f0921c16b9e5,0.07397260273972603,0.07419999688864,26
2,44ceed91-daff-e711-9414-f0921c16b9e5,0.07671232876712329,0.0658999979496,27
2,44ceed91-daff-e711-9414-f0921c16b9e5,0.07945205479452055,0.05889999866486,28
2,44ceed91-daff-e711-9414-f0921c16b9e5,0.0821917808219178,0.05130000039935,29
2,44ceed91-daff-e711-9414-f0921c16b9e5,0.08493150684931507,0.0456000007689,30
2,44ceed91-daff-e711-9414-f0921c16b9e5,0.08767123287671233,0.03909999877214,31
2,44ceed91-daff-e711-9414-f0921c16b9e5,0.09041095890410959,0.03319999948144,32
2,44ceed91-daff-e711-9414-f0921c16b9e5,0.09315068493150686,0.02910000085831,33
2,44ceed91-daff-e711-9414-f0921c16b9e5,0.0958904109589041,0.02610000036657,34
2,44ceed91-daff-e711-9414-f0921c16b9e5,0.09863013698630137,0.02370000071824,35
2,44ceed91-daff-e711-9414-f0921c16b9e5,0.10136986301369863,0.021099999547,36
2,44ceed91-daff-e711-9414-f0921c16b9e5,0.10410958904109589,0.01860000006855,37
2,44ceed91-daff-e711-9414-f0921c16b9e5,0.10684931506849316,0.01630000025034,38
2,44ceed91-daff-e711-9414-f0921c16b9e5,0.1095890410958904,0.01429999992251,39
2,44ceed91-daff-e711-9414-f0921c16b9e5,0.11232876712328767,0.01250000018626,40
2,44ceed91-daff-e711-9414-f0921c16b9e5,0.11506849315068493,0.0109999999404,41
2,44ceed91-daff-e711-9414-f0921c16b9e5,0.1178082191780822,0.009700000286102,42
2,44ceed91-daff-e711-9414-f0921c16b9e5,0.12054794520547946,0.008399999700487,43
2,44ceed91-daff-e711-9414-f0921c16b9e5,0.1232876712328767,0.006699999794364,44
2,44ceed91-daff-e711-9414-f0921c16b9e5,0.12602739726027398,0.006099999882281,45
2,44ceed91-daff-e711-9414-f0921c16b9e5,0.12876712328767123,0.005599999800324,46
2,44ceed91-daff-e711-9414-f0921c16b9e5,0.13150684931506848,0.004999999888241,47
2,44ceed91-daff-e711-9414-f0921c16b9e5,0.13424657534246576,0.004399999976158,48
2,44ceed91-daff-e711-9414-f0921c16b9e5,0.136986301369863,0.003899999894202,49
2,44ceed91-daff-e711-9414-f0921c16b9e5,0.13972602739726028,0.00359999993816,50
2,44ceed91-daff-e711-9414-f0921c16b9e5,0.14246575342465753,0.003400000045076,51
2,44ceed91-daff-e711-9414-f0921c16b9e5,0.14520547945205478,0.003000000026077,52
2,44ceed91-daff-e711-9414-f0921c16b9e5,0.14794520547945206,0.002600000007078,53
2,44ceed91-daff-e711-9414-f0921c16b9e5,0.1506849315068493,0.002000000094995,54
2,44ceed91-daff-e711-9414-f0921c16b9e5,0.15342465753424658,0.001900000032037,55
2,44ceed91-daff-e711-9414-f0921c16b9e5,0.15616438356164383,0.001700000022538,56
2,44ceed91-daff-e711-9414-f0921c16b9e5,0.1589041095890411,0.001500000013039,57
2,44ceed91-daff-e711-9414-f0921c16b9e5,0.16164383561643836,0.001500000013039,58
2,44ceed91-daff-e711-9414-f0921c16b9e5,0.1643835616438356,0.00109999999404,59
2,44ceed91-daff-e711-9414-f0921c16b9e5,0.16712328767123288,0.00109999999404,60
2,44ceed91-daff-e711-9414-f0921c16b9e5,0.16986301369863013,0.00089999998454,61
2,44ceed91-daff-e711-9414-f0921c16b9e5,0.1726027397260274,0.0006999999750406,62
2,44ceed91-daff-e711-9414-f0921c16b9e5,0.17534246575342466,0.0006000000284985,63
2,44ceed91-daff-e711-9414-f0921c16b9e5,0.1780821917808219,0.0006000000284985,64
2,44ceed91-daff-e711-9414-f0921c16b9e5,0.18082191780821918,0.0005000000237487,65
2,44ceed91-daff-e711-9414-f0921c16b9e5,0.18356164383561643,0.0005000000237487,66
2,44ceed91-daff-e711-9414-f0921c16b9e5,0.1863013698630137,0.0003999999898952,67
2,44ceed91-daff-e711-9414-f0921c16b9e5,0.18904109589041096,0.0003999999898952,68
2,44ceed91-daff-e711-9414-f0921c16b9e5,0.1917808219178082,0.0003999999898952,69
2,44ceed91-daff-e711-9414-f0921c16b9e5,0.19452054794520549,0.0003999999898952,70
2,44ceed91-daff-e711-9414-f0921c16b9e5,0.19726027397260273,0.0003000000142492,71
2,44ceed91-daff-e711-9414-f0921c16b9e5,0.2,0.0003000000142492,72
2,44ceed91-daff-e711-9414-f0921c16b9e5,0.20273972602739726,0.0001999999949476,73
2,44ceed91-daff-e711-9414-f0921c16b9e5,0.2054794520547945,9.999999747379e-05,74
2,44ceed91-daff-e711-9414-f0921c16b9e5,0.20821917808219179,9.999999747379e-05,75
2,44ceed91-daff-e711-9414-f0921c16b9e5,0.21095890410958903,9.999999747379e-05,76
2,44ceed91-daff-e711-9414-f0921c16b9e5,0.2136986301369863,9.999999747379e-05,77
2,44ceed91-daff-e711-9414-f0921c16b9e5,0.21643835616438356,9.999999747379e-05,78
2,44ceed91-daff-e711-9414-f0921c16b9e5,0.2191780821917808,9.999999747379e-05,79
2,44ceed91-daff-e711-9414-f0921c16b9e5,0.2219178082191781,9.999999747379e-05,80
2,44ceed91-daff-e711-9414-f0921c16b9e5,0.22465753424657534,9.999999747379e-05,81
2,44ceed91-daff-e711-9414-f0921c16b9e5,0.2273972602739726,9.999999747379e-05,82
2,44ceed91-daff-e711-9414-f0921c16b9e5,0.23013698630136986,9.999999747379e-05,83
2,44ceed91-daff-e711-9414-f0921c16b9e5,0.2328767123287671,9.999999747379e-05,84
2,44ceed91-daff-e711-9414-f0921c16b9e5,0.2356164383561644,9.999999747379e-05,85
2,44ceed91-daff-e711-9414-f0921c16b9e5,0.23835616438356164,9.999999747379e-05,86
2,44ceed91-daff-e711-9414-f0921c16b9e5,0.2410958904109589,9.999999747379e-05,87
2,44ceed91-daff-e711-9414-f0921c16b9e5,0.24383561643835616,9.999999747379e-05,88
2,44ceed91-daff-e711-9414-f0921c16b9e5,0.2465753424657534,9.999999747379e-05,89
3,43ceed91-daff-e711-9414-f0921c16b9e5,0.0027397260273972603,0.0,0
3,43ceed91-daff-e711-9414-f0921c16b9e5,0.005479452054794521,0.0003000000142492,1
3,43ceed91-daff-e711-9414-f0921c16b9e5,0.00821917808219178,0.0006999999750406,2
3,43ceed91-daff-e711-9414-f0921c16b9e5,0.010958904109589041,0.001399999950081,3
3,43ceed91-daff-e711-9414-f0921c16b9e5,0.0136986301369863,0.002600000007078,4
3,43ceed91-daff-e711-9414-f0921c16b9e5,0.01643835616438356,0.006300000008196,5
3,43ceed91-daff-e711-9414-f0921c16b9e5,0.019178082191780823,0.01510000042617,6
3,43ceed91-daff-e711-9414-f0921c16b9e5,0.021917808219178082,0.0320999994874,7
3,43ceed91-daff-e711-9414-f0921c16b9e5,0.024657534246575342,0.0675999969244,8
3,43ceed91-daff-e711-9414-f0921c16b9e5,0.0273972602739726,0.1344999969006,9
3,43ceed91-daff-e711-9414-f0921c16b9e5,0.030136986301369864,0.2450000047684,10
3,43ceed91-daff-e711-9414-f0921c16b9e5,0.03287671232876712,0.4059000015259,11
3,43ceed91-daff-e711-9414-f0921c16b9e5,0.03561643835616438,0.5697000026703,12
3,43ceed91-daff-e711-9414-f0921c16b9e5,0.038356164383561646,0.6711000204086,13
3,43ceed91-daff-e711-9414-f0921c16b9e5,0.0410958904109589,0.6865000128746,14
3,43ceed91-daff-e711-9414-f0921c16b9e5,0.043835616438356165,0.6500999927521,15
3,43ceed91-daff-e711-9414-f0921c16b9e5,0.04657534246575343,0.590399980545,16
3,43ceed91-daff-e711-9414-f0921c16b9e5,0.049315068493150684,0.5291000008583,17
3,43ceed91-daff-e711-9414-f0921c16b9e5,0.052054794520547946,0.4778999984264,18
3,43ceed91-daff-e711-9414-f0921c16b9e5,0.0547945205479452,0.4293999969959,19
3,43ceed91-daff-e711-9414-f0921c16b9e5,0.057534246575342465,0.3826000094414,20
3,43ceed91-daff-e711-9414-f0921c16b9e5,0.06027397260273973,0.3395000100136,21
3,43ceed91-daff-e711-9414-f0921c16b9e5,0.06301369863013699,0.3030000030994,22
3,43ceed91-daff-e711-9414-f0921c16b9e5,0.06575342465753424,0.2691000103951,23
3,43ceed91-daff-e711-9414-f0921c16b9e5,0.0684931506849315,0.2397000044584,24
3,43ceed91-daff-e711-9414-f0921c16b9e5,0.07123287671232877,0.2125000059605,25
3,43ceed91-daff-e711-9414-f0921c16b9e5,0.07397260273972603,0.1907999962568,26
3,43ceed91-daff-e711-9414-f0921c16b9e5,0.07671232876712329,0.1722999960184,27
3,43ceed91-daff-e711-9414-f0921c16b9e5,0.07945205479452055,0.1533000022173,28
3,43ceed91-daff-e711-9414-f0921c16b9e5,0.0821917808219178,0.1345999985933,29
3,43ceed91-daff-e711-9414-f0921c16b9e5,0.08493150684931507,0.1208999976516,30
3,43ceed91-daff-e711-9414-f0921c16b9e5,0.08767123287671233,0.104699999094,31
3,43ceed91-daff-e711-9414-f0921c16b9e5,0.09041095890410959,0.09260000288486,32
3,43ceed91-daff-e711-9414-f0921c16b9e5,0.09315068493150686,0.0798000022769,33
3,43ceed91-daff-e711-9414-f0921c16b9e5,0.0958904109589041,0.07100000232458,34
3,43ceed91-daff-e711-9414-f0921c16b9e5,0.09863013698630137,0.06300000101328,35
3,43ceed91-daff-e711-9414-f0921c16b9e5,0.10136986301369863,0.0570000000298,36
3,43ceed91-daff-e711-9414-f0921c16b9e5,0.10410958904109589,0.05079999938607,37
3,43ceed91-daff-e711-9414-f0921c16b9e5,0.10684931506849316,0.04509999975562,38
3,43ceed91-daff-e711-9414-f0921c16b9e5,0.1095890410958904,0.04039999842644,39
3,43ceed91-daff-e711-9414-f0921c16b9e5,0.11232876712328767,0.03599999845028,40
3,43ceed91-daff-e711-9414-f0921c16b9e5,0.11506849315068493,0.03229999914765,41
3,43ceed91-daff-e711-9414-f0921c16b9e5,0.1178082191780822,0.02950000017881,42
3,43ceed91-daff-e711-9414-f0921c16b9e5,0.12054794520547946,0.0265999995172,43
3,43ceed91-daff-e711-9414-f0921c16b9e5,0.1232876712328767,0.02349999919534,44
3,43ceed91-daff-e711-9414-f0921c16b9e5,0.12602739726027398,0.02199999988079,45
3,43ceed91-daff-e711-9414-f0921c16b9e5,0.12876712328767123,0.01979999989271,46
3,43ceed91-daff-e711-9414-f0921c16b9e5,0.13150684931506848,0.01740000024438,47
3,43ceed91-daff-e711-9414-f0921c16b9e5,0.13424657534246576,0.0148999998346,48
3,43ceed91-daff-e711-9414-f0921c16b9e5,0.136986301369863,0.01300000026822,49
3,43ceed91-daff-e711-9414-f0921c16b9e5,0.13972602739726028,0.01159999985248,50
3,43ceed91-daff-e711-9414-f0921c16b9e5,0.14246575342465753,0.01080000028014,51
3,43ceed91-daff-e711-9414-f0921c16b9e5,0.14520547945205478,0.009300000034273,52
3,43ceed91-daff-e711-9414-f0921c16b9e5,0.14794520547945206,0.00829999987036,53
3,43ceed91-daff-e711-9414-f0921c16b9e5,0.1506849315068493,0.00719999987632,54
3,43ceed91-daff-e711-9414-f0921c16b9e5,0.15342465753424658,0.006599999964237,55
3,43ceed91-daff-e711-9414-f0921c16b9e5,0.15616438356164383,0.006099999882281,56
3,43ceed91-daff-e711-9414-f0921c16b9e5,0.1589041095890411,0.005100000184029,57
3,43ceed91-daff-e711-9414-f0921c16b9e5,0.16164383561643836,0.004600000102073,58
3,43ceed91-daff-e711-9414-f0921c16b9e5,0.1643835616438356,0.00359999993816,59
3,43ceed91-daff-e711-9414-f0921c16b9e5,0.16712328767123288,0.003299999982119,60
3,43ceed91-daff-e711-9414-f0921c16b9e5,0.16986301369863013,0.00289999996312,61
3,43ceed91-daff-e711-9414-f0921c16b9e5,0.1726027397260274,0.002600000007078,62
3,43ceed91-daff-e711-9414-f0921c16b9e5,0.17534246575342466,0.002400000113994,63
3,43ceed91-daff-e711-9414-f0921c16b9e5,0.1780821917808219,0.002000000094995,64
3,43ceed91-daff-e711-9414-f0921c16b9e5,0.18082191780821918,0.00179999996908,65
3,43ceed91-daff-e711-9414-f0921c16b9e5,0.18356164383561643,0.001500000013039,66
3,43ceed91-daff-e711-9414-f0921c16b9e5,0.1863013698630137,0.001300000003539,67
3,43ceed91-daff-e711-9414-f0921c16b9e5,0.18904109589041096,0.001000000047497,68
3,43ceed91-daff-e711-9414-f0921c16b9e5,0.1917808219178082,0.00089999998454,69
3,43ceed91-daff-e711-9414-f0921c16b9e5,0.19452054794520549,0.0007999999797903,70
3,43ceed91-daff-e711-9414-f0921c16b9e5,0.19726027397260273,0.0007999999797903,71
3,43ceed91-daff-e711-9414-f0921c16b9e5,0.2,0.0007999999797903,72
3,43ceed91-daff-e711-9414-f0921c16b9e5,0.20273972602739726,0.0006999999750406,73
3,43ceed91-daff-e711-9414-f0921c16b9e5,0.2054794520547945,0.0006000000284985,74
3,43ceed91-daff-e711-9414-f0921c16b9e5,0.20821917808219179,0.0005000000237487,75
3,43ceed91-daff-e711-9414-f0921c16b9e5,0.21095890410958903,0.0003000000142492,76
3,43ceed91-daff-e711-9414-f0921c16b9e5,0.2136986301369863,0.0001999999949476,77
3,43ceed91-daff-e711-9414-f0921c16b9e5,0.21643835616438356,0.0001999999949476,78
3,43ceed91-daff-e711-9414-f0921c16b9e5,0.2191780821917808,9.999999747379e-05,79
3,43ceed91-daff-e711-9414-f0921c16b9e5,0.2219178082191781,0.0,80
3,43ceed91-daff-e711-9414-f0921c16b9e5,0.22465753424657534,0.0,81
3,43ceed91-daff-e711-9414-f0921c16b9e5,0.2273972602739726,0.0,82
3,43ceed91-daff-e711-9414-f0921c16b9e5,0.23013698630136986,0.0,83
3,43ceed91-daff-e711-9414-f0921c16b9e5,0.2328767123287671,0.0,84
3,43ceed91-daff-e711-9414-f0921c16b9e5,0.2356164383561644,0.0,85
3,43ceed91-daff-e711-9414-f0921c16b9e5,0.23835616438356164,0.0,86
3,43ceed91-daff-e711-9414-f0921c16b9e5,0.2410958904109589,0.0,87
3,43ceed91-daff-e711-9414-f0921c16b9e5,0.24383561643835616,0.0,88
3,43ceed91-daff-e711-9414-f0921c16b9e5,0.2465753424657534,0.0,89
4,42ceed91-daff-e711-9414-f0921c16b9e5,0.0027397260273972603,0.0,0
4,42ceed91-daff-e711-9414-f0921c16b9e5,0.005479452054794521,0.0003999999898952,1
4,42ceed91-daff-e711-9414-f0921c16b9e5,0.00821917808219178,0.002600000007078,2
4,42ceed91-daff-e711-9414-f0921c16b9e5,0.010958904109589041,0.01410000026226,3
4,42ceed91-daff-e711-9414-f0921c16b9e5,0.0136986301369863,0.08269999921322,4
4,42ceed91-daff-e711-9414-f0921c16b9e5,0.01643835616438356,0.3853000104427,5
4,42ceed91-daff-e711-9414-f0921c16b9e5,0.019178082191780823,0.8708000183105,6
4,42ceed91-daff-e711-9414-f0921c16b9e5,0.021917808219178082,0.8592000007629,7
4,42ceed91-daff-e711-9414-f0921c16b9e5,0.024657534246575342,0.7699999809265,8
4,42ceed91-daff-e711-9414-f0921c16b9e5,0.0273972602739726,0.693499982357,9
4,42ceed91-daff-e711-9414-f0921c16b9e5,0.030136986301369864,0.6220999956131,10
4,42ceed91-daff-e711-9414-f0921c16b9e5,0.03287671232876712,0.5577999949455,11
4,42ceed91-daff-e711-9414-f0921c16b9e5,0.03561643835616438,0.5037000179291,12
4,42ceed91-daff-e711-9414-f0921c16b9e5,0.038356164383561646,0.4496000111103,13
4,42ceed91-daff-e711-9414-f0921c16b9e5,0.0410958904109589,0.4038000106812,14
4,42ceed91-daff-e711-9414-f0921c16b9e5,0.043835616438356165,0.3601999878883,15
4,42ceed91-daff-e711-9414-f0921c16b9e5,0.04657534246575343,0.3249000012875,16
4,42ceed91-daff-e711-9414-f0921c16b9e5,0.049315068493150684,0.2903999984264,17
4,42ceed91-daff-e711-9414-f0921c16b9e5,0.052054794520547946,0.2614000141621,18
4,42ceed91-daff-e711-9414-f0921c16b9e5,0.0547945205479452,0.2338999956846,19
4,42ceed91-daff-e711-9414-f0921c16b9e5,0.057534246575342465,0.2106000036001,20
4,42ceed91-daff-e711-9414-f0921c16b9e5,0.06027397260273973,0.1881999969482,21
4,42ceed91-daff-e711-9414-f0921c16b9e5,0.06301369863013699,0.1666000038385,22
4,42ceed91-daff-e711-9414-f0921c16b9e5,0.06575342465753424,0.1481000036001,23
4,42ceed91-daff-e711-9414-f0921c16b9e5,0.0684931506849315,0.1332000046968,24
4,42ceed91-daff-e711-9414-f0921c16b9e5,0.07123287671232877,0.1203000023961,25
4,42ceed91-daff-e711-9414-f0921c16b9e5,0.07397260273972603,0.1079000011086,26
4,42ceed91-daff-e711-9414-f0921c16b9e5,0.07671232876712329,0.09640000015497,27
4,42ceed91-daff-e711-9414-f0921c16b9e5,0.07945205479452055,0.08720000088215,28
4,42ceed91-daff-e711-9414-f0921c16b9e5,0.0821917808219178,0.07880000025034,29
4,42ceed91-daff-e711-9414-f0921c16b9e5,0.08493150684931507,0.06949999928474,30
4,42ceed91-daff-e711-9414-f0921c16b9e5,0.08767123287671233,0.06150000169873,31
4,42ceed91-daff-e711-9414-f0921c16b9e5,0.09041095890410959,0.05480000004172,32
4,42ceed91-daff-e711-9414-f0921c16b9e5,0.09315068493150686,0.04910000041127,33
4,42ceed91-daff-e711-9414-f0921c16b9e5,0.0958904109589041,0.0439000017941,34
4,42ceed91-daff-e711-9414-f0921c16b9e5,0.09863013698630137,0.0397000014782,35
4,42ceed91-daff-e711-9414-f0921c16b9e5,0.10136986301369863,0.03640000149608,36
4,42ceed91-daff-e711-9414-f0921c16b9e5,0.10410958904109589,0.03280000016093,37
4,42ceed91-daff-e711-9414-f0921c16b9e5,0.10684931506849316,0.02940000034869,38
4,42ceed91-daff-e711-9414-f0921c16b9e5,0.1095890410958904,0.0265999995172,39
4,42ceed91-daff-e711-9414-f0921c16b9e5,0.11232876712328767,0.0249000005424,40
4,42ceed91-daff-e711-9414-f0921c16b9e5,0.11506849315068493,0.02250000089407,41
4,42ceed91-daff-e711-9414-f0921c16b9e5,0.1178082191780822,0.02009999938309,42
4,42ceed91-daff-e711-9414-f0921c16b9e5,0.12054794520547946,0.01759999990463,43
4,42ceed91-daff-e711-9414-f0921c16b9e5,0.1232876712328767,0.01659999974072,44
4,42ceed91-daff-e711-9414-f0921c16b9e5,0.12602739726027398,0.0152000002563,45
4,42ceed91-daff-e711-9414-f0921c16b9e5,0.12876712328767123,0.01350000035018,46
4,42ceed91-daff-e711-9414-f0921c16b9e5,0.13150684931506848,0.01169999968261,47
4,42ceed91-daff-e711-9414-f0921c16b9e5,0.13424657534246576,0.01080000028014,48
4,42ceed91-daff-e711-9414-f0921c16b9e5,0.136986301369863,0.009600000455976,49
4,42ceed91-daff-e711-9414-f0921c16b9e5,0.13972602739726028,0.008200000040233,50
4,42ceed91-daff-e711-9414-f0921c16b9e5,0.14246575342465753,0.007400000002235,51
4,42ceed91-daff-e711-9414-f0921c16b9e5,0.14520547945205478,0.006699999794364,52
4,42ceed91-daff-e711-9414-f0921c16b9e5,0.14794520547945206,0.005799999926239,53
4,42ceed91-daff-e711-9414-f0921c16b9e5,0.1506849315068493,0.004900000058115,54
4,42ceed91-daff-e711-9414-f0921c16b9e5,0.15342465753424658,0.004300000146031,55
4,42ceed91-daff-e711-9414-f0921c16b9e5,0.15616438356164383,0.003800000064075,56
4,42ceed91-daff-e711-9414-f0921c16b9e5,0.1589041095890411,0.003199999919161,57
4,42ceed91-daff-e711-9414-f0921c16b9e5,0.16164383561643836,0.00289999996312,58
4,42ceed91-daff-e711-9414-f0921c16b9e5,0.1643835616438356,0.002600000007078,59
4,42ceed91-daff-e711-9414-f0921c16b9e5,0.16712328767123288,0.002400000113994,60
4,42ceed91-daff-e711-9414-f0921c16b9e5,0.16986301369863013,0.002099999925122,61
4,42ceed91-daff-e711-9414-f0921c16b9e5,0.1726027397260274,0.001599999959581,62
4,42ceed91-daff-e711-9414-f0921c16b9e5,0.17534246575342466,0.001399999950081,63
4,42ceed91-daff-e711-9414-f0921c16b9e5,0.1780821917808219,0.001399999950081,64
4,42ceed91-daff-e711-9414-f0921c16b9e5,0.18082191780821918,0.001399999950081,65
4,42ceed91-daff-e711-9414-f0921c16b9e5,0.18356164383561643,0.001399999950081,66
4,42ceed91-daff-e711-9414-f0921c16b9e5,0.1863013698630137,0.001200000056997,67
4,42ceed91-daff-e711-9414-f0921c16b9e5,0.18904109589041096,0.001200000056997,68
4,42ceed91-daff-e711-9414-f0921c16b9e5,0.1917808219178082,0.00089999998454,69
4,42ceed91-daff-e711-9414-f0921c16b9e5,0.19452054794520549,0.0006999999750406,70
4,42ceed91-daff-e711-9414-f0921c16b9e5,0.19726027397260273,0.0006999999750406,71
4,42ceed91-daff-e711-9414-f0921c16b9e5,0.2,0.0006999999750406,72
4,42ceed91-daff-e711-9414-f0921c16b9e5,0.20273972602739726,0.0006000000284985,73
4,42ceed91-daff-e711-9414-f0921c16b9e5,0.2054794520547945,0.0006000000284985,74
4,42ceed91-daff-e711-9414-f0921c16b9e5,0.20821917808219179,0.0006000000284985,75
4,42ceed91-daff-e711-9414-f0921c16b9e5,0.21095890410958903,0.0005000000237487,76
4,42ceed91-daff-e711-9414-f0921c16b9e5,0.2136986301369863,0.0003999999898952,77
4,42ceed91-daff-e711-9414-f0921c16b9e5,0.21643835616438356,0.0003999999898952,78
4,42ceed91-daff-e711-9414-f0921c16b9e5,0.2191780821917808,0.0003999999898952,79
4,42ceed91-daff-e711-9414-f0921c16b9e5,0.2219178082191781,0.0003999999898952,80
4,42ceed91-daff-e711-9414-f0921c16b9e5,0.22465753424657534,0.0003999999898952,81
4,42ceed91-daff-e711-9414-f0921c16b9e5,0.2273972602739726,0.0003999999898952,82
4,42ceed91-daff-e711-9414-f0921c16b9e5,0.23013698630136986,0.0003999999898952,83
4,42ceed91-daff-e711-9414-f0921c16b9e5,0.2328767123287671,0.0003000000142492,84
4,42ceed91-daff-e711-9414-f0921c16b9e5,0.2356164383561644,0.0003000000142492,85
4,42ceed91-daff-e711-9414-f0921c16b9e5,0.23835616438356164,0.0001999999949476,86
4,42ceed91-daff-e711-9414-f0921c16b9e5,0.2410958904109589,9.999999747379e-05,87
4,42ceed91-daff-e711-9414-f0921c16b9e5,0.24383561643835616,9.999999747379e-05,88
4,42ceed91-daff-e711-9414-f0921c16b9e5,0.2465753424657534,9.999999747379e-05,89
5,41ceed91-daff-e711-9414-f0921c16b9e5,0.0027397260273972603,0.0,0
5,41ceed91-daff-e711-9414-f0921c16b9e5,0.005479452054794521,0.0006999999750406,1
5,41ceed91-daff-e711-9414-f0921c16b9e5,0.00821917808219178,0.003100000089034,2
5,41ceed91-daff-e711-9414-f0921c16b9e5,0.010958904109589041,0.01410000026226,3
5,41ceed91-daff-e711-9414-f0921c16b9e5,0.0136986301369863,0.06140000000596,4
5,41ceed91-daff-e711-9414-f0921c16b9e5,0.01643835616438356,0.2536999881268,5
5,41ceed91-daff-e711-9414-f0921c16b9e5,0.019178082191780823,0.6668999791145,6
5,41ceed91-daff-e711-9414-f0921c16b9e5,0.021917808219178082,0.7932000160217,7
5,41ceed91-daff-e711-9414-f0921c16b9e5,0.024657534246575342,0.6768000125885,8
5,41ceed91-daff-e711-9414-f0921c16b9e5,0.0273972602739726,0.5511999726295,9
5,41ceed91-daff-e711-9414-f0921c16b9e5,0.030136986301369864,0.4553000032902,10
5,41ceed91-daff-e711-9414-f0921c16b9e5,0.03287671232876712,0.3776000142097,11
5,41ceed91-daff-e711-9414-f0921c16b9e5,0.03561643835616438,0.3118999898434,12
5,41ceed91-daff-e711-9414-f0921c16b9e5,0.038356164383561646,0.257699996233,13
5,41ceed91-daff-e711-9414-f0921c16b9e5,0.0410958904109589,0.2117000073195,14
5,41ceed91-daff-e711-9414-f0921c16b9e5,0.043835616438356165,0.1729999929667,15
5,41ceed91-daff-e711-9414-f0921c16b9e5,0.04657534246575343,0.1427000015974,16
5,41ceed91-daff-e711-9414-f0921c16b9e5,0.049315068493150684,0.1168000027537,17
5,41ceed91-daff-e711-9414-f0921c16b9e5,0.052054794520547946,0.09870000183582,18
5,41ceed91-daff-e711-9414-f0921c16b9e5,0.0547945205479452,0.07890000194311,19
5,41ceed91-daff-e711-9414-f0921c16b9e5,0.057534246575342465,0.06340000033379,20
5,41ceed91-daff-e711-9414-f0921c16b9e5,0.06027397260273973,0.05099999904633,21
5,41ceed91-daff-e711-9414-f0921c16b9e5,0.06301369863013699,0.04129999876022,22
5,41ceed91-daff-e711-9414-f0921c16b9e5,0.06575342465753424,0.03409999981523,23
5,41ceed91-daff-e711-9414-f0921c16b9e5,0.0684931506849315,0.02859999984503,24
5,41ceed91-daff-e711-9414-f0921c16b9e5,0.07123287671232877,0.02370000071824,25
5,41ceed91-daff-e711-9414-f0921c16b9e5,0.07397260273972603,0.02009999938309,26
5,41ceed91-daff-e711-9414-f0921c16b9e5,0.07671232876712329,0.01659999974072,27
5,41ceed91-daff-e711-9414-f0921c16b9e5,0.07945205479452055,0.01389999967068,28
5,41ceed91-daff-e711-9414-f0921c16b9e5,0.0821917808219178,0.0109999999404,29
5,41ceed91-daff-e711-9414-f0921c16b9e5,0.08493150684931507,0.008799999952316,30
5,41ceed91-daff-e711-9414-f0921c16b9e5,0.08767123287671233,0.007100000046194,31
5,41ceed91-daff-e711-9414-f0921c16b9e5,0.09041095890410959,0.005499999970198,32
5,41ceed91-daff-e711-9414-f0921c16b9e5,0.09315068493150686,0.004499999806285,33
5,41ceed91-daff-e711-9414-f0921c16b9e5,0.0958904109589041,0.003500000108033,34
5,41ceed91-daff-e711-9414-f0921c16b9e5,0.09863013698630137,0.002799999900162,35
5,41ceed91-daff-e711-9414-f0921c16b9e5,0.10136986301369863,0.002000000094995,36
5,41ceed91-daff-e711-9414-f0921c16b9e5,0.10410958904109589,0.001500000013039,37
5,41ceed91-daff-e711-9414-f0921c16b9e5,0.10684931506849316,0.001399999950081,38
5,41ceed91-daff-e711-9414-f0921c16b9e5,0.1095890410958904,0.001000000047497,39
5,41ceed91-daff-e711-9414-f0921c16b9e5,0.11232876712328767,0.001000000047497,40
5,41ceed91-daff-e711-9414-f0921c16b9e5,0.11506849315068493,0.0006000000284985,41
5,41ceed91-daff-e711-9414-f0921c16b9e5,0.1178082191780822,0.0006000000284985,42
5,41ceed91-daff-e711-9414-f0921c16b9e5,0.12054794520547946,0.0005000000237487,43
5,41ceed91-daff-e711-9414-f0921c16b9e5,0.1232876712328767,0.0003999999898952,44
5,41ceed91-daff-e711-9414-f0921c16b9e5,0.12602739726027398,0.0003999999898952,45
5,41ceed91-daff-e711-9414-f0921c16b9e5,0.12876712328767123,0.0001999999949476,46
5,41ceed91-daff-e711-9414-f0921c16b9e5,0.13150684931506848,0.0001999999949476,47
5,41ceed91-daff-e711-9414-f0921c16b9e5,0.13424657534246576,0.0001999999949476,48
5,41ceed91-daff-e711-9414-f0921c16b9e5,0.136986301369863,9.999999747379e-05,49
5,41ceed91-daff-e711-9414-f0921c16b9e5,0.13972602739726028,9.999999747379e-05,50
5,41ceed91-daff-e711-9414-f0921c16b9e5,0.14246575342465753,9.999999747379e-05,51
5,41ceed91-daff-e711-9414-f0921c16b9e5,0.14520547945205478,9.999999747379e-05,52
5,41ceed91-daff-e711-9414-f0921c16b9e5,0.14794520547945206,9.999999747379e-05,53
5,41ceed91-daff-e711-9414-f0921c16b9e5,0.1506849315068493,9.999999747379e-05,54
5,41ceed91-daff-e711-9414-f0921c16b9e5,0.15342465753424658,0.0,55
5,41ceed91-daff-e711-9414-f0921c16b9e5,0.15616438356164383,0.0,56
5,41ceed91-daff-e711-9414-f0921c16b9e5,0.1589041095890411,0.0,57
5,41ceed91-daff-e711-9414-f0921c16b9e5,0.16164383561643836,0.0,58
5,41ceed91-daff-e711-9414-f0921c16b9e5,0.1643835616438356,0.0,59
5,41ceed91-daff-e711-9414-f0921c16b9e5,0.16712328767123288,0.0,60
5,41ceed91-daff-e711-9414-f0921c16b9e5,0.16986301369863013,0.0,61
5,41ceed91-daff-e711-9414-f0921c16b9e5,0.1726027397260274,0.0,62
5,41ceed91-daff-e711-9414-f0921c16b9e5,0.17534246575342466,0.0,63
5,41ceed91-daff-e711-9414-f0921c16b9e5,0.1780821917808219,0.0,64
5,41ceed91-daff-e711-9414-f0921c16b9e5,0.18082191780821918,0.0,65
5,41ceed91-daff-e711-9414-f0921c16b9e5,0.18356164383561643,0.0,66
5,41ceed91-daff-e711-9414-f0921c16b9e5,0.1863013698630137,0.0,67
5,41ceed91-daff-e711-9414-f0921c16b9e5,0.18904109589041096,0.0,68
5,41ceed91-daff-e711-9414-f0921c16b9e5,0.1917808219178082,0.0,69
5,41ceed91-daff-e711-9414-f0921c16b9e5,0.19452054794520549,0.0,70
5,41ceed91-daff-e711-9414-f0921c16b9e5,0.19726027397260273,0.0,71
5,41ceed91-daff-e711-9414-f0921c16b9e5,0.2,0.0,72
5,41ceed91-daff-e711-9414-f0921c16b9e5,0.20273972602739726,0.0,73
5,41ceed91-daff-e711-9414-f0921c16b9e5,0.2054794520547945,0.0,74
5,41ceed91-daff-e711-9414-f0921c16b9e5,0.20821917808219179,0.0,75
5,41ceed91-daff-e711-9414-f0921c16b9e5,0.21095890410958903,0.0,76
5,41ceed91-daff-e711-9414-f0921c16b9e5,0.2136986301369863,0.0,77
5,41ceed91-daff-e711-9414-f0921c16b9e5,0.21643835616438356,0.0,78
5,41ceed91-daff-e711-9414-f0921c16b9e5,0.2191780821917808,0.0,79
5,41ceed91-daff-e711-9414-f0921c16b9e5,0.2219178082191781,0.0,80
5,41ceed91-daff-e711-9414-f0921c16b9e5,0.22465753424657534,0.0,81
5,41ceed91-daff-e711-9414-f0921c16b9e5,0.2273972602739726,0.0,82
5,41ceed91-daff-e711-9414-f0921c16b9e5,0.23013698630136986,0.0,83
5,41ceed91-daff-e711-9414-f0921c16b9e5,0.2328767123287671,0.0,84
5,41ceed91-daff-e711-9414-f0921c16b9e5,0.2356164383561644,0.0,85
5,41ceed91-daff-e711-9414-f0921c16b9e5,0.23835616438356164,0.0,86
5,41ceed91-daff-e711-9414-f0921c16b9e5,0.2410958904109589,0.0,87
5,41ceed91-daff-e711-9414-f0921c16b9e5,0.24383561643835616,0.0,88
5,41ceed91-daff-e711-9414-f0921c16b9e5,0.2465753424657534,0.0,89
6,40ceed91-daff-e711-9414-f0921c16b9e5,0.0027397260273972603,0.0,0
6,40ceed91-daff-e711-9414-f0921c16b9e5,0.005479452054794521,0.0006000000284985,1
6,40ceed91-daff-e711-9414-f0921c16b9e5,0.00821917808219178,0.003199999919161,2
6,40ceed91-daff-e711-9414-f0921c16b9e5,0.010958904109589041,0.01640000008047,3
6,40ceed91-daff-e711-9414-f0921c16b9e5,0.0136986301369863,0.0832000002265,4
6,40ceed91-daff-e711-9414-f0921c16b9e5,0.01643835616438356,0.3431999981403,5
6,40ceed91-daff-e711-9414-f0921c16b9e5,0.019178082191780823,0.7818999886513,6
6,40ceed91-daff-e711-9414-f0921c16b9e5,0.021917808219178082,0.7950999736786,7
6,40ceed91-daff-e711-9414-f0921c16b9e5,0.024657534246575342,0.6710000038147,8
6,40ceed91-daff-e711-9414-f0921c16b9e5,0.0273972602739726,0.5645999908447,9
6,40ceed91-daff-e711-9414-f0921c16b9e5,0.030136986301369864,0.4740999937057,10
6,40ceed91-daff-e711-9414-f0921c16b9e5,0.03287671232876712,0.398600012064,11
6,40ceed91-daff-e711-9414-f0921c16b9e5,0.03561643835616438,0.3366999924183,12
6,40ceed91-daff-e711-9414-f0921c16b9e5,0.038356164383561646,0.2833999991417,13
6,40ceed91-daff-e711-9414-f0921c16b9e5,0.0410958904109589,0.235799998045,14
6,40ceed91-daff-e711-9414-f0921c16b9e5,0.043835616438356165,0.1991000026464,15
6,40ceed91-daff-e711-9414-f0921c16b9e5,0.04657534246575343,0.1643999963999,16
6,40ceed91-daff-e711-9414-f0921c16b9e5,0.049315068493150684,0.1385000050068,17
6,40ceed91-daff-e711-9414-f0921c16b9e5,0.052054794520547946,0.1160999983549,18
6,40ceed91-daff-e711-9414-f0921c16b9e5,0.0547945205479452,0.09880000352859,19
6,40ceed91-daff-e711-9414-f0921c16b9e5,0.057534246575342465,0.08269999921322,20
6,40ceed91-daff-e711-9414-f0921c16b9e5,0.06027397260273973,0.06970000267029,21
6,40ceed91-daff-e711-9414-f0921c16b9e5,0.06301369863013699,0.05799999833107,22
6,40ceed91-daff-e711-9414-f0921c16b9e5,0.06575342465753424,0.0489999987185,23
6,40ceed91-daff-e711-9414-f0921c16b9e5,0.0684931506849315,0.04300000146031,24
6,40ceed91-daff-e711-9414-f0921c16b9e5,0.07123287671232877,0.03559999912977,25
6,40ceed91-daff-e711-9414-f0921c16b9e5,0.07397260273972603,0.02830000035465,26
6,40ceed91-daff-e711-9414-f0921c16b9e5,0.07671232876712329,0.02349999919534,27
6,40ceed91-daff-e711-9414-f0921c16b9e5,0.07945205479452055,0.0194000005722,28
6,40ceed91-daff-e711-9414-f0921c16b9e5,0.0821917808219178,0.01640000008047,29
6,40ceed91-daff-e711-9414-f0921c16b9e5,0.08493150684931507,0.01400000043213,30
6,40ceed91-daff-e711-9414-f0921c16b9e5,0.08767123287671233,0.01229999959469,31
6,40ceed91-daff-e711-9414-f0921c16b9e5,0.09041095890410959,0.009700000286102,32
6,40ceed91-daff-e711-9414-f0921c16b9e5,0.09315068493150686,0.008399999700487,33
6,40ceed91-daff-e711-9414-f0921c16b9e5,0.0958904109589041,0.006599999964237,34
6,40ceed91-daff-e711-9414-f0921c16b9e5,0.09863013698630137,0.005499999970198,35
6,40ceed91-daff-e711-9414-f0921c16b9e5,0.10136986301369863,0.004600000102073,36
6,40ceed91-daff-e711-9414-f0921c16b9e5,0.10410958904109589,0.003899999894202,37
6,40ceed91-daff-e711-9414-f0921c16b9e5,0.10684931506849316,0.003500000108033,38
6,40ceed91-daff-e711-9414-f0921c16b9e5,0.1095890410958904,0.002499999944121,39
6,40ceed91-daff-e711-9414-f0921c16b9e5,0.11232876712328767,0.002400000113994,40
6,40ceed91-daff-e711-9414-f0921c16b9e5,0.11506849315068493,0.001900000032037,41
6,40ceed91-daff-e711-9414-f0921c16b9e5,0.1178082191780822,0.00179999996908,42
6,40ceed91-daff-e711-9414-f0921c16b9e5,0.12054794520547946,0.001599999959581,43
6,40ceed91-daff-e711-9414-f0921c16b9e5,0.1232876712328767,0.001000000047497,44
6,40ceed91-daff-e711-9414-f0921c16b9e5,0.12602739726027398,0.0006999999750406,45
6,40ceed91-daff-e711-9414-f0921c16b9e5,0.12876712328767123,0.0006999999750406,46
6,40ceed91-daff-e711-9414-f0921c16b9e5,0.13150684931506848,0.0006999999750406,47
6,40ceed91-daff-e711-9414-f0921c16b9e5,0.13424657534246576,0.0006000000284985,48
6,40ceed91-daff-e711-9414-f0921c16b9e5,0.136986301369863,0.0005000000237487,49
6,40ceed91-daff-e711-9414-f0921c16b9e5,0.13972602739726028,0.0003999999898952,50
6,40ceed91-daff-e711-9414-f0921c16b9e5,0.14246575342465753,0.0003999999898952,51
6,40ceed91-daff-e711-9414-f0921c16b9e5,0.14520547945205478,0.0003999999898952,52
6,40ceed91-daff-e711-9414-f0921c16b9e5,0.14794520547945206,0.0003999999898952,53
6,40ceed91-daff-e711-9414-f0921c16b9e5,0.1506849315068493,0.0003999999898952,54
6,40ceed91-daff-e711-9414-f0921c16b9e5,0.15342465753424658,0.0001999999949476,55
6,40ceed91-daff-e711-9414-f0921c16b9e5,0.15616438356164383,9.999999747379e-05,56
6,40ceed91-daff-e711-9414-f0921c16b9e5,0.1589041095890411,9.999999747379e-05,57
6,40ceed91-daff-e711-9414-f0921c16b9e5,0.16164383561643836,9.999999747379e-05,58
6,40ceed91-daff-e711-9414-f0921c16b9e5,0.1643835616438356,9.999999747379e-05,59
6,40ceed91-daff-e711-9414-f0921c16b9e5,0.16712328767123288,9.999999747379e-05,60
6,40ceed91-daff-e711-9414-f0921c16b9e5,0.16986301369863013,9.999999747379e-05,61
6,40ceed91-daff-e711-9414-f0921c16b9e5,0.1726027397260274,9.999999747379e-05,62
6,40ceed91-daff-e711-9414-f0921c16b9e5,0.17534246575342466,9.999999747379e-05,63
6,40ceed91-daff-e711-9414-f0921c16b9e5,0.1780821917808219,9.999999747379e-05,64
6,40ceed91-daff-e711-9414-f0921c16b9e5,0.18082191780821918,9.999999747379e-05,65
6,40ceed91-daff-e711-9414-f0921c16b9e5,0.18356164383561643,0.0,66
6,40ceed91-daff-e711-9414-f0921c16b9e5,0.1863013698630137,0.0,67
6,40ceed91-daff-e711-9414-f0921c16b9e5,0.18904109589041096,0.0,68
6,40ceed91-daff-e711-9414-f0921c16b9e5,0.1917808219178082,0.0,69
6,40ceed91-daff-e711-9414-f0921c16b9e5,0.19452054794520549,0.0,70
6,40ceed91-daff-e711-9414-f0921c16b9e5,0.19726027397260273,0.0,71
6,40ceed91-daff-e711-9414-f0921c16b9e5,0.2,0.0,72
6,40ceed91-daff-e711-9414-f0921c16b9e5,0.20273972602739726,0.0,73
6,40ceed91-daff-e711-9414-f0921c16b9e5,0.2054794520547945,0.0,74
6,40ceed91-daff-e711-9414-f0921c16b9e5,0.20821917808219179,0.0,75
6,40ceed91-daff-e711-9414-f0921c16b9e5,0.21095890410958903,0.0,76
6,40ceed91-daff-e711-9414-f0921c16b9e5,0.2136986301369863,0.0,77
6,40ceed91-daff-e711-9414-f0921c16b9e5,0.21643835616438356,0.0,78
6,40ceed91-daff-e711-9414-f0921c16b9e5,0.2191780821917808,0.0,79
6,40ceed91-daff-e711-9414-f0921c16b9e5,0.2219178082191781,0.0,80
6,40ceed91-daff-e711-9414-f0921c16b9e5,0.22465753424657534,0.0,81
6,40ceed91-daff-e711-9414-f0921c16b9e5,0.2273972602739726,0.0,82
6,40ceed91-daff-e711-9414-f0921c16b9e5,0.23013698630136986,0.0,83
6,40ceed91-daff-e711-9414-f0921c16b9e5,0.2328767123287671,0.0,84
6,40ceed91-daff-e711-9414-f0921c16b9e5,0.2356164383561644,0.0,85
6,40ceed91-daff-e711-9414-f0921c16b9e5,0.23835616438356164,0.0,86
6,40ceed91-daff-e711-9414-f0921c16b9e5,0.2410958904109589,0.0,87
6,40ceed91-daff-e711-9414-f0921c16b9e5,0.24383561643835616,0.0,88
6,40ceed91-daff-e711-9414-f0921c16b9e5,0.2465753424657534,0.0,89
7,3fceed91-daff-e711-9414-f0921c16b9e5,0.0027397260273972603,0.0,0
7,3fceed91-daff-e711-9414-f0921c16b9e5,0.005479452054794521,0.0005000000237487,1
7,3fceed91-daff-e711-9414-f0921c16b9e5,0.00821917808219178,0.00179999996908,2
7,3fceed91-daff-e711-9414-f0921c16b9e5,0.010958904109589041,0.005200000014156,3
7,3fceed91-daff-e711-9414-f0921c16b9e5,0.0136986301369863,0.01740000024438,4
7,3fceed91-daff-e711-9414-f0921c16b9e5,0.01643835616438356,0.05570000037551,5
7,3fceed91-daff-e711-9414-f0921c16b9e5,0.019178082191780823,0.1624000072479,6
7,3fceed91-daff-e711-9414-f0921c16b9e5,0.021917808219178082,0.4004999995232,7
7,3fceed91-daff-e711-9414-f0921c16b9e5,0.024657534246575342,0.7045000195503,8
7,3fceed91-daff-e711-9414-f0921c16b9e5,0.0273972602739726,0.8240000009537,9
7,3fceed91-daff-e711-9414-f0921c16b9e5,0.030136986301369864,0.7865999937057,10
7,3fceed91-daff-e711-9414-f0921c16b9e5,0.03287671232876712,0.7178999781609,11
7,3fceed91-daff-e711-9414-f0921c16b9e5,0.03561643835616438,0.653500020504,12
7,3fceed91-daff-e711-9414-f0921c16b9e5,0.038356164383561646,0.5879999995232,13
7,3fceed91-daff-e711-9414-f0921c16b9e5,0.0410958904109589,0.5304999947548,14
7,3fceed91-daff-e711-9414-f0921c16b9e5,0.043835616438356165,0.48140001297,15
7,3fceed91-daff-e711-9414-f0921c16b9e5,0.04657534246575343,0.4336000084877,16
7,3fceed91-daff-e711-9414-f0921c16b9e5,0.049315068493150684,0.392500013113,17
7,3fceed91-daff-e711-9414-f0921c16b9e5,0.052054794520547946,0.3544000089169,18
7,3fceed91-daff-e711-9414-f0921c16b9e5,0.0547945205479452,0.3203000128269,19
7,3fceed91-daff-e711-9414-f0921c16b9e5,0.057534246575342465,0.2912000119686,20
7,3fceed91-daff-e711-9414-f0921c16b9e5,0.06027397260273973,0.2624000012875,21
7,3fceed91-daff-e711-9414-f0921c16b9e5,0.06301369863013699,0.2363000065088,22
7,3fceed91-daff-e711-9414-f0921c16b9e5,0.06575342465753424,0.2122000008821,23
7,3fceed91-daff-e711-9414-f0921c16b9e5,0.0684931506849315,0.1926999986172,24
7,3fceed91-daff-e711-9414-f0921c16b9e5,0.07123287671232877,0.1729999929667,25
7,3fceed91-daff-e711-9414-f0921c16b9e5,0.07397260273972603,0.1560000032187,26
7,3fceed91-daff-e711-9414-f0921c16b9e5,0.07671232876712329,0.1424999982119,27
7,3fceed91-daff-e711-9414-f0921c16b9e5,0.07945205479452055,0.1287000030279,28
7,3fceed91-daff-e711-9414-f0921c16b9e5,0.0821917808219178,0.117499999702,29
7,3fceed91-daff-e711-9414-f0921c16b9e5,0.08493150684931507,0.106299996376,30
7,3fceed91-daff-e711-9414-f0921c16b9e5,0.08767123287671233,0.09679999947548,31
7,3fceed91-daff-e711-9414-f0921c16b9e5,0.09041095890410959,0.08839999884367,32
7,3fceed91-daff-e711-9414-f0921c16b9e5,0.09315068493150686,0.07940000295639,33
7,3fceed91-daff-e711-9414-f0921c16b9e5,0.0958904109589041,0.07289999723434,34
7,3fceed91-daff-e711-9414-f0921c16b9e5,0.09863013698630137,0.06669999659061,35
7,3fceed91-daff-e711-9414-f0921c16b9e5,0.10136986301369863,0.06129999831319,36
7,3fceed91-daff-e711-9414-f0921c16b9e5,0.10410958904109589,0.05409999936819,37
7,3fceed91-daff-e711-9414-f0921c16b9e5,0.10684931506849316,0.04930000007153,38
7,3fceed91-daff-e711-9414-f0921c16b9e5,0.1095890410958904,0.0447999984026,39
7,3fceed91-daff-e711-9414-f0921c16b9e5,0.11232876712328767,0.04019999876618,40
7,3fceed91-daff-e711-9414-f0921c16b9e5,0.11506849315068493,0.03709999844432,41
7,3fceed91-daff-e711-9414-f0921c16b9e5,0.1178082191780822,0.03390000015497,42
7,3fceed91-daff-e711-9414-f0921c16b9e5,0.12054794520547946,0.03030000068247,43
7,3fceed91-daff-e711-9414-f0921c16b9e5,0.1232876712328767,0.02690000087023,44
7,3fceed91-daff-e711-9414-f0921c16b9e5,0.12602739726027398,0.0249000005424,45
7,3fceed91-daff-e711-9414-f0921c16b9e5,0.12876712328767123,0.02280000038445,46
7,3fceed91-daff-e711-9414-f0921c16b9e5,0.13150684931506848,0.02129999920726,47
7,3fceed91-daff-e711-9414-f0921c16b9e5,0.13424657534246576,0.01960000023246,48
7,3fceed91-daff-e711-9414-f0921c16b9e5,0.136986301369863,0.01820000074804,49
7,3fceed91-daff-e711-9414-f0921c16b9e5,0.13972602739726028,0.01649999991059,50
7,3fceed91-daff-e711-9414-f0921c16b9e5,0.14246575342465753,0.01499999966472,51
7,3fceed91-daff-e711-9414-f0921c16b9e5,0.14520547945205478,0.01379999984056,52
7,3fceed91-daff-e711-9414-f0921c16b9e5,0.14794520547945206,0.01219999976456,53
7,3fceed91-daff-e711-9414-f0921c16b9e5,0.1506849315068493,0.0113000003621,54
7,3fceed91-daff-e711-9414-f0921c16b9e5,0.15342465753424658,0.01030000019819,55
7,3fceed91-daff-e711-9414-f0921c16b9e5,0.15616438356164383,0.009200000204146,56
7,3fceed91-daff-e711-9414-f0921c16b9e5,0.1589041095890411,0.008600000292063,57
7,3fceed91-daff-e711-9414-f0921c16b9e5,0.16164383561643836,0.007400000002235,58
7,3fceed91-daff-e711-9414-f0921c16b9e5,0.1643835616438356,0.006699999794364,59
7,3fceed91-daff-e711-9414-f0921c16b9e5,0.16712328767123288,0.006099999882281,60
7,3fceed91-daff-e711-9414-f0921c16b9e5,0.16986301369863013,0.005900000222027,61
7,3fceed91-daff-e711-9414-f0921c16b9e5,0.1726027397260274,0.005400000140071,62
7,3fceed91-daff-e711-9414-f0921c16b9e5,0.17534246575342466,0.0046999999322,63
7,3fceed91-daff-e711-9414-f0921c16b9e5,0.1780821917808219,0.004300000146031,64
7,3fceed91-daff-e711-9414-f0921c16b9e5,0.18082191780821918,0.00400000018999,65
7,3fceed91-daff-e711-9414-f0921c16b9e5,0.18356164383561643,0.003800000064075,66
7,3fceed91-daff-e711-9414-f0921c16b9e5,0.1863013698630137,0.003500000108033,67
7,3fceed91-daff-e711-9414-f0921c16b9e5,0.18904109589041096,0.003100000089034,68
7,3fceed91-daff-e711-9414-f0921c16b9e5,0.1917808219178082,0.002799999900162,69
7,3fceed91-daff-e711-9414-f0921c16b9e5,0.19452054794520549,0.002499999944121,70
7,3fceed91-daff-e711-9414-f0921c16b9e5,0.19726027397260273,0.002300000051036,71
7,3fceed91-daff-e711-9414-f0921c16b9e5,0.2,0.001900000032037,72
7,3fceed91-daff-e711-9414-f0921c16b9e5,0.20273972602739726,0.00179999996908,73
7,3fceed91-daff-e711-9414-f0921c16b9e5,0.2054794520547945,0.001599999959581,74
7,3fceed91-daff-e711-9414-f0921c16b9e5,0.20821917808219179,0.001500000013039,75
7,3fceed91-daff-e711-9414-f0921c16b9e5,0.21095890410958903,0.001399999950081,76
7,3fceed91-daff-e711-9414-f0921c16b9e5,0.2136986301369863,0.001300000003539,77
7,3fceed91-daff-e711-9414-f0921c16b9e5,0.21643835616438356,0.001300000003539,78
7,3fceed91-daff-e711-9414-f0921c16b9e5,0.2191780821917808,0.001000000047497,79
7,3fceed91-daff-e711-9414-f0921c16b9e5,0.2219178082191781,0.0006999999750406,80
7,3fceed91-daff-e711-9414-f0921c16b9e5,0.22465753424657534,0.0006999999750406,81
7,3fceed91-daff-e711-9414-f0921c16b9e5,0.2273972602739726,0.0006999999750406,82
7,3fceed91-daff-e711-9414-f0921c16b9e5,0.23013698630136986,0.0006000000284985,83
7,3fceed91-daff-e711-9414-f0921c16b9e5,0.2328767123287671,0.0006000000284985,84
7,3fceed91-daff-e711-9414-f0921c16b9e5,0.2356164383561644,0.0006000000284985,85
7,3fceed91-daff-e711-9414-f0921c16b9e5,0.23835616438356164,0.0006000000284985,86
7,3fceed91-daff-e711-9414-f0921c16b9e5,0.2410958904109589,0.0005000000237487,87
7,3fceed91-daff-e711-9414-f0921c16b9e5,0.24383561643835616,0.0003999999898952,88
7,3fceed91-daff-e711-9414-f0921c16b9e5,0.2465753424657534,0.0003999999898952,89
8,3eceed91-daff-e711-9414-f0921c16b9e5,0.0027397260273972603,0.0,0
8,3eceed91-daff-e711-9414-f0921c16b9e5,0.005479452054794521,0.0003999999898952,1
8,3eceed91-daff-e711-9414-f0921c16b9e5,0.00821917808219178,0.001399999950081,2
8,3eceed91-daff-e711-9414-f0921c16b9e5,0.010958904109589041,0.003899999894202,3
8,3eceed91-daff-e711-9414-f0921c16b9e5,0.0136986301369863,0.01250000018626,4
8,3eceed91-daff-e711-9414-f0921c16b9e5,0.01643835616438356,0.03559999912977,5
8,3eceed91-daff-e711-9414-f0921c16b9e5,0.019178082191780823,0.09719999879599,6
8,3eceed91-daff-e711-9414-f0921c16b9e5,0.021917808219178082,0.2390999943018,7
8,3eceed91-daff-e711-9414-f0921c16b9e5,0.024657534246575342,0.4900000095367,8
8,3eceed91-daff-e711-9414-f0921c16b9e5,0.0273972602739726,0.7177000045776,9
8,3eceed91-daff-e711-9414-f0921c16b9e5,0.030136986301369864,0.7537000179291,10
8,3eceed91-daff-e711-9414-f0921c16b9e5,0.03287671232876712,0.6856999993324,11
8,3eceed91-daff-e711-9414-f0921c16b9e5,0.03561643835616438,0.6054999828339,12
8,3eceed91-daff-e711-9414-f0921c16b9e5,0.038356164383561646,0.5289000272751,13
8,3eceed91-daff-e711-9414-f0921c16b9e5,0.0410958904109589,0.4575000107288,14
8,3eceed91-daff-e711-9414-f0921c16b9e5,0.043835616438356165,0.3977999985218,15
8,3eceed91-daff-e711-9414-f0921c16b9e5,0.04657534246575343,0.3447999954224,16
8,3eceed91-daff-e711-9414-f0921c16b9e5,0.049315068493150684,0.2973000109196,17
8,3eceed91-daff-e711-9414-f0921c16b9e5,0.052054794520547946,0.2628999948502,18
8,3eceed91-daff-e711-9414-f0921c16b9e5,0.0547945205479452,0.2242999970913,19
8,3eceed91-daff-e711-9414-f0921c16b9e5,0.057534246575342465,0.1928000003099,20
8,3eceed91-daff-e711-9414-f0921c16b9e5,0.06027397260273973,0.1686999946833,21
8,3eceed91-daff-e711-9414-f0921c16b9e5,0.06301369863013699,0.146899998188,22
8,3eceed91-daff-e711-9414-f0921c16b9e5,0.06575342465753424,0.1280999928713,23
8,3eceed91-daff-e711-9414-f0921c16b9e5,0.0684931506849315,0.1120999976993,24
8,3eceed91-daff-e711-9414-f0921c16b9e5,0.07123287671232877,0.09730000048876,25
8,3eceed91-daff-e711-9414-f0921c16b9e5,0.07397260273972603,0.08470000326633,26
8,3eceed91-daff-e711-9414-f0921c16b9e5,0.07671232876712329,0.07280000299215,27
8,3eceed91-daff-e711-9414-f0921c16b9e5,0.07945205479452055,0.06360000371933,28
8,3eceed91-daff-e711-9414-f0921c16b9e5,0.0821917808219178,0.05510000139475,29
8,3eceed91-daff-e711-9414-f0921c16b9e5,0.08493150684931507,0.04809999838471,30
8,3eceed91-daff-e711-9414-f0921c16b9e5,0.08767123287671233,0.04080000147223,31
8,3eceed91-daff-e711-9414-f0921c16b9e5,0.09041095890410959,0.03449999913573,32
8,3eceed91-daff-e711-9414-f0921c16b9e5,0.09315068493150686,0.02830000035465,33
8,3eceed91-daff-e711-9414-f0921c16b9e5,0.0958904109589041,0.02439999952912,34
8,3eceed91-daff-e711-9414-f0921c16b9e5,0.09863013698630137,0.02170000039041,35
8,3eceed91-daff-e711-9414-f0921c16b9e5,0.10136986301369863,0.01840000040829,36
8,3eceed91-daff-e711-9414-f0921c16b9e5,0.10410958904109589,0.01679999940097,37
8,3eceed91-daff-e711-9414-f0921c16b9e5,0.10684931506849316,0.0148999998346,38
8,3eceed91-daff-e711-9414-f0921c16b9e5,0.1095890410958904,0.01290000043809,39
8,3eceed91-daff-e711-9414-f0921c16b9e5,0.11232876712328767,0.0113000003621,40
8,3eceed91-daff-e711-9414-f0921c16b9e5,0.11506849315068493,0.01059999968857,41
8,3eceed91-daff-e711-9414-f0921c16b9e5,0.1178082191780822,0.009200000204146,42
8,3eceed91-daff-e711-9414-f0921c16b9e5,0.12054794520547946,0.00829999987036,43
8,3eceed91-daff-e711-9414-f0921c16b9e5,0.1232876712328767,0.00719999987632,44
8,3eceed91-daff-e711-9414-f0921c16b9e5,0.12602739726027398,0.006000000052154,45
8,3eceed91-daff-e711-9414-f0921c16b9e5,0.12876712328767123,0.005900000222027,46
8,3eceed91-daff-e711-9414-f0921c16b9e5,0.13150684931506848,0.005400000140071,47
8,3eceed91-daff-e711-9414-f0921c16b9e5,0.13424657534246576,0.004999999888241,48
8,3eceed91-daff-e711-9414-f0921c16b9e5,0.136986301369863,0.004300000146031,49
8,3eceed91-daff-e711-9414-f0921c16b9e5,0.13972602739726028,0.003800000064075,50
8,3eceed91-daff-e711-9414-f0921c16b9e5,0.14246575342465753,0.003199999919161,51
8,3eceed91-daff-e711-9414-f0921c16b9e5,0.14520547945205478,0.002799999900162,52
8,3eceed91-daff-e711-9414-f0921c16b9e5,0.14794520547945206,0.002600000007078,53
8,3eceed91-daff-e711-9414-f0921c16b9e5,0.1506849315068493,0.002099999925122,54
8,3eceed91-daff-e711-9414-f0921c16b9e5,0.15342465753424658,0.00179999996908,55
8,3eceed91-daff-e711-9414-f0921c16b9e5,0.15616438356164383,0.001700000022538,56
8,3eceed91-daff-e711-9414-f0921c16b9e5,0.1589041095890411,0.001300000003539,57
8,3eceed91-daff-e711-9414-f0921c16b9e5,0.16164383561643836,0.001200000056997,58
8,3eceed91-daff-e711-9414-f0921c16b9e5,0.1643835616438356,0.001000000047497,59
8,3eceed91-daff-e711-9414-f0921c16b9e5,0.16712328767123288,0.0007999999797903,60
8,3eceed91-daff-e711-9414-f0921c16b9e5,0.16986301369863013,0.0007999999797903,61
8,3eceed91-daff-e711-9414-f0921c16b9e5,0.1726027397260274,0.0006999999750406,62
8,3eceed91-daff-e711-9414-f0921c16b9e5,0.17534246575342466,0.0006999999750406,63
8,3eceed91-daff-e711-9414-f0921c16b9e5,0.1780821917808219,0.0006000000284985,64
8,3eceed91-daff-e711-9414-f0921c16b9e5,0.18082191780821918,0.0003999999898952,65
8,3eceed91-daff-e711-9414-f0921c16b9e5,0.18356164383561643,0.0003000000142492,66
8,3eceed91-daff-e711-9414-f0921c16b9e5,0.1863013698630137,0.0003000000142492,67
8,3eceed91-daff-e711-9414-f0921c16b9e5,0.18904109589041096,0.0003000000142492,68
8,3eceed91-daff-e711-9414-f0921c16b9e5,0.1917808219178082,0.0003000000142492,69
8,3eceed91-daff-e711-9414-f0921c16b9e5,0.19452054794520549,0.0001999999949476,70
8,3eceed91-daff-e711-9414-f0921c16b9e5,0.19726027397260273,9.999999747379e-05,71
8,3eceed91-daff-e711-9414-f0921c16b9e5,0.2,0.0,72
8,3eceed91-daff-e711-9414-f0921c16b9e5,0.20273972602739726,0.0,73
8,3eceed91-daff-e711-9414-f0921c16b9e5,0.2054794520547945,0.0,74
8,3eceed91-daff-e711-9414-f0921c16b9e5,0.20821917808219179,0.0,75
8,3eceed91-daff-e711-9414-f0921c16b9e5,0.21095890410958903,0.0,76
8,3eceed91-daff-e711-9414-f0921c16b9e5,0.2136986301369863,0.0,77
8,3eceed91-daff-e711-9414-f0921c16b9e5,0.21643835616438356,0.0,78
8,3eceed91-daff-e711-9414-f0921c16b9e5,0.2191780821917808,0.0,79
8,3eceed91-daff-e711-9414-f0921c16b9e5,0.2219178082191781,0.0,80
8,3eceed91-daff-e711-9414-f0921c16b9e5,0.22465753424657534,0.0,81
8,3eceed91-daff-e711-9414-f0921c16b9e5,0.2273972602739726,0.0,82
8,3eceed91-daff-e711-9414-f0921c16b9e5,0.23013698630136986,0.0,83
8,3eceed91-daff-e711-9414-f0921c16b9e5,0.2328767123287671,0.0,84
8,3eceed91-daff-e711-9414-f0921c16b9e5,0.2356164383561644,0.0,85
8,3eceed91-daff-e711-9414-f0921c16b9e5,0.23835616438356164,0.0,86
8,3eceed91-daff-e711-9414-f0921c16b9e5,0.2410958904109589,0.0,87
8,3eceed91-daff-e711-9414-f0921c16b9e5,0.24383561643835616,0.0,88
8,3eceed91-daff-e711-9414-f0921c16b9e5,0.2465753424657534,0.0,89
9,3dceed91-daff-e711-9414-f0921c16b9e5,0.0027397260273972603,0.0,0
9,3dceed91-daff-e711-9414-f0921c16b9e5,0.005479452054794521,0.0006999999750406,1
9,3dceed91-daff-e711-9414-f0921c16b9e5,0.00821917808219178,0.0006999999750406,2
9,3dceed91-daff-e711-9414-f0921c16b9e5,0.010958904109589041,0.00109999999404,3
9,3dceed91-daff-e711-9414-f0921c16b9e5,0.0136986301369863,0.001900000032037,4
9,3dceed91-daff-e711-9414-f0921c16b9e5,0.01643835616438356,0.002700000070035,5
9,3dceed91-daff-e711-9414-f0921c16b9e5,0.019178082191780823,0.003899999894202,6
9,3dceed91-daff-e711-9414-f0921c16b9e5,0.021917808219178082,0.006099999882281,7
9,3dceed91-daff-e711-9414-f0921c16b9e5,0.024657534246575342,0.009399999864399,8
9,3dceed91-daff-e711-9414-f0921c16b9e5,0.0273972602739726,0.01460000034422,9
9,3dceed91-daff-e711-9414-f0921c16b9e5,0.030136986301369864,0.02280000038445,10
9,3dceed91-daff-e711-9414-f0921c16b9e5,0.03287671232876712,0.03299999982119,11
9,3dceed91-daff-e711-9414-f0921c16b9e5,0.03561643835616438,0.04789999872446,12
9,3dceed91-daff-e711-9414-f0921c16b9e5,0.038356164383561646,0.07029999792576,13
9,3dceed91-daff-e711-9414-f0921c16b9e5,0.0410958904109589,0.1028999984264,14
9,3dceed91-daff-e711-9414-f0921c16b9e5,0.043835616438356165,0.1446000039577,15
9,3dceed91-daff-e711-9414-f0921c16b9e5,0.04657534246575343,0.2011000066996,16
9,3dceed91-daff-e711-9414-f0921c16b9e5,0.049315068493150684,0.2648999989033,17
9,3dceed91-daff-e711-9414-f0921c16b9e5,0.052054794520547946,0.3316000103951,18
9,3dceed91-daff-e711-9414-f0921c16b9e5,0.0547945205479452,0.3934000134468,19
9,3dceed91-daff-e711-9414-f0921c16b9e5,0.057534246575342465,0.4384999871254,20
9,3dceed91-daff-e711-9414-f0921c16b9e5,0.06027397260273973,0.4643999934196,21
9,3dceed91-daff-e711-9414-f0921c16b9e5,0.06301369863013699,0.4654000103474,22
9,3dceed91-daff-e711-9414-f0921c16b9e5,0.06575342465753424,0.4447000026703,23
9,3dceed91-daff-e711-9414-f0921c16b9e5,0.0684931506849315,0.4081000089645,24
9,3dceed91-daff-e711-9414-f0921c16b9e5,0.07123287671232877,0.3697000145912,25
9,3dceed91-daff-e711-9414-f0921c16b9e5,0.07397260273972603,0.3321999907494,26
9,3dceed91-daff-e711-9414-f0921c16b9e5,0.07671232876712329,0.2951000034809,27
9,3dceed91-daff-e711-9414-f0921c16b9e5,0.07945205479452055,0.2617999911308,28
9,3dceed91-daff-e711-9414-f0921c16b9e5,0.0821917808219178,0.2318000048399,29
9,3dceed91-daff-e711-9414-f0921c16b9e5,0.08493150684931507,0.2050999999046,30
9,3dceed91-daff-e711-9414-f0921c16b9e5,0.08767123287671233,0.1807000041008,31
9,3dceed91-daff-e711-9414-f0921c16b9e5,0.09041095890410959,0.1565999984741,32
9,3dceed91-daff-e711-9414-f0921c16b9e5,0.09315068493150686,0.1366000026464,33
9,3dceed91-daff-e711-9414-f0921c16b9e5,0.0958904109589041,0.1203000023961,34
9,3dceed91-daff-e711-9414-f0921c16b9e5,0.09863013698630137,0.1037999987602,35
9,3dceed91-daff-e711-9414-f0921c16b9e5,0.10136986301369863,0.09139999747276,36
9,3dceed91-daff-e711-9414-f0921c16b9e5,0.10410958904109589,0.08039999753237,37
9,3dceed91-daff-e711-9414-f0921c16b9e5,0.10684931506849316,0.06970000267029,38
9,3dceed91-daff-e711-9414-f0921c16b9e5,0.1095890410958904,0.06150000169873,39
9,3dceed91-daff-e711-9414-f0921c16b9e5,0.11232876712328767,0.05310000106692,40
9,3dceed91-daff-e711-9414-f0921c16b9e5,0.11506849315068493,0.04820000007749,41
9,3dceed91-daff-e711-9414-f0921c16b9e5,0.1178082191780822,0.04259999841452,42
9,3dceed91-daff-e711-9414-f0921c16b9e5,0.12054794520547946,0.0375999994576,43
9,3dceed91-daff-e711-9414-f0921c16b9e5,0.1232876712328767,0.03240000084043,44
9,3dceed91-daff-e711-9414-f0921c16b9e5,0.12602739726027398,0.02830000035465,45
9,3dceed91-daff-e711-9414-f0921c16b9e5,0.12876712328767123,0.02480000071228,46
9,3dceed91-daff-e711-9414-f0921c16b9e5,0.13150684931506848,0.02209999971092,47
9,3dceed91-daff-e711-9414-f0921c16b9e5,0.13424657534246576,0.01820000074804,48
9,3dceed91-daff-e711-9414-f0921c16b9e5,0.136986301369863,0.01569999940693,49
9,3dceed91-daff-e711-9414-f0921c16b9e5,0.13972602739726028,0.01319999992847,50
9,3dceed91-daff-e711-9414-f0921c16b9e5,0.14246575342465753,0.01180000044405,51
9,3dceed91-daff-e711-9414-f0921c16b9e5,0.14520547945205478,0.01020000036806,52
9,3dceed91-daff-e711-9414-f0921c16b9e5,0.14794520547945206,0.009100000374019,53
9,3dceed91-daff-e711-9414-f0921c16b9e5,0.1506849315068493,0.008399999700487,54
9,3dceed91-daff-e711-9414-f0921c16b9e5,0.15342465753424658,0.007400000002235,55
9,3dceed91-daff-e711-9414-f0921c16b9e5,0.15616438356164383,0.006200000178069,56
9,3dceed91-daff-e711-9414-f0921c16b9e5,0.1589041095890411,0.005299999844283,57
9,3dceed91-daff-e711-9414-f0921c16b9e5,0.16164383561643836,0.004999999888241,58
9,3dceed91-daff-e711-9414-f0921c16b9e5,0.1643835616438356,0.003800000064075,59
9,3dceed91-daff-e711-9414-f0921c16b9e5,0.16712328767123288,0.00359999993816,60
9,3dceed91-daff-e711-9414-f0921c16b9e5,0.16986301369863013,0.003199999919161,61
9,3dceed91-daff-e711-9414-f0921c16b9e5,0.1726027397260274,0.002799999900162,62
9,3dceed91-daff-e711-9414-f0921c16b9e5,0.17534246575342466,0.002400000113994,63
9,3dceed91-daff-e711-9414-f0921c16b9e5,0.1780821917808219,0.002099999925122,64
9,3dceed91-daff-e711-9414-f0921c16b9e5,0.18082191780821918,0.002000000094995,65
9,3dceed91-daff-e711-9414-f0921c16b9e5,0.18356164383561643,0.001599999959581,66
9,3dceed91-daff-e711-9414-f0921c16b9e5,0.1863013698630137,0.001200000056997,67
9,3dceed91-daff-e711-9414-f0921c16b9e5,0.18904109589041096,0.00109999999404,68
9,3dceed91-daff-e711-9414-f0921c16b9e5,0.1917808219178082,0.00109999999404,69
9,3dceed91-daff-e711-9414-f0921c16b9e5,0.19452054794520549,0.001000000047497,70
9,3dceed91-daff-e711-9414-f0921c16b9e5,0.19726027397260273,0.00089999998454,71
9,3dceed91-daff-e711-9414-f0921c16b9e5,0.2,0.0007999999797903,72
9,3dceed91-daff-e711-9414-f0921c16b9e5,0.20273972602739726,0.0007999999797903,73
9,3dceed91-daff-e711-9414-f0921c16b9e5,0.2054794520547945,0.0006000000284985,74
9,3dceed91-daff-e711-9414-f0921c16b9e5,0.20821917808219179,0.0005000000237487,75
9,3dceed91-daff-e711-9414-f0921c16b9e5,0.21095890410958903,0.0003000000142492,76
9,3dceed91-daff-e711-9414-f0921c16b9e5,0.2136986301369863,0.0003999999898952,77
9,3dceed91-daff-e711-9414-f0921c16b9e5,0.21643835616438356,0.0003000000142492,78
9,3dceed91-daff-e711-9414-f0921c16b9e5,0.2191780821917808,0.0001999999949476,79
9,3dceed91-daff-e711-9414-f0921c16b9e5,0.2219178082191781,0.0001999999949476,80
9,3dceed91-daff-e711-9414-f0921c16b9e5,0.22465753424657534,0.0001999999949476,81
9,3dceed91-daff-e711-9414-f0921c16b9e5,0.2273972602739726,0.0001999999949476,82
9,3dceed91-daff-e711-9414-f0921c16b9e5,0.23013698630136986,0.0001999999949476,83
9,3dceed91-daff-e711-9414-f0921c16b9e5,0.2328767123287671,0.0001999999949476,84
9,3dceed91-daff-e711-9414-f0921c16b9e5,0.2356164383561644,0.0001999999949476,85
9,3dceed91-daff-e711-9414-f0921c16b9e5,0.23835616438356164,0.0001999999949476,86
9,3dceed91-daff-e711-9414-f0921c16b9e5,0.2410958904109589,0.0001999999949476,87
9,3dceed91-daff-e711-9414-f0921c16b9e5,0.24383561643835616,0.0001999999949476,88
9,3dceed91-daff-e711-9414-f0921c16b9e5,0.2465753424657534,0.0001999999949476,89
10,3cceed91-daff-e711-9414-f0921c16b9e5,0.0027397260273972603,0.0,0
10,3cceed91-daff-e711-9414-f0921c16b9e5,0.005479452054794521,0.0003000000142492,1
10,3cceed91-daff-e711-9414-f0921c16b9e5,0.00821917808219178,0.0005000000237487,2
10,3cceed91-daff-e711-9414-f0921c16b9e5,0.010958904109589041,0.001000000047497,3
10,3cceed91-daff-e711-9414-f0921c16b9e5,0.0136986301369863,0.001599999959581,4
10,3cceed91-daff-e711-9414-f0921c16b9e5,0.01643835616438356,0.002199999988079,5
10,3cceed91-daff-e711-9414-f0921c16b9e5,0.019178082191780823,0.003199999919161,6
10,3cceed91-daff-e711-9414-f0921c16b9e5,0.021917808219178082,0.004800000227988,7
10,3cceed91-daff-e711-9414-f0921c16b9e5,0.024657534246575342,0.007799999788404,8
10,3cceed91-daff-e711-9414-f0921c16b9e5,0.0273972602739726,0.01269999984652,9
10,3cceed91-daff-e711-9414-f0921c16b9e5,0.030136986301369864,0.01950000040233,10
10,3cceed91-daff-e711-9414-f0921c16b9e5,0.03287671232876712,0.02989999949932,11
10,3cceed91-daff-e711-9414-f0921c16b9e5,0.03561643835616438,0.04870000109076,12
10,3cceed91-daff-e711-9414-f0921c16b9e5,0.038356164383561646,0.07259999960661,13
10,3cceed91-daff-e711-9414-f0921c16b9e5,0.0410958904109589,0.1074000000954,14
10,3cceed91-daff-e711-9414-f0921c16b9e5,0.043835616438356165,0.160300001502,15
10,3cceed91-daff-e711-9414-f0921c16b9e5,0.04657534246575343,0.2264000028372,16
10,3cceed91-daff-e711-9414-f0921c16b9e5,0.049315068493150684,0.2962000072002,17
10,3cceed91-daff-e711-9414-f0921c16b9e5,0.052054794520547946,0.3637000024319,18
10,3cceed91-daff-e711-9414-f0921c16b9e5,0.0547945205479452,0.4230999946594,19
10,3cceed91-daff-e711-9414-f0921c16b9e5,0.057534246575342465,0.4503999948502,20
10,3cceed91-daff-e711-9414-f0921c16b9e5,0.06027397260273973,0.4575999975204,21
10,3cceed91-daff-e711-9414-f0921c16b9e5,0.06301369863013699,0.440800011158,22
10,3cceed91-daff-e711-9414-f0921c16b9e5,0.06575342465753424,0.4058000147343,23
10,3cceed91-daff-e711-9414-f0921c16b9e5,0.0684931506849315,0.3639000058174,24
10,3cceed91-daff-e711-9414-f0921c16b9e5,0.07123287671232877,0.3192999958992,25
10,3cceed91-daff-e711-9414-f0921c16b9e5,0.07397260273972603,0.2802000045776,26
10,3cceed91-daff-e711-9414-f0921c16b9e5,0.07671232876712329,0.2433999925852,27
10,3cceed91-daff-e711-9414-f0921c16b9e5,0.07945205479452055,0.208599999547,28
10,3cceed91-daff-e711-9414-f0921c16b9e5,0.0821917808219178,0.1811999976635,29
10,3cceed91-daff-e711-9414-f0921c16b9e5,0.08493150684931507,0.1548999994993,30
10,3cceed91-daff-e711-9414-f0921c16b9e5,0.08767123287671233,0.1340000033379,31
10,3cceed91-daff-e711-9414-f0921c16b9e5,0.09041095890410959,0.1155000030994,32
10,3cceed91-daff-e711-9414-f0921c16b9e5,0.09315068493150686,0.09560000151396,33
10,3cceed91-daff-e711-9414-f0921c16b9e5,0.0958904109589041,0.07900000363588,34
10,3cceed91-daff-e711-9414-f0921c16b9e5,0.09863013698630137,0.0658999979496,35
10,3cceed91-daff-e711-9414-f0921c16b9e5,0.10136986301369863,0.05640000104904,36
10,3cceed91-daff-e711-9414-f0921c16b9e5,0.10410958904109589,0.04809999838471,37
10,3cceed91-daff-e711-9414-f0921c16b9e5,0.10684931506849316,0.03950000181794,38
10,3cceed91-daff-e711-9414-f0921c16b9e5,0.1095890410958904,0.0329000018537,39
10,3cceed91-daff-e711-9414-f0921c16b9e5,0.11232876712328767,0.02710000053048,40
10,3cceed91-daff-e711-9414-f0921c16b9e5,0.11506849315068493,0.02370000071824,41
10,3cceed91-daff-e711-9414-f0921c16b9e5,0.1178082191780822,0.01979999989271,42
10,3cceed91-daff-e711-9414-f0921c16b9e5,0.12054794520547946,0.01750000007451,43
10,3cceed91-daff-e711-9414-f0921c16b9e5,0.1232876712328767,0.01530000008643,44
10,3cceed91-daff-e711-9414-f0921c16b9e5,0.12602739726027398,0.01209999993443,45
10,3cceed91-daff-e711-9414-f0921c16b9e5,0.12876712328767123,0.009700000286102,46
10,3cceed91-daff-e711-9414-f0921c16b9e5,0.13150684931506848,0.008100000210106,47
10,3cceed91-daff-e711-9414-f0921c16b9e5,0.13424657534246576,0.00719999987632,48
10,3cceed91-daff-e711-9414-f0921c16b9e5,0.136986301369863,0.006399999838322,49
10,3cceed91-daff-e711-9414-f0921c16b9e5,0.13972602739726028,0.005200000014156,50
10,3cceed91-daff-e711-9414-f0921c16b9e5,0.14246575342465753,0.004399999976158,51
10,3cceed91-daff-e711-9414-f0921c16b9e5,0.14520547945205478,0.00359999993816,52
10,3cceed91-daff-e711-9414-f0921c16b9e5,0.14794520547945206,0.003100000089034,53
10,3cceed91-daff-e711-9414-f0921c16b9e5,0.1506849315068493,0.00289999996312,54
10,3cceed91-daff-e711-9414-f0921c16b9e5,0.15342465753424658,0.002600000007078,55
10,3cceed91-daff-e711-9414-f0921c16b9e5,0.15616438356164383,0.002099999925122,56
10,3cceed91-daff-e711-9414-f0921c16b9e5,0.1589041095890411,0.002000000094995,57
10,3cceed91-daff-e711-9414-f0921c16b9e5,0.16164383561643836,0.001599999959581,58
10,3cceed91-daff-e711-9414-f0921c16b9e5,0.1643835616438356,0.001500000013039,59
10,3cceed91-daff-e711-9414-f0921c16b9e5,0.16712328767123288,0.001399999950081,60
10,3cceed91-daff-e711-9414-f0921c16b9e5,0.16986301369863013,0.001300000003539,61
10,3cceed91-daff-e711-9414-f0921c16b9e5,0.1726027397260274,0.001000000047497,62
10,3cceed91-daff-e711-9414-f0921c16b9e5,0.17534246575342466,0.00089999998454,63
10,3cceed91-daff-e711-9414-f0921c16b9e5,0.1780821917808219,0.0007999999797903,64
10,3cceed91-daff-e711-9414-f0921c16b9e5,0.18082191780821918,0.0007999999797903,65
10,3cceed91-daff-e711-9414-f0921c16b9e5,0.18356164383561643,0.0007999999797903,66
10,3cceed91-daff-e711-9414-f0921c16b9e5,0.1863013698630137,0.0006999999750406,67
10,3cceed91-daff-e711-9414-f0921c16b9e5,0.18904109589041096,0.0003999999898952,68
10,3cceed91-daff-e711-9414-f0921c16b9e5,0.1917808219178082,0.0003999999898952,69
10,3cceed91-daff-e711-9414-f0921c16b9e5,0.19452054794520549,0.0003999999898952,70
10,3cceed91-daff-e711-9414-f0921c16b9e5,0.19726027397260273,0.0003999999898952,71
10,3cceed91-daff-e711-9414-f0921c16b9e5,0.2,0.0003999999898952,72
10,3cceed91-daff-e711-9414-f0921c16b9e5,0.20273972602739726,0.0003999999898952,73
10,3cceed91-daff-e711-9414-f0921c16b9e5,0.2054794520547945,0.0003999999898952,74
10,3cceed91-daff-e711-9414-f0921c16b9e5,0.20821917808219179,0.0003000000142492,75
10,3cceed91-daff-e711-9414-f0921c16b9e5,0.21095890410958903,0.0001999999949476,76
10,3cceed91-daff-e711-9414-f0921c16b9e5,0.2136986301369863,9.999999747379e-05,77
10,3cceed91-daff-e711-9414-f0921c16b9e5,0.21643835616438356,9.999999747379e-05,78
10,3cceed91-daff-e711-9414-f0921c16b9e5,0.2191780821917808,9.999999747379e-05,79
10,3cceed91-daff-e711-9414-f0921c16b9e5,0.2219178082191781,9.999999747379e-05,80
10,3cceed91-daff-e711-9414-f0921c16b9e5,0.22465753424657534,9.999999747379e-05,81
10,3cceed91-daff-e711-9414-f0921c16b9e5,0.2273972602739726,9.999999747379e-05,82
10,3cceed91-daff-e711-9414-f0921c16b9e5,0.23013698630136986,9.999999747379e-05,83
10,3cceed91-daff-e711-9414-f0921c16b9e5,0.2328767123287671,0.0,84
10,3cceed91-daff-e711-9414-f0921c16b9e5,0.2356164383561644,0.0,85
10,3cceed91-daff-e711-9414-f0921c16b9e5,0.23835616438356164,0.0,86
10,3cceed91-daff-e711-9414-f0921c16b9e5,0.2410958904109589,0.0,87
10,3cceed91-daff-e711-9414-f0921c16b9e5,0.24383561643835616,0.0,88
10,3cceed91-daff-e711-9414-f0921c16b9e5,0.2465753424657534,0.0,89
11,3bceed91-daff-e711-9414-f0921c16b9e5,0.0027397260273972603,0.0,0
11,3bceed91-daff-e711-9414-f0921c16b9e5,0.005479452054794521,0.0003000000142492,1
11,3bceed91-daff-e711-9414-f0921c16b9e5,0.00821917808219178,0.0,2
11,3bceed91-daff-e711-9414-f0921c16b9e5,0.010958904109589041,0.0,3
11,3bceed91-daff-e711-9414-f0921c16b9e5,0.0136986301369863,0.0,4
11,3bceed91-daff-e711-9414-f0921c16b9e5,0.01643835616438356,0.0,5
11,3bceed91-daff-e711-9414-f0921c16b9e5,0.019178082191780823,0.0,6
11,3bceed91-daff-e711-9414-f0921c16b9e5,0.021917808219178082,0.0,7
11,3bceed91-daff-e711-9414-f0921c16b9e5,0.024657534246575342,0.0,8
11,3bceed91-daff-e711-9414-f0921c16b9e5,0.0273972602739726,0.0,9
11,3bceed91-daff-e711-9414-f0921c16b9e5,0.030136986301369864,0.0,10
11,3bceed91-daff-e711-9414-f0921c16b9e5,0.03287671232876712,0.0,11
11,3bceed91-daff-e711-9414-f0921c16b9e5,0.03561643835616438,0.0,12
11,3bceed91-daff-e711-9414-f0921c16b9e5,0.038356164383561646,0.0,13
11,3bceed91-daff-e711-9414-f0921c16b9e5,0.0410958904109589,0.0,14
11,3bceed91-daff-e711-9414-f0921c16b9e5,0.043835616438356165,0.0,15
11,3bceed91-daff-e711-9414-f0921c16b9e5,0.04657534246575343,0.0,16
11,3bceed91-daff-e711-9414-f0921c16b9e5,0.049315068493150684,0.0,17
11,3bceed91-daff-e711-9414-f0921c16b9e5,0.052054794520547946,0.0,18
11,3bceed91-daff-e711-9414-f0921c16b9e5,0.0547945205479452,0.0,19
11,3bceed91-daff-e711-9414-f0921c16b9e5,0.057534246575342465,0.0,20
11,3bceed91-daff-e711-9414-f0921c16b9e5,0.06027397260273973,0.0,21
11,3bceed91-daff-e711-9414-f0921c16b9e5,0.06301369863013699,0.0,22
11,3bceed91-daff-e711-9414-f0921c16b9e5,0.06575342465753424,0.0,23
11,3bceed91-daff-e711-9414-f0921c16b9e5,0.0684931506849315,0.0,24
11,3bceed91-daff-e711-9414-f0921c16b9e5,0.07123287671232877,0.0,25
11,3bceed91-daff-e711-9414-f0921c16b9e5,0.07397260273972603,0.0,26
11,3bceed91-daff-e711-9414-f0921c16b9e5,0.07671232876712329,0.0,27
11,3bceed91-daff-e711-9414-f0921c16b9e5,0.07945205479452055,0.0,28
11,3bceed91-daff-e711-9414-f0921c16b9e5,0.0821917808219178,0.0,29
11,3bceed91-daff-e711-9414-f0921c16b9e5,0.08493150684931507,0.0,30
11,3bceed91-daff-e711-9414-f0921c16b9e5,0.08767123287671233,0.0,31
11,3bceed91-daff-e711-9414-f0921c16b9e5,0.09041095890410959,0.0,32
11,3bceed91-daff-e711-9414-f0921c16b9e5,0.09315068493150686,0.0,33
11,3bceed91-daff-e711-9414-f0921c16b9e5,0.0958904109589041,0.0,34
11,3bceed91-daff-e711-9414-f0921c16b9e5,0.09863013698630137,0.0,35
11,3bceed91-daff-e711-9414-f0921c16b9e5,0.10136986301369863,0.0,36
11,3bceed91-daff-e711-9414-f0921c16b9e5,0.10410958904109589,0.0,37
11,3bceed91-daff-e711-9414-f0921c16b9e5,0.10684931506849316,0.0,38
11,3bceed91-daff-e711-9414-f0921c16b9e5,0.1095890410958904,0.0,39
11,3bceed91-daff-e711-9414-f0921c16b9e5,0.11232876712328767,0.0,40
11,3bceed91-daff-e711-9414-f0921c16b9e5,0.11506849315068493,0.0,41
11,3bceed91-daff-e711-9414-f0921c16b9e5,0.1178082191780822,0.0,42
11,3bceed91-daff-e711-9414-f0921c16b9e5,0.12054794520547946,0.0,43
11,3bceed91-daff-e711-9414-f0921c16b9e5,0.1232876712328767,0.0,44
11,3bceed91-daff-e711-9414-f0921c16b9e5,0.12602739726027398,0.0,45
11,3bceed91-daff-e711-9414-f0921c16b9e5,0.12876712328767123,0.0,46
11,3bceed91-daff-e711-9414-f0921c16b9e5,0.13150684931506848,0.0,47
11,3bceed91-daff-e711-9414-f0921c16b9e5,0.13424657534246576,0.0,48
11,3bceed91-daff-e711-9414-f0921c16b9e5,0.136986301369863,0.0,49
11,3bceed91-daff-e711-9414-f0921c16b9e5,0.13972602739726028,0.0,50
11,3bceed91-daff-e711-9414-f0921c16b9e5,0.14246575342465753,0.0,51
11,3bceed91-daff-e711-9414-f0921c16b9e5,0.14520547945205478,0.0,52
11,3bceed91-daff-e711-9414-f0921c16b9e5,0.14794520547945206,0.0,53
11,3bceed91-daff-e711-9414-f0921c16b9e5,0.1506849315068493,0.0,54
11,3bceed91-daff-e711-9414-f0921c16b9e5,0.15342465753424658,0.0,55
11,3bceed91-daff-e711-9414-f0921c16b9e5,0.15616438356164383,0.0,56
11,3bceed91-daff-e711-9414-f0921c16b9e5,0.1589041095890411,0.0,57
11,3bceed91-daff-e711-9414-f0921c16b9e5,0.16164383561643836,0.0,58
11,3bceed91-daff-e711-9414-f0921c16b9e5,0.1643835616438356,0.0,59
11,3bceed91-daff-e711-9414-f0921c16b9e5,0.16712328767123288,0.0,60
11,3bceed91-daff-e711-9414-f0921c16b9e5,0.16986301369863013,0.0,61
11,3bceed91-daff-e711-9414-f0921c16b9e5,0.1726027397260274,0.0,62
11,3bceed91-daff-e711-9414-f0921c16b9e5,0.17534246575342466,0.0,63
11,3bceed91-daff-e711-9414-f0921c16b9e5,0.1780821917808219,0.0,64
11,3bceed91-daff-e711-9414-f0921c16b9e5,0.18082191780821918,0.0,65
11,3bceed91-daff-e711-9414-f0921c16b9e5,0.18356164383561643,0.0,66
11,3bceed91-daff-e711-9414-f0921c16b9e5,0.1863013698630137,0.0,67
11,3bceed91-daff-e711-9414-f0921c16b9e5,0.18904109589041096,0.0,68
11,3bceed91-daff-e711-9414-f0921c16b9e5,0.1917808219178082,0.0,69
11,3bceed91-daff-e711-9414-f0921c16b9e5,0.19452054794520549,0.0,70
11,3bceed91-daff-e711-9414-f0921c16b9e5,0.19726027397260273,0.0,71
11,3bceed91-daff-e711-9414-f0921c16b9e5,0.2,0.0,72
11,3bceed91-daff-e711-9414-f0921c16b9e5,0.20273972602739726,0.0,73
11,3bceed91-daff-e711-9414-f0921c16b9e5,0.2054794520547945,0.0,74
11,3bceed91-daff-e711-9414-f0921c16b9e5,0.20821917808219179,0.0,75
11,3bceed91-daff-e711-9414-f0921c16b9e5,0.21095890410958903,0.0,76
11,3bceed91-daff-e711-9414-f0921c16b9e5,0.2136986301369863,0.0,77
11,3bceed91-daff-e711-9414-f0921c16b9e5,0.21643835616438356,0.0,78
11,3bceed91-daff-e711-9414-f0921c16b9e5,0.2191780821917808,0.0,79
11,3bceed91-daff-e711-9414-f0921c16b9e5,0.2219178082191781,0.0,80
11,3bceed91-daff-e711-9414-f0921c16b9e5,0.22465753424657534,0.0,81
11,3bceed91-daff-e711-9414-f0921c16b9e5,0.2273972602739726,0.0,82
11,3bceed91-daff-e711-9414-f0921c16b9e5,0.23013698630136986,0.0,83
11,3bceed91-daff-e711-9414-f0921c16b9e5,0.2328767123287671,0.0,84
11,3bceed91-daff-e711-9414-f0921c16b9e5,0.2356164383561644,0.0,85
11,3bceed91-daff-e711-9414-f0921c16b9e5,0.23835616438356164,0.0,86
11,3bceed91-daff-e711-9414-f0921c16b9e5,0.2410958904109589,0.0,87
11,3bceed91-daff-e711-9414-f0921c16b9e5,0.24383561643835616,0.0,88
11,3bceed91-daff-e711-9414-f0921c16b9e5,0.2465753424657534,0.0,89
12,3aceed91-daff-e711-9414-f0921c16b9e5,0.0027397260273972603,0.0,0
12,3aceed91-daff-e711-9414-f0921c16b9e5,0.005479452054794521,0.0006999999750406,1
12,3aceed91-daff-e711-9414-f0921c16b9e5,0.00821917808219178,0.005599999800324,2
12,3aceed91-daff-e711-9414-f0921c16b9e5,0.010958904109589041,0.0397000014782,3
12,3aceed91-daff-e711-9414-f0921c16b9e5,0.0136986301369863,0.2504000067711,4
12,3aceed91-daff-e711-9414-f0921c16b9e5,0.01643835616438356,0.7727000117302,5
12,3aceed91-daff-e711-9414-f0921c16b9e5,0.019178082191780823,0.6690999865532,6
12,3aceed91-daff-e711-9414-f0921c16b9e5,0.021917808219178082,0.4571000039577,7
12,3aceed91-daff-e711-9414-f0921c16b9e5,0.024657534246575342,0.3156000077724,8
12,3aceed91-daff-e711-9414-f0921c16b9e5,0.0273972602739726,0.2164999991655,9
12,3aceed91-daff-e711-9414-f0921c16b9e5,0.030136986301369864,0.144500002265,10
12,3aceed91-daff-e711-9414-f0921c16b9e5,0.03287671232876712,0.09979999810457,11
12,3aceed91-daff-e711-9414-f0921c16b9e5,0.03561643835616438,0.06800000369549,12
12,3aceed91-daff-e711-9414-f0921c16b9e5,0.038356164383561646,0.04619999974966,13
12,3aceed91-daff-e711-9414-f0921c16b9e5,0.0410958904109589,0.03139999881387,14
12,3aceed91-daff-e711-9414-f0921c16b9e5,0.043835616438356165,0.02119999937713,15
12,3aceed91-daff-e711-9414-f0921c16b9e5,0.04657534246575343,0.01480000000447,16
12,3aceed91-daff-e711-9414-f0921c16b9e5,0.049315068493150684,0.01020000036806,17
12,3aceed91-daff-e711-9414-f0921c16b9e5,0.052054794520547946,0.007400000002235,18
12,3aceed91-daff-e711-9414-f0921c16b9e5,0.0547945205479452,0.005599999800324,19
12,3aceed91-daff-e711-9414-f0921c16b9e5,0.057534246575342465,0.003199999919161,20
12,3aceed91-daff-e711-9414-f0921c16b9e5,0.06027397260273973,0.002700000070035,21
12,3aceed91-daff-e711-9414-f0921c16b9e5,0.06301369863013699,0.002300000051036,22
12,3aceed91-daff-e711-9414-f0921c16b9e5,0.06575342465753424,0.001599999959581,23
12,3aceed91-daff-e711-9414-f0921c16b9e5,0.0684931506849315,0.001200000056997,24
12,3aceed91-daff-e711-9414-f0921c16b9e5,0.07123287671232877,0.00089999998454,25
12,3aceed91-daff-e711-9414-f0921c16b9e5,0.07397260273972603,0.0006999999750406,26
12,3aceed91-daff-e711-9414-f0921c16b9e5,0.07671232876712329,0.0003999999898952,27
12,3aceed91-daff-e711-9414-f0921c16b9e5,0.07945205479452055,0.0003000000142492,28
12,3aceed91-daff-e711-9414-f0921c16b9e5,0.0821917808219178,0.0003000000142492,29
12,3aceed91-daff-e711-9414-f0921c16b9e5,0.08493150684931507,0.0003000000142492,30
12,3aceed91-daff-e711-9414-f0921c16b9e5,0.08767123287671233,0.0003000000142492,31
12,3aceed91-daff-e711-9414-f0921c16b9e5,0.09041095890410959,0.0003000000142492,32
12,3aceed91-daff-e711-9414-f0921c16b9e5,0.09315068493150686,0.0001999999949476,33
12,3aceed91-daff-e711-9414-f0921c16b9e5,0.0958904109589041,0.0,34
12,3aceed91-daff-e711-9414-f0921c16b9e5,0.09863013698630137,0.0,35
12,3aceed91-daff-e711-9414-f0921c16b9e5,0.10136986301369863,0.0,36
12,3aceed91-daff-e711-9414-f0921c16b9e5,0.10410958904109589,0.0,37
12,3aceed91-daff-e711-9414-f0921c16b9e5,0.10684931506849316,0.0,38
12,3aceed91-daff-e711-9414-f0921c16b9e5,0.1095890410958904,0.0,39
12,3aceed91-daff-e711-9414-f0921c16b9e5,0.11232876712328767,0.0,40
12,3aceed91-daff-e711-9414-f0921c16b9e5,0.11506849315068493,0.0,41
12,3aceed91-daff-e711-9414-f0921c16b9e5,0.1178082191780822,0.0,42
12,3aceed91-daff-e711-9414-f0921c16b9e5,0.12054794520547946,0.0,43
12,3aceed91-daff-e711-9414-f0921c16b9e5,0.1232876712328767,0.0,44
12,3aceed91-daff-e711-9414-f0921c16b9e5,0.12602739726027398,0.0,45
12,3aceed91-daff-e711-9414-f0921c16b9e5,0.12876712328767123,0.0,46
12,3aceed91-daff-e711-9414-f0921c16b9e5,0.13150684931506848,0.0,47
12,3aceed91-daff-e711-9414-f0921c16b9e5,0.13424657534246576,0.0,48
12,3aceed91-daff-e711-9414-f0921c16b9e5,0.136986301369863,0.0,49
12,3aceed91-daff-e711-9414-f0921c16b9e5,0.13972602739726028,0.0,50
12,3aceed91-daff-e711-9414-f0921c16b9e5,0.14246575342465753,0.0,51
12,3aceed91-daff-e711-9414-f0921c16b9e5,0.14520547945205478,0.0,52
12,3aceed91-daff-e711-9414-f0921c16b9e5,0.14794520547945206,0.0,53
12,3aceed91-daff-e711-9414-f0921c16b9e5,0.1506849315068493,0.0,54
12,3aceed91-daff-e711-9414-f0921c16b9e5,0.15342465753424658,0.0,55
12,3aceed91-daff-e711-9414-f0921c16b9e5,0.15616438356164383,0.0,56
12,3aceed91-daff-e711-9414-f0921c16b9e5,0.1589041095890411,0.0,57
12,3aceed91-daff-e711-9414-f0921c16b9e5,0.16164383561643836,0.0,58
12,3aceed91-daff-e711-9414-f0921c16b9e5,0.1643835616438356,0.0,59
12,3aceed91-daff-e711-9414-f0921c16b9e5,0.16712328767123288,0.0,60
12,3aceed91-daff-e711-9414-f0921c16b9e5,0.16986301369863013,0.0,61
12,3aceed91-daff-e711-9414-f0921c16b9e5,0.1726027397260274,0.0,62
12,3aceed91-daff-e711-9414-f0921c16b9e5,0.17534246575342466,0.0,63
12,3aceed91-daff-e711-9414-f0921c16b9e5,0.1780821917808219,0.0,64
12,3aceed91-daff-e711-9414-f0921c16b9e5,0.18082191780821918,0.0,65
12,3aceed91-daff-e711-9414-f0921c16b9e5,0.18356164383561643,0.0,66
12,3aceed91-daff-e711-9414-f0921c16b9e5,0.1863013698630137,0.0,67
12,3aceed91-daff-e711-9414-f0921c16b9e5,0.18904109589041096,0.0,68
12,3aceed91-daff-e711-9414-f0921c16b9e5,0.1917808219178082,0.0,69
12,3aceed91-daff-e711-9414-f0921c16b9e5,0.19452054794520549,0.0,70
12,3aceed91-daff-e711-9414-f0921c16b9e5,0.19726027397260273,0.0,71
12,3aceed91-daff-e711-9414-f0921c16b9e5,0.2,0.0,72
12,3aceed91-daff-e711-9414-f0921c16b9e5,0.20273972602739726,0.0,73
12,3aceed91-daff-e711-9414-f0921c16b9e5,0.2054794520547945,0.0,74
12,3aceed91-daff-e711-9414-f0921c16b9e5,0.20821917808219179,0.0,75
12,3aceed91-daff-e711-9414-f0921c16b9e5,0.21095890410958903,0.0,76
12,3aceed91-daff-e711-9414-f0921c16b9e5,0.2136986301369863,0.0,77
12,3aceed91-daff-e711-9414-f0921c16b9e5,0.21643835616438356,0.0,78
12,3aceed91-daff-e711-9414-f0921c16b9e5,0.2191780821917808,0.0,79
12,3aceed91-daff-e711-9414-f0921c16b9e5,0.2219178082191781,0.0,80
12,3aceed91-daff-e711-9414-f0921c16b9e5,0.22465753424657534,0.0,81
12,3aceed91-daff-e711-9414-f0921c16b9e5,0.2273972602739726,0.0,82
12,3aceed91-daff-e711-9414-f0921c16b9e5,0.23013698630136986,0.0,83
12,3aceed91-daff-e711-9414-f0921c16b9e5,0.2328767123287671,0.0,84
12,3aceed91-daff-e711-9414-f0921c16b9e5,0.2356164383561644,0.0,85
12,3aceed91-daff-e711-9414-f0921c16b9e5,0.23835616438356164,0.0,86
12,3aceed91-daff-e711-9414-f0921c16b9e5,0.2410958904109589,0.0,87
12,3aceed91-daff-e711-9414-f0921c16b9e5,0.24383561643835616,0.0,88
12,3aceed91-daff-e711-9414-f0921c16b9e5,0.2465753424657534,0.0,89
13,39ceed91-daff-e711-9414-f0921c16b9e5,0.0027397260273972603,0.0,0
13,39ceed91-daff-e711-9414-f0921c16b9e5,0.005479452054794521,0.0005000000237487,1
13,39ceed91-daff-e711-9414-f0921c16b9e5,0.00821917808219178,0.002799999900162,2
13,39ceed91-daff-e711-9414-f0921c16b9e5,0.010958904109589041,0.01439999975264,3
13,39ceed91-daff-e711-9414-f0921c16b9e5,0.0136986301369863,0.06679999828339,4
13,39ceed91-daff-e711-9414-f0921c16b9e5,0.01643835616438356,0.2653000056744,5
13,39ceed91-daff-e711-9414-f0921c16b9e5,0.019178082191780823,0.6035000085831,6
13,39ceed91-daff-e711-9414-f0921c16b9e5,0.021917808219178082,0.426600009203,7
13,39ceed91-daff-e711-9414-f0921c16b9e5,0.024657534246575342,0.1817000061274,8
13,39ceed91-daff-e711-9414-f0921c16b9e5,0.0273972602739726,0.07789999991655,9
13,39ceed91-daff-e711-9414-f0921c16b9e5,0.030136986301369864,0.034200001508,10
13,39ceed91-daff-e711-9414-f0921c16b9e5,0.03287671232876712,0.01260000001639,11
13,39ceed91-daff-e711-9414-f0921c16b9e5,0.03561643835616438,0.0046999999322,12
13,39ceed91-daff-e711-9414-f0921c16b9e5,0.038356164383561646,0.002199999988079,13
13,39ceed91-daff-e711-9414-f0921c16b9e5,0.0410958904109589,0.00089999998454,14
13,39ceed91-daff-e711-9414-f0921c16b9e5,0.043835616438356165,0.0003000000142492,15
13,39ceed91-daff-e711-9414-f0921c16b9e5,0.04657534246575343,9.999999747379e-05,16
13,39ceed91-daff-e711-9414-f0921c16b9e5,0.049315068493150684,0.0,17
13,39ceed91-daff-e711-9414-f0921c16b9e5,0.052054794520547946,0.0,18
13,39ceed91-daff-e711-9414-f0921c16b9e5,0.0547945205479452,0.0,19
13,39ceed91-daff-e711-9414-f0921c16b9e5,0.057534246575342465,0.0,20
13,39ceed91-daff-e711-9414-f0921c16b9e5,0.06027397260273973,0.0,21
13,39ceed91-daff-e711-9414-f0921c16b9e5,0.06301369863013699,0.0,22
13,39ceed91-daff-e711-9414-f0921c16b9e5,0.06575342465753424,0.0,23
13,39ceed91-daff-e711-9414-f0921c16b9e5,0.0684931506849315,0.0,24
13,39ceed91-daff-e711-9414-f0921c16b9e5,0.07123287671232877,0.0,25
13,39ceed91-daff-e711-9414-f0921c16b9e5,0.07397260273972603,0.0,26
13,39ceed91-daff-e711-9414-f0921c16b9e5,0.07671232876712329,0.0,27
13,39ceed91-daff-e711-9414-f0921c16b9e5,0.07945205479452055,0.0,28
13,39ceed91-daff-e711-9414-f0921c16b9e5,0.0821917808219178,0.0,29
13,39ceed91-daff-e711-9414-f0921c16b9e5,0.08493150684931507,0.0,30
13,39ceed91-daff-e711-9414-f0921c16b9e5,0.08767123287671233,0.0,31
13,39ceed91-daff-e711-9414-f0921c16b9e5,0.09041095890410959,0.0,32
13,39ceed91-daff-e711-9414-f0921c16b9e5,0.09315068493150686,0.0,33
13,39ceed91-daff-e711-9414-f0921c16b9e5,0.0958904109589041,0.0,34
13,39ceed91-daff-e711-9414-f0921c16b9e5,0.09863013698630137,0.0,35
13,39ceed91-daff-e711-9414-f0921c16b9e5,0.10136986301369863,0.0,36
13,39ceed91-daff-e711-9414-f0921c16b9e5,0.10410958904109589,0.0,37
13,39ceed91-daff-e711-9414-f0921c16b9e5,0.10684931506849316,0.0,38
13,39ceed91-daff-e711-9414-f0921c16b9e5,0.1095890410958904,0.0,39
13,39ceed91-daff-e711-9414-f0921c16b9e5,0.11232876712328767,0.0,40
13,39ceed91-daff-e711-9414-f0921c16b9e5,0.11506849315068493,0.0,41
13,39ceed91-daff-e711-9414-f0921c16b9e5,0.1178082191780822,0.0,42
13,39ceed91-daff-e711-9414-f0921c16b9e5,0.12054794520547946,0.0,43
13,39ceed91-daff-e711-9414-f0921c16b9e5,0.1232876712328767,0.0,44
13,39ceed91-daff-e711-9414-f0921c16b9e5,0.12602739726027398,0.0,45
13,39ceed91-daff-e711-9414-f0921c16b9e5,0.12876712328767123,0.0,46
13,39ceed91-daff-e711-9414-f0921c16b9e5,0.13150684931506848,0.0,47
13,39ceed91-daff-e711-9414-f0921c16b9e5,0.13424657534246576,0.0,48
13,39ceed91-daff-e711-9414-f0921c16b9e5,0.136986301369863,0.0,49
13,39ceed91-daff-e711-9414-f0921c16b9e5,0.13972602739726028,0.0,50
13,39ceed91-daff-e711-9414-f0921c16b9e5,0.14246575342465753,0.0,51
13,39ceed91-daff-e711-9414-f0921c16b9e5,0.14520547945205478,0.0,52
13,39ceed91-daff-e711-9414-f0921c16b9e5,0.14794520547945206,0.0,53
13,39ceed91-daff-e711-9414-f0921c16b9e5,0.1506849315068493,0.0,54
13,39ceed91-daff-e711-9414-f0921c16b9e5,0.15342465753424658,0.0,55
13,39ceed91-daff-e711-9414-f0921c16b9e5,0.15616438356164383,0.0,56
13,39ceed91-daff-e711-9414-f0921c16b9e5,0.1589041095890411,0.0,57
13,39ceed91-daff-e711-9414-f0921c16b9e5,0.16164383561643836,0.0,58
13,39ceed91-daff-e711-9414-f0921c16b9e5,0.1643835616438356,0.0,59
13,39ceed91-daff-e711-9414-f0921c16b9e5,0.16712328767123288,0.0,60
13,39ceed91-daff-e711-9414-f0921c16b9e5,0.16986301369863013,0.0,61
13,39ceed91-daff-e711-9414-f0921c16b9e5,0.1726027397260274,0.0,62
13,39ceed91-daff-e711-9414-f0921c16b9e5,0.17534246575342466,0.0,63
13,39ceed91-daff-e711-9414-f0921c16b9e5,0.1780821917808219,0.0,64
13,39ceed91-daff-e711-9414-f0921c16b9e5,0.18082191780821918,0.0,65
13,39ceed91-daff-e711-9414-f0921c16b9e5,0.18356164383561643,0.0,66
13,39ceed91-daff-e711-9414-f0921c16b9e5,0.1863013698630137,0.0,67
13,39ceed91-daff-e711-9414-f0921c16b9e5,0.18904109589041096,0.0,68
13,39ceed91-daff-e711-9414-f0921c16b9e5,0.1917808219178082,0.0,69
13,39ceed91-daff-e711-9414-f0921c16b9e5,0.19452054794520549,0.0,70
13,39ceed91-daff-e711-9414-f0921c16b9e5,0.19726027397260273,0.0,71
13,39ceed91-daff-e711-9414-f0921c16b9e5,0.2,0.0,72
13,39ceed91-daff-e711-9414-f0921c16b9e5,0.20273972602739726,0.0,73
13,39ceed91-daff-e711-9414-f0921c16b9e5,0.2054794520547945,0.0,74
13,39ceed91-daff-e711-9414-f0921c16b9e5,0.20821917808219179,0.0,75
13,39ceed91-daff-e711-9414-f0921c16b9e5,0.21095890410958903,0.0,76
13,39ceed91-daff-e711-9414-f0921c16b9e5,0.2136986301369863,0.0,77
13,39ceed91-daff-e711-9414-f0921c16b9e5,0.21643835616438356,0.0,78
13,39ceed91-daff-e711-9414-f0921c16b9e5,0.2191780821917808,0.0,79
13,39ceed91-daff-e711-9414-f0921c16b9e5,0.2219178082191781,0.0,80
13,39ceed91-daff-e711-9414-f0921c16b9e5,0.22465753424657534,0.0,81
13,39ceed91-daff-e711-9414-f0921c16b9e5,0.2273972602739726,0.0,82
13,39ceed91-daff-e711-9414-f0921c16b9e5,0.23013698630136986,0.0,83
13,39ceed91-daff-e711-9414-f0921c16b9e5,0.2328767123287671,0.0,84
13,39ceed91-daff-e711-9414-f0921c16b9e5,0.2356164383561644,0.0,85
13,39ceed91-daff-e711-9414-f0921c16b9e5,0.23835616438356164,0.0,86
13,39ceed91-daff-e711-9414-f0921c16b9e5,0.2410958904109589,0.0,87
13,39ceed91-daff-e711-9414-f0921c16b9e5,0.24383561643835616,0.0,88
13,39ceed91-daff-e711-9414-f0921c16b9e5,0.2465753424657534,0.0,89
14,38ceed91-daff-e711-9414-f0921c16b9e5,0.0027397260273972603,0.0,0
14,38ceed91-daff-e711-9414-f0921c16b9e5,0.005479452054794521,0.0003999999898952,1
14,38ceed91-daff-e711-9414-f0921c16b9e5,0.00821917808219178,0.0005000000237487,2
14,38ceed91-daff-e711-9414-f0921c16b9e5,0.010958904109589041,0.0006000000284985,3
14,38ceed91-daff-e711-9414-f0921c16b9e5,0.0136986301369863,0.0007999999797903,4
14,38ceed91-daff-e711-9414-f0921c16b9e5,0.01643835616438356,0.001399999950081,5
14,38ceed91-daff-e711-9414-f0921c16b9e5,0.019178082191780823,0.001500000013039,6
14,38ceed91-daff-e711-9414-f0921c16b9e5,0.021917808219178082,0.002199999988079,7
14,38ceed91-daff-e711-9414-f0921c16b9e5,0.024657534246575342,0.002700000070035,8
14,38ceed91-daff-e711-9414-f0921c16b9e5,0.0273972602739726,0.00359999993816,9
14,38ceed91-daff-e711-9414-f0921c16b9e5,0.030136986301369864,0.005100000184029,10
14,38ceed91-daff-e711-9414-f0921c16b9e5,0.03287671232876712,0.006300000008196,11
14,38ceed91-daff-e711-9414-f0921c16b9e5,0.03561643835616438,0.00829999987036,12
14,38ceed91-daff-e711-9414-f0921c16b9e5,0.038356164383561646,0.01040000002831,13
14,38ceed91-daff-e711-9414-f0921c16b9e5,0.0410958904109589,0.01339999958873,14
14,38ceed91-daff-e711-9414-f0921c16b9e5,0.043835616438356165,0.01590000092983,15
14,38ceed91-daff-e711-9414-f0921c16b9e5,0.04657534246575343,0.02019999921322,16
14,38ceed91-daff-e711-9414-f0921c16b9e5,0.049315068493150684,0.02610000036657,17
14,38ceed91-daff-e711-9414-f0921c16b9e5,0.052054794520547946,0.03339999914169,18
14,38ceed91-daff-e711-9414-f0921c16b9e5,0.0547945205479452,0.04239999875426,19
14,38ceed91-daff-e711-9414-f0921c16b9e5,0.057534246575342465,0.0570000000298,20
14,38ceed91-daff-e711-9414-f0921c16b9e5,0.06027397260273973,0.07069999724627,21
14,38ceed91-daff-e711-9414-f0921c16b9e5,0.06301369863013699,0.08940000087023,22
14,38ceed91-daff-e711-9414-f0921c16b9e5,0.06575342465753424,0.1103999987245,23
14,38ceed91-daff-e711-9414-f0921c16b9e5,0.0684931506849315,0.139200001955,24
14,38ceed91-daff-e711-9414-f0921c16b9e5,0.07123287671232877,0.1700000017881,25
14,38ceed91-daff-e711-9414-f0921c16b9e5,0.07397260273972603,0.2031999975443,26
14,38ceed91-daff-e711-9414-f0921c16b9e5,0.07671232876712329,0.2336000055075,27
14,38ceed91-daff-e711-9414-f0921c16b9e5,0.07945205479452055,0.2635999917984,28
14,38ceed91-daff-e711-9414-f0921c16b9e5,0.0821917808219178,0.2867000102997,29
14,38ceed91-daff-e711-9414-f0921c16b9e5,0.08493150684931507,0.3030999898911,30
14,38ceed91-daff-e711-9414-f0921c16b9e5,0.08767123287671233,0.314200013876,31
14,38ceed91-daff-e711-9414-f0921c16b9e5,0.09041095890410959,0.3219999969006,32
14,38ceed91-daff-e711-9414-f0921c16b9e5,0.09315068493150686,0.3222000002861,33
14,38ceed91-daff-e711-9414-f0921c16b9e5,0.0958904109589041,0.3122000098228,34
14,38ceed91-daff-e711-9414-f0921c16b9e5,0.09863013698630137,0.2994000017643,35
14,38ceed91-daff-e711-9414-f0921c16b9e5,0.10136986301369863,0.2815999984741,36
14,38ceed91-daff-e711-9414-f0921c16b9e5,0.10410958904109589,0.2608000040054,37
14,38ceed91-daff-e711-9414-f0921c16b9e5,0.10684931506849316,0.2402999997139,38
14,38ceed91-daff-e711-9414-f0921c16b9e5,0.1095890410958904,0.2221000045538,39
14,38ceed91-daff-e711-9414-f0921c16b9e5,0.11232876712328767,0.1999000012875,40
14,38ceed91-daff-e711-9414-f0921c16b9e5,0.11506849315068493,0.1759999990463,41
14,38ceed91-daff-e711-9414-f0921c16b9e5,0.1178082191780822,0.1576000005007,42
14,38ceed91-daff-e711-9414-f0921c16b9e5,0.12054794520547946,0.1428000032902,43
14,38ceed91-daff-e711-9414-f0921c16b9e5,0.1232876712328767,0.1262000054121,44
14,38ceed91-daff-e711-9414-f0921c16b9e5,0.12602739726027398,0.1130999997258,45
14,38ceed91-daff-e711-9414-f0921c16b9e5,0.12876712328767123,0.1013000011444,46
14,38ceed91-daff-e711-9414-f0921c16b9e5,0.13150684931506848,0.09089999645948,47
14,38ceed91-daff-e711-9414-f0921c16b9e5,0.13424657534246576,0.0785999968648,48
14,38ceed91-daff-e711-9414-f0921c16b9e5,0.136986301369863,0.06740000098944,49
14,38ceed91-daff-e711-9414-f0921c16b9e5,0.13972602739726028,0.05920000001788,50
14,38ceed91-daff-e711-9414-f0921c16b9e5,0.14246575342465753,0.05090000107884,51
14,38ceed91-daff-e711-9414-f0921c16b9e5,0.14520547945205478,0.04520000144839,52
14,38ceed91-daff-e711-9414-f0921c16b9e5,0.14794520547945206,0.03999999910593,53
14,38ceed91-daff-e711-9414-f0921c16b9e5,0.1506849315068493,0.03550000116229,54
14,38ceed91-daff-e711-9414-f0921c16b9e5,0.15342465753424658,0.03060000017285,55
14,38ceed91-daff-e711-9414-f0921c16b9e5,0.15616438356164383,0.02730000019073,56
14,38ceed91-daff-e711-9414-f0921c16b9e5,0.1589041095890411,0.02390000037849,57
14,38ceed91-daff-e711-9414-f0921c16b9e5,0.16164383561643836,0.02199999988079,58
14,38ceed91-daff-e711-9414-f0921c16b9e5,0.1643835616438356,0.01869999989867,59
14,38ceed91-daff-e711-9414-f0921c16b9e5,0.16712328767123288,0.01669999957085,60
14,38ceed91-daff-e711-9414-f0921c16b9e5,0.16986301369863013,0.01370000001043,61
14,38ceed91-daff-e711-9414-f0921c16b9e5,0.1726027397260274,0.01119999960065,62
14,38ceed91-daff-e711-9414-f0921c16b9e5,0.17534246575342466,0.009300000034273,63
14,38ceed91-daff-e711-9414-f0921c16b9e5,0.1780821917808219,0.00829999987036,64
14,38ceed91-daff-e711-9414-f0921c16b9e5,0.18082191780821918,0.007300000172108,65
14,38ceed91-daff-e711-9414-f0921c16b9e5,0.18356164383561643,0.005900000222027,66
14,38ceed91-daff-e711-9414-f0921c16b9e5,0.1863013698630137,0.005200000014156,67
14,38ceed91-daff-e711-9414-f0921c16b9e5,0.18904109589041096,0.004399999976158,68
14,38ceed91-daff-e711-9414-f0921c16b9e5,0.1917808219178082,0.003700000001118,69
14,38ceed91-daff-e711-9414-f0921c16b9e5,0.19452054794520549,0.003000000026077,70
14,38ceed91-daff-e711-9414-f0921c16b9e5,0.19726027397260273,0.002300000051036,71
14,38ceed91-daff-e711-9414-f0921c16b9e5,0.2,0.002000000094995,72
14,38ceed91-daff-e711-9414-f0921c16b9e5,0.20273972602739726,0.001700000022538,73
14,38ceed91-daff-e711-9414-f0921c16b9e5,0.2054794520547945,0.001399999950081,74
14,38ceed91-daff-e711-9414-f0921c16b9e5,0.20821917808219179,0.00109999999404,75
14,38ceed91-daff-e711-9414-f0921c16b9e5,0.21095890410958903,0.001000000047497,76
14,38ceed91-daff-e711-9414-f0921c16b9e5,0.2136986301369863,0.00089999998454,77
14,38ceed91-daff-e711-9414-f0921c16b9e5,0.21643835616438356,0.00089999998454,78
14,38ceed91-daff-e711-9414-f0921c16b9e5,0.2191780821917808,0.0006999999750406,79
14,38ceed91-daff-e711-9414-f0921c16b9e5,0.2219178082191781,0.0006999999750406,80
14,38ceed91-daff-e711-9414-f0921c16b9e5,0.22465753424657534,0.0005000000237487,81
14,38ceed91-daff-e711-9414-f0921c16b9e5,0.2273972602739726,0.0005000000237487,82
14,38ceed91-daff-e711-9414-f0921c16b9e5,0.23013698630136986,0.0003999999898952,83
14,38ceed91-daff-e711-9414-f0921c16b9e5,0.2328767123287671,0.0003000000142492,84
14,38ceed91-daff-e711-9414-f0921c16b9e5,0.2356164383561644,0.0001999999949476,85
14,38ceed91-daff-e711-9414-f0921c16b9e5,0.23835616438356164,9.999999747379e-05,86
14,38ceed91-daff-e711-9414-f0921c16b9e5,0.2410958904109589,9.999999747379e-05,87
14,38ceed91-daff-e711-9414-f0921c16b9e5,0.24383561643835616,9.999999747379e-05,88
14,38ceed91-daff-e711-9414-f0921c16b9e5,0.2465753424657534,9.999999747379e-05,89
15,37ceed91-daff-e711-9414-f0921c16b9e5,0.0027397260273972603,0.0,0
15,37ceed91-daff-e711-9414-f0921c16b9e5,0.005479452054794521,0.0001999999949476,1
15,37ceed91-daff-e711-9414-f0921c16b9e5,0.00821917808219178,0.0003000000142492,2
15,37ceed91-daff-e711-9414-f0921c16b9e5,0.010958904109589041,0.00089999998454,3
15,37ceed91-daff-e711-9414-f0921c16b9e5,0.0136986301369863,0.002300000051036,4
15,37ceed91-daff-e711-9414-f0921c16b9e5,0.01643835616438356,0.005900000222027,5
15,37ceed91-daff-e711-9414-f0921c16b9e5,0.019178082191780823,0.01539999991655,6
15,37ceed91-daff-e711-9414-f0921c16b9e5,0.021917808219178082,0.03979999944568,7
15,37ceed91-daff-e711-9414-f0921c16b9e5,0.024657534246575342,0.09730000048876,8
15,37ceed91-daff-e711-9414-f0921c16b9e5,0.0273972602739726,0.2196999937296,9
15,37ceed91-daff-e711-9414-f0921c16b9e5,0.030136986301369864,0.4210999906063,10
15,37ceed91-daff-e711-9414-f0921c16b9e5,0.03287671232876712,0.6072999835014,11
15,37ceed91-daff-e711-9414-f0921c16b9e5,0.03561643835616438,0.6407999992371,12
15,37ceed91-daff-e711-9414-f0921c16b9e5,0.038356164383561646,0.5713999867439,13
15,37ceed91-daff-e711-9414-f0921c16b9e5,0.0410958904109589,0.4729000031948,14
15,37ceed91-daff-e711-9414-f0921c16b9e5,0.043835616438356165,0.3889999985695,15
15,37ceed91-daff-e711-9414-f0921c16b9e5,0.04657534246575343,0.3149000108242,16
15,37ceed91-daff-e711-9414-f0921c16b9e5,0.049315068493150684,0.2554999887943,17
15,37ceed91-daff-e711-9414-f0921c16b9e5,0.052054794520547946,0.2099999934435,18
15,37ceed91-daff-e711-9414-f0921c16b9e5,0.0547945205479452,0.1730999946594,19
15,37ceed91-daff-e711-9414-f0921c16b9e5,0.057534246575342465,0.1405999958515,20
15,37ceed91-daff-e711-9414-f0921c16b9e5,0.06027397260273973,0.1133999973536,21
15,37ceed91-daff-e711-9414-f0921c16b9e5,0.06301369863013699,0.09220000356436,22
15,37ceed91-daff-e711-9414-f0921c16b9e5,0.06575342465753424,0.07370000332594,23
15,37ceed91-daff-e711-9414-f0921c16b9e5,0.0684931506849315,0.05950000137091,24
15,37ceed91-daff-e711-9414-f0921c16b9e5,0.07123287671232877,0.04639999940991,25
15,37ceed91-daff-e711-9414-f0921c16b9e5,0.07397260273972603,0.03830000013113,26
15,37ceed91-daff-e711-9414-f0921c16b9e5,0.07671232876712329,0.03130000084639,27
15,37ceed91-daff-e711-9414-f0921c16b9e5,0.07945205479452055,0.02539999969304,28
15,37ceed91-daff-e711-9414-f0921c16b9e5,0.0821917808219178,0.01950000040233,29
15,37ceed91-daff-e711-9414-f0921c16b9e5,0.08493150684931507,0.01499999966472,30
15,37ceed91-daff-e711-9414-f0921c16b9e5,0.08767123287671233,0.01169999968261,31
15,37ceed91-daff-e711-9414-f0921c16b9e5,0.09041095890410959,0.009600000455976,32
15,37ceed91-daff-e711-9414-f0921c16b9e5,0.09315068493150686,0.008100000210106,33
15,37ceed91-daff-e711-9414-f0921c16b9e5,0.0958904109589041,0.00650000013411,34
15,37ceed91-daff-e711-9414-f0921c16b9e5,0.09863013698630137,0.005400000140071,35
15,37ceed91-daff-e711-9414-f0921c16b9e5,0.10136986301369863,0.004800000227988,36
15,37ceed91-daff-e711-9414-f0921c16b9e5,0.10410958904109589,0.00400000018999,37
15,37ceed91-daff-e711-9414-f0921c16b9e5,0.10684931506849316,0.003299999982119,38
15,37ceed91-daff-e711-9414-f0921c16b9e5,0.1095890410958904,0.002700000070035,39
15,37ceed91-daff-e711-9414-f0921c16b9e5,0.11232876712328767,0.002000000094995,40
15,37ceed91-daff-e711-9414-f0921c16b9e5,0.11506849315068493,0.001500000013039,41
15,37ceed91-daff-e711-9414-f0921c16b9e5,0.1178082191780822,0.001399999950081,42
15,37ceed91-daff-e711-9414-f0921c16b9e5,0.12054794520547946,0.001300000003539,43
15,37ceed91-daff-e711-9414-f0921c16b9e5,0.1232876712328767,0.00089999998454,44
15,37ceed91-daff-e711-9414-f0921c16b9e5,0.12602739726027398,0.0007999999797903,45
15,37ceed91-daff-e711-9414-f0921c16b9e5,0.12876712328767123,0.0006000000284985,46
15,37ceed91-daff-e711-9414-f0921c16b9e5,0.13150684931506848,0.0006000000284985,47
15,37ceed91-daff-e711-9414-f0921c16b9e5,0.13424657534246576,0.0005000000237487,48
15,37ceed91-daff-e711-9414-f0921c16b9e5,0.136986301369863,0.0003000000142492,49
15,37ceed91-daff-e711-9414-f0921c16b9e5,0.13972602739726028,0.0003000000142492,50
15,37ceed91-daff-e711-9414-f0921c16b9e5,0.14246575342465753,0.0003000000142492,51
15,37ceed91-daff-e711-9414-f0921c16b9e5,0.14520547945205478,0.0003000000142492,52
15,37ceed91-daff-e711-9414-f0921c16b9e5,0.14794520547945206,0.0001999999949476,53
15,37ceed91-daff-e711-9414-f0921c16b9e5,0.1506849315068493,0.0001999999949476,54
15,37ceed91-daff-e711-9414-f0921c16b9e5,0.15342465753424658,0.0001999999949476,55
15,37ceed91-daff-e711-9414-f0921c16b9e5,0.15616438356164383,9.999999747379e-05,56
15,37ceed91-daff-e711-9414-f0921c16b9e5,0.1589041095890411,9.999999747379e-05,57
15,37ceed91-daff-e711-9414-f0921c16b9e5,0.16164383561643836,9.999999747379e-05,58
15,37ceed91-daff-e711-9414-f0921c16b9e5,0.1643835616438356,9.999999747379e-05,59
15,37ceed91-daff-e711-9414-f0921c16b9e5,0.16712328767123288,9.999999747379e-05,60
15,37ceed91-daff-e711-9414-f0921c16b9e5,0.16986301369863013,9.999999747379e-05,61
15,37ceed91-daff-e711-9414-f0921c16b9e5,0.1726027397260274,0.0,62
15,37ceed91-daff-e711-9414-f0921c16b9e5,0.17534246575342466,0.0,63
15,37ceed91-daff-e711-9414-f0921c16b9e5,0.1780821917808219,0.0,64
15,37ceed91-daff-e711-9414-f0921c16b9e5,0.18082191780821918,0.0,65
15,37ceed91-daff-e711-9414-f0921c16b9e5,0.18356164383561643,0.0,66
15,37ceed91-daff-e711-9414-f0921c16b9e5,0.1863013698630137,0.0,67
15,37ceed91-daff-e711-9414-f0921c16b9e5,0.18904109589041096,0.0,68
15,37ceed91-daff-e711-9414-f0921c16b9e5,0.1917808219178082,0.0,69
15,37ceed91-daff-e711-9414-f0921c16b9e5,0.19452054794520549,0.0,70
15,37ceed91-daff-e711-9414-f0921c16b9e5,0.19726027397260273,0.0,71
15,37ceed91-daff-e711-9414-f0921c16b9e5,0.2,0.0,72
15,37ceed91-daff-e711-9414-f0921c16b9e5,0.20273972602739726,0.0,73
15,37ceed91-daff-e711-9414-f0921c16b9e5,0.2054794520547945,0.0,74
15,37ceed91-daff-e711-9414-f0921c16b9e5,0.20821917808219179,0.0,75
15,37ceed91-daff-e711-9414-f0921c16b9e5,0.21095890410958903,0.0,76
15,37ceed91-daff-e711-9414-f0921c16b9e5,0.2136986301369863,0.0,77
15,37ceed91-daff-e711-9414-f0921c16b9e5,0.21643835616438356,0.0,78
15,37ceed91-daff-e711-9414-f0921c16b9e5,0.2191780821917808,0.0,79
15,37ceed91-daff-e711-9414-f0921c16b9e5,0.2219178082191781,0.0,80
15,37ceed91-daff-e711-9414-f0921c16b9e5,0.22465753424657534,0.0,81
15,37ceed91-daff-e711-9414-f0921c16b9e5,0.2273972602739726,0.0,82
15,37ceed91-daff-e711-9414-f0921c16b9e5,0.23013698630136986,0.0,83
15,37ceed91-daff-e711-9414-f0921c16b9e5,0.2328767123287671,0.0,84
15,37ceed91-daff-e711-9414-f0921c16b9e5,0.2356164383561644,0.0,85
15,37ceed91-daff-e711-9414-f0921c16b9e5,0.23835616438356164,0.0,86
15,37ceed91-daff-e711-9414-f0921c16b9e5,0.2410958904109589,0.0,87
15,37ceed91-daff-e711-9414-f0921c16b9e5,0.24383561643835616,0.0,88
15,37ceed91-daff-e711-9414-f0921c16b9e5,0.2465753424657534,0.0,89
16,36ceed91-daff-e711-9414-f0921c16b9e5,0.0027397260273972603,0.0,0
16,36ceed91-daff-e711-9414-f0921c16b9e5,0.005479452054794521,0.0006000000284985,1
16,36ceed91-daff-e711-9414-f0921c16b9e5,0.00821917808219178,0.001500000013039,2
16,36ceed91-daff-e711-9414-f0921c16b9e5,0.010958904109589041,0.006200000178069,3
16,36ceed91-daff-e711-9414-f0921c16b9e5,0.0136986301369863,0.02410000003874,4
16,36ceed91-daff-e711-9414-f0921c16b9e5,0.01643835616438356,0.09189999848604,5
16,36ceed91-daff-e711-9414-f0921c16b9e5,0.019178082191780823,0.3009000122547,6
16,36ceed91-daff-e711-9414-f0921c16b9e5,0.021917808219178082,0.6520000100136,7
16,36ceed91-daff-e711-9414-f0921c16b9e5,0.024657534246575342,0.7427999973297,8
16,36ceed91-daff-e711-9414-f0921c16b9e5,0.0273972602739726,0.6205000281334,9
16,36ceed91-daff-e711-9414-f0921c16b9e5,0.030136986301369864,0.4945000112057,10
16,36ceed91-daff-e711-9414-f0921c16b9e5,0.03287671232876712,0.3964000046253,11
16,36ceed91-daff-e711-9414-f0921c16b9e5,0.03561643835616438,0.3138999938965,12
16,36ceed91-daff-e711-9414-f0921c16b9e5,0.038356164383561646,0.2494000047445,13
16,36ceed91-daff-e711-9414-f0921c16b9e5,0.0410958904109589,0.1993999928236,14
16,36ceed91-daff-e711-9414-f0921c16b9e5,0.043835616438356165,0.1605000048876,15
16,36ceed91-daff-e711-9414-f0921c16b9e5,0.04657534246575343,0.1288000047207,16
16,36ceed91-daff-e711-9414-f0921c16b9e5,0.049315068493150684,0.1014000028372,17
16,36ceed91-daff-e711-9414-f0921c16b9e5,0.052054794520547946,0.0785999968648,18
16,36ceed91-daff-e711-9414-f0921c16b9e5,0.0547945205479452,0.06300000101328,19
16,36ceed91-daff-e711-9414-f0921c16b9e5,0.057534246575342465,0.05029999837279,20
16,36ceed91-daff-e711-9414-f0921c16b9e5,0.06027397260273973,0.03880000114441,21
16,36ceed91-daff-e711-9414-f0921c16b9e5,0.06301369863013699,0.03109999932349,22
16,36ceed91-daff-e711-9414-f0921c16b9e5,0.06575342465753424,0.02459999918938,23
16,36ceed91-daff-e711-9414-f0921c16b9e5,0.0684931506849315,0.02009999938309,24
16,36ceed91-daff-e711-9414-f0921c16b9e5,0.07123287671232877,0.01539999991655,25
16,36ceed91-daff-e711-9414-f0921c16b9e5,0.07397260273972603,0.01219999976456,26
16,36ceed91-daff-e711-9414-f0921c16b9e5,0.07671232876712329,0.009300000034273,27
16,36ceed91-daff-e711-9414-f0921c16b9e5,0.07945205479452055,0.007699999958277,28
16,36ceed91-daff-e711-9414-f0921c16b9e5,0.0821917808219178,0.005400000140071,29
16,36ceed91-daff-e711-9414-f0921c16b9e5,0.08493150684931507,0.004300000146031,30
16,36ceed91-daff-e711-9414-f0921c16b9e5,0.08767123287671233,0.00289999996312,31
16,36ceed91-daff-e711-9414-f0921c16b9e5,0.09041095890410959,0.002499999944121,32
16,36ceed91-daff-e711-9414-f0921c16b9e5,0.09315068493150686,0.00179999996908,33
16,36ceed91-daff-e711-9414-f0921c16b9e5,0.0958904109589041,0.00179999996908,34
16,36ceed91-daff-e711-9414-f0921c16b9e5,0.09863013698630137,0.001500000013039,35
16,36ceed91-daff-e711-9414-f0921c16b9e5,0.10136986301369863,0.001399999950081,36
16,36ceed91-daff-e711-9414-f0921c16b9e5,0.10410958904109589,0.0007999999797903,37
16,36ceed91-daff-e711-9414-f0921c16b9e5,0.10684931506849316,0.0006999999750406,38
16,36ceed91-daff-e711-9414-f0921c16b9e5,0.1095890410958904,0.0006000000284985,39
16,36ceed91-daff-e711-9414-f0921c16b9e5,0.11232876712328767,0.0006000000284985,40
16,36ceed91-daff-e711-9414-f0921c16b9e5,0.11506849315068493,0.0005000000237487,41
16,36ceed91-daff-e711-9414-f0921c16b9e5,0.1178082191780822,0.0003999999898952,42
16,36ceed91-daff-e711-9414-f0921c16b9e5,0.12054794520547946,0.0001999999949476,43
16,36ceed91-daff-e711-9414-f0921c16b9e5,0.1232876712328767,9.999999747379e-05,44
16,36ceed91-daff-e711-9414-f0921c16b9e5,0.12602739726027398,9.999999747379e-05,45
16,36ceed91-daff-e711-9414-f0921c16b9e5,0.12876712328767123,9.999999747379e-05,46
16,36ceed91-daff-e711-9414-f0921c16b9e5,0.13150684931506848,9.999999747379e-05,47
16,36ceed91-daff-e711-9414-f0921c16b9e5,0.13424657534246576,0.0,48
16,36ceed91-daff-e711-9414-f0921c16b9e5,0.136986301369863,0.0,49
16,36ceed91-daff-e711-9414-f0921c16b9e5,0.13972602739726028,0.0,50
16,36ceed91-daff-e711-9414-f0921c16b9e5,0.14246575342465753,0.0,51
16,36ceed91-daff-e711-9414-f0921c16b9e5,0.14520547945205478,0.0,52
16,36ceed91-daff-e711-9414-f0921c16b9e5,0.14794520547945206,0.0,53
16,36ceed91-daff-e711-9414-f0921c16b9e5,0.1506849315068493,0.0,54
16,36ceed91-daff-e711-9414-f0921c16b9e5,0.15342465753424658,0.0,55
16,36ceed91-daff-e711-9414-f0921c16b9e5,0.15616438356164383,0.0,56
16,36ceed91-daff-e711-9414-f0921c16b9e5,0.1589041095890411,0.0,57
16,36ceed91-daff-e711-9414-f0921c16b9e5,0.16164383561643836,0.0,58
16,36ceed91-daff-e711-9414-f0921c16b9e5,0.1643835616438356,0.0,59
16,36ceed91-daff-e711-9414-f0921c16b9e5,0.16712328767123288,0.0,60
16,36ceed91-daff-e711-9414-f0921c16b9e5,0.16986301369863013,0.0,61
16,36ceed91-daff-e711-9414-f0921c16b9e5,0.1726027397260274,0.0,62
16,36ceed91-daff-e711-9414-f0921c16b9e5,0.17534246575342466,0.0,63
16,36ceed91-daff-e711-9414-f0921c16b9e5,0.1780821917808219,0.0,64
16,36ceed91-daff-e711-9414-f0921c16b9e5,0.18082191780821918,0.0,65
16,36ceed91-daff-e711-9414-f0921c16b9e5,0.18356164383561643,0.0,66
16,36ceed91-daff-e711-9414-f0921c16b9e5,0.1863013698630137,0.0,67
16,36ceed91-daff-e711-9414-f0921c16b9e5,0.18904109589041096,0.0,68
16,36ceed91-daff-e711-9414-f0921c16b9e5,0.1917808219178082,0.0,69
16,36ceed91-daff-e711-9414-f0921c16b9e5,0.19452054794520549,0.0,70
16,36ceed91-daff-e711-9414-f0921c16b9e5,0.19726027397260273,0.0,71
16,36ceed91-daff-e711-9414-f0921c16b9e5,0.2,0.0,72
16,36ceed91-daff-e711-9414-f0921c16b9e5,0.20273972602739726,0.0,73
16,36ceed91-daff-e711-9414-f0921c16b9e5,0.2054794520547945,0.0,74
16,36ceed91-daff-e711-9414-f0921c16b9e5,0.20821917808219179,0.0,75
16,36ceed91-daff-e711-9414-f0921c16b9e5,0.21095890410958903,0.0,76
16,36ceed91-daff-e711-9414-f0921c16b9e5,0.2136986301369863,0.0,77
16,36ceed91-daff-e711-9414-f0921c16b9e5,0.21643835616438356,0.0,78
16,36ceed91-daff-e711-9414-f0921c16b9e5,0.2191780821917808,0.0,79
16,36ceed91-daff-e711-9414-f0921c16b9e5,0.2219178082191781,0.0,80
16,36ceed91-daff-e711-9414-f0921c16b9e5,0.22465753424657534,0.0,81
16,36ceed91-daff-e711-9414-f0921c16b9e5,0.2273972602739726,0.0,82
16,36ceed91-daff-e711-9414-f0921c16b9e5,0.23013698630136986,0.0,83
16,36ceed91-daff-e711-9414-f0921c16b9e5,0.2328767123287671,0.0,84
16,36ceed91-daff-e711-9414-f0921c16b9e5,0.2356164383561644,0.0,85
16,36ceed91-daff-e711-9414-f0921c16b9e5,0.23835616438356164,0.0,86
16,36ceed91-daff-e711-9414-f0921c16b9e5,0.2410958904109589,0.0,87
16,36ceed91-daff-e711-9414-f0921c16b9e5,0.24383561643835616,0.0,88
16,36ceed91-daff-e711-9414-f0921c16b9e5,0.2465753424657534,0.0,89
17,35ceed91-daff-e711-9414-f0921c16b9e5,0.0027397260273972603,0.0,0
17,35ceed91-daff-e711-9414-f0921c16b9e5,0.005479452054794521,0.0006000000284985,1
17,35ceed91-daff-e711-9414-f0921c16b9e5,0.00821917808219178,0.001300000003539,2
17,35ceed91-daff-e711-9414-f0921c16b9e5,0.010958904109589041,0.003500000108033,3
17,35ceed91-daff-e711-9414-f0921c16b9e5,0.0136986301369863,0.008899999782443,4
17,35ceed91-daff-e711-9414-f0921c16b9e5,0.01643835616438356,0.01999999955297,5
17,35ceed91-daff-e711-9414-f0921c16b9e5,0.019178082191780823,0.04549999907613,6
17,35ceed91-daff-e711-9414-f0921c16b9e5,0.021917808219178082,0.1044000014663,7
17,35ceed91-daff-e711-9414-f0921c16b9e5,0.024657534246575342,0.2128999978304,8
17,35ceed91-daff-e711-9414-f0921c16b9e5,0.0273972602739726,0.3626999855042,9
17,35ceed91-daff-e711-9414-f0921c16b9e5,0.030136986301369864,0.4733000099659,10
17,35ceed91-daff-e711-9414-f0921c16b9e5,0.03287671232876712,0.4539000093937,11
17,35ceed91-daff-e711-9414-f0921c16b9e5,0.03561643835616438,0.3695999979973,12
17,35ceed91-daff-e711-9414-f0921c16b9e5,0.038356164383561646,0.2698999941349,13
17,35ceed91-daff-e711-9414-f0921c16b9e5,0.0410958904109589,0.1894000023603,14
17,35ceed91-daff-e711-9414-f0921c16b9e5,0.043835616438356165,0.1308999955654,15
17,35ceed91-daff-e711-9414-f0921c16b9e5,0.04657534246575343,0.08789999783039,16
17,35ceed91-daff-e711-9414-f0921c16b9e5,0.049315068493150684,0.06140000000596,17
17,35ceed91-daff-e711-9414-f0921c16b9e5,0.052054794520547946,0.03990000113845,18
17,35ceed91-daff-e711-9414-f0921c16b9e5,0.0547945205479452,0.02700000070035,19
17,35ceed91-daff-e711-9414-f0921c16b9e5,0.057534246575342465,0.01850000023842,20
17,35ceed91-daff-e711-9414-f0921c16b9e5,0.06027397260273973,0.01200000010431,21
17,35ceed91-daff-e711-9414-f0921c16b9e5,0.06301369863013699,0.00829999987036,22
17,35ceed91-daff-e711-9414-f0921c16b9e5,0.06575342465753424,0.004900000058115,23
17,35ceed91-daff-e711-9414-f0921c16b9e5,0.0684931506849315,0.003400000045076,24
17,35ceed91-daff-e711-9414-f0921c16b9e5,0.07123287671232877,0.001900000032037,25
17,35ceed91-daff-e711-9414-f0921c16b9e5,0.07397260273972603,0.001300000003539,26
17,35ceed91-daff-e711-9414-f0921c16b9e5,0.07671232876712329,0.00089999998454,27
17,35ceed91-daff-e711-9414-f0921c16b9e5,0.07945205479452055,0.0005000000237487,28
17,35ceed91-daff-e711-9414-f0921c16b9e5,0.0821917808219178,0.0003000000142492,29
17,35ceed91-daff-e711-9414-f0921c16b9e5,0.08493150684931507,0.0001999999949476,30
17,35ceed91-daff-e711-9414-f0921c16b9e5,0.08767123287671233,0.0001999999949476,31
17,35ceed91-daff-e711-9414-f0921c16b9e5,0.09041095890410959,0.0001999999949476,32
17,35ceed91-daff-e711-9414-f0921c16b9e5,0.09315068493150686,9.999999747379e-05,33
17,35ceed91-daff-e711-9414-f0921c16b9e5,0.0958904109589041,9.999999747379e-05,34
17,35ceed91-daff-e711-9414-f0921c16b9e5,0.09863013698630137,0.0,35
17,35ceed91-daff-e711-9414-f0921c16b9e5,0.10136986301369863,0.0,36
17,35ceed91-daff-e711-9414-f0921c16b9e5,0.10410958904109589,0.0,37
17,35ceed91-daff-e711-9414-f0921c16b9e5,0.10684931506849316,0.0,38
17,35ceed91-daff-e711-9414-f0921c16b9e5,0.1095890410958904,0.0,39
17,35ceed91-daff-e711-9414-f0921c16b9e5,0.11232876712328767,0.0,40
17,35ceed91-daff-e711-9414-f0921c16b9e5,0.11506849315068493,0.0,41
17,35ceed91-daff-e711-9414-f0921c16b9e5,0.1178082191780822,0.0,42
17,35ceed91-daff-e711-9414-f0921c16b9e5,0.12054794520547946,0.0,43
17,35ceed91-daff-e711-9414-f0921c16b9e5,0.1232876712328767,0.0,44
17,35ceed91-daff-e711-9414-f0921c16b9e5,0.12602739726027398,0.0,45
17,35ceed91-daff-e711-9414-f0921c16b9e5,0.12876712328767123,0.0,46
17,35ceed91-daff-e711-9414-f0921c16b9e5,0.13150684931506848,0.0,47
17,35ceed91-daff-e711-9414-f0921c16b9e5,0.13424657534246576,0.0,48
17,35ceed91-daff-e711-9414-f0921c16b9e5,0.136986301369863,0.0,49
17,35ceed91-daff-e711-9414-f0921c16b9e5,0.13972602739726028,0.0,50
17,35ceed91-daff-e711-9414-f0921c16b9e5,0.14246575342465753,0.0,51
17,35ceed91-daff-e711-9414-f0921c16b9e5,0.14520547945205478,0.0,52
17,35ceed91-daff-e711-9414-f0921c16b9e5,0.14794520547945206,0.0,53
17,35ceed91-daff-e711-9414-f0921c16b9e5,0.1506849315068493,0.0,54
17,35ceed91-daff-e711-9414-f0921c16b9e5,0.15342465753424658,0.0,55
17,35ceed91-daff-e711-9414-f0921c16b9e5,0.15616438356164383,0.0,56
17,35ceed91-daff-e711-9414-f0921c16b9e5,0.1589041095890411,0.0,57
17,35ceed91-daff-e711-9414-f0921c16b9e5,0.16164383561643836,0.0,58
17,35ceed91-daff-e711-9414-f0921c16b9e5,0.1643835616438356,0.0,59
17,35ceed91-daff-e711-9414-f0921c16b9e5,0.16712328767123288,0.0,60
17,35ceed91-daff-e711-9414-f0921c16b9e5,0.16986301369863013,0.0,61
17,35ceed91-daff-e711-9414-f0921c16b9e5,0.1726027397260274,0.0,62
17,35ceed91-daff-e711-9414-f0921c16b9e5,0.17534246575342466,0.0,63
17,35ceed91-daff-e711-9414-f0921c16b9e5,0.1780821917808219,0.0,64
17,35ceed91-daff-e711-9414-f0921c16b9e5,0.18082191780821918,0.0,65
17,35ceed91-daff-e711-9414-f0921c16b9e5,0.18356164383561643,0.0,66
17,35ceed91-daff-e711-9414-f0921c16b9e5,0.1863013698630137,0.0,67
17,35ceed91-daff-e711-9414-f0921c16b9e5,0.18904109589041096,0.0,68
17,35ceed91-daff-e711-9414-f0921c16b9e5,0.1917808219178082,0.0,69
17,35ceed91-daff-e711-9414-f0921c16b9e5,0.19452054794520549,0.0,70
17,35ceed91-daff-e711-9414-f0921c16b9e5,0.19726027397260273,0.0,71
17,35ceed91-daff-e711-9414-f0921c16b9e5,0.2,0.0,72
17,35ceed91-daff-e711-9414-f0921c16b9e5,0.20273972602739726,0.0,73
17,35ceed91-daff-e711-9414-f0921c16b9e5,0.2054794520547945,0.0,74
17,35ceed91-daff-e711-9414-f0921c16b9e5,0.20821917808219179,0.0,75
17,35ceed91-daff-e711-9414-f0921c16b9e5,0.21095890410958903,0.0,76
17,35ceed91-daff-e711-9414-f0921c16b9e5,0.2136986301369863,0.0,77
17,35ceed91-daff-e711-9414-f0921c16b9e5,0.21643835616438356,0.0,78
17,35ceed91-daff-e711-9414-f0921c16b9e5,0.2191780821917808,0.0,79
17,35ceed91-daff-e711-9414-f0921c16b9e5,0.2219178082191781,0.0,80
17,35ceed91-daff-e711-9414-f0921c16b9e5,0.22465753424657534,0.0,81
17,35ceed91-daff-e711-9414-f0921c16b9e5,0.2273972602739726,0.0,82
17,35ceed91-daff-e711-9414-f0921c16b9e5,0.23013698630136986,0.0,83
17,35ceed91-daff-e711-9414-f0921c16b9e5,0.2328767123287671,0.0,84
17,35ceed91-daff-e711-9414-f0921c16b9e5,0.2356164383561644,0.0,85
17,35ceed91-daff-e711-9414-f0921c16b9e5,0.23835616438356164,0.0,86
17,35ceed91-daff-e711-9414-f0921c16b9e5,0.2410958904109589,0.0,87
17,35ceed91-daff-e711-9414-f0921c16b9e5,0.24383561643835616,0.0,88
17,35ceed91-daff-e711-9414-f0921c16b9e5,0.2465753424657534,0.0,89
18,34ceed91-daff-e711-9414-f0921c16b9e5,0.0027397260273972603,0.0,0
18,34ceed91-daff-e711-9414-f0921c16b9e5,0.005479452054794521,0.0005000000237487,1
18,34ceed91-daff-e711-9414-f0921c16b9e5,0.00821917808219178,0.0007999999797903,2
18,34ceed91-daff-e711-9414-f0921c16b9e5,0.010958904109589041,0.00109999999404,3
18,34ceed91-daff-e711-9414-f0921c16b9e5,0.0136986301369863,0.001300000003539,4
18,34ceed91-daff-e711-9414-f0921c16b9e5,0.01643835616438356,0.001200000056997,5
18,34ceed91-daff-e711-9414-f0921c16b9e5,0.019178082191780823,0.001500000013039,6
18,34ceed91-daff-e711-9414-f0921c16b9e5,0.021917808219178082,0.001700000022538,7
18,34ceed91-daff-e711-9414-f0921c16b9e5,0.024657534246575342,0.002300000051036,8
18,34ceed91-daff-e711-9414-f0921c16b9e5,0.0273972602739726,0.003899999894202,9
18,34ceed91-daff-e711-9414-f0921c16b9e5,0.030136986301369864,0.004999999888241,10
18,34ceed91-daff-e711-9414-f0921c16b9e5,0.03287671232876712,0.006200000178069,11
18,34ceed91-daff-e711-9414-f0921c16b9e5,0.03561643835616438,0.008200000040233,12
18,34ceed91-daff-e711-9414-f0921c16b9e5,0.038356164383561646,0.01040000002831,13
18,34ceed91-daff-e711-9414-f0921c16b9e5,0.0410958904109589,0.01310000009835,14
18,34ceed91-daff-e711-9414-f0921c16b9e5,0.043835616438356165,0.0168999992311,15
18,34ceed91-daff-e711-9414-f0921c16b9e5,0.04657534246575343,0.02119999937713,16
18,34ceed91-daff-e711-9414-f0921c16b9e5,0.049315068493150684,0.0265999995172,17
18,34ceed91-daff-e711-9414-f0921c16b9e5,0.052054794520547946,0.03299999982119,18
18,34ceed91-daff-e711-9414-f0921c16b9e5,0.0547945205479452,0.04259999841452,19
18,34ceed91-daff-e711-9414-f0921c16b9e5,0.057534246575342465,0.05359999835491,20
18,34ceed91-daff-e711-9414-f0921c16b9e5,0.06027397260273973,0.06289999932051,21
18,34ceed91-daff-e711-9414-f0921c16b9e5,0.06301369863013699,0.07630000263453,22
18,34ceed91-daff-e711-9414-f0921c16b9e5,0.06575342465753424,0.08630000054836,23
18,34ceed91-daff-e711-9414-f0921c16b9e5,0.0684931506849315,0.09759999811649,24
18,34ceed91-daff-e711-9414-f0921c16b9e5,0.07123287671232877,0.1146000027657,25
18,34ceed91-daff-e711-9414-f0921c16b9e5,0.07397260273972603,0.1303000003099,26
18,34ceed91-daff-e711-9414-f0921c16b9e5,0.07671232876712329,0.1367000043392,27
18,34ceed91-daff-e711-9414-f0921c16b9e5,0.07945205479452055,0.1407999992371,28
18,34ceed91-daff-e711-9414-f0921c16b9e5,0.0821917808219178,0.146899998188,29
18,34ceed91-daff-e711-9414-f0921c16b9e5,0.08493150684931507,0.1448999941349,30
18,34ceed91-daff-e711-9414-f0921c16b9e5,0.08767123287671233,0.1406999975443,31
18,34ceed91-daff-e711-9414-f0921c16b9e5,0.09041095890410959,0.1351999938488,32
18,34ceed91-daff-e711-9414-f0921c16b9e5,0.09315068493150686,0.1280000060797,33
18,34ceed91-daff-e711-9414-f0921c16b9e5,0.0958904109589041,0.1169999986887,34
18,34ceed91-daff-e711-9414-f0921c16b9e5,0.09863013698630137,0.1076999977231,35
18,34ceed91-daff-e711-9414-f0921c16b9e5,0.10136986301369863,0.09640000015497,36
18,34ceed91-daff-e711-9414-f0921c16b9e5,0.10410958904109589,0.08410000056028,37
18,34ceed91-daff-e711-9414-f0921c16b9e5,0.10684931506849316,0.07479999959469,38
18,34ceed91-daff-e711-9414-f0921c16b9e5,0.1095890410958904,0.06350000202656,39
18,34ceed91-daff-e711-9414-f0921c16b9e5,0.11232876712328767,0.05409999936819,40
18,34ceed91-daff-e711-9414-f0921c16b9e5,0.11506849315068493,0.04930000007153,41
18,34ceed91-daff-e711-9414-f0921c16b9e5,0.1178082191780822,0.04109999909997,42
18,34ceed91-daff-e711-9414-f0921c16b9e5,0.12054794520547946,0.03330000117421,43
18,34ceed91-daff-e711-9414-f0921c16b9e5,0.1232876712328767,0.02979999966919,44
18,34ceed91-daff-e711-9414-f0921c16b9e5,0.12602739726027398,0.02600000053644,45
18,34ceed91-daff-e711-9414-f0921c16b9e5,0.12876712328767123,0.021099999547,46
18,34ceed91-daff-e711-9414-f0921c16b9e5,0.13150684931506848,0.0187999997288,47
18,34ceed91-daff-e711-9414-f0921c16b9e5,0.13424657534246576,0.01669999957085,48
18,34ceed91-daff-e711-9414-f0921c16b9e5,0.136986301369863,0.01339999958873,49
18,34ceed91-daff-e711-9414-f0921c16b9e5,0.13972602739726028,0.01119999960065,50
18,34ceed91-daff-e711-9414-f0921c16b9e5,0.14246575342465753,0.009100000374019,51
18,34ceed91-daff-e711-9414-f0921c16b9e5,0.14520547945205478,0.008399999700487,52
18,34ceed91-daff-e711-9414-f0921c16b9e5,0.14794520547945206,0.007000000216067,53
18,34ceed91-daff-e711-9414-f0921c16b9e5,0.1506849315068493,0.005700000096112,54
18,34ceed91-daff-e711-9414-f0921c16b9e5,0.15342465753424658,0.004600000102073,55
18,34ceed91-daff-e711-9414-f0921c16b9e5,0.15616438356164383,0.00359999993816,56
18,34ceed91-daff-e711-9414-f0921c16b9e5,0.1589041095890411,0.002600000007078,57
18,34ceed91-daff-e711-9414-f0921c16b9e5,0.16164383561643836,0.002600000007078,58
18,34ceed91-daff-e711-9414-f0921c16b9e5,0.1643835616438356,0.002199999988079,59
18,34ceed91-daff-e711-9414-f0921c16b9e5,0.16712328767123288,0.002099999925122,60
18,34ceed91-daff-e711-9414-f0921c16b9e5,0.16986301369863013,0.00179999996908,61
18,34ceed91-daff-e711-9414-f0921c16b9e5,0.1726027397260274,0.001300000003539,62
18,34ceed91-daff-e711-9414-f0921c16b9e5,0.17534246575342466,0.001000000047497,63
18,34ceed91-daff-e711-9414-f0921c16b9e5,0.1780821917808219,0.0006000000284985,64
18,34ceed91-daff-e711-9414-f0921c16b9e5,0.18082191780821918,0.0006999999750406,65
18,34ceed91-daff-e711-9414-f0921c16b9e5,0.18356164383561643,0.0006000000284985,66
18,34ceed91-daff-e711-9414-f0921c16b9e5,0.1863013698630137,0.0006000000284985,67
18,34ceed91-daff-e711-9414-f0921c16b9e5,0.18904109589041096,0.0007999999797903,68
18,34ceed91-daff-e711-9414-f0921c16b9e5,0.1917808219178082,0.00089999998454,69
18,34ceed91-daff-e711-9414-f0921c16b9e5,0.19452054794520549,0.00089999998454,70
18,34ceed91-daff-e711-9414-f0921c16b9e5,0.19726027397260273,0.0005000000237487,71
18,34ceed91-daff-e711-9414-f0921c16b9e5,0.2,0.0003999999898952,72
18,34ceed91-daff-e711-9414-f0921c16b9e5,0.20273972602739726,0.0003000000142492,73
18,34ceed91-daff-e711-9414-f0921c16b9e5,0.2054794520547945,9.999999747379e-05,74
18,34ceed91-daff-e711-9414-f0921c16b9e5,0.20821917808219179,9.999999747379e-05,75
18,34ceed91-daff-e711-9414-f0921c16b9e5,0.21095890410958903,9.999999747379e-05,76
18,34ceed91-daff-e711-9414-f0921c16b9e5,0.2136986301369863,9.999999747379e-05,77
18,34ceed91-daff-e711-9414-f0921c16b9e5,0.21643835616438356,0.0,78
18,34ceed91-daff-e711-9414-f0921c16b9e5,0.2191780821917808,0.0,79
18,34ceed91-daff-e711-9414-f0921c16b9e5,0.2219178082191781,0.0,80
18,34ceed91-daff-e711-9414-f0921c16b9e5,0.22465753424657534,0.0,81
18,34ceed91-daff-e711-9414-f0921c16b9e5,0.2273972602739726,0.0,82
18,34ceed91-daff-e711-9414-f0921c16b9e5,0.23013698630136986,0.0,83
18,34ceed91-daff-e711-9414-f0921c16b9e5,0.2328767123287671,0.0,84
18,34ceed91-daff-e711-9414-f0921c16b9e5,0.2356164383561644,0.0,85
18,34ceed91-daff-e711-9414-f0921c16b9e5,0.23835616438356164,0.0,86
18,34ceed91-daff-e711-9414-f0921c16b9e5,0.2410958904109589,0.0,87
18,34ceed91-daff-e711-9414-f0921c16b9e5,0.24383561643835616,0.0,88
18,34ceed91-daff-e711-9414-f0921c16b9e5,0.2465753424657534,0.0,89
19,33ceed91-daff-e711-9414-f0921c16b9e5,0.0027397260273972603,0.0,0
19,33ceed91-daff-e711-9414-f0921c16b9e5,0.005479452054794521,0.0003999999898952,1
19,33ceed91-daff-e711-9414-f0921c16b9e5,0.00821917808219178,0.0003000000142492,2
19,33ceed91-daff-e711-9414-f0921c16b9e5,0.010958904109589041,0.0001999999949476,3
19,33ceed91-daff-e711-9414-f0921c16b9e5,0.0136986301369863,0.0003000000142492,4
19,33ceed91-daff-e711-9414-f0921c16b9e5,0.01643835616438356,0.0003999999898952,5
19,33ceed91-daff-e711-9414-f0921c16b9e5,0.019178082191780823,0.0005000000237487,6
19,33ceed91-daff-e711-9414-f0921c16b9e5,0.021917808219178082,0.0006000000284985,7
19,33ceed91-daff-e711-9414-f0921c16b9e5,0.024657534246575342,0.0006999999750406,8
19,33ceed91-daff-e711-9414-f0921c16b9e5,0.0273972602739726,0.0006999999750406,9
19,33ceed91-daff-e711-9414-f0921c16b9e5,0.030136986301369864,0.00089999998454,10
19,33ceed91-daff-e711-9414-f0921c16b9e5,0.03287671232876712,0.00109999999404,11
19,33ceed91-daff-e711-9414-f0921c16b9e5,0.03561643835616438,0.001300000003539,12
19,33ceed91-daff-e711-9414-f0921c16b9e5,0.038356164383561646,0.001399999950081,13
19,33ceed91-daff-e711-9414-f0921c16b9e5,0.0410958904109589,0.00179999996908,14
19,33ceed91-daff-e711-9414-f0921c16b9e5,0.043835616438356165,0.002600000007078,15
19,33ceed91-daff-e711-9414-f0921c16b9e5,0.04657534246575343,0.003299999982119,16
19,33ceed91-daff-e711-9414-f0921c16b9e5,0.049315068493150684,0.004399999976158,17
19,33ceed91-daff-e711-9414-f0921c16b9e5,0.052054794520547946,0.005299999844283,18
19,33ceed91-daff-e711-9414-f0921c16b9e5,0.0547945205479452,0.006300000008196,19
19,33ceed91-daff-e711-9414-f0921c16b9e5,0.057534246575342465,0.008500000461936,20
19,33ceed91-daff-e711-9414-f0921c16b9e5,0.06027397260273973,0.01090000011027,21
19,33ceed91-daff-e711-9414-f0921c16b9e5,0.06301369863013699,0.01370000001043,22
19,33ceed91-daff-e711-9414-f0921c16b9e5,0.06575342465753424,0.01730000041425,23
19,33ceed91-daff-e711-9414-f0921c16b9e5,0.0684931506849315,0.02290000021458,24
19,33ceed91-daff-e711-9414-f0921c16b9e5,0.07123287671232877,0.02899999916553,25
19,33ceed91-daff-e711-9414-f0921c16b9e5,0.07397260273972603,0.03579999879003,26
19,33ceed91-daff-e711-9414-f0921c16b9e5,0.07671232876712329,0.04190000146627,27
19,33ceed91-daff-e711-9414-f0921c16b9e5,0.07945205479452055,0.05000000074506,28
19,33ceed91-daff-e711-9414-f0921c16b9e5,0.0821917808219178,0.06210000067949,29
19,33ceed91-daff-e711-9414-f0921c16b9e5,0.08493150684931507,0.07819999754429,30
19,33ceed91-daff-e711-9414-f0921c16b9e5,0.08767123287671233,0.09359999746084,31
19,33ceed91-daff-e711-9414-f0921c16b9e5,0.09041095890410959,0.1118000000715,32
19,33ceed91-daff-e711-9414-f0921c16b9e5,0.09315068493150686,0.130700007081,33
19,33ceed91-daff-e711-9414-f0921c16b9e5,0.0958904109589041,0.15379999578,34
19,33ceed91-daff-e711-9414-f0921c16b9e5,0.09863013698630137,0.1799000054598,35
19,33ceed91-daff-e711-9414-f0921c16b9e5,0.10136986301369863,0.2073000073433,36
19,33ceed91-daff-e711-9414-f0921c16b9e5,0.10410958904109589,0.2361000031233,37
19,33ceed91-daff-e711-9414-f0921c16b9e5,0.10684931506849316,0.2635000050068,38
19,33ceed91-daff-e711-9414-f0921c16b9e5,0.1095890410958904,0.2834999859333,39
19,33ceed91-daff-e711-9414-f0921c16b9e5,0.11232876712328767,0.3052000105381,40
19,33ceed91-daff-e711-9414-f0921c16b9e5,0.11506849315068493,0.3224000036716,41
19,33ceed91-daff-e711-9414-f0921c16b9e5,0.1178082191780822,0.3364999890327,42
19,33ceed91-daff-e711-9414-f0921c16b9e5,0.12054794520547946,0.3454999923706,43
19,33ceed91-daff-e711-9414-f0921c16b9e5,0.1232876712328767,0.3472999930382,44
19,33ceed91-daff-e711-9414-f0921c16b9e5,0.12602739726027398,0.3438999950886,45
19,33ceed91-daff-e711-9414-f0921c16b9e5,0.12876712328767123,0.3377999961376,46
19,33ceed91-daff-e711-9414-f0921c16b9e5,0.13150684931506848,0.3262999951839,47
19,33ceed91-daff-e711-9414-f0921c16b9e5,0.13424657534246576,0.3143000006676,48
19,33ceed91-daff-e711-9414-f0921c16b9e5,0.136986301369863,0.299899995327,49
19,33ceed91-daff-e711-9414-f0921c16b9e5,0.13972602739726028,0.2843999862671,50
19,33ceed91-daff-e711-9414-f0921c16b9e5,0.14246575342465753,0.2660999894142,51
19,33ceed91-daff-e711-9414-f0921c16b9e5,0.14520547945205478,0.2478999942541,52
19,33ceed91-daff-e711-9414-f0921c16b9e5,0.14794520547945206,0.2303999960423,53
19,33ceed91-daff-e711-9414-f0921c16b9e5,0.1506849315068493,0.2102999985218,54
19,33ceed91-daff-e711-9414-f0921c16b9e5,0.15342465753424658,0.1965000033379,55
19,33ceed91-daff-e711-9414-f0921c16b9e5,0.15616438356164383,0.181799992919,56
19,33ceed91-daff-e711-9414-f0921c16b9e5,0.1589041095890411,0.1670999974012,57
19,33ceed91-daff-e711-9414-f0921c16b9e5,0.16164383561643836,0.1541000008583,58
19,33ceed91-daff-e711-9414-f0921c16b9e5,0.1643835616438356,0.1395000070333,59
19,33ceed91-daff-e711-9414-f0921c16b9e5,0.16712328767123288,0.1264999955893,60
19,33ceed91-daff-e711-9414-f0921c16b9e5,0.16986301369863013,0.1158000007272,61
19,33ceed91-daff-e711-9414-f0921c16b9e5,0.1726027397260274,0.1049999967217,62
19,33ceed91-daff-e711-9414-f0921c16b9e5,0.17534246575342466,0.09660000354052,63
19,33ceed91-daff-e711-9414-f0921c16b9e5,0.1780821917808219,0.08860000222921,64
19,33ceed91-daff-e711-9414-f0921c16b9e5,0.18082191780821918,0.08079999685287,65
19,33ceed91-daff-e711-9414-f0921c16b9e5,0.18356164383561643,0.07469999790192,66
19,33ceed91-daff-e711-9414-f0921c16b9e5,0.1863013698630137,0.06949999928474,67
19,33ceed91-daff-e711-9414-f0921c16b9e5,0.18904109589041096,0.06390000134706,68
19,33ceed91-daff-e711-9414-f0921c16b9e5,0.1917808219178082,0.05790000036359,69
19,33ceed91-daff-e711-9414-f0921c16b9e5,0.19452054794520549,0.05229999870062,70
19,33ceed91-daff-e711-9414-f0921c16b9e5,0.19726027397260273,0.04839999973774,71
19,33ceed91-daff-e711-9414-f0921c16b9e5,0.2,0.04360000044107,72
19,33ceed91-daff-e711-9414-f0921c16b9e5,0.20273972602739726,0.04069999977946,73
19,33ceed91-daff-e711-9414-f0921c16b9e5,0.2054794520547945,0.03640000149608,74
19,33ceed91-daff-e711-9414-f0921c16b9e5,0.20821917808219179,0.03359999880195,75
19,33ceed91-daff-e711-9414-f0921c16b9e5,0.21095890410958903,0.0304000005126,76
19,33ceed91-daff-e711-9414-f0921c16b9e5,0.2136986301369863,0.02649999968708,77
19,33ceed91-daff-e711-9414-f0921c16b9e5,0.21643835616438356,0.02319999970496,78
19,33ceed91-daff-e711-9414-f0921c16b9e5,0.2191780821917808,0.02060000039637,79
19,33ceed91-daff-e711-9414-f0921c16b9e5,0.2219178082191781,0.0194000005722,80
19,33ceed91-daff-e711-9414-f0921c16b9e5,0.22465753424657534,0.017100000754,81
19,33ceed91-daff-e711-9414-f0921c16b9e5,0.2273972602739726,0.0152000002563,82
19,33ceed91-daff-e711-9414-f0921c16b9e5,0.23013698630136986,0.01429999992251,83
19,33ceed91-daff-e711-9414-f0921c16b9e5,0.2328767123287671,0.01279999967664,84
19,33ceed91-daff-e711-9414-f0921c16b9e5,0.2356164383561644,0.01200000010431,85
19,33ceed91-daff-e711-9414-f0921c16b9e5,0.23835616438356164,0.01090000011027,86
19,33ceed91-daff-e711-9414-f0921c16b9e5,0.2410958904109589,0.009800000116229,87
19,33ceed91-daff-e711-9414-f0921c16b9e5,0.24383561643835616,0.009200000204146,88
19,33ceed91-daff-e711-9414-f0921c16b9e5,0.2465753424657534,0.008500000461936,89
20,32ceed91-daff-e711-9414-f0921c16b9e5,0.0027397260273972603,0.0,0
20,32ceed91-daff-e711-9414-f0921c16b9e5,0.005479452054794521,0.0003999999898952,1
20,32ceed91-daff-e711-9414-f0921c16b9e5,0.00821917808219178,0.0006000000284985,2
20,32ceed91-daff-e711-9414-f0921c16b9e5,0.010958904109589041,0.001300000003539,3
20,32ceed91-daff-e711-9414-f0921c16b9e5,0.0136986301369863,0.001200000056997,4
20,32ceed91-daff-e711-9414-f0921c16b9e5,0.01643835616438356,0.002600000007078,5
20,32ceed91-daff-e711-9414-f0921c16b9e5,0.019178082191780823,0.006399999838322,6
20,32ceed91-daff-e711-9414-f0921c16b9e5,0.021917808219178082,0.009999999776483,7
20,32ceed91-daff-e711-9414-f0921c16b9e5,0.024657534246575342,0.01740000024438,8
20,32ceed91-daff-e711-9414-f0921c16b9e5,0.0273972602739726,0.03280000016093,9
20,32ceed91-daff-e711-9414-f0921c16b9e5,0.030136986301369864,0.05710000172257,10
20,32ceed91-daff-e711-9414-f0921c16b9e5,0.03287671232876712,0.09470000118017,11
20,32ceed91-daff-e711-9414-f0921c16b9e5,0.03561643835616438,0.1479000002146,12
20,32ceed91-daff-e711-9414-f0921c16b9e5,0.038356164383561646,0.2182999998331,13
20,32ceed91-daff-e711-9414-f0921c16b9e5,0.0410958904109589,0.3048999905586,14
20,32ceed91-daff-e711-9414-f0921c16b9e5,0.043835616438356165,0.3747999966145,15
20,32ceed91-daff-e711-9414-f0921c16b9e5,0.04657534246575343,0.4066999852657,16
20,32ceed91-daff-e711-9414-f0921c16b9e5,0.049315068493150684,0.3824999928474,17
20,32ceed91-daff-e711-9414-f0921c16b9e5,0.052054794520547946,0.3434000015259,18
20,32ceed91-daff-e711-9414-f0921c16b9e5,0.0547945205479452,0.2836999893188,19
20,32ceed91-daff-e711-9414-f0921c16b9e5,0.057534246575342465,0.2277999967337,20
20,32ceed91-daff-e711-9414-f0921c16b9e5,0.06027397260273973,0.1801999956369,21
20,32ceed91-daff-e711-9414-f0921c16b9e5,0.06301369863013699,0.1398999989033,22
20,32ceed91-daff-e711-9414-f0921c16b9e5,0.06575342465753424,0.1120999976993,23
20,32ceed91-daff-e711-9414-f0921c16b9e5,0.0684931506849315,0.0815000012517,24
20,32ceed91-daff-e711-9414-f0921c16b9e5,0.07123287671232877,0.06239999830723,25
20,32ceed91-daff-e711-9414-f0921c16b9e5,0.07397260273972603,0.0472999997437,26
20,32ceed91-daff-e711-9414-f0921c16b9e5,0.07671232876712329,0.03539999946952,27
20,32ceed91-daff-e711-9414-f0921c16b9e5,0.07945205479452055,0.02600000053644,28
20,32ceed91-daff-e711-9414-f0921c16b9e5,0.0821917808219178,0.02009999938309,29
20,32ceed91-daff-e711-9414-f0921c16b9e5,0.08493150684931507,0.01530000008643,30
20,32ceed91-daff-e711-9414-f0921c16b9e5,0.08767123287671233,0.01229999959469,31
20,32ceed91-daff-e711-9414-f0921c16b9e5,0.09041095890410959,0.009600000455976,32
20,32ceed91-daff-e711-9414-f0921c16b9e5,0.09315068493150686,0.006899999920279,33
20,32ceed91-daff-e711-9414-f0921c16b9e5,0.0958904109589041,0.0046999999322,34
20,32ceed91-daff-e711-9414-f0921c16b9e5,0.09863013698630137,0.003700000001118,35
20,32ceed91-daff-e711-9414-f0921c16b9e5,0.10136986301369863,0.00289999996312,36
20,32ceed91-daff-e711-9414-f0921c16b9e5,0.10410958904109589,0.002000000094995,37
20,32ceed91-daff-e711-9414-f0921c16b9e5,0.10684931506849316,0.00179999996908,38
20,32ceed91-daff-e711-9414-f0921c16b9e5,0.1095890410958904,0.001500000013039,39
20,32ceed91-daff-e711-9414-f0921c16b9e5,0.11232876712328767,0.001399999950081,40
20,32ceed91-daff-e711-9414-f0921c16b9e5,0.11506849315068493,0.001300000003539,41
20,32ceed91-daff-e711-9414-f0921c16b9e5,0.1178082191780822,0.00109999999404,42
20,32ceed91-daff-e711-9414-f0921c16b9e5,0.12054794520547946,0.00089999998454,43
20,32ceed91-daff-e711-9414-f0921c16b9e5,0.1232876712328767,0.0006999999750406,44
20,32ceed91-daff-e711-9414-f0921c16b9e5,0.12602739726027398,0.0005000000237487,45
20,32ceed91-daff-e711-9414-f0921c16b9e5,0.12876712328767123,0.0003000000142492,46
20,32ceed91-daff-e711-9414-f0921c16b9e5,0.13150684931506848,0.0001999999949476,47
20,32ceed91-daff-e711-9414-f0921c16b9e5,0.13424657534246576,0.0001999999949476,48
20,32ceed91-daff-e711-9414-f0921c16b9e5,0.136986301369863,0.0001999999949476,49
20,32ceed91-daff-e711-9414-f0921c16b9e5,0.13972602739726028,0.0001999999949476,50
20,32ceed91-daff-e711-9414-f0921c16b9e5,0.14246575342465753,0.0001999999949476,51
20,32ceed91-daff-e711-9414-f0921c16b9e5,0.14520547945205478,0.0001999999949476,52
20,32ceed91-daff-e711-9414-f0921c16b9e5,0.14794520547945206,9.999999747379e-05,53
20,32ceed91-daff-e711-9414-f0921c16b9e5,0.1506849315068493,9.999999747379e-05,54
20,32ceed91-daff-e711-9414-f0921c16b9e5,0.15342465753424658,9.999999747379e-05,55
20,32ceed91-daff-e711-9414-f0921c16b9e5,0.15616438356164383,0.0,56
20,32ceed91-daff-e711-9414-f0921c16b9e5,0.1589041095890411,0.0,57
20,32ceed91-daff-e711-9414-f0921c16b9e5,0.16164383561643836,0.0,58
20,32ceed91-daff-e711-9414-f0921c16b9e5,0.1643835616438356,0.0,59
20,32ceed91-daff-e711-9414-f0921c16b9e5,0.16712328767123288,0.0,60
20,32ceed91-daff-e711-9414-f0921c16b9e5,0.16986301369863013,0.0,61
20,32ceed91-daff-e711-9414-f0921c16b9e5,0.1726027397260274,0.0,62
20,32ceed91-daff-e711-9414-f0921c16b9e5,0.17534246575342466,0.0,63
20,32ceed91-daff-e711-9414-f0921c16b9e5,0.1780821917808219,0.0,64
20,32ceed91-daff-e711-9414-f0921c16b9e5,0.18082191780821918,0.0,65
20,32ceed91-daff-e711-9414-f0921c16b9e5,0.18356164383561643,0.0,66
20,32ceed91-daff-e711-9414-f0921c16b9e5,0.1863013698630137,0.0,67
20,32ceed91-daff-e711-9414-f0921c16b9e5,0.18904109589041096,0.0,68
20,32ceed91-daff-e711-9414-f0921c16b9e5,0.1917808219178082,0.0,69
20,32ceed91-daff-e711-9414-f0921c16b9e5,0.19452054794520549,0.0,70
20,32ceed91-daff-e711-9414-f0921c16b9e5,0.19726027397260273,0.0,71
20,32ceed91-daff-e711-9414-f0921c16b9e5,0.2,0.0,72
20,32ceed91-daff-e711-9414-f0921c16b9e5,0.20273972602739726,0.0,73
20,32ceed91-daff-e711-9414-f0921c16b9e5,0.2054794520547945,0.0,74
20,32ceed91-daff-e711-9414-f0921c16b9e5,0.20821917808219179,0.0,75
20,32ceed91-daff-e711-9414-f0921c16b9e5,0.21095890410958903,0.0,76
20,32ceed91-daff-e711-9414-f0921c16b9e5,0.2136986301369863,0.0,77
20,32ceed91-daff-e711-9414-f0921c16b9e5,0.21643835616438356,0.0,78
20,32ceed91-daff-e711-9414-f0921c16b9e5,0.2191780821917808,0.0,79
20,32ceed91-daff-e711-9414-f0921c16b9e5,0.2219178082191781,0.0,80
20,32ceed91-daff-e711-9414-f0921c16b9e5,0.22465753424657534,0.0,81
20,32ceed91-daff-e711-9414-f0921c16b9e5,0.2273972602739726,0.0,82
20,32ceed91-daff-e711-9414-f0921c16b9e5,0.23013698630136986,0.0,83
20,32ceed91-daff-e711-9414-f0921c16b9e5,0.2328767123287671,0.0,84
20,32ceed91-daff-e711-9414-f0921c16b9e5,0.2356164383561644,0.0,85
20,32ceed91-daff-e711-9414-f0921c16b9e5,0.23835616438356164,0.0,86
20,32ceed91-daff-e711-9414-f0921c16b9e5,0.2410958904109589,0.0,87
20,32ceed91-daff-e711-9414-f0921c16b9e5,0.24383561643835616,0.0,88
20,32ceed91-daff-e711-9414-f0921c16b9e5,0.2465753424657534,0.0,89
21,31ceed91-daff-e711-9414-f0921c16b9e5,0.0027397260273972603,0.0,0
21,31ceed91-daff-e711-9414-f0921c16b9e5,0.005479452054794521,0.0006999999750406,1
21,31ceed91-daff-e711-9414-f0921c16b9e5,0.00821917808219178,0.004199999850243,2
21,31ceed91-daff-e711-9414-f0921c16b9e5,0.010958904109589041,0.02769999951124,3
21,31ceed91-daff-e711-9414-f0921c16b9e5,0.0136986301369863,0.1723999977112,4
21,31ceed91-daff-e711-9414-f0921c16b9e5,0.01643835616438356,0.6797999739647,5
21,31ceed91-daff-e711-9414-f0921c16b9e5,0.019178082191780823,0.8787000179291,6
21,31ceed91-daff-e711-9414-f0921c16b9e5,0.021917808219178082,0.7730000019073,7
21,31ceed91-daff-e711-9414-f0921c16b9e5,0.024657534246575342,0.6761000156403,8
21,31ceed91-daff-e711-9414-f0921c16b9e5,0.0273972602739726,0.5929999947548,9
21,31ceed91-daff-e711-9414-f0921c16b9e5,0.030136986301369864,0.5196999907494,10
21,31ceed91-daff-e711-9414-f0921c16b9e5,0.03287671232876712,0.4553999900818,11
21,31ceed91-daff-e711-9414-f0921c16b9e5,0.03561643835616438,0.4045000076294,12
21,31ceed91-daff-e711-9414-f0921c16b9e5,0.038356164383561646,0.3562000095844,13
21,31ceed91-daff-e711-9414-f0921c16b9e5,0.0410958904109589,0.3158999979496,14
21,31ceed91-daff-e711-9414-f0921c16b9e5,0.043835616438356165,0.2763999998569,15
21,31ceed91-daff-e711-9414-f0921c16b9e5,0.04657534246575343,0.2425999939442,16
21,31ceed91-daff-e711-9414-f0921c16b9e5,0.049315068493150684,0.2092999964952,17
21,31ceed91-daff-e711-9414-f0921c16b9e5,0.052054794520547946,0.181400001049,18
21,31ceed91-daff-e711-9414-f0921c16b9e5,0.0547945205479452,0.15870000422,19
21,31ceed91-daff-e711-9414-f0921c16b9e5,0.057534246575342465,0.1374000012875,20
21,31ceed91-daff-e711-9414-f0921c16b9e5,0.06027397260273973,0.1207000017166,21
21,31ceed91-daff-e711-9414-f0921c16b9e5,0.06301369863013699,0.104500003159,22
21,31ceed91-daff-e711-9414-f0921c16b9e5,0.06575342465753424,0.09329999983311,23
21,31ceed91-daff-e711-9414-f0921c16b9e5,0.0684931506849315,0.0819000005722,24
21,31ceed91-daff-e711-9414-f0921c16b9e5,0.07123287671232877,0.07150000333786,25
21,31ceed91-daff-e711-9414-f0921c16b9e5,0.07397260273972603,0.06219999864697,26
21,31ceed91-daff-e711-9414-f0921c16b9e5,0.07671232876712329,0.05389999970794,27
21,31ceed91-daff-e711-9414-f0921c16b9e5,0.07945205479452055,0.04760000109673,28
21,31ceed91-daff-e711-9414-f0921c16b9e5,0.0821917808219178,0.04170000180602,29
21,31ceed91-daff-e711-9414-f0921c16b9e5,0.08493150684931507,0.03830000013113,30
21,31ceed91-daff-e711-9414-f0921c16b9e5,0.08767123287671233,0.03370000049472,31
21,31ceed91-daff-e711-9414-f0921c16b9e5,0.09041095890410959,0.02960000000894,32
21,31ceed91-daff-e711-9414-f0921c16b9e5,0.09315068493150686,0.02610000036657,33
21,31ceed91-daff-e711-9414-f0921c16b9e5,0.0958904109589041,0.02339999936521,34
21,31ceed91-daff-e711-9414-f0921c16b9e5,0.09863013698630137,0.02080000005662,35
21,31ceed91-daff-e711-9414-f0921c16b9e5,0.10136986301369863,0.01769999973476,36
21,31ceed91-daff-e711-9414-f0921c16b9e5,0.10410958904109589,0.01530000008643,37
21,31ceed91-daff-e711-9414-f0921c16b9e5,0.10684931506849316,0.01240000035614,38
21,31ceed91-daff-e711-9414-f0921c16b9e5,0.1095890410958904,0.01090000011027,39
21,31ceed91-daff-e711-9414-f0921c16b9e5,0.11232876712328767,0.009399999864399,40
21,31ceed91-daff-e711-9414-f0921c16b9e5,0.11506849315068493,0.008600000292063,41
21,31ceed91-daff-e711-9414-f0921c16b9e5,0.1178082191780822,0.007300000172108,42
21,31ceed91-daff-e711-9414-f0921c16b9e5,0.12054794520547946,0.006599999964237,43
21,31ceed91-daff-e711-9414-f0921c16b9e5,0.1232876712328767,0.005499999970198,44
21,31ceed91-daff-e711-9414-f0921c16b9e5,0.12602739726027398,0.0046999999322,45
21,31ceed91-daff-e711-9414-f0921c16b9e5,0.12876712328767123,0.00400000018999,46
21,31ceed91-daff-e711-9414-f0921c16b9e5,0.13150684931506848,0.00359999993816,47
21,31ceed91-daff-e711-9414-f0921c16b9e5,0.13424657534246576,0.003299999982119,48
21,31ceed91-daff-e711-9414-f0921c16b9e5,0.136986301369863,0.002799999900162,49
21,31ceed91-daff-e711-9414-f0921c16b9e5,0.13972602739726028,0.002400000113994,50
21,31ceed91-daff-e711-9414-f0921c16b9e5,0.14246575342465753,0.002000000094995,51
21,31ceed91-daff-e711-9414-f0921c16b9e5,0.14520547945205478,0.001599999959581,52
21,31ceed91-daff-e711-9414-f0921c16b9e5,0.14794520547945206,0.001599999959581,53
21,31ceed91-daff-e711-9414-f0921c16b9e5,0.1506849315068493,0.001500000013039,54
21,31ceed91-daff-e711-9414-f0921c16b9e5,0.15342465753424658,0.00089999998454,55
21,31ceed91-daff-e711-9414-f0921c16b9e5,0.15616438356164383,0.0007999999797903,56
21,31ceed91-daff-e711-9414-f0921c16b9e5,0.1589041095890411,0.0005000000237487,57
21,31ceed91-daff-e711-9414-f0921c16b9e5,0.16164383561643836,0.0003000000142492,58
21,31ceed91-daff-e711-9414-f0921c16b9e5,0.1643835616438356,0.0003000000142492,59
21,31ceed91-daff-e711-9414-f0921c16b9e5,0.16712328767123288,0.0003000000142492,60
21,31ceed91-daff-e711-9414-f0921c16b9e5,0.16986301369863013,0.0003000000142492,61
21,31ceed91-daff-e711-9414-f0921c16b9e5,0.1726027397260274,0.0001999999949476,62
21,31ceed91-daff-e711-9414-f0921c16b9e5,0.17534246575342466,0.0001999999949476,63
21,31ceed91-daff-e711-9414-f0921c16b9e5,0.1780821917808219,0.0001999999949476,64
21,31ceed91-daff-e711-9414-f0921c16b9e5,0.18082191780821918,0.0001999999949476,65
21,31ceed91-daff-e711-9414-f0921c16b9e5,0.18356164383561643,0.0001999999949476,66
21,31ceed91-daff-e711-9414-f0921c16b9e5,0.1863013698630137,0.0001999999949476,67
21,31ceed91-daff-e711-9414-f0921c16b9e5,0.18904109589041096,0.0001999999949476,68
21,31ceed91-daff-e711-9414-f0921c16b9e5,0.1917808219178082,0.0001999999949476,69
21,31ceed91-daff-e711-9414-f0921c16b9e5,0.19452054794520549,0.0001999999949476,70
21,31ceed91-daff-e711-9414-f0921c16b9e5,0.19726027397260273,0.0001999999949476,71
21,31ceed91-daff-e711-9414-f0921c16b9e5,0.2,0.0001999999949476,72
21,31ceed91-daff-e711-9414-f0921c16b9e5,0.20273972602739726,9.999999747379e-05,73
21,31ceed91-daff-e711-9414-f0921c16b9e5,0.2054794520547945,9.999999747379e-05,74
21,31ceed91-daff-e711-9414-f0921c16b9e5,0.20821917808219179,9.999999747379e-05,75
21,31ceed91-daff-e711-9414-f0921c16b9e5,0.21095890410958903,9.999999747379e-05,76
21,31ceed91-daff-e711-9414-f0921c16b9e5,0.2136986301369863,9.999999747379e-05,77
21,31ceed91-daff-e711-9414-f0921c16b9e5,0.21643835616438356,9.999999747379e-05,78
21,31ceed91-daff-e711-9414-f0921c16b9e5,0.2191780821917808,9.999999747379e-05,79
21,31ceed91-daff-e711-9414-f0921c16b9e5,0.2219178082191781,0.0,80
21,31ceed91-daff-e711-9414-f0921c16b9e5,0.22465753424657534,0.0,81
21,31ceed91-daff-e711-9414-f0921c16b9e5,0.2273972602739726,0.0,82
21,31ceed91-daff-e711-9414-f0921c16b9e5,0.23013698630136986,0.0,83
21,31ceed91-daff-e711-9414-f0921c16b9e5,0.2328767123287671,0.0,84
21,31ceed91-daff-e711-9414-f0921c16b9e5,0.2356164383561644,0.0,85
21,31ceed91-daff-e711-9414-f0921c16b9e5,0.23835616438356164,0.0,86
21,31ceed91-daff-e711-9414-f0921c16b9e5,0.2410958904109589,0.0,87
21,31ceed91-daff-e711-9414-f0921c16b9e5,0.24383561643835616,0.0,88
21,31ceed91-daff-e711-9414-f0921c16b9e5,0.2465753424657534,0.0,89
22,30ceed91-daff-e711-9414-f0921c16b9e5,0.0027397260273972603,0.0,0
22,30ceed91-daff-e711-9414-f0921c16b9e5,0.005479452054794521,0.0005000000237487,1
22,30ceed91-daff-e711-9414-f0921c16b9e5,0.00821917808219178,0.001200000056997,2
22,30ceed91-daff-e711-9414-f0921c16b9e5,0.010958904109589041,0.003800000064075,3
22,30ceed91-daff-e711-9414-f0921c16b9e5,0.0136986301369863,0.01410000026226,4
22,30ceed91-daff-e711-9414-f0921c16b9e5,0.01643835616438356,0.0430999994278,5
22,30ceed91-daff-e711-9414-f0921c16b9e5,0.019178082191780823,0.1298999935389,6
22,30ceed91-daff-e711-9414-f0921c16b9e5,0.021917808219178082,0.3501000106335,7
22,30ceed91-daff-e711-9414-f0921c16b9e5,0.024657534246575342,0.6231999993324,8
22,30ceed91-daff-e711-9414-f0921c16b9e5,0.0273972602739726,0.6844000220299,9
22,30ceed91-daff-e711-9414-f0921c16b9e5,0.030136986301369864,0.5659000277519,10
22,30ceed91-daff-e711-9414-f0921c16b9e5,0.03287671232876712,0.4454999864101,11
22,30ceed91-daff-e711-9414-f0921c16b9e5,0.03561643835616438,0.3445000052452,12
22,30ceed91-daff-e711-9414-f0921c16b9e5,0.038356164383561646,0.2657999992371,13
22,30ceed91-daff-e711-9414-f0921c16b9e5,0.0410958904109589,0.2012999951839,14
22,30ceed91-daff-e711-9414-f0921c16b9e5,0.043835616438356165,0.154599994421,15
22,30ceed91-daff-e711-9414-f0921c16b9e5,0.04657534246575343,0.1199000030756,16
22,30ceed91-daff-e711-9414-f0921c16b9e5,0.049315068493150684,0.09189999848604,17
22,30ceed91-daff-e711-9414-f0921c16b9e5,0.052054794520547946,0.07270000129938,18
22,30ceed91-daff-e711-9414-f0921c16b9e5,0.0547945205479452,0.05600000172853,19
22,30ceed91-daff-e711-9414-f0921c16b9e5,0.057534246575342465,0.04280000180006,20
22,30ceed91-daff-e711-9414-f0921c16b9e5,0.06027397260273973,0.03359999880195,21
22,30ceed91-daff-e711-9414-f0921c16b9e5,0.06301369863013699,0.02669999934733,22
22,30ceed91-daff-e711-9414-f0921c16b9e5,0.06575342465753424,0.02209999971092,23
22,30ceed91-daff-e711-9414-f0921c16b9e5,0.0684931506849315,0.01730000041425,24
22,30ceed91-daff-e711-9414-f0921c16b9e5,0.07123287671232877,0.01379999984056,25
22,30ceed91-daff-e711-9414-f0921c16b9e5,0.07397260273972603,0.01020000036806,26
22,30ceed91-daff-e711-9414-f0921c16b9e5,0.07671232876712329,0.007699999958277,27
22,30ceed91-daff-e711-9414-f0921c16b9e5,0.07945205479452055,0.004900000058115,28
22,30ceed91-daff-e711-9414-f0921c16b9e5,0.0821917808219178,0.003500000108033,29
22,30ceed91-daff-e711-9414-f0921c16b9e5,0.08493150684931507,0.002400000113994,30
22,30ceed91-daff-e711-9414-f0921c16b9e5,0.08767123287671233,0.001900000032037,31
22,30ceed91-daff-e711-9414-f0921c16b9e5,0.09041095890410959,0.001399999950081,32
22,30ceed91-daff-e711-9414-f0921c16b9e5,0.09315068493150686,0.001300000003539,33
22,30ceed91-daff-e711-9414-f0921c16b9e5,0.0958904109589041,0.0007999999797903,34
22,30ceed91-daff-e711-9414-f0921c16b9e5,0.09863013698630137,0.0005000000237487,35
22,30ceed91-daff-e711-9414-f0921c16b9e5,0.10136986301369863,0.0005000000237487,36
22,30ceed91-daff-e711-9414-f0921c16b9e5,0.10410958904109589,0.0003000000142492,37
22,30ceed91-daff-e711-9414-f0921c16b9e5,0.10684931506849316,0.0003000000142492,38
22,30ceed91-daff-e711-9414-f0921c16b9e5,0.1095890410958904,0.0003000000142492,39
22,30ceed91-daff-e711-9414-f0921c16b9e5,0.11232876712328767,0.0003000000142492,40
22,30ceed91-daff-e711-9414-f0921c16b9e5,0.11506849315068493,0.0003000000142492,41
22,30ceed91-daff-e711-9414-f0921c16b9e5,0.1178082191780822,0.0003000000142492,42
22,30ceed91-daff-e711-9414-f0921c16b9e5,0.12054794520547946,0.0001999999949476,43
22,30ceed91-daff-e711-9414-f0921c16b9e5,0.1232876712328767,0.0001999999949476,44
22,30ceed91-daff-e711-9414-f0921c16b9e5,0.12602739726027398,0.0001999999949476,45
22,30ceed91-daff-e711-9414-f0921c16b9e5,0.12876712328767123,0.0001999999949476,46
22,30ceed91-daff-e711-9414-f0921c16b9e5,0.13150684931506848,9.999999747379e-05,47
22,30ceed91-daff-e711-9414-f0921c16b9e5,0.13424657534246576,9.999999747379e-05,48
22,30ceed91-daff-e711-9414-f0921c16b9e5,0.136986301369863,9.999999747379e-05,49
22,30ceed91-daff-e711-9414-f0921c16b9e5,0.13972602739726028,0.0,50
22,30ceed91-daff-e711-9414-f0921c16b9e5,0.14246575342465753,0.0,51
22,30ceed91-daff-e711-9414-f0921c16b9e5,0.14520547945205478,0.0,52
22,30ceed91-daff-e711-9414-f0921c16b9e5,0.14794520547945206,0.0,53
22,30ceed91-daff-e711-9414-f0921c16b9e5,0.1506849315068493,0.0,54
22,30ceed91-daff-e711-9414-f0921c16b9e5,0.15342465753424658,0.0,55
22,30ceed91-daff-e711-9414-f0921c16b9e5,0.15616438356164383,0.0,56
22,30ceed91-daff-e711-9414-f0921c16b9e5,0.1589041095890411,0.0,57
22,30ceed91-daff-e711-9414-f0921c16b9e5,0.16164383561643836,0.0,58
22,30ceed91-daff-e711-9414-f0921c16b9e5,0.1643835616438356,0.0,59
22,30ceed91-daff-e711-9414-f0921c16b9e5,0.16712328767123288,0.0,60
22,30ceed91-daff-e711-9414-f0921c16b9e5,0.16986301369863013,0.0,61
22,30ceed91-daff-e711-9414-f0921c16b9e5,0.1726027397260274,0.0,62
22,30ceed91-daff-e711-9414-f0921c16b9e5,0.17534246575342466,0.0,63
22,30ceed91-daff-e711-9414-f0921c16b9e5,0.1780821917808219,0.0,64
22,30ceed91-daff-e711-9414-f0921c16b9e5,0.18082191780821918,0.0,65
22,30ceed91-daff-e711-9414-f0921c16b9e5,0.18356164383561643,0.0,66
22,30ceed91-daff-e711-9414-f0921c16b9e5,0.1863013698630137,0.0,67
22,30ceed91-daff-e711-9414-f0921c16b9e5,0.18904109589041096,0.0,68
22,30ceed91-daff-e711-9414-f0921c16b9e5,0.1917808219178082,0.0,69
22,30ceed91-daff-e711-9414-f0921c16b9e5,0.19452054794520549,0.0,70
22,30ceed91-daff-e711-9414-f0921c16b9e5,0.19726027397260273,0.0,71
22,30ceed91-daff-e711-9414-f0921c16b9e5,0.2,0.0,72
22,30ceed91-daff-e711-9414-f0921c16b9e5,0.20273972602739726,0.0,73
22,30ceed91-daff-e711-9414-f0921c16b9e5,0.2054794520547945,0.0,74
22,30ceed91-daff-e711-9414-f0921c16b9e5,0.20821917808219179,0.0,75
22,30ceed91-daff-e711-9414-f0921c16b9e5,0.21095890410958903,0.0,76
22,30ceed91-daff-e711-9414-f0921c16b9e5,0.2136986301369863,0.0,77
22,30ceed91-daff-e711-9414-f0921c16b9e5,0.21643835616438356,0.0,78
22,30ceed91-daff-e711-9414-f0921c16b9e5,0.2191780821917808,0.0,79
22,30ceed91-daff-e711-9414-f0921c16b9e5,0.2219178082191781,0.0,80
22,30ceed91-daff-e711-9414-f0921c16b9e5,0.22465753424657534,0.0,81
22,30ceed91-daff-e711-9414-f0921c16b9e5,0.2273972602739726,0.0,82
22,30ceed91-daff-e711-9414-f0921c16b9e5,0.23013698630136986,0.0,83
22,30ceed91-daff-e711-9414-f0921c16b9e5,0.2328767123287671,0.0,84
22,30ceed91-daff-e711-9414-f0921c16b9e5,0.2356164383561644,0.0,85
22,30ceed91-daff-e711-9414-f0921c16b9e5,0.23835616438356164,0.0,86
22,30ceed91-daff-e711-9414-f0921c16b9e5,0.2410958904109589,0.0,87
22,30ceed91-daff-e711-9414-f0921c16b9e5,0.24383561643835616,0.0,88
22,30ceed91-daff-e711-9414-f0921c16b9e5,0.2465753424657534,0.0,89
23,2fceed91-daff-e711-9414-f0921c16b9e5,0.0027397260273972603,0.0,0
23,2fceed91-daff-e711-9414-f0921c16b9e5,0.005479452054794521,0.0005000000237487,1
23,2fceed91-daff-e711-9414-f0921c16b9e5,0.00821917808219178,0.0006999999750406,2
23,2fceed91-daff-e711-9414-f0921c16b9e5,0.010958904109589041,0.0006000000284985,3
23,2fceed91-daff-e711-9414-f0921c16b9e5,0.0136986301369863,0.0007999999797903,4
23,2fceed91-daff-e711-9414-f0921c16b9e5,0.01643835616438356,0.0007999999797903,5
23,2fceed91-daff-e711-9414-f0921c16b9e5,0.019178082191780823,0.001300000003539,6
23,2fceed91-daff-e711-9414-f0921c16b9e5,0.021917808219178082,0.001700000022538,7
23,2fceed91-daff-e711-9414-f0921c16b9e5,0.024657534246575342,0.002199999988079,8
23,2fceed91-daff-e711-9414-f0921c16b9e5,0.0273972602739726,0.003100000089034,9
23,2fceed91-daff-e711-9414-f0921c16b9e5,0.030136986301369864,0.004900000058115,10
23,2fceed91-daff-e711-9414-f0921c16b9e5,0.03287671232876712,0.007400000002235,11
23,2fceed91-daff-e711-9414-f0921c16b9e5,0.03561643835616438,0.0113000003621,12
23,2fceed91-daff-e711-9414-f0921c16b9e5,0.038356164383561646,0.01759999990463,13
23,2fceed91-daff-e711-9414-f0921c16b9e5,0.0410958904109589,0.02339999936521,14
23,2fceed91-daff-e711-9414-f0921c16b9e5,0.043835616438356165,0.034200001508,15
23,2fceed91-daff-e711-9414-f0921c16b9e5,0.04657534246575343,0.04659999907017,16
23,2fceed91-daff-e711-9414-f0921c16b9e5,0.049315068493150684,0.06849999725819,17
23,2fceed91-daff-e711-9414-f0921c16b9e5,0.052054794520547946,0.09139999747276,18
23,2fceed91-daff-e711-9414-f0921c16b9e5,0.0547945205479452,0.1172000020742,19
23,2fceed91-daff-e711-9414-f0921c16b9e5,0.057534246575342465,0.1502999961376,20
23,2fceed91-daff-e711-9414-f0921c16b9e5,0.06027397260273973,0.1747999936342,21
23,2fceed91-daff-e711-9414-f0921c16b9e5,0.06301369863013699,0.1896000057459,22
23,2fceed91-daff-e711-9414-f0921c16b9e5,0.06575342465753424,0.188299998641,23
23,2fceed91-daff-e711-9414-f0921c16b9e5,0.0684931506849315,0.1914000064135,24
23,2fceed91-daff-e711-9414-f0921c16b9e5,0.07123287671232877,0.1746000051498,25
23,2fceed91-daff-e711-9414-f0921c16b9e5,0.07397260273972603,0.1536999940872,26
23,2fceed91-daff-e711-9414-f0921c16b9e5,0.07671232876712329,0.1272999942303,27
23,2fceed91-daff-e711-9414-f0921c16b9e5,0.07945205479452055,0.1058000028133,28
23,2fceed91-daff-e711-9414-f0921c16b9e5,0.0821917808219178,0.08219999819994,29
23,2fceed91-daff-e711-9414-f0921c16b9e5,0.08493150684931507,0.06379999965429,30
23,2fceed91-daff-e711-9414-f0921c16b9e5,0.08767123287671233,0.04809999838471,31
23,2fceed91-daff-e711-9414-f0921c16b9e5,0.09041095890410959,0.03669999912381,32
23,2fceed91-daff-e711-9414-f0921c16b9e5,0.09315068493150686,0.02869999967515,33
23,2fceed91-daff-e711-9414-f0921c16b9e5,0.0958904109589041,0.02160000056028,34
23,2fceed91-daff-e711-9414-f0921c16b9e5,0.09863013698630137,0.01649999991059,35
23,2fceed91-daff-e711-9414-f0921c16b9e5,0.10136986301369863,0.01119999960065,36
23,2fceed91-daff-e711-9414-f0921c16b9e5,0.10410958904109589,0.00829999987036,37
23,2fceed91-daff-e711-9414-f0921c16b9e5,0.10684931506849316,0.00719999987632,38
23,2fceed91-daff-e711-9414-f0921c16b9e5,0.1095890410958904,0.004900000058115,39
23,2fceed91-daff-e711-9414-f0921c16b9e5,0.11232876712328767,0.004199999850243,40
23,2fceed91-daff-e711-9414-f0921c16b9e5,0.11506849315068493,0.002799999900162,41
23,2fceed91-daff-e711-9414-f0921c16b9e5,0.1178082191780822,0.00179999996908,42
23,2fceed91-daff-e711-9414-f0921c16b9e5,0.12054794520547946,0.001399999950081,43
23,2fceed91-daff-e711-9414-f0921c16b9e5,0.1232876712328767,0.0007999999797903,44
23,2fceed91-daff-e711-9414-f0921c16b9e5,0.12602739726027398,0.0006000000284985,45
23,2fceed91-daff-e711-9414-f0921c16b9e5,0.12876712328767123,0.0005000000237487,46
23,2fceed91-daff-e711-9414-f0921c16b9e5,0.13150684931506848,0.0003999999898952,47
23,2fceed91-daff-e711-9414-f0921c16b9e5,0.13424657534246576,0.0003000000142492,48
23,2fceed91-daff-e711-9414-f0921c16b9e5,0.136986301369863,0.0003000000142492,49
23,2fceed91-daff-e711-9414-f0921c16b9e5,0.13972602739726028,0.0003000000142492,50
23,2fceed91-daff-e711-9414-f0921c16b9e5,0.14246575342465753,0.0001999999949476,51
23,2fceed91-daff-e711-9414-f0921c16b9e5,0.14520547945205478,0.0001999999949476,52
23,2fceed91-daff-e711-9414-f0921c16b9e5,0.14794520547945206,0.0001999999949476,53
23,2fceed91-daff-e711-9414-f0921c16b9e5,0.1506849315068493,9.999999747379e-05,54
23,2fceed91-daff-e711-9414-f0921c16b9e5,0.15342465753424658,9.999999747379e-05,55
23,2fceed91-daff-e711-9414-f0921c16b9e5,0.15616438356164383,0.0,56
23,2fceed91-daff-e711-9414-f0921c16b9e5,0.1589041095890411,0.0,57
23,2fceed91-daff-e711-9414-f0921c16b9e5,0.16164383561643836,0.0,58
23,2fceed91-daff-e711-9414-f0921c16b9e5,0.1643835616438356,0.0,59
23,2fceed91-daff-e711-9414-f0921c16b9e5,0.16712328767123288,0.0,60
23,2fceed91-daff-e711-9414-f0921c16b9e5,0.16986301369863013,0.0,61
23,2fceed91-daff-e711-9414-f0921c16b9e5,0.1726027397260274,0.0,62
23,2fceed91-daff-e711-9414-f0921c16b9e5,0.17534246575342466,0.0,63
23,2fceed91-daff-e711-9414-f0921c16b9e5,0.1780821917808219,0.0,64
23,2fceed91-daff-e711-9414-f0921c16b9e5,0.18082191780821918,0.0,65
23,2fceed91-daff-e711-9414-f0921c16b9e5,0.18356164383561643,0.0,66
23,2fceed91-daff-e711-9414-f0921c16b9e5,0.1863013698630137,0.0,67
23,2fceed91-daff-e711-9414-f0921c16b9e5,0.18904109589041096,0.0,68
23,2fceed91-daff-e711-9414-f0921c16b9e5,0.1917808219178082,0.0,69
23,2fceed91-daff-e711-9414-f0921c16b9e5,0.19452054794520549,0.0,70
23,2fceed91-daff-e711-9414-f0921c16b9e5,0.19726027397260273,0.0,71
23,2fceed91-daff-e711-9414-f0921c16b9e5,0.2,0.0,72
23,2fceed91-daff-e711-9414-f0921c16b9e5,0.20273972602739726,0.0,73
23,2fceed91-daff-e711-9414-f0921c16b9e5,0.2054794520547945,0.0,74
23,2fceed91-daff-e711-9414-f0921c16b9e5,0.20821917808219179,0.0,75
23,2fceed91-daff-e711-9414-f0921c16b9e5,0.21095890410958903,0.0,76
23,2fceed91-daff-e711-9414-f0921c16b9e5,0.2136986301369863,0.0,77
23,2fceed91-daff-e711-9414-f0921c16b9e5,0.21643835616438356,0.0,78
23,2fceed91-daff-e711-9414-f0921c16b9e5,0.2191780821917808,0.0,79
23,2fceed91-daff-e711-9414-f0921c16b9e5,0.2219178082191781,0.0,80
23,2fceed91-daff-e711-9414-f0921c16b9e5,0.22465753424657534,0.0,81
23,2fceed91-daff-e711-9414-f0921c16b9e5,0.2273972602739726,0.0,82
23,2fceed91-daff-e711-9414-f0921c16b9e5,0.23013698630136986,0.0,83
23,2fceed91-daff-e711-9414-f0921c16b9e5,0.2328767123287671,0.0,84
23,2fceed91-daff-e711-9414-f0921c16b9e5,0.2356164383561644,0.0,85
23,2fceed91-daff-e711-9414-f0921c16b9e5,0.23835616438356164,0.0,86
23,2fceed91-daff-e711-9414-f0921c16b9e5,0.2410958904109589,0.0,87
23,2fceed91-daff-e711-9414-f0921c16b9e5,0.24383561643835616,0.0,88
23,2fceed91-daff-e711-9414-f0921c16b9e5,0.2465753424657534,0.0,89
24,2eceed91-daff-e711-9414-f0921c16b9e5,0.0027397260273972603,0.0,0
24,2eceed91-daff-e711-9414-f0921c16b9e5,0.005479452054794521,0.0006000000284985,1
24,2eceed91-daff-e711-9414-f0921c16b9e5,0.00821917808219178,0.001399999950081,2
24,2eceed91-daff-e711-9414-f0921c16b9e5,0.010958904109589041,0.003500000108033,3
24,2eceed91-daff-e711-9414-f0921c16b9e5,0.0136986301369863,0.008600000292063,4
24,2eceed91-daff-e711-9414-f0921c16b9e5,0.01643835616438356,0.02019999921322,5
24,2eceed91-daff-e711-9414-f0921c16b9e5,0.019178082191780823,0.04540000110865,6
24,2eceed91-daff-e711-9414-f0921c16b9e5,0.021917808219178082,0.103100001812,7
24,2eceed91-daff-e711-9414-f0921c16b9e5,0.024657534246575342,0.2223999947309,8
24,2eceed91-daff-e711-9414-f0921c16b9e5,0.0273972602739726,0.4196000099182,9
24,2eceed91-daff-e711-9414-f0921c16b9e5,0.030136986301369864,0.6298999786377,10
24,2eceed91-daff-e711-9414-f0921c16b9e5,0.03287671232876712,0.7243000268936,11
24,2eceed91-daff-e711-9414-f0921c16b9e5,0.03561643835616438,0.7064999938011,12
24,2eceed91-daff-e711-9414-f0921c16b9e5,0.038356164383561646,0.6478000283241,13
24,2eceed91-daff-e711-9414-f0921c16b9e5,0.0410958904109589,0.5780000090599,14
24,2eceed91-daff-e711-9414-f0921c16b9e5,0.043835616438356165,0.5123000144958,15
24,2eceed91-daff-e711-9414-f0921c16b9e5,0.04657534246575343,0.4533999860287,16
24,2eceed91-daff-e711-9414-f0921c16b9e5,0.049315068493150684,0.4016000032425,17
24,2eceed91-daff-e711-9414-f0921c16b9e5,0.052054794520547946,0.3542999923229,18
24,2eceed91-daff-e711-9414-f0921c16b9e5,0.0547945205479452,0.3100000023842,19
24,2eceed91-daff-e711-9414-f0921c16b9e5,0.057534246575342465,0.2728999853134,20
24,2eceed91-daff-e711-9414-f0921c16b9e5,0.06027397260273973,0.2395000010729,21
24,2eceed91-daff-e711-9414-f0921c16b9e5,0.06301369863013699,0.2124000042677,22
24,2eceed91-daff-e711-9414-f0921c16b9e5,0.06575342465753424,0.1875,23
24,2eceed91-daff-e711-9414-f0921c16b9e5,0.0684931506849315,0.1666000038385,24
24,2eceed91-daff-e711-9414-f0921c16b9e5,0.07123287671232877,0.1474000066519,25
24,2eceed91-daff-e711-9414-f0921c16b9e5,0.07397260273972603,0.1289999932051,26
24,2eceed91-daff-e711-9414-f0921c16b9e5,0.07671232876712329,0.1132000014186,27
24,2eceed91-daff-e711-9414-f0921c16b9e5,0.07945205479452055,0.1005999967456,28
24,2eceed91-daff-e711-9414-f0921c16b9e5,0.0821917808219178,0.08820000290871,29
24,2eceed91-daff-e711-9414-f0921c16b9e5,0.08493150684931507,0.0772999972105,30
24,2eceed91-daff-e711-9414-f0921c16b9e5,0.08767123287671233,0.06750000268221,31
24,2eceed91-daff-e711-9414-f0921c16b9e5,0.09041095890410959,0.06030000001192,32
24,2eceed91-daff-e711-9414-f0921c16b9e5,0.09315068493150686,0.05370000004768,33
24,2eceed91-daff-e711-9414-f0921c16b9e5,0.0958904109589041,0.04710000008345,34
24,2eceed91-daff-e711-9414-f0921c16b9e5,0.09863013698630137,0.04219999909401,35
24,2eceed91-daff-e711-9414-f0921c16b9e5,0.10136986301369863,0.03689999878407,36
24,2eceed91-daff-e711-9414-f0921c16b9e5,0.10410958904109589,0.03330000117421,37
24,2eceed91-daff-e711-9414-f0921c16b9e5,0.10684931506849316,0.02960000000894,38
24,2eceed91-daff-e711-9414-f0921c16b9e5,0.1095890410958904,0.02470000088215,39
24,2eceed91-daff-e711-9414-f0921c16b9e5,0.11232876712328767,0.02190000005066,40
24,2eceed91-daff-e711-9414-f0921c16b9e5,0.11506849315068493,0.01869999989867,41
24,2eceed91-daff-e711-9414-f0921c16b9e5,0.1178082191780822,0.01659999974072,42
24,2eceed91-daff-e711-9414-f0921c16b9e5,0.12054794520547946,0.01400000043213,43
24,2eceed91-daff-e711-9414-f0921c16b9e5,0.1232876712328767,0.01209999993443,44
24,2eceed91-daff-e711-9414-f0921c16b9e5,0.12602739726027398,0.01040000002831,45
24,2eceed91-daff-e711-9414-f0921c16b9e5,0.12876712328767123,0.01020000036806,46
24,2eceed91-daff-e711-9414-f0921c16b9e5,0.13150684931506848,0.009200000204146,47
24,2eceed91-daff-e711-9414-f0921c16b9e5,0.13424657534246576,0.007499999832362,48
24,2eceed91-daff-e711-9414-f0921c16b9e5,0.136986301369863,0.005799999926239,49
24,2eceed91-daff-e711-9414-f0921c16b9e5,0.13972602739726028,0.0046999999322,50
24,2eceed91-daff-e711-9414-f0921c16b9e5,0.14246575342465753,0.004199999850243,51
24,2eceed91-daff-e711-9414-f0921c16b9e5,0.14520547945205478,0.00359999993816,52
24,2eceed91-daff-e711-9414-f0921c16b9e5,0.14794520547945206,0.003400000045076,53
24,2eceed91-daff-e711-9414-f0921c16b9e5,0.1506849315068493,0.003000000026077,54
24,2eceed91-daff-e711-9414-f0921c16b9e5,0.15342465753424658,0.00289999996312,55
24,2eceed91-daff-e711-9414-f0921c16b9e5,0.15616438356164383,0.002799999900162,56
24,2eceed91-daff-e711-9414-f0921c16b9e5,0.1589041095890411,0.002400000113994,57
24,2eceed91-daff-e711-9414-f0921c16b9e5,0.16164383561643836,0.002099999925122,58
24,2eceed91-daff-e711-9414-f0921c16b9e5,0.1643835616438356,0.00179999996908,59
24,2eceed91-daff-e711-9414-f0921c16b9e5,0.16712328767123288,0.001700000022538,60
24,2eceed91-daff-e711-9414-f0921c16b9e5,0.16986301369863013,0.001500000013039,61
24,2eceed91-daff-e711-9414-f0921c16b9e5,0.1726027397260274,0.001200000056997,62
24,2eceed91-daff-e711-9414-f0921c16b9e5,0.17534246575342466,0.00109999999404,63
24,2eceed91-daff-e711-9414-f0921c16b9e5,0.1780821917808219,0.001000000047497,64
24,2eceed91-daff-e711-9414-f0921c16b9e5,0.18082191780821918,0.001000000047497,65
24,2eceed91-daff-e711-9414-f0921c16b9e5,0.18356164383561643,0.0007999999797903,66
24,2eceed91-daff-e711-9414-f0921c16b9e5,0.1863013698630137,0.0006999999750406,67
24,2eceed91-daff-e711-9414-f0921c16b9e5,0.18904109589041096,0.0006000000284985,68
24,2eceed91-daff-e711-9414-f0921c16b9e5,0.1917808219178082,0.0005000000237487,69
24,2eceed91-daff-e711-9414-f0921c16b9e5,0.19452054794520549,0.0005000000237487,70
24,2eceed91-daff-e711-9414-f0921c16b9e5,0.19726027397260273,0.0003999999898952,71
24,2eceed91-daff-e711-9414-f0921c16b9e5,0.2,0.0003999999898952,72
24,2eceed91-daff-e711-9414-f0921c16b9e5,0.20273972602739726,0.0003000000142492,73
24,2eceed91-daff-e711-9414-f0921c16b9e5,0.2054794520547945,0.0003000000142492,74
24,2eceed91-daff-e711-9414-f0921c16b9e5,0.20821917808219179,0.0003000000142492,75
24,2eceed91-daff-e711-9414-f0921c16b9e5,0.21095890410958903,0.0003000000142492,76
24,2eceed91-daff-e711-9414-f0921c16b9e5,0.2136986301369863,0.0001999999949476,77
24,2eceed91-daff-e711-9414-f0921c16b9e5,0.21643835616438356,0.0001999999949476,78
24,2eceed91-daff-e711-9414-f0921c16b9e5,0.2191780821917808,9.999999747379e-05,79
24,2eceed91-daff-e711-9414-f0921c16b9e5,0.2219178082191781,9.999999747379e-05,80
24,2eceed91-daff-e711-9414-f0921c16b9e5,0.22465753424657534,9.999999747379e-05,81
24,2eceed91-daff-e711-9414-f0921c16b9e5,0.2273972602739726,9.999999747379e-05,82
24,2eceed91-daff-e711-9414-f0921c16b9e5,0.23013698630136986,9.999999747379e-05,83
24,2eceed91-daff-e711-9414-f0921c16b9e5,0.2328767123287671,9.999999747379e-05,84
24,2eceed91-daff-e711-9414-f0921c16b9e5,0.2356164383561644,9.999999747379e-05,85
24,2eceed91-daff-e711-9414-f0921c16b9e5,0.23835616438356164,9.999999747379e-05,86
24,2eceed91-daff-e711-9414-f0921c16b9e5,0.2410958904109589,9.999999747379e-05,87
24,2eceed91-daff-e711-9414-f0921c16b9e5,0.24383561643835616,9.999999747379e-05,88
24,2eceed91-daff-e711-9414-f0921c16b9e5,0.2465753424657534,9.999999747379e-05,89
