Sample,Sim_Id,Year,Prevalence,Timestep
0,3d0ab516-2000-e811-9414-f0921c16b9e5,0.0027397260273972603,0.0,0
0,3d0ab516-2000-e811-9414-f0921c16b9e5,0.005479452054794521,0.0003000000142492,1
0,3d0ab516-2000-e811-9414-f0921c16b9e5,0.00821917808219178,0.0006999999750406,2
0,3d0ab516-2000-e811-9414-f0921c16b9e5,0.010958904109589041,0.001900000032037,3
0,3d0ab516-2000-e811-9414-f0921c16b9e5,0.0136986301369863,0.003899999894202,4
0,3d0ab516-2000-e811-9414-f0921c16b9e5,0.01643835616438356,0.008799999952316,5
0,3d0ab516-2000-e811-9414-f0921c16b9e5,0.019178082191780823,0.01750000007451,6
0,3d0ab516-2000-e811-9414-f0921c16b9e5,0.021917808219178082,0.03350000083447,7
0,3d0ab516-2000-e811-9414-f0921c16b9e5,0.024657534246575342,0.06549999862909,8
0,3d0ab516-2000-e811-9414-f0921c16b9e5,0.0273972602739726,0.1240999996662,9
0,3d0ab516-2000-e811-9414-f0921c16b9e5,0.030136986301369864,0.2246000021696,10
0,3d0ab516-2000-e811-9414-f0921c16b9e5,0.03287671232876712,0.3677999973297,11
0,3d0ab516-2000-e811-9414-f0921c16b9e5,0.03561643835616438,0.5292999744415,12
0,3d0ab516-2000-e811-9414-f0921c16b9e5,0.038356164383561646,0.6439999938011,13
0,3d0ab516-2000-e811-9414-f0921c16b9e5,0.0410958904109589,0.6822000145912,14
0,3d0ab516-2000-e811-9414-f0921c16b9e5,0.043835616438356165,0.6680999994278,15
0,3d0ab516-2000-e811-9414-f0921c16b9e5,0.04657534246575343,0.6183000206947,16
0,3d0ab516-2000-e811-9414-f0921c16b9e5,0.049315068493150684,0.5687999725342,17
0,3d0ab516-2000-e811-9414-f0921c16b9e5,0.052054794520547946,0.5070999860764,18
0,3d0ab516-2000-e811-9414-f0921c16b9e5,0.0547945205479452,0.460599988699,19
0,3d0ab516-2000-e811-9414-f0921c16b9e5,0.057534246575342465,0.4135999977589,20
0,3d0ab516-2000-e811-9414-f0921c16b9e5,0.06027397260273973,0.372200012207,21
0,3d0ab516-2000-e811-9414-f0921c16b9e5,0.06301369863013699,0.3321999907494,22
0,3d0ab516-2000-e811-9414-f0921c16b9e5,0.06575342465753424,0.2991000115871,23
0,3d0ab516-2000-e811-9414-f0921c16b9e5,0.0684931506849315,0.2680999934673,24
0,3d0ab516-2000-e811-9414-f0921c16b9e5,0.07123287671232877,0.2406000047922,25
0,3d0ab516-2000-e811-9414-f0921c16b9e5,0.07397260273972603,0.2158000022173,26
0,3d0ab516-2000-e811-9414-f0921c16b9e5,0.07671232876712329,0.195199996233,27
0,3d0ab516-2000-e811-9414-f0921c16b9e5,0.07945205479452055,0.1745000034571,28
0,3d0ab516-2000-e811-9414-f0921c16b9e5,0.0821917808219178,0.1569000035524,29
0,3d0ab516-2000-e811-9414-f0921c16b9e5,0.08493150684931507,0.1405999958515,30
0,3d0ab516-2000-e811-9414-f0921c16b9e5,0.08767123287671233,0.1226999983191,31
0,3d0ab516-2000-e811-9414-f0921c16b9e5,0.09041095890410959,0.1097000017762,32
0,3d0ab516-2000-e811-9414-f0921c16b9e5,0.09315068493150686,0.09759999811649,33
0,3d0ab516-2000-e811-9414-f0921c16b9e5,0.0958904109589041,0.0869999974966,34
0,3d0ab516-2000-e811-9414-f0921c16b9e5,0.09863013698630137,0.0781000033021,35
0,3d0ab516-2000-e811-9414-f0921c16b9e5,0.10136986301369863,0.07029999792576,36
0,3d0ab516-2000-e811-9414-f0921c16b9e5,0.10410958904109589,0.06449999660254,37
0,3d0ab516-2000-e811-9414-f0921c16b9e5,0.10684931506849316,0.0570000000298,38
0,3d0ab516-2000-e811-9414-f0921c16b9e5,0.1095890410958904,0.05070000141859,39
0,3d0ab516-2000-e811-9414-f0921c16b9e5,0.11232876712328767,0.04540000110865,40
0,3d0ab516-2000-e811-9414-f0921c16b9e5,0.11506849315068493,0.0401000007987,41
0,3d0ab516-2000-e811-9414-f0921c16b9e5,0.1178082191780822,0.0362999998033,42
0,3d0ab516-2000-e811-9414-f0921c16b9e5,0.12054794520547946,0.03269999846816,43
0,3d0ab516-2000-e811-9414-f0921c16b9e5,0.1232876712328767,0.02920000068843,44
0,3d0ab516-2000-e811-9414-f0921c16b9e5,0.12602739726027398,0.02639999985695,45
0,3d0ab516-2000-e811-9414-f0921c16b9e5,0.12876712328767123,0.02339999936521,46
0,3d0ab516-2000-e811-9414-f0921c16b9e5,0.13150684931506848,0.02140000090003,47
0,3d0ab516-2000-e811-9414-f0921c16b9e5,0.13424657534246576,0.01789999939501,48
0,3d0ab516-2000-e811-9414-f0921c16b9e5,0.136986301369863,0.01539999991655,49
0,3d0ab516-2000-e811-9414-f0921c16b9e5,0.13972602739726028,0.01300000026822,50
0,3d0ab516-2000-e811-9414-f0921c16b9e5,0.14246575342465753,0.01109999977052,51
0,3d0ab516-2000-e811-9414-f0921c16b9e5,0.14520547945205478,0.009600000455976,52
0,3d0ab516-2000-e811-9414-f0921c16b9e5,0.14794520547945206,0.008500000461936,53
0,3d0ab516-2000-e811-9414-f0921c16b9e5,0.1506849315068493,0.00789999961853,54
0,3d0ab516-2000-e811-9414-f0921c16b9e5,0.15342465753424658,0.007100000046194,55
0,3d0ab516-2000-e811-9414-f0921c16b9e5,0.15616438356164383,0.006399999838322,56
0,3d0ab516-2000-e811-9414-f0921c16b9e5,0.1589041095890411,0.005799999926239,57
0,3d0ab516-2000-e811-9414-f0921c16b9e5,0.16164383561643836,0.004999999888241,58
0,3d0ab516-2000-e811-9414-f0921c16b9e5,0.1643835616438356,0.004199999850243,59
0,3d0ab516-2000-e811-9414-f0921c16b9e5,0.16712328767123288,0.004100000020117,60
0,3d0ab516-2000-e811-9414-f0921c16b9e5,0.16986301369863013,0.003800000064075,61
0,3d0ab516-2000-e811-9414-f0921c16b9e5,0.1726027397260274,0.003500000108033,62
0,3d0ab516-2000-e811-9414-f0921c16b9e5,0.17534246575342466,0.00289999996312,63
0,3d0ab516-2000-e811-9414-f0921c16b9e5,0.1780821917808219,0.002799999900162,64
0,3d0ab516-2000-e811-9414-f0921c16b9e5,0.18082191780821918,0.002700000070035,65
0,3d0ab516-2000-e811-9414-f0921c16b9e5,0.18356164383561643,0.002499999944121,66
0,3d0ab516-2000-e811-9414-f0921c16b9e5,0.1863013698630137,0.002499999944121,67
0,3d0ab516-2000-e811-9414-f0921c16b9e5,0.18904109589041096,0.001900000032037,68
0,3d0ab516-2000-e811-9414-f0921c16b9e5,0.1917808219178082,0.001599999959581,69
0,3d0ab516-2000-e811-9414-f0921c16b9e5,0.19452054794520549,0.00109999999404,70
0,3d0ab516-2000-e811-9414-f0921c16b9e5,0.19726027397260273,0.00089999998454,71
0,3d0ab516-2000-e811-9414-f0921c16b9e5,0.2,0.0006999999750406,72
0,3d0ab516-2000-e811-9414-f0921c16b9e5,0.20273972602739726,0.0006999999750406,73
0,3d0ab516-2000-e811-9414-f0921c16b9e5,0.2054794520547945,0.0006999999750406,74
0,3d0ab516-2000-e811-9414-f0921c16b9e5,0.20821917808219179,0.0006000000284985,75
0,3d0ab516-2000-e811-9414-f0921c16b9e5,0.21095890410958903,0.0006000000284985,76
0,3d0ab516-2000-e811-9414-f0921c16b9e5,0.2136986301369863,0.0005000000237487,77
0,3d0ab516-2000-e811-9414-f0921c16b9e5,0.21643835616438356,0.0005000000237487,78
0,3d0ab516-2000-e811-9414-f0921c16b9e5,0.2191780821917808,0.0003999999898952,79
0,3d0ab516-2000-e811-9414-f0921c16b9e5,0.2219178082191781,0.0003999999898952,80
0,3d0ab516-2000-e811-9414-f0921c16b9e5,0.22465753424657534,0.0003999999898952,81
0,3d0ab516-2000-e811-9414-f0921c16b9e5,0.2273972602739726,0.0003000000142492,82
0,3d0ab516-2000-e811-9414-f0921c16b9e5,0.23013698630136986,0.0003000000142492,83
0,3d0ab516-2000-e811-9414-f0921c16b9e5,0.2328767123287671,0.0003000000142492,84
0,3d0ab516-2000-e811-9414-f0921c16b9e5,0.2356164383561644,0.0001999999949476,85
0,3d0ab516-2000-e811-9414-f0921c16b9e5,0.23835616438356164,0.0001999999949476,86
0,3d0ab516-2000-e811-9414-f0921c16b9e5,0.2410958904109589,0.0001999999949476,87
0,3d0ab516-2000-e811-9414-f0921c16b9e5,0.24383561643835616,0.0001999999949476,88
0,3d0ab516-2000-e811-9414-f0921c16b9e5,0.2465753424657534,0.0001999999949476,89
1,3c0ab516-2000-e811-9414-f0921c16b9e5,0.0027397260273972603,0.0,0
1,3c0ab516-2000-e811-9414-f0921c16b9e5,0.005479452054794521,0.0003000000142492,1
1,3c0ab516-2000-e811-9414-f0921c16b9e5,0.00821917808219178,0.0003000000142492,2
1,3c0ab516-2000-e811-9414-f0921c16b9e5,0.010958904109589041,0.0005000000237487,3
1,3c0ab516-2000-e811-9414-f0921c16b9e5,0.0136986301369863,0.001399999950081,4
1,3c0ab516-2000-e811-9414-f0921c16b9e5,0.01643835616438356,0.00179999996908,5
1,3c0ab516-2000-e811-9414-f0921c16b9e5,0.019178082191780823,0.002300000051036,6
1,3c0ab516-2000-e811-9414-f0921c16b9e5,0.021917808219178082,0.003199999919161,7
1,3c0ab516-2000-e811-9414-f0921c16b9e5,0.024657534246575342,0.004399999976158,8
1,3c0ab516-2000-e811-9414-f0921c16b9e5,0.0273972602739726,0.008100000210106,9
1,3c0ab516-2000-e811-9414-f0921c16b9e5,0.030136986301369864,0.01140000019222,10
1,3c0ab516-2000-e811-9414-f0921c16b9e5,0.03287671232876712,0.01840000040829,11
1,3c0ab516-2000-e811-9414-f0921c16b9e5,0.03561643835616438,0.02580000087619,12
1,3c0ab516-2000-e811-9414-f0921c16b9e5,0.038356164383561646,0.03999999910593,13
1,3c0ab516-2000-e811-9414-f0921c16b9e5,0.0410958904109589,0.05930000171065,14
1,3c0ab516-2000-e811-9414-f0921c16b9e5,0.043835616438356165,0.08590000122786,15
1,3c0ab516-2000-e811-9414-f0921c16b9e5,0.04657534246575343,0.1147999987006,16
1,3c0ab516-2000-e811-9414-f0921c16b9e5,0.049315068493150684,0.1553000062704,17
1,3c0ab516-2000-e811-9414-f0921c16b9e5,0.052054794520547946,0.1937000006437,18
1,3c0ab516-2000-e811-9414-f0921c16b9e5,0.0547945205479452,0.2267999947071,19
1,3c0ab516-2000-e811-9414-f0921c16b9e5,0.057534246575342465,0.2540000081062,20
1,3c0ab516-2000-e811-9414-f0921c16b9e5,0.06027397260273973,0.2689999938011,21
1,3c0ab516-2000-e811-9414-f0921c16b9e5,0.06301369863013699,0.2673999965191,22
1,3c0ab516-2000-e811-9414-f0921c16b9e5,0.06575342465753424,0.2471999973059,23
1,3c0ab516-2000-e811-9414-f0921c16b9e5,0.0684931506849315,0.2185000032187,24
1,3c0ab516-2000-e811-9414-f0921c16b9e5,0.07123287671232877,0.1900999993086,25
1,3c0ab516-2000-e811-9414-f0921c16b9e5,0.07397260273972603,0.1634999960661,26
1,3c0ab516-2000-e811-9414-f0921c16b9e5,0.07671232876712329,0.1340000033379,27
1,3c0ab516-2000-e811-9414-f0921c16b9e5,0.07945205479452055,0.1116999983788,28
1,3c0ab516-2000-e811-9414-f0921c16b9e5,0.0821917808219178,0.089500002563,29
1,3c0ab516-2000-e811-9414-f0921c16b9e5,0.08493150684931507,0.06939999759197,30
1,3c0ab516-2000-e811-9414-f0921c16b9e5,0.08767123287671233,0.05460000038147,31
1,3c0ab516-2000-e811-9414-f0921c16b9e5,0.09041095890410959,0.04300000146031,32
1,3c0ab516-2000-e811-9414-f0921c16b9e5,0.09315068493150686,0.03480000048876,33
1,3c0ab516-2000-e811-9414-f0921c16b9e5,0.0958904109589041,0.0265999995172,34
1,3c0ab516-2000-e811-9414-f0921c16b9e5,0.09863013698630137,0.0207000002265,35
1,3c0ab516-2000-e811-9414-f0921c16b9e5,0.10136986301369863,0.01579999923706,36
1,3c0ab516-2000-e811-9414-f0921c16b9e5,0.10410958904109589,0.01209999993443,37
1,3c0ab516-2000-e811-9414-f0921c16b9e5,0.10684931506849316,0.009300000034273,38
1,3c0ab516-2000-e811-9414-f0921c16b9e5,0.1095890410958904,0.00760000012815,39
1,3c0ab516-2000-e811-9414-f0921c16b9e5,0.11232876712328767,0.006599999964237,40
1,3c0ab516-2000-e811-9414-f0921c16b9e5,0.11506849315068493,0.005900000222027,41
1,3c0ab516-2000-e811-9414-f0921c16b9e5,0.1178082191780822,0.004600000102073,42
1,3c0ab516-2000-e811-9414-f0921c16b9e5,0.12054794520547946,0.003700000001118,43
1,3c0ab516-2000-e811-9414-f0921c16b9e5,0.1232876712328767,0.002799999900162,44
1,3c0ab516-2000-e811-9414-f0921c16b9e5,0.12602739726027398,0.002000000094995,45
1,3c0ab516-2000-e811-9414-f0921c16b9e5,0.12876712328767123,0.001500000013039,46
1,3c0ab516-2000-e811-9414-f0921c16b9e5,0.13150684931506848,0.00109999999404,47
1,3c0ab516-2000-e811-9414-f0921c16b9e5,0.13424657534246576,0.0007999999797903,48
1,3c0ab516-2000-e811-9414-f0921c16b9e5,0.136986301369863,0.0006000000284985,49
1,3c0ab516-2000-e811-9414-f0921c16b9e5,0.13972602739726028,0.0006999999750406,50
1,3c0ab516-2000-e811-9414-f0921c16b9e5,0.14246575342465753,0.0006000000284985,51
1,3c0ab516-2000-e811-9414-f0921c16b9e5,0.14520547945205478,0.0003999999898952,52
1,3c0ab516-2000-e811-9414-f0921c16b9e5,0.14794520547945206,0.0001999999949476,53
1,3c0ab516-2000-e811-9414-f0921c16b9e5,0.1506849315068493,0.0001999999949476,54
1,3c0ab516-2000-e811-9414-f0921c16b9e5,0.15342465753424658,9.999999747379e-05,55
1,3c0ab516-2000-e811-9414-f0921c16b9e5,0.15616438356164383,9.999999747379e-05,56
1,3c0ab516-2000-e811-9414-f0921c16b9e5,0.1589041095890411,9.999999747379e-05,57
1,3c0ab516-2000-e811-9414-f0921c16b9e5,0.16164383561643836,0.0,58
1,3c0ab516-2000-e811-9414-f0921c16b9e5,0.1643835616438356,0.0,59
1,3c0ab516-2000-e811-9414-f0921c16b9e5,0.16712328767123288,0.0,60
1,3c0ab516-2000-e811-9414-f0921c16b9e5,0.16986301369863013,0.0,61
1,3c0ab516-2000-e811-9414-f0921c16b9e5,0.1726027397260274,0.0,62
1,3c0ab516-2000-e811-9414-f0921c16b9e5,0.17534246575342466,0.0,63
1,3c0ab516-2000-e811-9414-f0921c16b9e5,0.1780821917808219,0.0,64
1,3c0ab516-2000-e811-9414-f0921c16b9e5,0.18082191780821918,0.0,65
1,3c0ab516-2000-e811-9414-f0921c16b9e5,0.18356164383561643,0.0,66
1,3c0ab516-2000-e811-9414-f0921c16b9e5,0.1863013698630137,0.0,67
1,3c0ab516-2000-e811-9414-f0921c16b9e5,0.18904109589041096,0.0,68
1,3c0ab516-2000-e811-9414-f0921c16b9e5,0.1917808219178082,0.0,69
1,3c0ab516-2000-e811-9414-f0921c16b9e5,0.19452054794520549,0.0,70
1,3c0ab516-2000-e811-9414-f0921c16b9e5,0.19726027397260273,0.0,71
1,3c0ab516-2000-e811-9414-f0921c16b9e5,0.2,0.0,72
1,3c0ab516-2000-e811-9414-f0921c16b9e5,0.20273972602739726,0.0,73
1,3c0ab516-2000-e811-9414-f0921c16b9e5,0.2054794520547945,0.0,74
1,3c0ab516-2000-e811-9414-f0921c16b9e5,0.20821917808219179,0.0,75
1,3c0ab516-2000-e811-9414-f0921c16b9e5,0.21095890410958903,0.0,76
1,3c0ab516-2000-e811-9414-f0921c16b9e5,0.2136986301369863,0.0,77
1,3c0ab516-2000-e811-9414-f0921c16b9e5,0.21643835616438356,0.0,78
1,3c0ab516-2000-e811-9414-f0921c16b9e5,0.2191780821917808,0.0,79
1,3c0ab516-2000-e811-9414-f0921c16b9e5,0.2219178082191781,0.0,80
1,3c0ab516-2000-e811-9414-f0921c16b9e5,0.22465753424657534,0.0,81
1,3c0ab516-2000-e811-9414-f0921c16b9e5,0.2273972602739726,0.0,82
1,3c0ab516-2000-e811-9414-f0921c16b9e5,0.23013698630136986,0.0,83
1,3c0ab516-2000-e811-9414-f0921c16b9e5,0.2328767123287671,0.0,84
1,3c0ab516-2000-e811-9414-f0921c16b9e5,0.2356164383561644,0.0,85
1,3c0ab516-2000-e811-9414-f0921c16b9e5,0.23835616438356164,0.0,86
1,3c0ab516-2000-e811-9414-f0921c16b9e5,0.2410958904109589,0.0,87
1,3c0ab516-2000-e811-9414-f0921c16b9e5,0.24383561643835616,0.0,88
1,3c0ab516-2000-e811-9414-f0921c16b9e5,0.2465753424657534,0.0,89
2,3b0ab516-2000-e811-9414-f0921c16b9e5,0.0027397260273972603,0.0,0
2,3b0ab516-2000-e811-9414-f0921c16b9e5,0.005479452054794521,0.0006999999750406,1
2,3b0ab516-2000-e811-9414-f0921c16b9e5,0.00821917808219178,0.001200000056997,2
2,3b0ab516-2000-e811-9414-f0921c16b9e5,0.010958904109589041,0.002199999988079,3
2,3b0ab516-2000-e811-9414-f0921c16b9e5,0.0136986301369863,0.004800000227988,4
2,3b0ab516-2000-e811-9414-f0921c16b9e5,0.01643835616438356,0.01150000002235,5
2,3b0ab516-2000-e811-9414-f0921c16b9e5,0.019178082191780823,0.02280000038445,6
2,3b0ab516-2000-e811-9414-f0921c16b9e5,0.021917808219178082,0.04639999940991,7
2,3b0ab516-2000-e811-9414-f0921c16b9e5,0.024657534246575342,0.09399999678135,8
2,3b0ab516-2000-e811-9414-f0921c16b9e5,0.0273972602739726,0.1767999976873,9
2,3b0ab516-2000-e811-9414-f0921c16b9e5,0.030136986301369864,0.3088999986649,10
2,3b0ab516-2000-e811-9414-f0921c16b9e5,0.03287671232876712,0.4771000146866,11
2,3b0ab516-2000-e811-9414-f0921c16b9e5,0.03561643835616438,0.6110000014305,12
2,3b0ab516-2000-e811-9414-f0921c16b9e5,0.038356164383561646,0.668799996376,13
2,3b0ab516-2000-e811-9414-f0921c16b9e5,0.0410958904109589,0.6552000045776,14
2,3b0ab516-2000-e811-9414-f0921c16b9e5,0.043835616438356165,0.6039999723434,15
2,3b0ab516-2000-e811-9414-f0921c16b9e5,0.04657534246575343,0.5442000031471,16
2,3b0ab516-2000-e811-9414-f0921c16b9e5,0.049315068493150684,0.4875999987125,17
2,3b0ab516-2000-e811-9414-f0921c16b9e5,0.052054794520547946,0.4289999902248,18
2,3b0ab516-2000-e811-9414-f0921c16b9e5,0.0547945205479452,0.3774999976158,19
2,3b0ab516-2000-e811-9414-f0921c16b9e5,0.057534246575342465,0.3332000076771,20
2,3b0ab516-2000-e811-9414-f0921c16b9e5,0.06027397260273973,0.2948000133038,21
2,3b0ab516-2000-e811-9414-f0921c16b9e5,0.06301369863013699,0.2624000012875,22
2,3b0ab516-2000-e811-9414-f0921c16b9e5,0.06575342465753424,0.2309000045061,23
2,3b0ab516-2000-e811-9414-f0921c16b9e5,0.0684931506849315,0.2043000012636,24
2,3b0ab516-2000-e811-9414-f0921c16b9e5,0.07123287671232877,0.1820999979973,25
2,3b0ab516-2000-e811-9414-f0921c16b9e5,0.07397260273972603,0.1613000035286,26
2,3b0ab516-2000-e811-9414-f0921c16b9e5,0.07671232876712329,0.1409000009298,27
2,3b0ab516-2000-e811-9414-f0921c16b9e5,0.07945205479452055,0.1240999996662,28
2,3b0ab516-2000-e811-9414-f0921c16b9e5,0.0821917808219178,0.1062000021338,29
2,3b0ab516-2000-e811-9414-f0921c16b9e5,0.08493150684931507,0.09269999712706,30
2,3b0ab516-2000-e811-9414-f0921c16b9e5,0.08767123287671233,0.07999999821186,31
2,3b0ab516-2000-e811-9414-f0921c16b9e5,0.09041095890410959,0.07020000368357,32
2,3b0ab516-2000-e811-9414-f0921c16b9e5,0.09315068493150686,0.06140000000596,33
2,3b0ab516-2000-e811-9414-f0921c16b9e5,0.0958904109589041,0.0544999986887,34
2,3b0ab516-2000-e811-9414-f0921c16b9e5,0.09863013698630137,0.04749999940395,35
2,3b0ab516-2000-e811-9414-f0921c16b9e5,0.10136986301369863,0.04190000146627,36
2,3b0ab516-2000-e811-9414-f0921c16b9e5,0.10410958904109589,0.03669999912381,37
2,3b0ab516-2000-e811-9414-f0921c16b9e5,0.10684931506849316,0.03229999914765,38
2,3b0ab516-2000-e811-9414-f0921c16b9e5,0.1095890410958904,0.0278999991715,39
2,3b0ab516-2000-e811-9414-f0921c16b9e5,0.11232876712328767,0.02500000037253,40
2,3b0ab516-2000-e811-9414-f0921c16b9e5,0.11506849315068493,0.02160000056028,41
2,3b0ab516-2000-e811-9414-f0921c16b9e5,0.1178082191780822,0.01850000023842,42
2,3b0ab516-2000-e811-9414-f0921c16b9e5,0.12054794520547946,0.01640000008047,43
2,3b0ab516-2000-e811-9414-f0921c16b9e5,0.1232876712328767,0.01480000000447,44
2,3b0ab516-2000-e811-9414-f0921c16b9e5,0.12602739726027398,0.01279999967664,45
2,3b0ab516-2000-e811-9414-f0921c16b9e5,0.12876712328767123,0.01159999985248,46
2,3b0ab516-2000-e811-9414-f0921c16b9e5,0.13150684931506848,0.01020000036806,47
2,3b0ab516-2000-e811-9414-f0921c16b9e5,0.13424657534246576,0.009399999864399,48
2,3b0ab516-2000-e811-9414-f0921c16b9e5,0.136986301369863,0.00829999987036,49
2,3b0ab516-2000-e811-9414-f0921c16b9e5,0.13972602739726028,0.00760000012815,50
2,3b0ab516-2000-e811-9414-f0921c16b9e5,0.14246575342465753,0.006599999964237,51
2,3b0ab516-2000-e811-9414-f0921c16b9e5,0.14520547945205478,0.005900000222027,52
2,3b0ab516-2000-e811-9414-f0921c16b9e5,0.14794520547945206,0.005100000184029,53
2,3b0ab516-2000-e811-9414-f0921c16b9e5,0.1506849315068493,0.004499999806285,54
2,3b0ab516-2000-e811-9414-f0921c16b9e5,0.15342465753424658,0.003899999894202,55
2,3b0ab516-2000-e811-9414-f0921c16b9e5,0.15616438356164383,0.003199999919161,56
2,3b0ab516-2000-e811-9414-f0921c16b9e5,0.1589041095890411,0.002799999900162,57
2,3b0ab516-2000-e811-9414-f0921c16b9e5,0.16164383561643836,0.002700000070035,58
2,3b0ab516-2000-e811-9414-f0921c16b9e5,0.1643835616438356,0.002099999925122,59
2,3b0ab516-2000-e811-9414-f0921c16b9e5,0.16712328767123288,0.001900000032037,60
2,3b0ab516-2000-e811-9414-f0921c16b9e5,0.16986301369863013,0.001599999959581,61
2,3b0ab516-2000-e811-9414-f0921c16b9e5,0.1726027397260274,0.001399999950081,62
2,3b0ab516-2000-e811-9414-f0921c16b9e5,0.17534246575342466,0.001200000056997,63
2,3b0ab516-2000-e811-9414-f0921c16b9e5,0.1780821917808219,0.0007999999797903,64
2,3b0ab516-2000-e811-9414-f0921c16b9e5,0.18082191780821918,0.0006999999750406,65
2,3b0ab516-2000-e811-9414-f0921c16b9e5,0.18356164383561643,0.0006999999750406,66
2,3b0ab516-2000-e811-9414-f0921c16b9e5,0.1863013698630137,0.0006000000284985,67
2,3b0ab516-2000-e811-9414-f0921c16b9e5,0.18904109589041096,0.0006000000284985,68
2,3b0ab516-2000-e811-9414-f0921c16b9e5,0.1917808219178082,0.0006000000284985,69
2,3b0ab516-2000-e811-9414-f0921c16b9e5,0.19452054794520549,0.0005000000237487,70
2,3b0ab516-2000-e811-9414-f0921c16b9e5,0.19726027397260273,0.0005000000237487,71
2,3b0ab516-2000-e811-9414-f0921c16b9e5,0.2,0.0003000000142492,72
2,3b0ab516-2000-e811-9414-f0921c16b9e5,0.20273972602739726,0.0003000000142492,73
2,3b0ab516-2000-e811-9414-f0921c16b9e5,0.2054794520547945,0.0001999999949476,74
2,3b0ab516-2000-e811-9414-f0921c16b9e5,0.20821917808219179,9.999999747379e-05,75
2,3b0ab516-2000-e811-9414-f0921c16b9e5,0.21095890410958903,9.999999747379e-05,76
2,3b0ab516-2000-e811-9414-f0921c16b9e5,0.2136986301369863,9.999999747379e-05,77
2,3b0ab516-2000-e811-9414-f0921c16b9e5,0.21643835616438356,9.999999747379e-05,78
2,3b0ab516-2000-e811-9414-f0921c16b9e5,0.2191780821917808,9.999999747379e-05,79
2,3b0ab516-2000-e811-9414-f0921c16b9e5,0.2219178082191781,9.999999747379e-05,80
2,3b0ab516-2000-e811-9414-f0921c16b9e5,0.22465753424657534,9.999999747379e-05,81
2,3b0ab516-2000-e811-9414-f0921c16b9e5,0.2273972602739726,9.999999747379e-05,82
2,3b0ab516-2000-e811-9414-f0921c16b9e5,0.23013698630136986,9.999999747379e-05,83
2,3b0ab516-2000-e811-9414-f0921c16b9e5,0.2328767123287671,9.999999747379e-05,84
2,3b0ab516-2000-e811-9414-f0921c16b9e5,0.2356164383561644,0.0,85
2,3b0ab516-2000-e811-9414-f0921c16b9e5,0.23835616438356164,0.0,86
2,3b0ab516-2000-e811-9414-f0921c16b9e5,0.2410958904109589,0.0,87
2,3b0ab516-2000-e811-9414-f0921c16b9e5,0.24383561643835616,0.0,88
2,3b0ab516-2000-e811-9414-f0921c16b9e5,0.2465753424657534,0.0,89
3,3a0ab516-2000-e811-9414-f0921c16b9e5,0.0027397260273972603,0.0,0
3,3a0ab516-2000-e811-9414-f0921c16b9e5,0.005479452054794521,0.0006999999750406,1
3,3a0ab516-2000-e811-9414-f0921c16b9e5,0.00821917808219178,0.00089999998454,2
3,3a0ab516-2000-e811-9414-f0921c16b9e5,0.010958904109589041,0.001200000056997,3
3,3a0ab516-2000-e811-9414-f0921c16b9e5,0.0136986301369863,0.001599999959581,4
3,3a0ab516-2000-e811-9414-f0921c16b9e5,0.01643835616438356,0.002799999900162,5
3,3a0ab516-2000-e811-9414-f0921c16b9e5,0.019178082191780823,0.004499999806285,6
3,3a0ab516-2000-e811-9414-f0921c16b9e5,0.021917808219178082,0.00789999961853,7
3,3a0ab516-2000-e811-9414-f0921c16b9e5,0.024657534246575342,0.01439999975264,8
3,3a0ab516-2000-e811-9414-f0921c16b9e5,0.0273972602739726,0.02339999936521,9
3,3a0ab516-2000-e811-9414-f0921c16b9e5,0.030136986301369864,0.03889999911189,10
3,3a0ab516-2000-e811-9414-f0921c16b9e5,0.03287671232876712,0.06400000303984,11
3,3a0ab516-2000-e811-9414-f0921c16b9e5,0.03561643835616438,0.1096000000834,12
3,3a0ab516-2000-e811-9414-f0921c16b9e5,0.038356164383561646,0.1767999976873,13
3,3a0ab516-2000-e811-9414-f0921c16b9e5,0.0410958904109589,0.2657000124454,14
3,3a0ab516-2000-e811-9414-f0921c16b9e5,0.043835616438356165,0.3802999854088,15
3,3a0ab516-2000-e811-9414-f0921c16b9e5,0.04657534246575343,0.4805000126362,16
3,3a0ab516-2000-e811-9414-f0921c16b9e5,0.049315068493150684,0.5460000038147,17
3,3a0ab516-2000-e811-9414-f0921c16b9e5,0.052054794520547946,0.5767999887466,18
3,3a0ab516-2000-e811-9414-f0921c16b9e5,0.0547945205479452,0.5692999958992,19
3,3a0ab516-2000-e811-9414-f0921c16b9e5,0.057534246575342465,0.5383999943733,20
3,3a0ab516-2000-e811-9414-f0921c16b9e5,0.06027397260273973,0.496699988842,21
3,3a0ab516-2000-e811-9414-f0921c16b9e5,0.06301369863013699,0.4523000121117,22
3,3a0ab516-2000-e811-9414-f0921c16b9e5,0.06575342465753424,0.4072000086308,23
3,3a0ab516-2000-e811-9414-f0921c16b9e5,0.0684931506849315,0.3648999929428,24
3,3a0ab516-2000-e811-9414-f0921c16b9e5,0.07123287671232877,0.3224000036716,25
3,3a0ab516-2000-e811-9414-f0921c16b9e5,0.07397260273972603,0.2863000035286,26
3,3a0ab516-2000-e811-9414-f0921c16b9e5,0.07671232876712329,0.256500005722,27
3,3a0ab516-2000-e811-9414-f0921c16b9e5,0.07945205479452055,0.2278999984264,28
3,3a0ab516-2000-e811-9414-f0921c16b9e5,0.0821917808219178,0.202500000596,29
3,3a0ab516-2000-e811-9414-f0921c16b9e5,0.08493150684931507,0.1803999990225,30
3,3a0ab516-2000-e811-9414-f0921c16b9e5,0.08767123287671233,0.1591999977827,31
3,3a0ab516-2000-e811-9414-f0921c16b9e5,0.09041095890410959,0.1410000026226,32
3,3a0ab516-2000-e811-9414-f0921c16b9e5,0.09315068493150686,0.1220000013709,33
3,3a0ab516-2000-e811-9414-f0921c16b9e5,0.0958904109589041,0.106299996376,34
3,3a0ab516-2000-e811-9414-f0921c16b9e5,0.09863013698630137,0.09470000118017,35
3,3a0ab516-2000-e811-9414-f0921c16b9e5,0.10136986301369863,0.0848999992013,36
3,3a0ab516-2000-e811-9414-f0921c16b9e5,0.10410958904109589,0.07370000332594,37
3,3a0ab516-2000-e811-9414-f0921c16b9e5,0.10684931506849316,0.06459999829531,38
3,3a0ab516-2000-e811-9414-f0921c16b9e5,0.1095890410958904,0.05519999936223,39
3,3a0ab516-2000-e811-9414-f0921c16b9e5,0.11232876712328767,0.04859999939799,40
3,3a0ab516-2000-e811-9414-f0921c16b9e5,0.11506849315068493,0.04270000010729,41
3,3a0ab516-2000-e811-9414-f0921c16b9e5,0.1178082191780822,0.03720000013709,42
3,3a0ab516-2000-e811-9414-f0921c16b9e5,0.12054794520547946,0.03170000016689,43
3,3a0ab516-2000-e811-9414-f0921c16b9e5,0.1232876712328767,0.02679999917746,44
3,3a0ab516-2000-e811-9414-f0921c16b9e5,0.12602739726027398,0.02319999970496,45
3,3a0ab516-2000-e811-9414-f0921c16b9e5,0.12876712328767123,0.02009999938309,46
3,3a0ab516-2000-e811-9414-f0921c16b9e5,0.13150684931506848,0.01850000023842,47
3,3a0ab516-2000-e811-9414-f0921c16b9e5,0.13424657534246576,0.01610000059009,48
3,3a0ab516-2000-e811-9414-f0921c16b9e5,0.136986301369863,0.0136000001803,49
3,3a0ab516-2000-e811-9414-f0921c16b9e5,0.13972602739726028,0.01219999976456,50
3,3a0ab516-2000-e811-9414-f0921c16b9e5,0.14246575342465753,0.01049999985844,51
3,3a0ab516-2000-e811-9414-f0921c16b9e5,0.14520547945205478,0.009200000204146,52
3,3a0ab516-2000-e811-9414-f0921c16b9e5,0.14794520547945206,0.008100000210106,53
3,3a0ab516-2000-e811-9414-f0921c16b9e5,0.1506849315068493,0.007100000046194,54
3,3a0ab516-2000-e811-9414-f0921c16b9e5,0.15342465753424658,0.006599999964237,55
3,3a0ab516-2000-e811-9414-f0921c16b9e5,0.15616438356164383,0.005700000096112,56
3,3a0ab516-2000-e811-9414-f0921c16b9e5,0.1589041095890411,0.005299999844283,57
3,3a0ab516-2000-e811-9414-f0921c16b9e5,0.16164383561643836,0.004600000102073,58
3,3a0ab516-2000-e811-9414-f0921c16b9e5,0.1643835616438356,0.004199999850243,59
3,3a0ab516-2000-e811-9414-f0921c16b9e5,0.16712328767123288,0.003700000001118,60
3,3a0ab516-2000-e811-9414-f0921c16b9e5,0.16986301369863013,0.003400000045076,61
3,3a0ab516-2000-e811-9414-f0921c16b9e5,0.1726027397260274,0.003299999982119,62
3,3a0ab516-2000-e811-9414-f0921c16b9e5,0.17534246575342466,0.003000000026077,63
3,3a0ab516-2000-e811-9414-f0921c16b9e5,0.1780821917808219,0.002499999944121,64
3,3a0ab516-2000-e811-9414-f0921c16b9e5,0.18082191780821918,0.002099999925122,65
3,3a0ab516-2000-e811-9414-f0921c16b9e5,0.18356164383561643,0.001700000022538,66
3,3a0ab516-2000-e811-9414-f0921c16b9e5,0.1863013698630137,0.001599999959581,67
3,3a0ab516-2000-e811-9414-f0921c16b9e5,0.18904109589041096,0.001399999950081,68
3,3a0ab516-2000-e811-9414-f0921c16b9e5,0.1917808219178082,0.001399999950081,69
3,3a0ab516-2000-e811-9414-f0921c16b9e5,0.19452054794520549,0.00109999999404,70
3,3a0ab516-2000-e811-9414-f0921c16b9e5,0.19726027397260273,0.001000000047497,71
3,3a0ab516-2000-e811-9414-f0921c16b9e5,0.2,0.001000000047497,72
3,3a0ab516-2000-e811-9414-f0921c16b9e5,0.20273972602739726,0.00089999998454,73
3,3a0ab516-2000-e811-9414-f0921c16b9e5,0.2054794520547945,0.0007999999797903,74
3,3a0ab516-2000-e811-9414-f0921c16b9e5,0.20821917808219179,0.0006999999750406,75
3,3a0ab516-2000-e811-9414-f0921c16b9e5,0.21095890410958903,0.0006000000284985,76
3,3a0ab516-2000-e811-9414-f0921c16b9e5,0.2136986301369863,0.0005000000237487,77
3,3a0ab516-2000-e811-9414-f0921c16b9e5,0.21643835616438356,0.0003999999898952,78
3,3a0ab516-2000-e811-9414-f0921c16b9e5,0.2191780821917808,0.0003000000142492,79
3,3a0ab516-2000-e811-9414-f0921c16b9e5,0.2219178082191781,0.0003000000142492,80
3,3a0ab516-2000-e811-9414-f0921c16b9e5,0.22465753424657534,0.0003000000142492,81
3,3a0ab516-2000-e811-9414-f0921c16b9e5,0.2273972602739726,0.0003000000142492,82
3,3a0ab516-2000-e811-9414-f0921c16b9e5,0.23013698630136986,0.0003000000142492,83
3,3a0ab516-2000-e811-9414-f0921c16b9e5,0.2328767123287671,0.0003000000142492,84
3,3a0ab516-2000-e811-9414-f0921c16b9e5,0.2356164383561644,0.0003000000142492,85
3,3a0ab516-2000-e811-9414-f0921c16b9e5,0.23835616438356164,0.0001999999949476,86
3,3a0ab516-2000-e811-9414-f0921c16b9e5,0.2410958904109589,0.0001999999949476,87
3,3a0ab516-2000-e811-9414-f0921c16b9e5,0.24383561643835616,0.0001999999949476,88
3,3a0ab516-2000-e811-9414-f0921c16b9e5,0.2465753424657534,9.999999747379e-05,89
4,390ab516-2000-e811-9414-f0921c16b9e5,0.0027397260273972603,0.0,0
4,390ab516-2000-e811-9414-f0921c16b9e5,0.005479452054794521,0.0006999999750406,1
4,390ab516-2000-e811-9414-f0921c16b9e5,0.00821917808219178,0.001200000056997,2
4,390ab516-2000-e811-9414-f0921c16b9e5,0.010958904109589041,0.001399999950081,3
4,390ab516-2000-e811-9414-f0921c16b9e5,0.0136986301369863,0.00289999996312,4
4,390ab516-2000-e811-9414-f0921c16b9e5,0.01643835616438356,0.005400000140071,5
4,390ab516-2000-e811-9414-f0921c16b9e5,0.019178082191780823,0.00829999987036,6
4,390ab516-2000-e811-9414-f0921c16b9e5,0.021917808219178082,0.01410000026226,7
4,390ab516-2000-e811-9414-f0921c16b9e5,0.024657534246575342,0.02439999952912,8
4,390ab516-2000-e811-9414-f0921c16b9e5,0.0273972602739726,0.04060000181198,9
4,390ab516-2000-e811-9414-f0921c16b9e5,0.030136986301369864,0.06449999660254,10
4,390ab516-2000-e811-9414-f0921c16b9e5,0.03287671232876712,0.09749999642372,11
4,390ab516-2000-e811-9414-f0921c16b9e5,0.03561643835616438,0.1490000039339,12
4,390ab516-2000-e811-9414-f0921c16b9e5,0.038356164383561646,0.2184000015259,13
4,390ab516-2000-e811-9414-f0921c16b9e5,0.0410958904109589,0.3089999854565,14
4,390ab516-2000-e811-9414-f0921c16b9e5,0.043835616438356165,0.3912999927998,15
4,390ab516-2000-e811-9414-f0921c16b9e5,0.04657534246575343,0.4614000022411,16
4,390ab516-2000-e811-9414-f0921c16b9e5,0.049315068493150684,0.4975000023842,17
4,390ab516-2000-e811-9414-f0921c16b9e5,0.052054794520547946,0.4995999932289,18
4,390ab516-2000-e811-9414-f0921c16b9e5,0.0547945205479452,0.4717000126839,19
4,390ab516-2000-e811-9414-f0921c16b9e5,0.057534246575342465,0.4259000122547,20
4,390ab516-2000-e811-9414-f0921c16b9e5,0.06027397260273973,0.3819000124931,21
4,390ab516-2000-e811-9414-f0921c16b9e5,0.06301369863013699,0.3375000059605,22
4,390ab516-2000-e811-9414-f0921c16b9e5,0.06575342465753424,0.2948000133038,23
4,390ab516-2000-e811-9414-f0921c16b9e5,0.0684931506849315,0.2535000145435,24
4,390ab516-2000-e811-9414-f0921c16b9e5,0.07123287671232877,0.2188999950886,25
4,390ab516-2000-e811-9414-f0921c16b9e5,0.07397260273972603,0.1878000050783,26
4,390ab516-2000-e811-9414-f0921c16b9e5,0.07671232876712329,0.1609999984503,27
4,390ab516-2000-e811-9414-f0921c16b9e5,0.07945205479452055,0.1386999934912,28
4,390ab516-2000-e811-9414-f0921c16b9e5,0.0821917808219178,0.1172999963164,29
4,390ab516-2000-e811-9414-f0921c16b9e5,0.08493150684931507,0.1018000021577,30
4,390ab516-2000-e811-9414-f0921c16b9e5,0.08767123287671233,0.08730000257492,31
4,390ab516-2000-e811-9414-f0921c16b9e5,0.09041095890410959,0.07490000128746,32
4,390ab516-2000-e811-9414-f0921c16b9e5,0.09315068493150686,0.06340000033379,33
4,390ab516-2000-e811-9414-f0921c16b9e5,0.0958904109589041,0.055300001055,34
4,390ab516-2000-e811-9414-f0921c16b9e5,0.09863013698630137,0.04569999873638,35
4,390ab516-2000-e811-9414-f0921c16b9e5,0.10136986301369863,0.03849999979138,36
4,390ab516-2000-e811-9414-f0921c16b9e5,0.10410958904109589,0.03269999846816,37
4,390ab516-2000-e811-9414-f0921c16b9e5,0.10684931506849316,0.02740000002086,38
4,390ab516-2000-e811-9414-f0921c16b9e5,0.1095890410958904,0.02319999970496,39
4,390ab516-2000-e811-9414-f0921c16b9e5,0.11232876712328767,0.01930000074208,40
4,390ab516-2000-e811-9414-f0921c16b9e5,0.11506849315068493,0.01600000075996,41
4,390ab516-2000-e811-9414-f0921c16b9e5,0.1178082191780822,0.01429999992251,42
4,390ab516-2000-e811-9414-f0921c16b9e5,0.12054794520547946,0.0113000003621,43
4,390ab516-2000-e811-9414-f0921c16b9e5,0.1232876712328767,0.009200000204146,44
4,390ab516-2000-e811-9414-f0921c16b9e5,0.12602739726027398,0.00800000037998,45
4,390ab516-2000-e811-9414-f0921c16b9e5,0.12876712328767123,0.007000000216067,46
4,390ab516-2000-e811-9414-f0921c16b9e5,0.13150684931506848,0.005499999970198,47
4,390ab516-2000-e811-9414-f0921c16b9e5,0.13424657534246576,0.004900000058115,48
4,390ab516-2000-e811-9414-f0921c16b9e5,0.136986301369863,0.00400000018999,49
4,390ab516-2000-e811-9414-f0921c16b9e5,0.13972602739726028,0.003800000064075,50
4,390ab516-2000-e811-9414-f0921c16b9e5,0.14246575342465753,0.003199999919161,51
4,390ab516-2000-e811-9414-f0921c16b9e5,0.14520547945205478,0.002700000070035,52
4,390ab516-2000-e811-9414-f0921c16b9e5,0.14794520547945206,0.002300000051036,53
4,390ab516-2000-e811-9414-f0921c16b9e5,0.1506849315068493,0.002099999925122,54
4,390ab516-2000-e811-9414-f0921c16b9e5,0.15342465753424658,0.00179999996908,55
4,390ab516-2000-e811-9414-f0921c16b9e5,0.15616438356164383,0.001300000003539,56
4,390ab516-2000-e811-9414-f0921c16b9e5,0.1589041095890411,0.00109999999404,57
4,390ab516-2000-e811-9414-f0921c16b9e5,0.16164383561643836,0.001000000047497,58
4,390ab516-2000-e811-9414-f0921c16b9e5,0.1643835616438356,0.0007999999797903,59
4,390ab516-2000-e811-9414-f0921c16b9e5,0.16712328767123288,0.0007999999797903,60
4,390ab516-2000-e811-9414-f0921c16b9e5,0.16986301369863013,0.0003999999898952,61
4,390ab516-2000-e811-9414-f0921c16b9e5,0.1726027397260274,0.0003999999898952,62
4,390ab516-2000-e811-9414-f0921c16b9e5,0.17534246575342466,0.0003999999898952,63
4,390ab516-2000-e811-9414-f0921c16b9e5,0.1780821917808219,0.0003999999898952,64
4,390ab516-2000-e811-9414-f0921c16b9e5,0.18082191780821918,0.0003000000142492,65
4,390ab516-2000-e811-9414-f0921c16b9e5,0.18356164383561643,0.0003000000142492,66
4,390ab516-2000-e811-9414-f0921c16b9e5,0.1863013698630137,0.0001999999949476,67
4,390ab516-2000-e811-9414-f0921c16b9e5,0.18904109589041096,9.999999747379e-05,68
4,390ab516-2000-e811-9414-f0921c16b9e5,0.1917808219178082,9.999999747379e-05,69
4,390ab516-2000-e811-9414-f0921c16b9e5,0.19452054794520549,0.0001999999949476,70
4,390ab516-2000-e811-9414-f0921c16b9e5,0.19726027397260273,9.999999747379e-05,71
4,390ab516-2000-e811-9414-f0921c16b9e5,0.2,9.999999747379e-05,72
4,390ab516-2000-e811-9414-f0921c16b9e5,0.20273972602739726,9.999999747379e-05,73
4,390ab516-2000-e811-9414-f0921c16b9e5,0.2054794520547945,0.0001999999949476,74
4,390ab516-2000-e811-9414-f0921c16b9e5,0.20821917808219179,0.0001999999949476,75
4,390ab516-2000-e811-9414-f0921c16b9e5,0.21095890410958903,0.0001999999949476,76
4,390ab516-2000-e811-9414-f0921c16b9e5,0.2136986301369863,0.0001999999949476,77
4,390ab516-2000-e811-9414-f0921c16b9e5,0.21643835616438356,0.0001999999949476,78
4,390ab516-2000-e811-9414-f0921c16b9e5,0.2191780821917808,0.0001999999949476,79
4,390ab516-2000-e811-9414-f0921c16b9e5,0.2219178082191781,9.999999747379e-05,80
4,390ab516-2000-e811-9414-f0921c16b9e5,0.22465753424657534,9.999999747379e-05,81
4,390ab516-2000-e811-9414-f0921c16b9e5,0.2273972602739726,9.999999747379e-05,82
4,390ab516-2000-e811-9414-f0921c16b9e5,0.23013698630136986,9.999999747379e-05,83
4,390ab516-2000-e811-9414-f0921c16b9e5,0.2328767123287671,0.0,84
4,390ab516-2000-e811-9414-f0921c16b9e5,0.2356164383561644,0.0,85
4,390ab516-2000-e811-9414-f0921c16b9e5,0.23835616438356164,0.0,86
4,390ab516-2000-e811-9414-f0921c16b9e5,0.2410958904109589,0.0,87
4,390ab516-2000-e811-9414-f0921c16b9e5,0.24383561643835616,0.0,88
4,390ab516-2000-e811-9414-f0921c16b9e5,0.2465753424657534,0.0,89
5,380ab516-2000-e811-9414-f0921c16b9e5,0.0027397260273972603,0.0,0
5,380ab516-2000-e811-9414-f0921c16b9e5,0.005479452054794521,0.0006000000284985,1
5,380ab516-2000-e811-9414-f0921c16b9e5,0.00821917808219178,0.00179999996908,2
5,380ab516-2000-e811-9414-f0921c16b9e5,0.010958904109589041,0.004100000020117,3
5,380ab516-2000-e811-9414-f0921c16b9e5,0.0136986301369863,0.008600000292063,4
5,380ab516-2000-e811-9414-f0921c16b9e5,0.01643835616438356,0.02019999921322,5
5,380ab516-2000-e811-9414-f0921c16b9e5,0.019178082191780823,0.0417999997735,6
5,380ab516-2000-e811-9414-f0921c16b9e5,0.021917808219178082,0.08439999818802,7
5,380ab516-2000-e811-9414-f0921c16b9e5,0.024657534246575342,0.1685000061989,8
5,380ab516-2000-e811-9414-f0921c16b9e5,0.0273972602739726,0.3115000128746,9
5,380ab516-2000-e811-9414-f0921c16b9e5,0.030136986301369864,0.4979000091553,10
5,380ab516-2000-e811-9414-f0921c16b9e5,0.03287671232876712,0.6395999789238,11
5,380ab516-2000-e811-9414-f0921c16b9e5,0.03561643835616438,0.6801000237465,12
5,380ab516-2000-e811-9414-f0921c16b9e5,0.038356164383561646,0.6564999818802,13
5,380ab516-2000-e811-9414-f0921c16b9e5,0.0410958904109589,0.6017000079155,14
5,380ab516-2000-e811-9414-f0921c16b9e5,0.043835616438356165,0.5389999747276,15
5,380ab516-2000-e811-9414-f0921c16b9e5,0.04657534246575343,0.4751000106335,16
5,380ab516-2000-e811-9414-f0921c16b9e5,0.049315068493150684,0.4210000038147,17
5,380ab516-2000-e811-9414-f0921c16b9e5,0.052054794520547946,0.3718999922276,18
5,380ab516-2000-e811-9414-f0921c16b9e5,0.0547945205479452,0.3287000060081,19
5,380ab516-2000-e811-9414-f0921c16b9e5,0.057534246575342465,0.2894999980927,20
5,380ab516-2000-e811-9414-f0921c16b9e5,0.06027397260273973,0.2522000074387,21
5,380ab516-2000-e811-9414-f0921c16b9e5,0.06301369863013699,0.2230000048876,22
5,380ab516-2000-e811-9414-f0921c16b9e5,0.06575342465753424,0.1946000009775,23
5,380ab516-2000-e811-9414-f0921c16b9e5,0.0684931506849315,0.173299998045,24
5,380ab516-2000-e811-9414-f0921c16b9e5,0.07123287671232877,0.1508000046015,25
5,380ab516-2000-e811-9414-f0921c16b9e5,0.07397260273972603,0.1323000043631,26
5,380ab516-2000-e811-9414-f0921c16b9e5,0.07671232876712329,0.1184000000358,27
5,380ab516-2000-e811-9414-f0921c16b9e5,0.07945205479452055,0.105499997735,28
5,380ab516-2000-e811-9414-f0921c16b9e5,0.0821917808219178,0.09049999713898,29
5,380ab516-2000-e811-9414-f0921c16b9e5,0.08493150684931507,0.0785000026226,30
5,380ab516-2000-e811-9414-f0921c16b9e5,0.08767123287671233,0.06989999860525,31
5,380ab516-2000-e811-9414-f0921c16b9e5,0.09041095890410959,0.06199999898672,32
5,380ab516-2000-e811-9414-f0921c16b9e5,0.09315068493150686,0.0566000007093,33
5,380ab516-2000-e811-9414-f0921c16b9e5,0.0958904109589041,0.04969999939203,34
5,380ab516-2000-e811-9414-f0921c16b9e5,0.09863013698630137,0.04170000180602,35
5,380ab516-2000-e811-9414-f0921c16b9e5,0.10136986301369863,0.03700000047684,36
5,380ab516-2000-e811-9414-f0921c16b9e5,0.10410958904109589,0.03390000015497,37
5,380ab516-2000-e811-9414-f0921c16b9e5,0.10684931506849316,0.03030000068247,38
5,380ab516-2000-e811-9414-f0921c16b9e5,0.1095890410958904,0.02500000037253,39
5,380ab516-2000-e811-9414-f0921c16b9e5,0.11232876712328767,0.02270000055432,40
5,380ab516-2000-e811-9414-f0921c16b9e5,0.11506849315068493,0.01930000074208,41
5,380ab516-2000-e811-9414-f0921c16b9e5,0.1178082191780822,0.01679999940097,42
5,380ab516-2000-e811-9414-f0921c16b9e5,0.12054794520547946,0.0148999998346,43
5,380ab516-2000-e811-9414-f0921c16b9e5,0.1232876712328767,0.0132999997586,44
5,380ab516-2000-e811-9414-f0921c16b9e5,0.12602739726027398,0.01190000027418,45
5,380ab516-2000-e811-9414-f0921c16b9e5,0.12876712328767123,0.01030000019819,46
5,380ab516-2000-e811-9414-f0921c16b9e5,0.13150684931506848,0.009100000374019,47
5,380ab516-2000-e811-9414-f0921c16b9e5,0.13424657534246576,0.007400000002235,48
5,380ab516-2000-e811-9414-f0921c16b9e5,0.136986301369863,0.007000000216067,49
5,380ab516-2000-e811-9414-f0921c16b9e5,0.13972602739726028,0.005799999926239,50
5,380ab516-2000-e811-9414-f0921c16b9e5,0.14246575342465753,0.005100000184029,51
5,380ab516-2000-e811-9414-f0921c16b9e5,0.14520547945205478,0.00400000018999,52
5,380ab516-2000-e811-9414-f0921c16b9e5,0.14794520547945206,0.003800000064075,53
5,380ab516-2000-e811-9414-f0921c16b9e5,0.1506849315068493,0.003500000108033,54
5,380ab516-2000-e811-9414-f0921c16b9e5,0.15342465753424658,0.00289999996312,55
5,380ab516-2000-e811-9414-f0921c16b9e5,0.15616438356164383,0.002600000007078,56
5,380ab516-2000-e811-9414-f0921c16b9e5,0.1589041095890411,0.001900000032037,57
5,380ab516-2000-e811-9414-f0921c16b9e5,0.16164383561643836,0.001399999950081,58
5,380ab516-2000-e811-9414-f0921c16b9e5,0.1643835616438356,0.001300000003539,59
5,380ab516-2000-e811-9414-f0921c16b9e5,0.16712328767123288,0.001000000047497,60
5,380ab516-2000-e811-9414-f0921c16b9e5,0.16986301369863013,0.0006999999750406,61
5,380ab516-2000-e811-9414-f0921c16b9e5,0.1726027397260274,0.0006999999750406,62
5,380ab516-2000-e811-9414-f0921c16b9e5,0.17534246575342466,0.0006000000284985,63
5,380ab516-2000-e811-9414-f0921c16b9e5,0.1780821917808219,0.0005000000237487,64
5,380ab516-2000-e811-9414-f0921c16b9e5,0.18082191780821918,0.0005000000237487,65
5,380ab516-2000-e811-9414-f0921c16b9e5,0.18356164383561643,0.0003999999898952,66
5,380ab516-2000-e811-9414-f0921c16b9e5,0.1863013698630137,0.0003999999898952,67
5,380ab516-2000-e811-9414-f0921c16b9e5,0.18904109589041096,0.0003000000142492,68
5,380ab516-2000-e811-9414-f0921c16b9e5,0.1917808219178082,0.0001999999949476,69
5,380ab516-2000-e811-9414-f0921c16b9e5,0.19452054794520549,0.0001999999949476,70
5,380ab516-2000-e811-9414-f0921c16b9e5,0.19726027397260273,0.0001999999949476,71
5,380ab516-2000-e811-9414-f0921c16b9e5,0.2,0.0001999999949476,72
5,380ab516-2000-e811-9414-f0921c16b9e5,0.20273972602739726,0.0001999999949476,73
5,380ab516-2000-e811-9414-f0921c16b9e5,0.2054794520547945,0.0001999999949476,74
5,380ab516-2000-e811-9414-f0921c16b9e5,0.20821917808219179,0.0001999999949476,75
5,380ab516-2000-e811-9414-f0921c16b9e5,0.21095890410958903,9.999999747379e-05,76
5,380ab516-2000-e811-9414-f0921c16b9e5,0.2136986301369863,9.999999747379e-05,77
5,380ab516-2000-e811-9414-f0921c16b9e5,0.21643835616438356,9.999999747379e-05,78
5,380ab516-2000-e811-9414-f0921c16b9e5,0.2191780821917808,9.999999747379e-05,79
5,380ab516-2000-e811-9414-f0921c16b9e5,0.2219178082191781,9.999999747379e-05,80
5,380ab516-2000-e811-9414-f0921c16b9e5,0.22465753424657534,9.999999747379e-05,81
5,380ab516-2000-e811-9414-f0921c16b9e5,0.2273972602739726,9.999999747379e-05,82
5,380ab516-2000-e811-9414-f0921c16b9e5,0.23013698630136986,9.999999747379e-05,83
5,380ab516-2000-e811-9414-f0921c16b9e5,0.2328767123287671,9.999999747379e-05,84
5,380ab516-2000-e811-9414-f0921c16b9e5,0.2356164383561644,9.999999747379e-05,85
5,380ab516-2000-e811-9414-f0921c16b9e5,0.23835616438356164,9.999999747379e-05,86
5,380ab516-2000-e811-9414-f0921c16b9e5,0.2410958904109589,9.999999747379e-05,87
5,380ab516-2000-e811-9414-f0921c16b9e5,0.24383561643835616,9.999999747379e-05,88
5,380ab516-2000-e811-9414-f0921c16b9e5,0.2465753424657534,9.999999747379e-05,89
6,370ab516-2000-e811-9414-f0921c16b9e5,0.0027397260273972603,0.0,0
6,370ab516-2000-e811-9414-f0921c16b9e5,0.005479452054794521,0.0001999999949476,1
6,370ab516-2000-e811-9414-f0921c16b9e5,0.00821917808219178,0.0001999999949476,2
6,370ab516-2000-e811-9414-f0921c16b9e5,0.010958904109589041,0.0006999999750406,3
6,370ab516-2000-e811-9414-f0921c16b9e5,0.0136986301369863,0.001300000003539,4
6,370ab516-2000-e811-9414-f0921c16b9e5,0.01643835616438356,0.002700000070035,5
6,370ab516-2000-e811-9414-f0921c16b9e5,0.019178082191780823,0.004900000058115,6
6,370ab516-2000-e811-9414-f0921c16b9e5,0.021917808219178082,0.01070000045002,7
6,370ab516-2000-e811-9414-f0921c16b9e5,0.024657534246575342,0.01820000074804,8
6,370ab516-2000-e811-9414-f0921c16b9e5,0.0273972602739726,0.03200000151992,9
6,370ab516-2000-e811-9414-f0921c16b9e5,0.030136986301369864,0.05920000001788,10
6,370ab516-2000-e811-9414-f0921c16b9e5,0.03287671232876712,0.1076999977231,11
6,370ab516-2000-e811-9414-f0921c16b9e5,0.03561643835616438,0.185100004077,12
6,370ab516-2000-e811-9414-f0921c16b9e5,0.038356164383561646,0.2962999939919,13
6,370ab516-2000-e811-9414-f0921c16b9e5,0.0410958904109589,0.4366999864578,14
6,370ab516-2000-e811-9414-f0921c16b9e5,0.043835616438356165,0.5767999887466,15
6,370ab516-2000-e811-9414-f0921c16b9e5,0.04657534246575343,0.6546999812126,16
6,370ab516-2000-e811-9414-f0921c16b9e5,0.049315068493150684,0.6769000291824,17
6,370ab516-2000-e811-9414-f0921c16b9e5,0.052054794520547946,0.6564000248909,18
6,370ab516-2000-e811-9414-f0921c16b9e5,0.0547945205479452,0.6226000189781,19
6,370ab516-2000-e811-9414-f0921c16b9e5,0.057534246575342465,0.57230001688,20
6,370ab516-2000-e811-9414-f0921c16b9e5,0.06027397260273973,0.5227000117302,21
6,370ab516-2000-e811-9414-f0921c16b9e5,0.06301369863013699,0.4740000069141,22
6,370ab516-2000-e811-9414-f0921c16b9e5,0.06575342465753424,0.43259999156,23
6,370ab516-2000-e811-9414-f0921c16b9e5,0.0684931506849315,0.393700003624,24
6,370ab516-2000-e811-9414-f0921c16b9e5,0.07123287671232877,0.3538999855518,25
6,370ab516-2000-e811-9414-f0921c16b9e5,0.07397260273972603,0.318599998951,26
6,370ab516-2000-e811-9414-f0921c16b9e5,0.07671232876712329,0.2887000143528,27
6,370ab516-2000-e811-9414-f0921c16b9e5,0.07945205479452055,0.2621000111103,28
6,370ab516-2000-e811-9414-f0921c16b9e5,0.0821917808219178,0.2370000034571,29
6,370ab516-2000-e811-9414-f0921c16b9e5,0.08493150684931507,0.2127999961376,30
6,370ab516-2000-e811-9414-f0921c16b9e5,0.08767123287671233,0.1915999948978,31
6,370ab516-2000-e811-9414-f0921c16b9e5,0.09041095890410959,0.1741999983788,32
6,370ab516-2000-e811-9414-f0921c16b9e5,0.09315068493150686,0.1561000049114,33
6,370ab516-2000-e811-9414-f0921c16b9e5,0.0958904109589041,0.140000000596,34
6,370ab516-2000-e811-9414-f0921c16b9e5,0.09863013698630137,0.1264999955893,35
6,370ab516-2000-e811-9414-f0921c16b9e5,0.10136986301369863,0.1149000003934,36
6,370ab516-2000-e811-9414-f0921c16b9e5,0.10410958904109589,0.1035000011325,37
6,370ab516-2000-e811-9414-f0921c16b9e5,0.10684931506849316,0.09380000084639,38
6,370ab516-2000-e811-9414-f0921c16b9e5,0.1095890410958904,0.08560000360012,39
6,370ab516-2000-e811-9414-f0921c16b9e5,0.11232876712328767,0.0755999982357,40
6,370ab516-2000-e811-9414-f0921c16b9e5,0.11506849315068493,0.06849999725819,41
6,370ab516-2000-e811-9414-f0921c16b9e5,0.1178082191780822,0.06210000067949,42
6,370ab516-2000-e811-9414-f0921c16b9e5,0.12054794520547946,0.05640000104904,43
6,370ab516-2000-e811-9414-f0921c16b9e5,0.1232876712328767,0.05119999870658,44
6,370ab516-2000-e811-9414-f0921c16b9e5,0.12602739726027398,0.04589999839664,45
6,370ab516-2000-e811-9414-f0921c16b9e5,0.12876712328767123,0.04210000112653,46
6,370ab516-2000-e811-9414-f0921c16b9e5,0.13150684931506848,0.0384000018239,47
6,370ab516-2000-e811-9414-f0921c16b9e5,0.13424657534246576,0.03510000184178,48
6,370ab516-2000-e811-9414-f0921c16b9e5,0.136986301369863,0.03220000118017,49
6,370ab516-2000-e811-9414-f0921c16b9e5,0.13972602739726028,0.02859999984503,50
6,370ab516-2000-e811-9414-f0921c16b9e5,0.14246575342465753,0.02580000087619,51
6,370ab516-2000-e811-9414-f0921c16b9e5,0.14520547945205478,0.02319999970496,52
6,370ab516-2000-e811-9414-f0921c16b9e5,0.14794520547945206,0.02129999920726,53
6,370ab516-2000-e811-9414-f0921c16b9e5,0.1506849315068493,0.01889999955893,54
6,370ab516-2000-e811-9414-f0921c16b9e5,0.15342465753424658,0.017100000754,55
6,370ab516-2000-e811-9414-f0921c16b9e5,0.15616438356164383,0.01610000059009,56
6,370ab516-2000-e811-9414-f0921c16b9e5,0.1589041095890411,0.01449999958277,57
6,370ab516-2000-e811-9414-f0921c16b9e5,0.16164383561643836,0.01350000035018,58
6,370ab516-2000-e811-9414-f0921c16b9e5,0.1643835616438356,0.01260000001639,59
6,370ab516-2000-e811-9414-f0921c16b9e5,0.16712328767123288,0.0113000003621,60
6,370ab516-2000-e811-9414-f0921c16b9e5,0.16986301369863013,0.009800000116229,61
6,370ab516-2000-e811-9414-f0921c16b9e5,0.1726027397260274,0.009200000204146,62
6,370ab516-2000-e811-9414-f0921c16b9e5,0.17534246575342466,0.008100000210106,63
6,370ab516-2000-e811-9414-f0921c16b9e5,0.1780821917808219,0.007300000172108,64
6,370ab516-2000-e811-9414-f0921c16b9e5,0.18082191780821918,0.006599999964237,65
6,370ab516-2000-e811-9414-f0921c16b9e5,0.18356164383561643,0.006200000178069,66
6,370ab516-2000-e811-9414-f0921c16b9e5,0.1863013698630137,0.005700000096112,67
6,370ab516-2000-e811-9414-f0921c16b9e5,0.18904109589041096,0.005100000184029,68
6,370ab516-2000-e811-9414-f0921c16b9e5,0.1917808219178082,0.004600000102073,69
6,370ab516-2000-e811-9414-f0921c16b9e5,0.19452054794520549,0.004199999850243,70
6,370ab516-2000-e811-9414-f0921c16b9e5,0.19726027397260273,0.00359999993816,71
6,370ab516-2000-e811-9414-f0921c16b9e5,0.2,0.00359999993816,72
6,370ab516-2000-e811-9414-f0921c16b9e5,0.20273972602739726,0.003400000045076,73
6,370ab516-2000-e811-9414-f0921c16b9e5,0.2054794520547945,0.003000000026077,74
6,370ab516-2000-e811-9414-f0921c16b9e5,0.20821917808219179,0.002799999900162,75
6,370ab516-2000-e811-9414-f0921c16b9e5,0.21095890410958903,0.002400000113994,76
6,370ab516-2000-e811-9414-f0921c16b9e5,0.2136986301369863,0.002099999925122,77
6,370ab516-2000-e811-9414-f0921c16b9e5,0.21643835616438356,0.001900000032037,78
6,370ab516-2000-e811-9414-f0921c16b9e5,0.2191780821917808,0.001900000032037,79
6,370ab516-2000-e811-9414-f0921c16b9e5,0.2219178082191781,0.001900000032037,80
6,370ab516-2000-e811-9414-f0921c16b9e5,0.22465753424657534,0.00179999996908,81
6,370ab516-2000-e811-9414-f0921c16b9e5,0.2273972602739726,0.001500000013039,82
6,370ab516-2000-e811-9414-f0921c16b9e5,0.23013698630136986,0.001500000013039,83
6,370ab516-2000-e811-9414-f0921c16b9e5,0.2328767123287671,0.00109999999404,84
6,370ab516-2000-e811-9414-f0921c16b9e5,0.2356164383561644,0.001000000047497,85
6,370ab516-2000-e811-9414-f0921c16b9e5,0.23835616438356164,0.001000000047497,86
6,370ab516-2000-e811-9414-f0921c16b9e5,0.2410958904109589,0.00089999998454,87
6,370ab516-2000-e811-9414-f0921c16b9e5,0.24383561643835616,0.0006999999750406,88
6,370ab516-2000-e811-9414-f0921c16b9e5,0.2465753424657534,0.0005000000237487,89
7,360ab516-2000-e811-9414-f0921c16b9e5,0.0027397260273972603,0.0,0
7,360ab516-2000-e811-9414-f0921c16b9e5,0.005479452054794521,0.0003999999898952,1
7,360ab516-2000-e811-9414-f0921c16b9e5,0.00821917808219178,0.0003000000142492,2
7,360ab516-2000-e811-9414-f0921c16b9e5,0.010958904109589041,0.0005000000237487,3
7,360ab516-2000-e811-9414-f0921c16b9e5,0.0136986301369863,0.001000000047497,4
7,360ab516-2000-e811-9414-f0921c16b9e5,0.01643835616438356,0.002000000094995,5
7,360ab516-2000-e811-9414-f0921c16b9e5,0.019178082191780823,0.003100000089034,6
7,360ab516-2000-e811-9414-f0921c16b9e5,0.021917808219178082,0.006200000178069,7
7,360ab516-2000-e811-9414-f0921c16b9e5,0.024657534246575342,0.009499999694526,8
7,360ab516-2000-e811-9414-f0921c16b9e5,0.0273972602739726,0.01379999984056,9
7,360ab516-2000-e811-9414-f0921c16b9e5,0.030136986301369864,0.02150000073016,10
7,360ab516-2000-e811-9414-f0921c16b9e5,0.03287671232876712,0.03280000016093,11
7,360ab516-2000-e811-9414-f0921c16b9e5,0.03561643835616438,0.0511000007391,12
7,360ab516-2000-e811-9414-f0921c16b9e5,0.038356164383561646,0.08060000091791,13
7,360ab516-2000-e811-9414-f0921c16b9e5,0.0410958904109589,0.1220000013709,14
7,360ab516-2000-e811-9414-f0921c16b9e5,0.043835616438356165,0.1711000055075,15
7,360ab516-2000-e811-9414-f0921c16b9e5,0.04657534246575343,0.2452999949455,16
7,360ab516-2000-e811-9414-f0921c16b9e5,0.049315068493150684,0.3179999887943,17
7,360ab516-2000-e811-9414-f0921c16b9e5,0.052054794520547946,0.3880999982357,18
7,360ab516-2000-e811-9414-f0921c16b9e5,0.0547945205479452,0.4386999905109,19
7,360ab516-2000-e811-9414-f0921c16b9e5,0.057534246575342465,0.4711999893188,20
7,360ab516-2000-e811-9414-f0921c16b9e5,0.06027397260273973,0.4674000144005,21
7,360ab516-2000-e811-9414-f0921c16b9e5,0.06301369863013699,0.4505999982357,22
7,360ab516-2000-e811-9414-f0921c16b9e5,0.06575342465753424,0.4212000072002,23
7,360ab516-2000-e811-9414-f0921c16b9e5,0.0684931506849315,0.381099998951,24
7,360ab516-2000-e811-9414-f0921c16b9e5,0.07123287671232877,0.3418000042439,25
7,360ab516-2000-e811-9414-f0921c16b9e5,0.07397260273972603,0.2973000109196,26
7,360ab516-2000-e811-9414-f0921c16b9e5,0.07671232876712329,0.259299993515,27
7,360ab516-2000-e811-9414-f0921c16b9e5,0.07945205479452055,0.2272000014782,28
7,360ab516-2000-e811-9414-f0921c16b9e5,0.0821917808219178,0.1970999985933,29
7,360ab516-2000-e811-9414-f0921c16b9e5,0.08493150684931507,0.1694000065327,30
7,360ab516-2000-e811-9414-f0921c16b9e5,0.08767123287671233,0.144500002265,31
7,360ab516-2000-e811-9414-f0921c16b9e5,0.09041095890410959,0.1254999935627,32
7,360ab516-2000-e811-9414-f0921c16b9e5,0.09315068493150686,0.1098999977112,33
7,360ab516-2000-e811-9414-f0921c16b9e5,0.0958904109589041,0.09690000116825,34
7,360ab516-2000-e811-9414-f0921c16b9e5,0.09863013698630137,0.083599999547,35
7,360ab516-2000-e811-9414-f0921c16b9e5,0.10136986301369863,0.07249999791384,36
7,360ab516-2000-e811-9414-f0921c16b9e5,0.10410958904109589,0.06329999864101,37
7,360ab516-2000-e811-9414-f0921c16b9e5,0.10684931506849316,0.05420000106096,38
7,360ab516-2000-e811-9414-f0921c16b9e5,0.1095890410958904,0.04699999839067,39
7,360ab516-2000-e811-9414-f0921c16b9e5,0.11232876712328767,0.04039999842644,40
7,360ab516-2000-e811-9414-f0921c16b9e5,0.11506849315068493,0.03350000083447,41
7,360ab516-2000-e811-9414-f0921c16b9e5,0.1178082191780822,0.02830000035465,42
7,360ab516-2000-e811-9414-f0921c16b9e5,0.12054794520547946,0.02390000037849,43
7,360ab516-2000-e811-9414-f0921c16b9e5,0.1232876712328767,0.02129999920726,44
7,360ab516-2000-e811-9414-f0921c16b9e5,0.12602739726027398,0.01830000057817,45
7,360ab516-2000-e811-9414-f0921c16b9e5,0.12876712328767123,0.01499999966472,46
7,360ab516-2000-e811-9414-f0921c16b9e5,0.13150684931506848,0.01310000009835,47
7,360ab516-2000-e811-9414-f0921c16b9e5,0.13424657534246576,0.01109999977052,48
7,360ab516-2000-e811-9414-f0921c16b9e5,0.136986301369863,0.00899999961257,49
7,360ab516-2000-e811-9414-f0921c16b9e5,0.13972602739726028,0.007699999958277,50
7,360ab516-2000-e811-9414-f0921c16b9e5,0.14246575342465753,0.006699999794364,51
7,360ab516-2000-e811-9414-f0921c16b9e5,0.14520547945205478,0.006000000052154,52
7,360ab516-2000-e811-9414-f0921c16b9e5,0.14794520547945206,0.005499999970198,53
7,360ab516-2000-e811-9414-f0921c16b9e5,0.1506849315068493,0.0046999999322,54
7,360ab516-2000-e811-9414-f0921c16b9e5,0.15342465753424658,0.004499999806285,55
7,360ab516-2000-e811-9414-f0921c16b9e5,0.15616438356164383,0.00400000018999,56
7,360ab516-2000-e811-9414-f0921c16b9e5,0.1589041095890411,0.003700000001118,57
7,360ab516-2000-e811-9414-f0921c16b9e5,0.16164383561643836,0.003199999919161,58
7,360ab516-2000-e811-9414-f0921c16b9e5,0.1643835616438356,0.002799999900162,59
7,360ab516-2000-e811-9414-f0921c16b9e5,0.16712328767123288,0.002499999944121,60
7,360ab516-2000-e811-9414-f0921c16b9e5,0.16986301369863013,0.002300000051036,61
7,360ab516-2000-e811-9414-f0921c16b9e5,0.1726027397260274,0.002099999925122,62
7,360ab516-2000-e811-9414-f0921c16b9e5,0.17534246575342466,0.002099999925122,63
7,360ab516-2000-e811-9414-f0921c16b9e5,0.1780821917808219,0.001700000022538,64
7,360ab516-2000-e811-9414-f0921c16b9e5,0.18082191780821918,0.001500000013039,65
7,360ab516-2000-e811-9414-f0921c16b9e5,0.18356164383561643,0.00109999999404,66
7,360ab516-2000-e811-9414-f0921c16b9e5,0.1863013698630137,0.00109999999404,67
7,360ab516-2000-e811-9414-f0921c16b9e5,0.18904109589041096,0.0007999999797903,68
7,360ab516-2000-e811-9414-f0921c16b9e5,0.1917808219178082,0.0006000000284985,69
7,360ab516-2000-e811-9414-f0921c16b9e5,0.19452054794520549,0.0005000000237487,70
7,360ab516-2000-e811-9414-f0921c16b9e5,0.19726027397260273,0.0005000000237487,71
7,360ab516-2000-e811-9414-f0921c16b9e5,0.2,0.0003000000142492,72
7,360ab516-2000-e811-9414-f0921c16b9e5,0.20273972602739726,0.0003000000142492,73
7,360ab516-2000-e811-9414-f0921c16b9e5,0.2054794520547945,0.0003000000142492,74
7,360ab516-2000-e811-9414-f0921c16b9e5,0.20821917808219179,0.0003000000142492,75
7,360ab516-2000-e811-9414-f0921c16b9e5,0.21095890410958903,0.0003000000142492,76
7,360ab516-2000-e811-9414-f0921c16b9e5,0.2136986301369863,9.999999747379e-05,77
7,360ab516-2000-e811-9414-f0921c16b9e5,0.21643835616438356,9.999999747379e-05,78
7,360ab516-2000-e811-9414-f0921c16b9e5,0.2191780821917808,9.999999747379e-05,79
7,360ab516-2000-e811-9414-f0921c16b9e5,0.2219178082191781,9.999999747379e-05,80
7,360ab516-2000-e811-9414-f0921c16b9e5,0.22465753424657534,9.999999747379e-05,81
7,360ab516-2000-e811-9414-f0921c16b9e5,0.2273972602739726,9.999999747379e-05,82
7,360ab516-2000-e811-9414-f0921c16b9e5,0.23013698630136986,9.999999747379e-05,83
7,360ab516-2000-e811-9414-f0921c16b9e5,0.2328767123287671,9.999999747379e-05,84
7,360ab516-2000-e811-9414-f0921c16b9e5,0.2356164383561644,9.999999747379e-05,85
7,360ab516-2000-e811-9414-f0921c16b9e5,0.23835616438356164,9.999999747379e-05,86
7,360ab516-2000-e811-9414-f0921c16b9e5,0.2410958904109589,9.999999747379e-05,87
7,360ab516-2000-e811-9414-f0921c16b9e5,0.24383561643835616,9.999999747379e-05,88
7,360ab516-2000-e811-9414-f0921c16b9e5,0.2465753424657534,9.999999747379e-05,89
8,350ab516-2000-e811-9414-f0921c16b9e5,0.0027397260273972603,0.0,0
8,350ab516-2000-e811-9414-f0921c16b9e5,0.005479452054794521,0.0005000000237487,1
8,350ab516-2000-e811-9414-f0921c16b9e5,0.00821917808219178,0.00089999998454,2
8,350ab516-2000-e811-9414-f0921c16b9e5,0.010958904109589041,0.00089999998454,3
8,350ab516-2000-e811-9414-f0921c16b9e5,0.0136986301369863,0.001000000047497,4
8,350ab516-2000-e811-9414-f0921c16b9e5,0.01643835616438356,0.001200000056997,5
8,350ab516-2000-e811-9414-f0921c16b9e5,0.019178082191780823,0.001200000056997,6
8,350ab516-2000-e811-9414-f0921c16b9e5,0.021917808219178082,0.002199999988079,7
8,350ab516-2000-e811-9414-f0921c16b9e5,0.024657534246575342,0.003500000108033,8
8,350ab516-2000-e811-9414-f0921c16b9e5,0.0273972602739726,0.006000000052154,9
8,350ab516-2000-e811-9414-f0921c16b9e5,0.030136986301369864,0.008100000210106,10
8,350ab516-2000-e811-9414-f0921c16b9e5,0.03287671232876712,0.01429999992251,11
8,350ab516-2000-e811-9414-f0921c16b9e5,0.03561643835616438,0.02199999988079,12
8,350ab516-2000-e811-9414-f0921c16b9e5,0.038356164383561646,0.03539999946952,13
8,350ab516-2000-e811-9414-f0921c16b9e5,0.0410958904109589,0.05310000106692,14
8,350ab516-2000-e811-9414-f0921c16b9e5,0.043835616438356165,0.08299999684095,15
8,350ab516-2000-e811-9414-f0921c16b9e5,0.04657534246575343,0.1266999989748,16
8,350ab516-2000-e811-9414-f0921c16b9e5,0.049315068493150684,0.1868000030518,17
8,350ab516-2000-e811-9414-f0921c16b9e5,0.052054794520547946,0.2651999890804,18
8,350ab516-2000-e811-9414-f0921c16b9e5,0.0547945205479452,0.3483999967575,19
8,350ab516-2000-e811-9414-f0921c16b9e5,0.057534246575342465,0.44240000844,20
8,350ab516-2000-e811-9414-f0921c16b9e5,0.06027397260273973,0.5076000094414,21
8,350ab516-2000-e811-9414-f0921c16b9e5,0.06301369863013699,0.5486999750137,22
8,350ab516-2000-e811-9414-f0921c16b9e5,0.06575342465753424,0.5536000132561,23
8,350ab516-2000-e811-9414-f0921c16b9e5,0.0684931506849315,0.5353999733925,24
8,350ab516-2000-e811-9414-f0921c16b9e5,0.07123287671232877,0.506500005722,25
8,350ab516-2000-e811-9414-f0921c16b9e5,0.07397260273972603,0.4659999907017,26
8,350ab516-2000-e811-9414-f0921c16b9e5,0.07671232876712329,0.4219999909401,27
8,350ab516-2000-e811-9414-f0921c16b9e5,0.07945205479452055,0.3792999982834,28
8,350ab516-2000-e811-9414-f0921c16b9e5,0.0821917808219178,0.3422999978065,29
8,350ab516-2000-e811-9414-f0921c16b9e5,0.08493150684931507,0.3082999885082,30
8,350ab516-2000-e811-9414-f0921c16b9e5,0.08767123287671233,0.2707999944687,31
8,350ab516-2000-e811-9414-f0921c16b9e5,0.09041095890410959,0.2413000017405,32
8,350ab516-2000-e811-9414-f0921c16b9e5,0.09315068493150686,0.2133000046015,33
8,350ab516-2000-e811-9414-f0921c16b9e5,0.0958904109589041,0.1894000023603,34
8,350ab516-2000-e811-9414-f0921c16b9e5,0.09863013698630137,0.1644999980927,35
8,350ab516-2000-e811-9414-f0921c16b9e5,0.10136986301369863,0.1438000053167,36
8,350ab516-2000-e811-9414-f0921c16b9e5,0.10410958904109589,0.1259000003338,37
8,350ab516-2000-e811-9414-f0921c16b9e5,0.10684931506849316,0.1127000004053,38
8,350ab516-2000-e811-9414-f0921c16b9e5,0.1095890410958904,0.1005999967456,39
8,350ab516-2000-e811-9414-f0921c16b9e5,0.11232876712328767,0.08940000087023,40
8,350ab516-2000-e811-9414-f0921c16b9e5,0.11506849315068493,0.07840000092983,41
8,350ab516-2000-e811-9414-f0921c16b9e5,0.1178082191780822,0.07039999961853,42
8,350ab516-2000-e811-9414-f0921c16b9e5,0.12054794520547946,0.06159999966621,43
8,350ab516-2000-e811-9414-f0921c16b9e5,0.1232876712328767,0.0531999990344,44
8,350ab516-2000-e811-9414-f0921c16b9e5,0.12602739726027398,0.04800000041723,45
8,350ab516-2000-e811-9414-f0921c16b9e5,0.12876712328767123,0.04289999976754,46
8,350ab516-2000-e811-9414-f0921c16b9e5,0.13150684931506848,0.03819999843836,47
8,350ab516-2000-e811-9414-f0921c16b9e5,0.13424657534246576,0.03359999880195,48
8,350ab516-2000-e811-9414-f0921c16b9e5,0.136986301369863,0.02969999983907,49
8,350ab516-2000-e811-9414-f0921c16b9e5,0.13972602739726028,0.02500000037253,50
8,350ab516-2000-e811-9414-f0921c16b9e5,0.14246575342465753,0.0223999992013,51
8,350ab516-2000-e811-9414-f0921c16b9e5,0.14520547945205478,0.0194000005722,52
8,350ab516-2000-e811-9414-f0921c16b9e5,0.14794520547945206,0.01730000041425,53
8,350ab516-2000-e811-9414-f0921c16b9e5,0.1506849315068493,0.01539999991655,54
8,350ab516-2000-e811-9414-f0921c16b9e5,0.15342465753424658,0.01350000035018,55
8,350ab516-2000-e811-9414-f0921c16b9e5,0.15616438356164383,0.01169999968261,56
8,350ab516-2000-e811-9414-f0921c16b9e5,0.1589041095890411,0.009700000286102,57
8,350ab516-2000-e811-9414-f0921c16b9e5,0.16164383561643836,0.008399999700487,58
8,350ab516-2000-e811-9414-f0921c16b9e5,0.1643835616438356,0.00760000012815,59
8,350ab516-2000-e811-9414-f0921c16b9e5,0.16712328767123288,0.00650000013411,60
8,350ab516-2000-e811-9414-f0921c16b9e5,0.16986301369863013,0.005900000222027,61
8,350ab516-2000-e811-9414-f0921c16b9e5,0.1726027397260274,0.005299999844283,62
8,350ab516-2000-e811-9414-f0921c16b9e5,0.17534246575342466,0.004300000146031,63
8,350ab516-2000-e811-9414-f0921c16b9e5,0.1780821917808219,0.003700000001118,64
8,350ab516-2000-e811-9414-f0921c16b9e5,0.18082191780821918,0.003400000045076,65
8,350ab516-2000-e811-9414-f0921c16b9e5,0.18356164383561643,0.00289999996312,66
8,350ab516-2000-e811-9414-f0921c16b9e5,0.1863013698630137,0.002499999944121,67
8,350ab516-2000-e811-9414-f0921c16b9e5,0.18904109589041096,0.002199999988079,68
8,350ab516-2000-e811-9414-f0921c16b9e5,0.1917808219178082,0.001900000032037,69
8,350ab516-2000-e811-9414-f0921c16b9e5,0.19452054794520549,0.001700000022538,70
8,350ab516-2000-e811-9414-f0921c16b9e5,0.19726027397260273,0.001399999950081,71
8,350ab516-2000-e811-9414-f0921c16b9e5,0.2,0.001399999950081,72
8,350ab516-2000-e811-9414-f0921c16b9e5,0.20273972602739726,0.001200000056997,73
8,350ab516-2000-e811-9414-f0921c16b9e5,0.2054794520547945,0.00109999999404,74
8,350ab516-2000-e811-9414-f0921c16b9e5,0.20821917808219179,0.001000000047497,75
8,350ab516-2000-e811-9414-f0921c16b9e5,0.21095890410958903,0.0007999999797903,76
8,350ab516-2000-e811-9414-f0921c16b9e5,0.2136986301369863,0.0006999999750406,77
8,350ab516-2000-e811-9414-f0921c16b9e5,0.21643835616438356,0.0006000000284985,78
8,350ab516-2000-e811-9414-f0921c16b9e5,0.2191780821917808,0.0005000000237487,79
8,350ab516-2000-e811-9414-f0921c16b9e5,0.2219178082191781,0.0003999999898952,80
8,350ab516-2000-e811-9414-f0921c16b9e5,0.22465753424657534,0.0001999999949476,81
8,350ab516-2000-e811-9414-f0921c16b9e5,0.2273972602739726,0.0001999999949476,82
8,350ab516-2000-e811-9414-f0921c16b9e5,0.23013698630136986,0.0001999999949476,83
8,350ab516-2000-e811-9414-f0921c16b9e5,0.2328767123287671,0.0001999999949476,84
8,350ab516-2000-e811-9414-f0921c16b9e5,0.2356164383561644,9.999999747379e-05,85
8,350ab516-2000-e811-9414-f0921c16b9e5,0.23835616438356164,9.999999747379e-05,86
8,350ab516-2000-e811-9414-f0921c16b9e5,0.2410958904109589,9.999999747379e-05,87
8,350ab516-2000-e811-9414-f0921c16b9e5,0.24383561643835616,9.999999747379e-05,88
8,350ab516-2000-e811-9414-f0921c16b9e5,0.2465753424657534,9.999999747379e-05,89
9,340ab516-2000-e811-9414-f0921c16b9e5,0.0027397260273972603,0.0,0
9,340ab516-2000-e811-9414-f0921c16b9e5,0.005479452054794521,0.0005000000237487,1
9,340ab516-2000-e811-9414-f0921c16b9e5,0.00821917808219178,0.0006999999750406,2
9,340ab516-2000-e811-9414-f0921c16b9e5,0.010958904109589041,0.00089999998454,3
9,340ab516-2000-e811-9414-f0921c16b9e5,0.0136986301369863,0.002199999988079,4
9,340ab516-2000-e811-9414-f0921c16b9e5,0.01643835616438356,0.003700000001118,5
9,340ab516-2000-e811-9414-f0921c16b9e5,0.019178082191780823,0.006399999838322,6
9,340ab516-2000-e811-9414-f0921c16b9e5,0.021917808219178082,0.0109999999404,7
9,340ab516-2000-e811-9414-f0921c16b9e5,0.024657534246575342,0.021099999547,8
9,340ab516-2000-e811-9414-f0921c16b9e5,0.0273972602739726,0.03880000114441,9
9,340ab516-2000-e811-9414-f0921c16b9e5,0.030136986301369864,0.06849999725819,10
9,340ab516-2000-e811-9414-f0921c16b9e5,0.03287671232876712,0.1237000003457,11
9,340ab516-2000-e811-9414-f0921c16b9e5,0.03561643835616438,0.1993999928236,12
9,340ab516-2000-e811-9414-f0921c16b9e5,0.038356164383561646,0.3059000074863,13
9,340ab516-2000-e811-9414-f0921c16b9e5,0.0410958904109589,0.4162000119686,14
9,340ab516-2000-e811-9414-f0921c16b9e5,0.043835616438356165,0.5024999976158,15
9,340ab516-2000-e811-9414-f0921c16b9e5,0.04657534246575343,0.537800014019,16
9,340ab516-2000-e811-9414-f0921c16b9e5,0.049315068493150684,0.5199000239372,17
9,340ab516-2000-e811-9414-f0921c16b9e5,0.052054794520547946,0.4713000059128,18
9,340ab516-2000-e811-9414-f0921c16b9e5,0.0547945205479452,0.4120999872684,19
9,340ab516-2000-e811-9414-f0921c16b9e5,0.057534246575342465,0.3585999906063,20
9,340ab516-2000-e811-9414-f0921c16b9e5,0.06027397260273973,0.3106000125408,21
9,340ab516-2000-e811-9414-f0921c16b9e5,0.06301369863013699,0.2606999874115,22
9,340ab516-2000-e811-9414-f0921c16b9e5,0.06575342465753424,0.2214999943972,23
9,340ab516-2000-e811-9414-f0921c16b9e5,0.0684931506849315,0.1888999938965,24
9,340ab516-2000-e811-9414-f0921c16b9e5,0.07123287671232877,0.159500002861,25
9,340ab516-2000-e811-9414-f0921c16b9e5,0.07397260273972603,0.1356000006199,26
9,340ab516-2000-e811-9414-f0921c16b9e5,0.07671232876712329,0.1141000017524,27
9,340ab516-2000-e811-9414-f0921c16b9e5,0.07945205479452055,0.0962999984622,28
9,340ab516-2000-e811-9414-f0921c16b9e5,0.0821917808219178,0.08110000193119,29
9,340ab516-2000-e811-9414-f0921c16b9e5,0.08493150684931507,0.06560000032187,30
9,340ab516-2000-e811-9414-f0921c16b9e5,0.08767123287671233,0.0544999986887,31
9,340ab516-2000-e811-9414-f0921c16b9e5,0.09041095890410959,0.04549999907613,32
9,340ab516-2000-e811-9414-f0921c16b9e5,0.09315068493150686,0.03830000013113,33
9,340ab516-2000-e811-9414-f0921c16b9e5,0.0958904109589041,0.03220000118017,34
9,340ab516-2000-e811-9414-f0921c16b9e5,0.09863013698630137,0.02600000053644,35
9,340ab516-2000-e811-9414-f0921c16b9e5,0.10136986301369863,0.02160000056028,36
9,340ab516-2000-e811-9414-f0921c16b9e5,0.10410958904109589,0.01820000074804,37
9,340ab516-2000-e811-9414-f0921c16b9e5,0.10684931506849316,0.01460000034422,38
9,340ab516-2000-e811-9414-f0921c16b9e5,0.1095890410958904,0.01229999959469,39
9,340ab516-2000-e811-9414-f0921c16b9e5,0.11232876712328767,0.01049999985844,40
9,340ab516-2000-e811-9414-f0921c16b9e5,0.11506849315068493,0.008200000040233,41
9,340ab516-2000-e811-9414-f0921c16b9e5,0.1178082191780822,0.00719999987632,42
9,340ab516-2000-e811-9414-f0921c16b9e5,0.12054794520547946,0.005400000140071,43
9,340ab516-2000-e811-9414-f0921c16b9e5,0.1232876712328767,0.004499999806285,44
9,340ab516-2000-e811-9414-f0921c16b9e5,0.12602739726027398,0.00400000018999,45
9,340ab516-2000-e811-9414-f0921c16b9e5,0.12876712328767123,0.002700000070035,46
9,340ab516-2000-e811-9414-f0921c16b9e5,0.13150684931506848,0.002499999944121,47
9,340ab516-2000-e811-9414-f0921c16b9e5,0.13424657534246576,0.002300000051036,48
9,340ab516-2000-e811-9414-f0921c16b9e5,0.136986301369863,0.001900000032037,49
9,340ab516-2000-e811-9414-f0921c16b9e5,0.13972602739726028,0.001200000056997,50
9,340ab516-2000-e811-9414-f0921c16b9e5,0.14246575342465753,0.00109999999404,51
9,340ab516-2000-e811-9414-f0921c16b9e5,0.14520547945205478,0.001000000047497,52
9,340ab516-2000-e811-9414-f0921c16b9e5,0.14794520547945206,0.00089999998454,53
9,340ab516-2000-e811-9414-f0921c16b9e5,0.1506849315068493,0.0006999999750406,54
9,340ab516-2000-e811-9414-f0921c16b9e5,0.15342465753424658,0.0006000000284985,55
9,340ab516-2000-e811-9414-f0921c16b9e5,0.15616438356164383,0.0006000000284985,56
9,340ab516-2000-e811-9414-f0921c16b9e5,0.1589041095890411,0.0003999999898952,57
9,340ab516-2000-e811-9414-f0921c16b9e5,0.16164383561643836,0.0003000000142492,58
9,340ab516-2000-e811-9414-f0921c16b9e5,0.1643835616438356,0.0003000000142492,59
9,340ab516-2000-e811-9414-f0921c16b9e5,0.16712328767123288,0.0003000000142492,60
9,340ab516-2000-e811-9414-f0921c16b9e5,0.16986301369863013,0.0001999999949476,61
9,340ab516-2000-e811-9414-f0921c16b9e5,0.1726027397260274,0.0001999999949476,62
9,340ab516-2000-e811-9414-f0921c16b9e5,0.17534246575342466,0.0001999999949476,63
9,340ab516-2000-e811-9414-f0921c16b9e5,0.1780821917808219,9.999999747379e-05,64
9,340ab516-2000-e811-9414-f0921c16b9e5,0.18082191780821918,9.999999747379e-05,65
9,340ab516-2000-e811-9414-f0921c16b9e5,0.18356164383561643,9.999999747379e-05,66
9,340ab516-2000-e811-9414-f0921c16b9e5,0.1863013698630137,9.999999747379e-05,67
9,340ab516-2000-e811-9414-f0921c16b9e5,0.18904109589041096,9.999999747379e-05,68
9,340ab516-2000-e811-9414-f0921c16b9e5,0.1917808219178082,9.999999747379e-05,69
9,340ab516-2000-e811-9414-f0921c16b9e5,0.19452054794520549,9.999999747379e-05,70
9,340ab516-2000-e811-9414-f0921c16b9e5,0.19726027397260273,9.999999747379e-05,71
9,340ab516-2000-e811-9414-f0921c16b9e5,0.2,9.999999747379e-05,72
9,340ab516-2000-e811-9414-f0921c16b9e5,0.20273972602739726,0.0,73
9,340ab516-2000-e811-9414-f0921c16b9e5,0.2054794520547945,0.0,74
9,340ab516-2000-e811-9414-f0921c16b9e5,0.20821917808219179,0.0,75
9,340ab516-2000-e811-9414-f0921c16b9e5,0.21095890410958903,0.0,76
9,340ab516-2000-e811-9414-f0921c16b9e5,0.2136986301369863,0.0,77
9,340ab516-2000-e811-9414-f0921c16b9e5,0.21643835616438356,0.0,78
9,340ab516-2000-e811-9414-f0921c16b9e5,0.2191780821917808,0.0,79
9,340ab516-2000-e811-9414-f0921c16b9e5,0.2219178082191781,0.0,80
9,340ab516-2000-e811-9414-f0921c16b9e5,0.22465753424657534,0.0,81
9,340ab516-2000-e811-9414-f0921c16b9e5,0.2273972602739726,0.0,82
9,340ab516-2000-e811-9414-f0921c16b9e5,0.23013698630136986,0.0,83
9,340ab516-2000-e811-9414-f0921c16b9e5,0.2328767123287671,0.0,84
9,340ab516-2000-e811-9414-f0921c16b9e5,0.2356164383561644,0.0,85
9,340ab516-2000-e811-9414-f0921c16b9e5,0.23835616438356164,0.0,86
9,340ab516-2000-e811-9414-f0921c16b9e5,0.2410958904109589,0.0,87
9,340ab516-2000-e811-9414-f0921c16b9e5,0.24383561643835616,0.0,88
9,340ab516-2000-e811-9414-f0921c16b9e5,0.2465753424657534,0.0,89
10,ba335b10-2000-e811-9414-f0921c16b9e5,0.0027397260273972603,0.0,0
10,ba335b10-2000-e811-9414-f0921c16b9e5,0.005479452054794521,0.0005000000237487,1
10,ba335b10-2000-e811-9414-f0921c16b9e5,0.00821917808219178,0.0005000000237487,2
10,ba335b10-2000-e811-9414-f0921c16b9e5,0.010958904109589041,0.00089999998454,3
10,ba335b10-2000-e811-9414-f0921c16b9e5,0.0136986301369863,0.001900000032037,4
10,ba335b10-2000-e811-9414-f0921c16b9e5,0.01643835616438356,0.003199999919161,5
10,ba335b10-2000-e811-9414-f0921c16b9e5,0.019178082191780823,0.004900000058115,6
10,ba335b10-2000-e811-9414-f0921c16b9e5,0.021917808219178082,0.006599999964237,7
10,ba335b10-2000-e811-9414-f0921c16b9e5,0.024657534246575342,0.009800000116229,8
10,ba335b10-2000-e811-9414-f0921c16b9e5,0.0273972602739726,0.01499999966472,9
10,ba335b10-2000-e811-9414-f0921c16b9e5,0.030136986301369864,0.02280000038445,10
10,ba335b10-2000-e811-9414-f0921c16b9e5,0.03287671232876712,0.03440000116825,11
10,ba335b10-2000-e811-9414-f0921c16b9e5,0.03561643835616438,0.0456000007689,12
10,ba335b10-2000-e811-9414-f0921c16b9e5,0.038356164383561646,0.06499999761581,13
10,ba335b10-2000-e811-9414-f0921c16b9e5,0.0410958904109589,0.09679999947548,14
10,ba335b10-2000-e811-9414-f0921c16b9e5,0.043835616438356165,0.1330000013113,15
10,ba335b10-2000-e811-9414-f0921c16b9e5,0.04657534246575343,0.1761000007391,16
10,ba335b10-2000-e811-9414-f0921c16b9e5,0.049315068493150684,0.2239000052214,17
10,ba335b10-2000-e811-9414-f0921c16b9e5,0.052054794520547946,0.2671000063419,18
10,ba335b10-2000-e811-9414-f0921c16b9e5,0.0547945205479452,0.3054000139236,19
10,ba335b10-2000-e811-9414-f0921c16b9e5,0.057534246575342465,0.3289000093937,20
10,ba335b10-2000-e811-9414-f0921c16b9e5,0.06027397260273973,0.3330999910831,21
10,ba335b10-2000-e811-9414-f0921c16b9e5,0.06301369863013699,0.3253999948502,22
10,ba335b10-2000-e811-9414-f0921c16b9e5,0.06575342465753424,0.2964000105858,23
10,ba335b10-2000-e811-9414-f0921c16b9e5,0.0684931506849315,0.2657999992371,24
10,ba335b10-2000-e811-9414-f0921c16b9e5,0.07123287671232877,0.236599996686,25
10,ba335b10-2000-e811-9414-f0921c16b9e5,0.07397260273972603,0.2097000032663,26
10,ba335b10-2000-e811-9414-f0921c16b9e5,0.07671232876712329,0.1762000024319,27
10,ba335b10-2000-e811-9414-f0921c16b9e5,0.07945205479452055,0.1500999927521,28
10,ba335b10-2000-e811-9414-f0921c16b9e5,0.0821917808219178,0.1284999996424,29
10,ba335b10-2000-e811-9414-f0921c16b9e5,0.08493150684931507,0.1058999970555,30
10,ba335b10-2000-e811-9414-f0921c16b9e5,0.08767123287671233,0.09000000357628,31
10,ba335b10-2000-e811-9414-f0921c16b9e5,0.09041095890410959,0.07460000365973,32
10,ba335b10-2000-e811-9414-f0921c16b9e5,0.09315068493150686,0.06289999932051,33
10,ba335b10-2000-e811-9414-f0921c16b9e5,0.0958904109589041,0.05290000140667,34
10,ba335b10-2000-e811-9414-f0921c16b9e5,0.09863013698630137,0.04360000044107,35
10,ba335b10-2000-e811-9414-f0921c16b9e5,0.10136986301369863,0.03469999879599,36
10,ba335b10-2000-e811-9414-f0921c16b9e5,0.10410958904109589,0.02710000053048,37
10,ba335b10-2000-e811-9414-f0921c16b9e5,0.10684931506849316,0.02290000021458,38
10,ba335b10-2000-e811-9414-f0921c16b9e5,0.1095890410958904,0.0194000005722,39
10,ba335b10-2000-e811-9414-f0921c16b9e5,0.11232876712328767,0.01590000092983,40
10,ba335b10-2000-e811-9414-f0921c16b9e5,0.11506849315068493,0.01379999984056,41
10,ba335b10-2000-e811-9414-f0921c16b9e5,0.1178082191780822,0.0113000003621,42
10,ba335b10-2000-e811-9414-f0921c16b9e5,0.12054794520547946,0.009300000034273,43
10,ba335b10-2000-e811-9414-f0921c16b9e5,0.1232876712328767,0.006699999794364,44
10,ba335b10-2000-e811-9414-f0921c16b9e5,0.12602739726027398,0.005299999844283,45
10,ba335b10-2000-e811-9414-f0921c16b9e5,0.12876712328767123,0.004199999850243,46
10,ba335b10-2000-e811-9414-f0921c16b9e5,0.13150684931506848,0.003500000108033,47
10,ba335b10-2000-e811-9414-f0921c16b9e5,0.13424657534246576,0.002799999900162,48
10,ba335b10-2000-e811-9414-f0921c16b9e5,0.136986301369863,0.002199999988079,49
10,ba335b10-2000-e811-9414-f0921c16b9e5,0.13972602739726028,0.001399999950081,50
10,ba335b10-2000-e811-9414-f0921c16b9e5,0.14246575342465753,0.001300000003539,51
10,ba335b10-2000-e811-9414-f0921c16b9e5,0.14520547945205478,0.001000000047497,52
10,ba335b10-2000-e811-9414-f0921c16b9e5,0.14794520547945206,0.00089999998454,53
10,ba335b10-2000-e811-9414-f0921c16b9e5,0.1506849315068493,0.00089999998454,54
10,ba335b10-2000-e811-9414-f0921c16b9e5,0.15342465753424658,0.0005000000237487,55
10,ba335b10-2000-e811-9414-f0921c16b9e5,0.15616438356164383,0.0003000000142492,56
10,ba335b10-2000-e811-9414-f0921c16b9e5,0.1589041095890411,0.0003000000142492,57
10,ba335b10-2000-e811-9414-f0921c16b9e5,0.16164383561643836,0.0001999999949476,58
10,ba335b10-2000-e811-9414-f0921c16b9e5,0.1643835616438356,0.0001999999949476,59
10,ba335b10-2000-e811-9414-f0921c16b9e5,0.16712328767123288,9.999999747379e-05,60
10,ba335b10-2000-e811-9414-f0921c16b9e5,0.16986301369863013,0.0,61
10,ba335b10-2000-e811-9414-f0921c16b9e5,0.1726027397260274,0.0,62
10,ba335b10-2000-e811-9414-f0921c16b9e5,0.17534246575342466,0.0,63
10,ba335b10-2000-e811-9414-f0921c16b9e5,0.1780821917808219,0.0,64
10,ba335b10-2000-e811-9414-f0921c16b9e5,0.18082191780821918,0.0,65
10,ba335b10-2000-e811-9414-f0921c16b9e5,0.18356164383561643,0.0,66
10,ba335b10-2000-e811-9414-f0921c16b9e5,0.1863013698630137,0.0,67
10,ba335b10-2000-e811-9414-f0921c16b9e5,0.18904109589041096,0.0,68
10,ba335b10-2000-e811-9414-f0921c16b9e5,0.1917808219178082,0.0,69
10,ba335b10-2000-e811-9414-f0921c16b9e5,0.19452054794520549,0.0,70
10,ba335b10-2000-e811-9414-f0921c16b9e5,0.19726027397260273,0.0,71
10,ba335b10-2000-e811-9414-f0921c16b9e5,0.2,0.0,72
10,ba335b10-2000-e811-9414-f0921c16b9e5,0.20273972602739726,0.0,73
10,ba335b10-2000-e811-9414-f0921c16b9e5,0.2054794520547945,0.0,74
10,ba335b10-2000-e811-9414-f0921c16b9e5,0.20821917808219179,0.0,75
10,ba335b10-2000-e811-9414-f0921c16b9e5,0.21095890410958903,0.0,76
10,ba335b10-2000-e811-9414-f0921c16b9e5,0.2136986301369863,0.0,77
10,ba335b10-2000-e811-9414-f0921c16b9e5,0.21643835616438356,0.0,78
10,ba335b10-2000-e811-9414-f0921c16b9e5,0.2191780821917808,0.0,79
10,ba335b10-2000-e811-9414-f0921c16b9e5,0.2219178082191781,0.0,80
10,ba335b10-2000-e811-9414-f0921c16b9e5,0.22465753424657534,0.0,81
10,ba335b10-2000-e811-9414-f0921c16b9e5,0.2273972602739726,0.0,82
10,ba335b10-2000-e811-9414-f0921c16b9e5,0.23013698630136986,0.0,83
10,ba335b10-2000-e811-9414-f0921c16b9e5,0.2328767123287671,0.0,84
10,ba335b10-2000-e811-9414-f0921c16b9e5,0.2356164383561644,0.0,85
10,ba335b10-2000-e811-9414-f0921c16b9e5,0.23835616438356164,0.0,86
10,ba335b10-2000-e811-9414-f0921c16b9e5,0.2410958904109589,0.0,87
10,ba335b10-2000-e811-9414-f0921c16b9e5,0.24383561643835616,0.0,88
10,ba335b10-2000-e811-9414-f0921c16b9e5,0.2465753424657534,0.0,89
11,b9335b10-2000-e811-9414-f0921c16b9e5,0.0027397260273972603,0.0,0
11,b9335b10-2000-e811-9414-f0921c16b9e5,0.005479452054794521,0.0003999999898952,1
11,b9335b10-2000-e811-9414-f0921c16b9e5,0.00821917808219178,0.00089999998454,2
11,b9335b10-2000-e811-9414-f0921c16b9e5,0.010958904109589041,0.001000000047497,3
11,b9335b10-2000-e811-9414-f0921c16b9e5,0.0136986301369863,0.002199999988079,4
11,b9335b10-2000-e811-9414-f0921c16b9e5,0.01643835616438356,0.003000000026077,5
11,b9335b10-2000-e811-9414-f0921c16b9e5,0.019178082191780823,0.003800000064075,6
11,b9335b10-2000-e811-9414-f0921c16b9e5,0.021917808219178082,0.005400000140071,7
11,b9335b10-2000-e811-9414-f0921c16b9e5,0.024657534246575342,0.00870000012219,8
11,b9335b10-2000-e811-9414-f0921c16b9e5,0.0273972602739726,0.01420000009239,9
11,b9335b10-2000-e811-9414-f0921c16b9e5,0.030136986301369864,0.01950000040233,10
11,b9335b10-2000-e811-9414-f0921c16b9e5,0.03287671232876712,0.02679999917746,11
11,b9335b10-2000-e811-9414-f0921c16b9e5,0.03561643835616438,0.04190000146627,12
11,b9335b10-2000-e811-9414-f0921c16b9e5,0.038356164383561646,0.06100000068545,13
11,b9335b10-2000-e811-9414-f0921c16b9e5,0.0410958904109589,0.09030000120401,14
11,b9335b10-2000-e811-9414-f0921c16b9e5,0.043835616438356165,0.1289999932051,15
11,b9335b10-2000-e811-9414-f0921c16b9e5,0.04657534246575343,0.1828999966383,16
11,b9335b10-2000-e811-9414-f0921c16b9e5,0.049315068493150684,0.2432000041008,17
11,b9335b10-2000-e811-9414-f0921c16b9e5,0.052054794520547946,0.3077000081539,18
11,b9335b10-2000-e811-9414-f0921c16b9e5,0.0547945205479452,0.3671999871731,19
11,b9335b10-2000-e811-9414-f0921c16b9e5,0.057534246575342465,0.4133999943733,20
11,b9335b10-2000-e811-9414-f0921c16b9e5,0.06027397260273973,0.4480000138283,21
11,b9335b10-2000-e811-9414-f0921c16b9e5,0.06301369863013699,0.456200003624,22
11,b9335b10-2000-e811-9414-f0921c16b9e5,0.06575342465753424,0.4413999915123,23
11,b9335b10-2000-e811-9414-f0921c16b9e5,0.0684931506849315,0.4133000075817,24
11,b9335b10-2000-e811-9414-f0921c16b9e5,0.07123287671232877,0.3774999976158,25
11,b9335b10-2000-e811-9414-f0921c16b9e5,0.07397260273972603,0.3458999991417,26
11,b9335b10-2000-e811-9414-f0921c16b9e5,0.07671232876712329,0.3091000020504,27
11,b9335b10-2000-e811-9414-f0921c16b9e5,0.07945205479452055,0.27349999547,28
11,b9335b10-2000-e811-9414-f0921c16b9e5,0.0821917808219178,0.2404000014067,29
11,b9335b10-2000-e811-9414-f0921c16b9e5,0.08493150684931507,0.2090999931097,30
11,b9335b10-2000-e811-9414-f0921c16b9e5,0.08767123287671233,0.1815000027418,31
11,b9335b10-2000-e811-9414-f0921c16b9e5,0.09041095890410959,0.1592999994755,32
11,b9335b10-2000-e811-9414-f0921c16b9e5,0.09315068493150686,0.1415999978781,33
11,b9335b10-2000-e811-9414-f0921c16b9e5,0.0958904109589041,0.1218999996781,34
11,b9335b10-2000-e811-9414-f0921c16b9e5,0.09863013698630137,0.1068999990821,35
11,b9335b10-2000-e811-9414-f0921c16b9e5,0.10136986301369863,0.09229999780655,36
11,b9335b10-2000-e811-9414-f0921c16b9e5,0.10410958904109589,0.08250000327826,37
11,b9335b10-2000-e811-9414-f0921c16b9e5,0.10684931506849316,0.06949999928474,38
11,b9335b10-2000-e811-9414-f0921c16b9e5,0.1095890410958904,0.05909999832511,39
11,b9335b10-2000-e811-9414-f0921c16b9e5,0.11232876712328767,0.05079999938607,40
11,b9335b10-2000-e811-9414-f0921c16b9e5,0.11506849315068493,0.04410000145435,41
11,b9335b10-2000-e811-9414-f0921c16b9e5,0.1178082191780822,0.0384000018239,42
11,b9335b10-2000-e811-9414-f0921c16b9e5,0.12054794520547946,0.03299999982119,43
11,b9335b10-2000-e811-9414-f0921c16b9e5,0.1232876712328767,0.02779999934137,44
11,b9335b10-2000-e811-9414-f0921c16b9e5,0.12602739726027398,0.02419999986887,45
11,b9335b10-2000-e811-9414-f0921c16b9e5,0.12876712328767123,0.0207000002265,46
11,b9335b10-2000-e811-9414-f0921c16b9e5,0.13150684931506848,0.01820000074804,47
11,b9335b10-2000-e811-9414-f0921c16b9e5,0.13424657534246576,0.01610000059009,48
11,b9335b10-2000-e811-9414-f0921c16b9e5,0.136986301369863,0.0132999997586,49
11,b9335b10-2000-e811-9414-f0921c16b9e5,0.13972602739726028,0.01059999968857,50
11,b9335b10-2000-e811-9414-f0921c16b9e5,0.14246575342465753,0.008799999952316,51
11,b9335b10-2000-e811-9414-f0921c16b9e5,0.14520547945205478,0.00719999987632,52
11,b9335b10-2000-e811-9414-f0921c16b9e5,0.14794520547945206,0.006300000008196,53
11,b9335b10-2000-e811-9414-f0921c16b9e5,0.1506849315068493,0.005100000184029,54
11,b9335b10-2000-e811-9414-f0921c16b9e5,0.15342465753424658,0.0046999999322,55
11,b9335b10-2000-e811-9414-f0921c16b9e5,0.15616438356164383,0.00400000018999,56
11,b9335b10-2000-e811-9414-f0921c16b9e5,0.1589041095890411,0.003400000045076,57
11,b9335b10-2000-e811-9414-f0921c16b9e5,0.16164383561643836,0.002799999900162,58
11,b9335b10-2000-e811-9414-f0921c16b9e5,0.1643835616438356,0.002600000007078,59
11,b9335b10-2000-e811-9414-f0921c16b9e5,0.16712328767123288,0.002300000051036,60
11,b9335b10-2000-e811-9414-f0921c16b9e5,0.16986301369863013,0.00179999996908,61
11,b9335b10-2000-e811-9414-f0921c16b9e5,0.1726027397260274,0.00109999999404,62
11,b9335b10-2000-e811-9414-f0921c16b9e5,0.17534246575342466,0.001000000047497,63
11,b9335b10-2000-e811-9414-f0921c16b9e5,0.1780821917808219,0.00089999998454,64
11,b9335b10-2000-e811-9414-f0921c16b9e5,0.18082191780821918,0.001000000047497,65
11,b9335b10-2000-e811-9414-f0921c16b9e5,0.18356164383561643,0.001000000047497,66
11,b9335b10-2000-e811-9414-f0921c16b9e5,0.1863013698630137,0.001000000047497,67
11,b9335b10-2000-e811-9414-f0921c16b9e5,0.18904109589041096,0.0007999999797903,68
11,b9335b10-2000-e811-9414-f0921c16b9e5,0.1917808219178082,0.0006000000284985,69
11,b9335b10-2000-e811-9414-f0921c16b9e5,0.19452054794520549,0.0003999999898952,70
11,b9335b10-2000-e811-9414-f0921c16b9e5,0.19726027397260273,0.0005000000237487,71
11,b9335b10-2000-e811-9414-f0921c16b9e5,0.2,0.0003999999898952,72
11,b9335b10-2000-e811-9414-f0921c16b9e5,0.20273972602739726,0.0003999999898952,73
11,b9335b10-2000-e811-9414-f0921c16b9e5,0.2054794520547945,0.0003000000142492,74
11,b9335b10-2000-e811-9414-f0921c16b9e5,0.20821917808219179,0.0001999999949476,75
11,b9335b10-2000-e811-9414-f0921c16b9e5,0.21095890410958903,0.0001999999949476,76
11,b9335b10-2000-e811-9414-f0921c16b9e5,0.2136986301369863,9.999999747379e-05,77
11,b9335b10-2000-e811-9414-f0921c16b9e5,0.21643835616438356,0.0001999999949476,78
11,b9335b10-2000-e811-9414-f0921c16b9e5,0.2191780821917808,9.999999747379e-05,79
11,b9335b10-2000-e811-9414-f0921c16b9e5,0.2219178082191781,9.999999747379e-05,80
11,b9335b10-2000-e811-9414-f0921c16b9e5,0.22465753424657534,9.999999747379e-05,81
11,b9335b10-2000-e811-9414-f0921c16b9e5,0.2273972602739726,9.999999747379e-05,82
11,b9335b10-2000-e811-9414-f0921c16b9e5,0.23013698630136986,9.999999747379e-05,83
11,b9335b10-2000-e811-9414-f0921c16b9e5,0.2328767123287671,9.999999747379e-05,84
11,b9335b10-2000-e811-9414-f0921c16b9e5,0.2356164383561644,9.999999747379e-05,85
11,b9335b10-2000-e811-9414-f0921c16b9e5,0.23835616438356164,9.999999747379e-05,86
11,b9335b10-2000-e811-9414-f0921c16b9e5,0.2410958904109589,9.999999747379e-05,87
11,b9335b10-2000-e811-9414-f0921c16b9e5,0.24383561643835616,9.999999747379e-05,88
11,b9335b10-2000-e811-9414-f0921c16b9e5,0.2465753424657534,9.999999747379e-05,89
12,b7335b10-2000-e811-9414-f0921c16b9e5,0.0027397260273972603,0.0,0
12,b7335b10-2000-e811-9414-f0921c16b9e5,0.005479452054794521,0.0005000000237487,1
12,b7335b10-2000-e811-9414-f0921c16b9e5,0.00821917808219178,0.00089999998454,2
12,b7335b10-2000-e811-9414-f0921c16b9e5,0.010958904109589041,0.001700000022538,3
12,b7335b10-2000-e811-9414-f0921c16b9e5,0.0136986301369863,0.003500000108033,4
12,b7335b10-2000-e811-9414-f0921c16b9e5,0.01643835616438356,0.005599999800324,5
12,b7335b10-2000-e811-9414-f0921c16b9e5,0.019178082191780823,0.01240000035614,6
12,b7335b10-2000-e811-9414-f0921c16b9e5,0.021917808219178082,0.02219999954104,7
12,b7335b10-2000-e811-9414-f0921c16b9e5,0.024657534246575342,0.04109999909997,8
12,b7335b10-2000-e811-9414-f0921c16b9e5,0.0273972602739726,0.07660000026226,9
12,b7335b10-2000-e811-9414-f0921c16b9e5,0.030136986301369864,0.1374000012875,10
12,b7335b10-2000-e811-9414-f0921c16b9e5,0.03287671232876712,0.2330999970436,11
12,b7335b10-2000-e811-9414-f0921c16b9e5,0.03561643835616438,0.3564999997616,12
12,b7335b10-2000-e811-9414-f0921c16b9e5,0.038356164383561646,0.4921000003815,13
12,b7335b10-2000-e811-9414-f0921c16b9e5,0.0410958904109589,0.5996999740601,14
12,b7335b10-2000-e811-9414-f0921c16b9e5,0.043835616438356165,0.6406000256538,15
12,b7335b10-2000-e811-9414-f0921c16b9e5,0.04657534246575343,0.6327999830246,16
12,b7335b10-2000-e811-9414-f0921c16b9e5,0.049315068493150684,0.5859000086784,17
12,b7335b10-2000-e811-9414-f0921c16b9e5,0.052054794520547946,0.5343000292778,18
12,b7335b10-2000-e811-9414-f0921c16b9e5,0.0547945205479452,0.4824000000954,19
12,b7335b10-2000-e811-9414-f0921c16b9e5,0.057534246575342465,0.4336000084877,20
12,b7335b10-2000-e811-9414-f0921c16b9e5,0.06027397260273973,0.3820999860764,21
12,b7335b10-2000-e811-9414-f0921c16b9e5,0.06301369863013699,0.3398999869823,22
12,b7335b10-2000-e811-9414-f0921c16b9e5,0.06575342465753424,0.2996000051498,23
12,b7335b10-2000-e811-9414-f0921c16b9e5,0.0684931506849315,0.2646999955177,24
12,b7335b10-2000-e811-9414-f0921c16b9e5,0.07123287671232877,0.2338999956846,25
12,b7335b10-2000-e811-9414-f0921c16b9e5,0.07397260273972603,0.2069000005722,26
12,b7335b10-2000-e811-9414-f0921c16b9e5,0.07671232876712329,0.1832000017166,27
12,b7335b10-2000-e811-9414-f0921c16b9e5,0.07945205479452055,0.1624999940395,28
12,b7335b10-2000-e811-9414-f0921c16b9e5,0.0821917808219178,0.1421000063419,29
12,b7335b10-2000-e811-9414-f0921c16b9e5,0.08493150684931507,0.1254000067711,30
12,b7335b10-2000-e811-9414-f0921c16b9e5,0.08767123287671233,0.1111999973655,31
12,b7335b10-2000-e811-9414-f0921c16b9e5,0.09041095890410959,0.09780000150204,32
12,b7335b10-2000-e811-9414-f0921c16b9e5,0.09315068493150686,0.08449999988079,33
12,b7335b10-2000-e811-9414-f0921c16b9e5,0.0958904109589041,0.07460000365973,34
12,b7335b10-2000-e811-9414-f0921c16b9e5,0.09863013698630137,0.06499999761581,35
12,b7335b10-2000-e811-9414-f0921c16b9e5,0.10136986301369863,0.05790000036359,36
12,b7335b10-2000-e811-9414-f0921c16b9e5,0.10410958904109589,0.05090000107884,37
12,b7335b10-2000-e811-9414-f0921c16b9e5,0.10684931506849316,0.04580000042915,38
12,b7335b10-2000-e811-9414-f0921c16b9e5,0.1095890410958904,0.0417999997735,39
12,b7335b10-2000-e811-9414-f0921c16b9e5,0.11232876712328767,0.0375999994576,40
12,b7335b10-2000-e811-9414-f0921c16b9e5,0.11506849315068493,0.03240000084043,41
12,b7335b10-2000-e811-9414-f0921c16b9e5,0.1178082191780822,0.02910000085831,42
12,b7335b10-2000-e811-9414-f0921c16b9e5,0.12054794520547946,0.02529999986291,43
12,b7335b10-2000-e811-9414-f0921c16b9e5,0.1232876712328767,0.02199999988079,44
12,b7335b10-2000-e811-9414-f0921c16b9e5,0.12602739726027398,0.01889999955893,45
12,b7335b10-2000-e811-9414-f0921c16b9e5,0.12876712328767123,0.01630000025034,46
12,b7335b10-2000-e811-9414-f0921c16b9e5,0.13150684931506848,0.01480000000447,47
12,b7335b10-2000-e811-9414-f0921c16b9e5,0.13424657534246576,0.0132999997586,48
12,b7335b10-2000-e811-9414-f0921c16b9e5,0.136986301369863,0.01180000044405,49
12,b7335b10-2000-e811-9414-f0921c16b9e5,0.13972602739726028,0.01049999985844,50
12,b7335b10-2000-e811-9414-f0921c16b9e5,0.14246575342465753,0.009200000204146,51
12,b7335b10-2000-e811-9414-f0921c16b9e5,0.14520547945205478,0.00829999987036,52
12,b7335b10-2000-e811-9414-f0921c16b9e5,0.14794520547945206,0.00760000012815,53
12,b7335b10-2000-e811-9414-f0921c16b9e5,0.1506849315068493,0.006399999838322,54
12,b7335b10-2000-e811-9414-f0921c16b9e5,0.15342465753424658,0.005299999844283,55
12,b7335b10-2000-e811-9414-f0921c16b9e5,0.15616438356164383,0.004800000227988,56
12,b7335b10-2000-e811-9414-f0921c16b9e5,0.1589041095890411,0.004399999976158,57
12,b7335b10-2000-e811-9414-f0921c16b9e5,0.16164383561643836,0.00359999993816,58
12,b7335b10-2000-e811-9414-f0921c16b9e5,0.1643835616438356,0.003100000089034,59
12,b7335b10-2000-e811-9414-f0921c16b9e5,0.16712328767123288,0.002799999900162,60
12,b7335b10-2000-e811-9414-f0921c16b9e5,0.16986301369863013,0.002300000051036,61
12,b7335b10-2000-e811-9414-f0921c16b9e5,0.1726027397260274,0.001900000032037,62
12,b7335b10-2000-e811-9414-f0921c16b9e5,0.17534246575342466,0.001599999959581,63
12,b7335b10-2000-e811-9414-f0921c16b9e5,0.1780821917808219,0.001300000003539,64
12,b7335b10-2000-e811-9414-f0921c16b9e5,0.18082191780821918,0.001000000047497,65
12,b7335b10-2000-e811-9414-f0921c16b9e5,0.18356164383561643,0.0007999999797903,66
12,b7335b10-2000-e811-9414-f0921c16b9e5,0.1863013698630137,0.0007999999797903,67
12,b7335b10-2000-e811-9414-f0921c16b9e5,0.18904109589041096,0.0007999999797903,68
12,b7335b10-2000-e811-9414-f0921c16b9e5,0.1917808219178082,0.0007999999797903,69
12,b7335b10-2000-e811-9414-f0921c16b9e5,0.19452054794520549,0.0006999999750406,70
12,b7335b10-2000-e811-9414-f0921c16b9e5,0.19726027397260273,0.0006000000284985,71
12,b7335b10-2000-e811-9414-f0921c16b9e5,0.2,0.0005000000237487,72
12,b7335b10-2000-e811-9414-f0921c16b9e5,0.20273972602739726,0.0003999999898952,73
12,b7335b10-2000-e811-9414-f0921c16b9e5,0.2054794520547945,0.0003000000142492,74
12,b7335b10-2000-e811-9414-f0921c16b9e5,0.20821917808219179,0.0003000000142492,75
12,b7335b10-2000-e811-9414-f0921c16b9e5,0.21095890410958903,0.0003000000142492,76
12,b7335b10-2000-e811-9414-f0921c16b9e5,0.2136986301369863,0.0003000000142492,77
12,b7335b10-2000-e811-9414-f0921c16b9e5,0.21643835616438356,0.0001999999949476,78
12,b7335b10-2000-e811-9414-f0921c16b9e5,0.2191780821917808,0.0001999999949476,79
12,b7335b10-2000-e811-9414-f0921c16b9e5,0.2219178082191781,0.0001999999949476,80
12,b7335b10-2000-e811-9414-f0921c16b9e5,0.22465753424657534,0.0001999999949476,81
12,b7335b10-2000-e811-9414-f0921c16b9e5,0.2273972602739726,0.0001999999949476,82
12,b7335b10-2000-e811-9414-f0921c16b9e5,0.23013698630136986,0.0001999999949476,83
12,b7335b10-2000-e811-9414-f0921c16b9e5,0.2328767123287671,9.999999747379e-05,84
12,b7335b10-2000-e811-9414-f0921c16b9e5,0.2356164383561644,9.999999747379e-05,85
12,b7335b10-2000-e811-9414-f0921c16b9e5,0.23835616438356164,9.999999747379e-05,86
12,b7335b10-2000-e811-9414-f0921c16b9e5,0.2410958904109589,9.999999747379e-05,87
12,b7335b10-2000-e811-9414-f0921c16b9e5,0.24383561643835616,9.999999747379e-05,88
12,b7335b10-2000-e811-9414-f0921c16b9e5,0.2465753424657534,9.999999747379e-05,89
13,b6335b10-2000-e811-9414-f0921c16b9e5,0.0027397260273972603,0.0,0
13,b6335b10-2000-e811-9414-f0921c16b9e5,0.005479452054794521,0.0006000000284985,1
13,b6335b10-2000-e811-9414-f0921c16b9e5,0.00821917808219178,0.00089999998454,2
13,b6335b10-2000-e811-9414-f0921c16b9e5,0.010958904109589041,0.001200000056997,3
13,b6335b10-2000-e811-9414-f0921c16b9e5,0.0136986301369863,0.002000000094995,4
13,b6335b10-2000-e811-9414-f0921c16b9e5,0.01643835616438356,0.002300000051036,5
13,b6335b10-2000-e811-9414-f0921c16b9e5,0.019178082191780823,0.003500000108033,6
13,b6335b10-2000-e811-9414-f0921c16b9e5,0.021917808219178082,0.005200000014156,7
13,b6335b10-2000-e811-9414-f0921c16b9e5,0.024657534246575342,0.007300000172108,8
13,b6335b10-2000-e811-9414-f0921c16b9e5,0.0273972602739726,0.01020000036806,9
13,b6335b10-2000-e811-9414-f0921c16b9e5,0.030136986301369864,0.0148999998346,10
13,b6335b10-2000-e811-9414-f0921c16b9e5,0.03287671232876712,0.02119999937713,11
13,b6335b10-2000-e811-9414-f0921c16b9e5,0.03561643835616438,0.03119999915361,12
13,b6335b10-2000-e811-9414-f0921c16b9e5,0.038356164383561646,0.04540000110865,13
13,b6335b10-2000-e811-9414-f0921c16b9e5,0.0410958904109589,0.06549999862909,14
13,b6335b10-2000-e811-9414-f0921c16b9e5,0.043835616438356165,0.09309999644756,15
13,b6335b10-2000-e811-9414-f0921c16b9e5,0.04657534246575343,0.1254000067711,16
13,b6335b10-2000-e811-9414-f0921c16b9e5,0.049315068493150684,0.1668999940157,17
13,b6335b10-2000-e811-9414-f0921c16b9e5,0.052054794520547946,0.2152000069618,18
13,b6335b10-2000-e811-9414-f0921c16b9e5,0.0547945205479452,0.2621000111103,19
13,b6335b10-2000-e811-9414-f0921c16b9e5,0.057534246575342465,0.2992999851704,20
13,b6335b10-2000-e811-9414-f0921c16b9e5,0.06027397260273973,0.3287000060081,21
13,b6335b10-2000-e811-9414-f0921c16b9e5,0.06301369863013699,0.33599999547,22
13,b6335b10-2000-e811-9414-f0921c16b9e5,0.06575342465753424,0.323500007391,23
13,b6335b10-2000-e811-9414-f0921c16b9e5,0.0684931506849315,0.305999994278,24
13,b6335b10-2000-e811-9414-f0921c16b9e5,0.07123287671232877,0.2786999940872,25
13,b6335b10-2000-e811-9414-f0921c16b9e5,0.07397260273972603,0.2513000071049,26
13,b6335b10-2000-e811-9414-f0921c16b9e5,0.07671232876712329,0.2192000001669,27
13,b6335b10-2000-e811-9414-f0921c16b9e5,0.07945205479452055,0.1871999949217,28
13,b6335b10-2000-e811-9414-f0921c16b9e5,0.0821917808219178,0.1564999967813,29
13,b6335b10-2000-e811-9414-f0921c16b9e5,0.08493150684931507,0.131500005722,30
13,b6335b10-2000-e811-9414-f0921c16b9e5,0.08767123287671233,0.1094999983907,31
13,b6335b10-2000-e811-9414-f0921c16b9e5,0.09041095890410959,0.09089999645948,32
13,b6335b10-2000-e811-9414-f0921c16b9e5,0.09315068493150686,0.07410000264645,33
13,b6335b10-2000-e811-9414-f0921c16b9e5,0.0958904109589041,0.06019999831915,34
13,b6335b10-2000-e811-9414-f0921c16b9e5,0.09863013698630137,0.04949999973178,35
13,b6335b10-2000-e811-9414-f0921c16b9e5,0.10136986301369863,0.0434999987483,36
13,b6335b10-2000-e811-9414-f0921c16b9e5,0.10410958904109589,0.03649999946356,37
13,b6335b10-2000-e811-9414-f0921c16b9e5,0.10684931506849316,0.03009999915957,38
13,b6335b10-2000-e811-9414-f0921c16b9e5,0.1095890410958904,0.02370000071824,39
13,b6335b10-2000-e811-9414-f0921c16b9e5,0.11232876712328767,0.02019999921322,40
13,b6335b10-2000-e811-9414-f0921c16b9e5,0.11506849315068493,0.01810000091791,41
13,b6335b10-2000-e811-9414-f0921c16b9e5,0.1178082191780822,0.01439999975264,42
13,b6335b10-2000-e811-9414-f0921c16b9e5,0.12054794520547946,0.01190000027418,43
13,b6335b10-2000-e811-9414-f0921c16b9e5,0.1232876712328767,0.009999999776483,44
13,b6335b10-2000-e811-9414-f0921c16b9e5,0.12602739726027398,0.008100000210106,45
13,b6335b10-2000-e811-9414-f0921c16b9e5,0.12876712328767123,0.00789999961853,46
13,b6335b10-2000-e811-9414-f0921c16b9e5,0.13150684931506848,0.006599999964237,47
13,b6335b10-2000-e811-9414-f0921c16b9e5,0.13424657534246576,0.004999999888241,48
13,b6335b10-2000-e811-9414-f0921c16b9e5,0.136986301369863,0.00400000018999,49
13,b6335b10-2000-e811-9414-f0921c16b9e5,0.13972602739726028,0.003299999982119,50
13,b6335b10-2000-e811-9414-f0921c16b9e5,0.14246575342465753,0.002600000007078,51
13,b6335b10-2000-e811-9414-f0921c16b9e5,0.14520547945205478,0.002600000007078,52
13,b6335b10-2000-e811-9414-f0921c16b9e5,0.14794520547945206,0.002300000051036,53
13,b6335b10-2000-e811-9414-f0921c16b9e5,0.1506849315068493,0.002099999925122,54
13,b6335b10-2000-e811-9414-f0921c16b9e5,0.15342465753424658,0.001900000032037,55
13,b6335b10-2000-e811-9414-f0921c16b9e5,0.15616438356164383,0.001900000032037,56
13,b6335b10-2000-e811-9414-f0921c16b9e5,0.1589041095890411,0.001900000032037,57
13,b6335b10-2000-e811-9414-f0921c16b9e5,0.16164383561643836,0.001300000003539,58
13,b6335b10-2000-e811-9414-f0921c16b9e5,0.1643835616438356,0.001000000047497,59
13,b6335b10-2000-e811-9414-f0921c16b9e5,0.16712328767123288,0.001000000047497,60
13,b6335b10-2000-e811-9414-f0921c16b9e5,0.16986301369863013,0.0006999999750406,61
13,b6335b10-2000-e811-9414-f0921c16b9e5,0.1726027397260274,0.0006000000284985,62
13,b6335b10-2000-e811-9414-f0921c16b9e5,0.17534246575342466,0.0006000000284985,63
13,b6335b10-2000-e811-9414-f0921c16b9e5,0.1780821917808219,0.0006000000284985,64
13,b6335b10-2000-e811-9414-f0921c16b9e5,0.18082191780821918,0.0006999999750406,65
13,b6335b10-2000-e811-9414-f0921c16b9e5,0.18356164383561643,0.0005000000237487,66
13,b6335b10-2000-e811-9414-f0921c16b9e5,0.1863013698630137,0.0005000000237487,67
13,b6335b10-2000-e811-9414-f0921c16b9e5,0.18904109589041096,0.0003000000142492,68
13,b6335b10-2000-e811-9414-f0921c16b9e5,0.1917808219178082,0.0001999999949476,69
13,b6335b10-2000-e811-9414-f0921c16b9e5,0.19452054794520549,9.999999747379e-05,70
13,b6335b10-2000-e811-9414-f0921c16b9e5,0.19726027397260273,9.999999747379e-05,71
13,b6335b10-2000-e811-9414-f0921c16b9e5,0.2,9.999999747379e-05,72
13,b6335b10-2000-e811-9414-f0921c16b9e5,0.20273972602739726,9.999999747379e-05,73
13,b6335b10-2000-e811-9414-f0921c16b9e5,0.2054794520547945,9.999999747379e-05,74
13,b6335b10-2000-e811-9414-f0921c16b9e5,0.20821917808219179,9.999999747379e-05,75
13,b6335b10-2000-e811-9414-f0921c16b9e5,0.21095890410958903,9.999999747379e-05,76
13,b6335b10-2000-e811-9414-f0921c16b9e5,0.2136986301369863,0.0001999999949476,77
13,b6335b10-2000-e811-9414-f0921c16b9e5,0.21643835616438356,0.0003000000142492,78
13,b6335b10-2000-e811-9414-f0921c16b9e5,0.2191780821917808,9.999999747379e-05,79
13,b6335b10-2000-e811-9414-f0921c16b9e5,0.2219178082191781,9.999999747379e-05,80
13,b6335b10-2000-e811-9414-f0921c16b9e5,0.22465753424657534,0.0,81
13,b6335b10-2000-e811-9414-f0921c16b9e5,0.2273972602739726,0.0,82
13,b6335b10-2000-e811-9414-f0921c16b9e5,0.23013698630136986,0.0,83
13,b6335b10-2000-e811-9414-f0921c16b9e5,0.2328767123287671,0.0,84
13,b6335b10-2000-e811-9414-f0921c16b9e5,0.2356164383561644,0.0,85
13,b6335b10-2000-e811-9414-f0921c16b9e5,0.23835616438356164,0.0,86
13,b6335b10-2000-e811-9414-f0921c16b9e5,0.2410958904109589,0.0,87
13,b6335b10-2000-e811-9414-f0921c16b9e5,0.24383561643835616,0.0,88
13,b6335b10-2000-e811-9414-f0921c16b9e5,0.2465753424657534,0.0,89
14,b5335b10-2000-e811-9414-f0921c16b9e5,0.0027397260273972603,0.0,0
14,b5335b10-2000-e811-9414-f0921c16b9e5,0.005479452054794521,0.0005000000237487,1
14,b5335b10-2000-e811-9414-f0921c16b9e5,0.00821917808219178,0.0006999999750406,2
14,b5335b10-2000-e811-9414-f0921c16b9e5,0.010958904109589041,0.00109999999404,3
14,b5335b10-2000-e811-9414-f0921c16b9e5,0.0136986301369863,0.001900000032037,4
14,b5335b10-2000-e811-9414-f0921c16b9e5,0.01643835616438356,0.002700000070035,5
14,b5335b10-2000-e811-9414-f0921c16b9e5,0.019178082191780823,0.003899999894202,6
14,b5335b10-2000-e811-9414-f0921c16b9e5,0.021917808219178082,0.005400000140071,7
14,b5335b10-2000-e811-9414-f0921c16b9e5,0.024657534246575342,0.00800000037998,8
14,b5335b10-2000-e811-9414-f0921c16b9e5,0.0273972602739726,0.01250000018626,9
14,b5335b10-2000-e811-9414-f0921c16b9e5,0.030136986301369864,0.01810000091791,10
14,b5335b10-2000-e811-9414-f0921c16b9e5,0.03287671232876712,0.02690000087023,11
14,b5335b10-2000-e811-9414-f0921c16b9e5,0.03561643835616438,0.0430999994278,12
14,b5335b10-2000-e811-9414-f0921c16b9e5,0.038356164383561646,0.06520000100136,13
14,b5335b10-2000-e811-9414-f0921c16b9e5,0.0410958904109589,0.09839999675751,14
14,b5335b10-2000-e811-9414-f0921c16b9e5,0.043835616438356165,0.1401000022888,15
14,b5335b10-2000-e811-9414-f0921c16b9e5,0.04657534246575343,0.1995999962091,16
14,b5335b10-2000-e811-9414-f0921c16b9e5,0.049315068493150684,0.2680999934673,17
14,b5335b10-2000-e811-9414-f0921c16b9e5,0.052054794520547946,0.3406000137329,18
14,b5335b10-2000-e811-9414-f0921c16b9e5,0.0547945205479452,0.4065000116825,19
14,b5335b10-2000-e811-9414-f0921c16b9e5,0.057534246575342465,0.446799993515,20
14,b5335b10-2000-e811-9414-f0921c16b9e5,0.06027397260273973,0.4702000021935,21
14,b5335b10-2000-e811-9414-f0921c16b9e5,0.06301369863013699,0.4665000140667,22
14,b5335b10-2000-e811-9414-f0921c16b9e5,0.06575342465753424,0.4420000016689,23
14,b5335b10-2000-e811-9414-f0921c16b9e5,0.0684931506849315,0.4075999855995,24
14,b5335b10-2000-e811-9414-f0921c16b9e5,0.07123287671232877,0.3682999908924,25
14,b5335b10-2000-e811-9414-f0921c16b9e5,0.07397260273972603,0.3222000002861,26
14,b5335b10-2000-e811-9414-f0921c16b9e5,0.07671232876712329,0.2842999994755,27
14,b5335b10-2000-e811-9414-f0921c16b9e5,0.07945205479452055,0.2511000037193,28
14,b5335b10-2000-e811-9414-f0921c16b9e5,0.0821917808219178,0.220400005579,29
14,b5335b10-2000-e811-9414-f0921c16b9e5,0.08493150684931507,0.1914999932051,30
14,b5335b10-2000-e811-9414-f0921c16b9e5,0.08767123287671233,0.1676999926567,31
14,b5335b10-2000-e811-9414-f0921c16b9e5,0.09041095890410959,0.1472000032663,32
14,b5335b10-2000-e811-9414-f0921c16b9e5,0.09315068493150686,0.1244999989867,33
14,b5335b10-2000-e811-9414-f0921c16b9e5,0.0958904109589041,0.1063999980688,34
14,b5335b10-2000-e811-9414-f0921c16b9e5,0.09863013698630137,0.09170000255108,35
14,b5335b10-2000-e811-9414-f0921c16b9e5,0.10136986301369863,0.0802000015974,36
14,b5335b10-2000-e811-9414-f0921c16b9e5,0.10410958904109589,0.06809999793768,37
14,b5335b10-2000-e811-9414-f0921c16b9e5,0.10684931506849316,0.05860000103712,38
14,b5335b10-2000-e811-9414-f0921c16b9e5,0.1095890410958904,0.05020000040531,39
14,b5335b10-2000-e811-9414-f0921c16b9e5,0.11232876712328767,0.04340000078082,40
14,b5335b10-2000-e811-9414-f0921c16b9e5,0.11506849315068493,0.03680000081658,41
14,b5335b10-2000-e811-9414-f0921c16b9e5,0.1178082191780822,0.03189999982715,42
14,b5335b10-2000-e811-9414-f0921c16b9e5,0.12054794520547946,0.02710000053048,43
14,b5335b10-2000-e811-9414-f0921c16b9e5,0.1232876712328767,0.02349999919534,44
14,b5335b10-2000-e811-9414-f0921c16b9e5,0.12602739726027398,0.02080000005662,45
14,b5335b10-2000-e811-9414-f0921c16b9e5,0.12876712328767123,0.01810000091791,46
14,b5335b10-2000-e811-9414-f0921c16b9e5,0.13150684931506848,0.01460000034422,47
14,b5335b10-2000-e811-9414-f0921c16b9e5,0.13424657534246576,0.01240000035614,48
14,b5335b10-2000-e811-9414-f0921c16b9e5,0.136986301369863,0.01049999985844,49
14,b5335b10-2000-e811-9414-f0921c16b9e5,0.13972602739726028,0.00899999961257,50
14,b5335b10-2000-e811-9414-f0921c16b9e5,0.14246575342465753,0.007499999832362,51
14,b5335b10-2000-e811-9414-f0921c16b9e5,0.14520547945205478,0.006099999882281,52
14,b5335b10-2000-e811-9414-f0921c16b9e5,0.14794520547945206,0.005200000014156,53
14,b5335b10-2000-e811-9414-f0921c16b9e5,0.1506849315068493,0.004499999806285,54
14,b5335b10-2000-e811-9414-f0921c16b9e5,0.15342465753424658,0.003700000001118,55
14,b5335b10-2000-e811-9414-f0921c16b9e5,0.15616438356164383,0.003199999919161,56
14,b5335b10-2000-e811-9414-f0921c16b9e5,0.1589041095890411,0.002799999900162,57
14,b5335b10-2000-e811-9414-f0921c16b9e5,0.16164383561643836,0.002300000051036,58
14,b5335b10-2000-e811-9414-f0921c16b9e5,0.1643835616438356,0.002000000094995,59
14,b5335b10-2000-e811-9414-f0921c16b9e5,0.16712328767123288,0.001900000032037,60
14,b5335b10-2000-e811-9414-f0921c16b9e5,0.16986301369863013,0.00179999996908,61
14,b5335b10-2000-e811-9414-f0921c16b9e5,0.1726027397260274,0.001399999950081,62
14,b5335b10-2000-e811-9414-f0921c16b9e5,0.17534246575342466,0.001300000003539,63
14,b5335b10-2000-e811-9414-f0921c16b9e5,0.1780821917808219,0.001200000056997,64
14,b5335b10-2000-e811-9414-f0921c16b9e5,0.18082191780821918,0.001000000047497,65
14,b5335b10-2000-e811-9414-f0921c16b9e5,0.18356164383561643,0.00089999998454,66
14,b5335b10-2000-e811-9414-f0921c16b9e5,0.1863013698630137,0.00089999998454,67
14,b5335b10-2000-e811-9414-f0921c16b9e5,0.18904109589041096,0.0006000000284985,68
14,b5335b10-2000-e811-9414-f0921c16b9e5,0.1917808219178082,0.0006000000284985,69
14,b5335b10-2000-e811-9414-f0921c16b9e5,0.19452054794520549,0.0006000000284985,70
14,b5335b10-2000-e811-9414-f0921c16b9e5,0.19726027397260273,0.0006000000284985,71
14,b5335b10-2000-e811-9414-f0921c16b9e5,0.2,0.0006000000284985,72
14,b5335b10-2000-e811-9414-f0921c16b9e5,0.20273972602739726,0.0003999999898952,73
14,b5335b10-2000-e811-9414-f0921c16b9e5,0.2054794520547945,0.0003999999898952,74
14,b5335b10-2000-e811-9414-f0921c16b9e5,0.20821917808219179,0.0003999999898952,75
14,b5335b10-2000-e811-9414-f0921c16b9e5,0.21095890410958903,0.0003000000142492,76
14,b5335b10-2000-e811-9414-f0921c16b9e5,0.2136986301369863,0.0001999999949476,77
14,b5335b10-2000-e811-9414-f0921c16b9e5,0.21643835616438356,9.999999747379e-05,78
14,b5335b10-2000-e811-9414-f0921c16b9e5,0.2191780821917808,9.999999747379e-05,79
14,b5335b10-2000-e811-9414-f0921c16b9e5,0.2219178082191781,9.999999747379e-05,80
14,b5335b10-2000-e811-9414-f0921c16b9e5,0.22465753424657534,9.999999747379e-05,81
14,b5335b10-2000-e811-9414-f0921c16b9e5,0.2273972602739726,9.999999747379e-05,82
14,b5335b10-2000-e811-9414-f0921c16b9e5,0.23013698630136986,9.999999747379e-05,83
14,b5335b10-2000-e811-9414-f0921c16b9e5,0.2328767123287671,9.999999747379e-05,84
14,b5335b10-2000-e811-9414-f0921c16b9e5,0.2356164383561644,9.999999747379e-05,85
14,b5335b10-2000-e811-9414-f0921c16b9e5,0.23835616438356164,9.999999747379e-05,86
14,b5335b10-2000-e811-9414-f0921c16b9e5,0.2410958904109589,0.0,87
14,b5335b10-2000-e811-9414-f0921c16b9e5,0.24383561643835616,0.0,88
14,b5335b10-2000-e811-9414-f0921c16b9e5,0.2465753424657534,0.0,89
15,b4335b10-2000-e811-9414-f0921c16b9e5,0.0027397260273972603,0.0,0
15,b4335b10-2000-e811-9414-f0921c16b9e5,0.005479452054794521,0.0007999999797903,1
15,b4335b10-2000-e811-9414-f0921c16b9e5,0.00821917808219178,0.001300000003539,2
15,b4335b10-2000-e811-9414-f0921c16b9e5,0.010958904109589041,0.002600000007078,3
15,b4335b10-2000-e811-9414-f0921c16b9e5,0.0136986301369863,0.004100000020117,4
15,b4335b10-2000-e811-9414-f0921c16b9e5,0.01643835616438356,0.006200000178069,5
15,b4335b10-2000-e811-9414-f0921c16b9e5,0.019178082191780823,0.0113000003621,6
15,b4335b10-2000-e811-9414-f0921c16b9e5,0.021917808219178082,0.01720000058413,7
15,b4335b10-2000-e811-9414-f0921c16b9e5,0.024657534246575342,0.0249000005424,8
15,b4335b10-2000-e811-9414-f0921c16b9e5,0.0273972602739726,0.0375999994576,9
15,b4335b10-2000-e811-9414-f0921c16b9e5,0.030136986301369864,0.0566000007093,10
15,b4335b10-2000-e811-9414-f0921c16b9e5,0.03287671232876712,0.0878000035882,11
15,b4335b10-2000-e811-9414-f0921c16b9e5,0.03561643835616438,0.1256999969482,12
15,b4335b10-2000-e811-9414-f0921c16b9e5,0.038356164383561646,0.1766999959946,13
15,b4335b10-2000-e811-9414-f0921c16b9e5,0.0410958904109589,0.227300003171,14
15,b4335b10-2000-e811-9414-f0921c16b9e5,0.043835616438356165,0.2727999985218,15
15,b4335b10-2000-e811-9414-f0921c16b9e5,0.04657534246575343,0.3045000135899,16
15,b4335b10-2000-e811-9414-f0921c16b9e5,0.049315068493150684,0.319000005722,17
15,b4335b10-2000-e811-9414-f0921c16b9e5,0.052054794520547946,0.3163999915123,18
15,b4335b10-2000-e811-9414-f0921c16b9e5,0.0547945205479452,0.2951000034809,19
15,b4335b10-2000-e811-9414-f0921c16b9e5,0.057534246575342465,0.2635000050068,20
15,b4335b10-2000-e811-9414-f0921c16b9e5,0.06027397260273973,0.2259999960661,21
15,b4335b10-2000-e811-9414-f0921c16b9e5,0.06301369863013699,0.1886000037193,22
15,b4335b10-2000-e811-9414-f0921c16b9e5,0.06575342465753424,0.1565999984741,23
15,b4335b10-2000-e811-9414-f0921c16b9e5,0.0684931506849315,0.1252000033855,24
15,b4335b10-2000-e811-9414-f0921c16b9e5,0.07123287671232877,0.1036000028253,25
15,b4335b10-2000-e811-9414-f0921c16b9e5,0.07397260273972603,0.08269999921322,26
15,b4335b10-2000-e811-9414-f0921c16b9e5,0.07671232876712329,0.06669999659061,27
15,b4335b10-2000-e811-9414-f0921c16b9e5,0.07945205479452055,0.05370000004768,28
15,b4335b10-2000-e811-9414-f0921c16b9e5,0.0821917808219178,0.04540000110865,29
15,b4335b10-2000-e811-9414-f0921c16b9e5,0.08493150684931507,0.03720000013709,30
15,b4335b10-2000-e811-9414-f0921c16b9e5,0.08767123287671233,0.02899999916553,31
15,b4335b10-2000-e811-9414-f0921c16b9e5,0.09041095890410959,0.02449999935925,32
15,b4335b10-2000-e811-9414-f0921c16b9e5,0.09315068493150686,0.01979999989271,33
15,b4335b10-2000-e811-9414-f0921c16b9e5,0.0958904109589041,0.01630000025034,34
15,b4335b10-2000-e811-9414-f0921c16b9e5,0.09863013698630137,0.01290000043809,35
15,b4335b10-2000-e811-9414-f0921c16b9e5,0.10136986301369863,0.01009999960661,36
15,b4335b10-2000-e811-9414-f0921c16b9e5,0.10410958904109589,0.007300000172108,37
15,b4335b10-2000-e811-9414-f0921c16b9e5,0.10684931506849316,0.005599999800324,38
15,b4335b10-2000-e811-9414-f0921c16b9e5,0.1095890410958904,0.004100000020117,39
15,b4335b10-2000-e811-9414-f0921c16b9e5,0.11232876712328767,0.003199999919161,40
15,b4335b10-2000-e811-9414-f0921c16b9e5,0.11506849315068493,0.001900000032037,41
15,b4335b10-2000-e811-9414-f0921c16b9e5,0.1178082191780822,0.001399999950081,42
15,b4335b10-2000-e811-9414-f0921c16b9e5,0.12054794520547946,0.00109999999404,43
15,b4335b10-2000-e811-9414-f0921c16b9e5,0.1232876712328767,0.00109999999404,44
15,b4335b10-2000-e811-9414-f0921c16b9e5,0.12602739726027398,0.0006000000284985,45
15,b4335b10-2000-e811-9414-f0921c16b9e5,0.12876712328767123,0.0006000000284985,46
15,b4335b10-2000-e811-9414-f0921c16b9e5,0.13150684931506848,0.0006000000284985,47
15,b4335b10-2000-e811-9414-f0921c16b9e5,0.13424657534246576,0.0005000000237487,48
15,b4335b10-2000-e811-9414-f0921c16b9e5,0.136986301369863,0.0005000000237487,49
15,b4335b10-2000-e811-9414-f0921c16b9e5,0.13972602739726028,0.0005000000237487,50
15,b4335b10-2000-e811-9414-f0921c16b9e5,0.14246575342465753,0.0003999999898952,51
15,b4335b10-2000-e811-9414-f0921c16b9e5,0.14520547945205478,0.0005000000237487,52
15,b4335b10-2000-e811-9414-f0921c16b9e5,0.14794520547945206,0.0005000000237487,53
15,b4335b10-2000-e811-9414-f0921c16b9e5,0.1506849315068493,0.0006000000284985,54
15,b4335b10-2000-e811-9414-f0921c16b9e5,0.15342465753424658,0.0005000000237487,55
15,b4335b10-2000-e811-9414-f0921c16b9e5,0.15616438356164383,0.0005000000237487,56
15,b4335b10-2000-e811-9414-f0921c16b9e5,0.1589041095890411,0.0005000000237487,57
15,b4335b10-2000-e811-9414-f0921c16b9e5,0.16164383561643836,0.0003000000142492,58
15,b4335b10-2000-e811-9414-f0921c16b9e5,0.1643835616438356,0.0003000000142492,59
15,b4335b10-2000-e811-9414-f0921c16b9e5,0.16712328767123288,9.999999747379e-05,60
15,b4335b10-2000-e811-9414-f0921c16b9e5,0.16986301369863013,0.0,61
15,b4335b10-2000-e811-9414-f0921c16b9e5,0.1726027397260274,0.0,62
15,b4335b10-2000-e811-9414-f0921c16b9e5,0.17534246575342466,0.0,63
15,b4335b10-2000-e811-9414-f0921c16b9e5,0.1780821917808219,0.0,64
15,b4335b10-2000-e811-9414-f0921c16b9e5,0.18082191780821918,0.0,65
15,b4335b10-2000-e811-9414-f0921c16b9e5,0.18356164383561643,0.0,66
15,b4335b10-2000-e811-9414-f0921c16b9e5,0.1863013698630137,0.0,67
15,b4335b10-2000-e811-9414-f0921c16b9e5,0.18904109589041096,0.0,68
15,b4335b10-2000-e811-9414-f0921c16b9e5,0.1917808219178082,0.0,69
15,b4335b10-2000-e811-9414-f0921c16b9e5,0.19452054794520549,0.0,70
15,b4335b10-2000-e811-9414-f0921c16b9e5,0.19726027397260273,0.0,71
15,b4335b10-2000-e811-9414-f0921c16b9e5,0.2,0.0,72
15,b4335b10-2000-e811-9414-f0921c16b9e5,0.20273972602739726,0.0,73
15,b4335b10-2000-e811-9414-f0921c16b9e5,0.2054794520547945,0.0,74
15,b4335b10-2000-e811-9414-f0921c16b9e5,0.20821917808219179,0.0,75
15,b4335b10-2000-e811-9414-f0921c16b9e5,0.21095890410958903,0.0,76
15,b4335b10-2000-e811-9414-f0921c16b9e5,0.2136986301369863,0.0,77
15,b4335b10-2000-e811-9414-f0921c16b9e5,0.21643835616438356,0.0,78
15,b4335b10-2000-e811-9414-f0921c16b9e5,0.2191780821917808,0.0,79
15,b4335b10-2000-e811-9414-f0921c16b9e5,0.2219178082191781,0.0,80
15,b4335b10-2000-e811-9414-f0921c16b9e5,0.22465753424657534,0.0,81
15,b4335b10-2000-e811-9414-f0921c16b9e5,0.2273972602739726,0.0,82
15,b4335b10-2000-e811-9414-f0921c16b9e5,0.23013698630136986,0.0,83
15,b4335b10-2000-e811-9414-f0921c16b9e5,0.2328767123287671,0.0,84
15,b4335b10-2000-e811-9414-f0921c16b9e5,0.2356164383561644,0.0,85
15,b4335b10-2000-e811-9414-f0921c16b9e5,0.23835616438356164,0.0,86
15,b4335b10-2000-e811-9414-f0921c16b9e5,0.2410958904109589,0.0,87
15,b4335b10-2000-e811-9414-f0921c16b9e5,0.24383561643835616,0.0,88
15,b4335b10-2000-e811-9414-f0921c16b9e5,0.2465753424657534,0.0,89
16,b3335b10-2000-e811-9414-f0921c16b9e5,0.0027397260273972603,0.0,0
16,b3335b10-2000-e811-9414-f0921c16b9e5,0.005479452054794521,0.00089999998454,1
16,b3335b10-2000-e811-9414-f0921c16b9e5,0.00821917808219178,0.001200000056997,2
16,b3335b10-2000-e811-9414-f0921c16b9e5,0.010958904109589041,0.002099999925122,3
16,b3335b10-2000-e811-9414-f0921c16b9e5,0.0136986301369863,0.0046999999322,4
16,b3335b10-2000-e811-9414-f0921c16b9e5,0.01643835616438356,0.008600000292063,5
16,b3335b10-2000-e811-9414-f0921c16b9e5,0.019178082191780823,0.01659999974072,6
16,b3335b10-2000-e811-9414-f0921c16b9e5,0.021917808219178082,0.03119999915361,7
16,b3335b10-2000-e811-9414-f0921c16b9e5,0.024657534246575342,0.05620000138879,8
16,b3335b10-2000-e811-9414-f0921c16b9e5,0.0273972602739726,0.09870000183582,9
16,b3335b10-2000-e811-9414-f0921c16b9e5,0.030136986301369864,0.1677999943495,10
16,b3335b10-2000-e811-9414-f0921c16b9e5,0.03287671232876712,0.2646000087261,11
16,b3335b10-2000-e811-9414-f0921c16b9e5,0.03561643835616438,0.3754000067711,12
16,b3335b10-2000-e811-9414-f0921c16b9e5,0.038356164383561646,0.4805000126362,13
16,b3335b10-2000-e811-9414-f0921c16b9e5,0.0410958904109589,0.5429000258446,14
16,b3335b10-2000-e811-9414-f0921c16b9e5,0.043835616438356165,0.553200006485,15
16,b3335b10-2000-e811-9414-f0921c16b9e5,0.04657534246575343,0.5248000025749,16
16,b3335b10-2000-e811-9414-f0921c16b9e5,0.049315068493150684,0.4697000086308,17
16,b3335b10-2000-e811-9414-f0921c16b9e5,0.052054794520547946,0.4156999886036,18
16,b3335b10-2000-e811-9414-f0921c16b9e5,0.0547945205479452,0.3619999885559,19
16,b3335b10-2000-e811-9414-f0921c16b9e5,0.057534246575342465,0.3097999989986,20
16,b3335b10-2000-e811-9414-f0921c16b9e5,0.06027397260273973,0.2698000073433,21
16,b3335b10-2000-e811-9414-f0921c16b9e5,0.06301369863013699,0.228900000453,22
16,b3335b10-2000-e811-9414-f0921c16b9e5,0.06575342465753424,0.1929000020027,23
16,b3335b10-2000-e811-9414-f0921c16b9e5,0.0684931506849315,0.1631000041962,24
16,b3335b10-2000-e811-9414-f0921c16b9e5,0.07123287671232877,0.1409000009298,25
16,b3335b10-2000-e811-9414-f0921c16b9e5,0.07397260273972603,0.1187999993563,26
16,b3335b10-2000-e811-9414-f0921c16b9e5,0.07671232876712329,0.1013000011444,27
16,b3335b10-2000-e811-9414-f0921c16b9e5,0.07945205479452055,0.0882999971509,28
16,b3335b10-2000-e811-9414-f0921c16b9e5,0.0821917808219178,0.0738999992609,29
16,b3335b10-2000-e811-9414-f0921c16b9e5,0.08493150684931507,0.06319999694824,30
16,b3335b10-2000-e811-9414-f0921c16b9e5,0.08767123287671233,0.05160000175238,31
16,b3335b10-2000-e811-9414-f0921c16b9e5,0.09041095890410959,0.04490000009537,32
16,b3335b10-2000-e811-9414-f0921c16b9e5,0.09315068493150686,0.03700000047684,33
16,b3335b10-2000-e811-9414-f0921c16b9e5,0.0958904109589041,0.03109999932349,34
16,b3335b10-2000-e811-9414-f0921c16b9e5,0.09863013698630137,0.02520000003278,35
16,b3335b10-2000-e811-9414-f0921c16b9e5,0.10136986301369863,0.02030000090599,36
16,b3335b10-2000-e811-9414-f0921c16b9e5,0.10410958904109589,0.01679999940097,37
16,b3335b10-2000-e811-9414-f0921c16b9e5,0.10684931506849316,0.01410000026226,38
16,b3335b10-2000-e811-9414-f0921c16b9e5,0.1095890410958904,0.01219999976456,39
16,b3335b10-2000-e811-9414-f0921c16b9e5,0.11232876712328767,0.01009999960661,40
16,b3335b10-2000-e811-9414-f0921c16b9e5,0.11506849315068493,0.00870000012219,41
16,b3335b10-2000-e811-9414-f0921c16b9e5,0.1178082191780822,0.007000000216067,42
16,b3335b10-2000-e811-9414-f0921c16b9e5,0.12054794520547946,0.006099999882281,43
16,b3335b10-2000-e811-9414-f0921c16b9e5,0.1232876712328767,0.005100000184029,44
16,b3335b10-2000-e811-9414-f0921c16b9e5,0.12602739726027398,0.004499999806285,45
16,b3335b10-2000-e811-9414-f0921c16b9e5,0.12876712328767123,0.003899999894202,46
16,b3335b10-2000-e811-9414-f0921c16b9e5,0.13150684931506848,0.003199999919161,47
16,b3335b10-2000-e811-9414-f0921c16b9e5,0.13424657534246576,0.002600000007078,48
16,b3335b10-2000-e811-9414-f0921c16b9e5,0.136986301369863,0.002099999925122,49
16,b3335b10-2000-e811-9414-f0921c16b9e5,0.13972602739726028,0.001599999959581,50
16,b3335b10-2000-e811-9414-f0921c16b9e5,0.14246575342465753,0.001200000056997,51
16,b3335b10-2000-e811-9414-f0921c16b9e5,0.14520547945205478,0.0006999999750406,52
16,b3335b10-2000-e811-9414-f0921c16b9e5,0.14794520547945206,0.0005000000237487,53
16,b3335b10-2000-e811-9414-f0921c16b9e5,0.1506849315068493,0.0003000000142492,54
16,b3335b10-2000-e811-9414-f0921c16b9e5,0.15342465753424658,0.0003000000142492,55
16,b3335b10-2000-e811-9414-f0921c16b9e5,0.15616438356164383,0.0003000000142492,56
16,b3335b10-2000-e811-9414-f0921c16b9e5,0.1589041095890411,0.0001999999949476,57
16,b3335b10-2000-e811-9414-f0921c16b9e5,0.16164383561643836,0.0001999999949476,58
16,b3335b10-2000-e811-9414-f0921c16b9e5,0.1643835616438356,0.0001999999949476,59
16,b3335b10-2000-e811-9414-f0921c16b9e5,0.16712328767123288,0.0001999999949476,60
16,b3335b10-2000-e811-9414-f0921c16b9e5,0.16986301369863013,0.0001999999949476,61
16,b3335b10-2000-e811-9414-f0921c16b9e5,0.1726027397260274,0.0001999999949476,62
16,b3335b10-2000-e811-9414-f0921c16b9e5,0.17534246575342466,9.999999747379e-05,63
16,b3335b10-2000-e811-9414-f0921c16b9e5,0.1780821917808219,9.999999747379e-05,64
16,b3335b10-2000-e811-9414-f0921c16b9e5,0.18082191780821918,9.999999747379e-05,65
16,b3335b10-2000-e811-9414-f0921c16b9e5,0.18356164383561643,9.999999747379e-05,66
16,b3335b10-2000-e811-9414-f0921c16b9e5,0.1863013698630137,9.999999747379e-05,67
16,b3335b10-2000-e811-9414-f0921c16b9e5,0.18904109589041096,9.999999747379e-05,68
16,b3335b10-2000-e811-9414-f0921c16b9e5,0.1917808219178082,9.999999747379e-05,69
16,b3335b10-2000-e811-9414-f0921c16b9e5,0.19452054794520549,9.999999747379e-05,70
16,b3335b10-2000-e811-9414-f0921c16b9e5,0.19726027397260273,9.999999747379e-05,71
16,b3335b10-2000-e811-9414-f0921c16b9e5,0.2,0.0,72
16,b3335b10-2000-e811-9414-f0921c16b9e5,0.20273972602739726,0.0,73
16,b3335b10-2000-e811-9414-f0921c16b9e5,0.2054794520547945,0.0,74
16,b3335b10-2000-e811-9414-f0921c16b9e5,0.20821917808219179,0.0,75
16,b3335b10-2000-e811-9414-f0921c16b9e5,0.21095890410958903,0.0,76
16,b3335b10-2000-e811-9414-f0921c16b9e5,0.2136986301369863,0.0,77
16,b3335b10-2000-e811-9414-f0921c16b9e5,0.21643835616438356,0.0,78
16,b3335b10-2000-e811-9414-f0921c16b9e5,0.2191780821917808,0.0,79
16,b3335b10-2000-e811-9414-f0921c16b9e5,0.2219178082191781,0.0,80
16,b3335b10-2000-e811-9414-f0921c16b9e5,0.22465753424657534,0.0,81
16,b3335b10-2000-e811-9414-f0921c16b9e5,0.2273972602739726,0.0,82
16,b3335b10-2000-e811-9414-f0921c16b9e5,0.23013698630136986,0.0,83
16,b3335b10-2000-e811-9414-f0921c16b9e5,0.2328767123287671,0.0,84
16,b3335b10-2000-e811-9414-f0921c16b9e5,0.2356164383561644,0.0,85
16,b3335b10-2000-e811-9414-f0921c16b9e5,0.23835616438356164,0.0,86
16,b3335b10-2000-e811-9414-f0921c16b9e5,0.2410958904109589,0.0,87
16,b3335b10-2000-e811-9414-f0921c16b9e5,0.24383561643835616,0.0,88
16,b3335b10-2000-e811-9414-f0921c16b9e5,0.2465753424657534,0.0,89
17,b2335b10-2000-e811-9414-f0921c16b9e5,0.0027397260273972603,0.0,0
17,b2335b10-2000-e811-9414-f0921c16b9e5,0.005479452054794521,0.0003000000142492,1
17,b2335b10-2000-e811-9414-f0921c16b9e5,0.00821917808219178,0.0001999999949476,2
17,b2335b10-2000-e811-9414-f0921c16b9e5,0.010958904109589041,0.0003000000142492,3
17,b2335b10-2000-e811-9414-f0921c16b9e5,0.0136986301369863,0.0006999999750406,4
17,b2335b10-2000-e811-9414-f0921c16b9e5,0.01643835616438356,0.001300000003539,5
17,b2335b10-2000-e811-9414-f0921c16b9e5,0.019178082191780823,0.001700000022538,6
17,b2335b10-2000-e811-9414-f0921c16b9e5,0.021917808219178082,0.002700000070035,7
17,b2335b10-2000-e811-9414-f0921c16b9e5,0.024657534246575342,0.004999999888241,8
17,b2335b10-2000-e811-9414-f0921c16b9e5,0.0273972602739726,0.007400000002235,9
17,b2335b10-2000-e811-9414-f0921c16b9e5,0.030136986301369864,0.0132999997586,10
17,b2335b10-2000-e811-9414-f0921c16b9e5,0.03287671232876712,0.02119999937713,11
17,b2335b10-2000-e811-9414-f0921c16b9e5,0.03561643835616438,0.03510000184178,12
17,b2335b10-2000-e811-9414-f0921c16b9e5,0.038356164383561646,0.05209999904037,13
17,b2335b10-2000-e811-9414-f0921c16b9e5,0.0410958904109589,0.0798000022769,14
17,b2335b10-2000-e811-9414-f0921c16b9e5,0.043835616438356165,0.1165999993682,15
17,b2335b10-2000-e811-9414-f0921c16b9e5,0.04657534246575343,0.1643999963999,16
17,b2335b10-2000-e811-9414-f0921c16b9e5,0.049315068493150684,0.2264000028372,17
17,b2335b10-2000-e811-9414-f0921c16b9e5,0.052054794520547946,0.2883000075817,18
17,b2335b10-2000-e811-9414-f0921c16b9e5,0.0547945205479452,0.3359000086784,19
17,b2335b10-2000-e811-9414-f0921c16b9e5,0.057534246575342465,0.3583999872208,20
17,b2335b10-2000-e811-9414-f0921c16b9e5,0.06027397260273973,0.3592000007629,21
17,b2335b10-2000-e811-9414-f0921c16b9e5,0.06301369863013699,0.3325999975204,22
17,b2335b10-2000-e811-9414-f0921c16b9e5,0.06575342465753424,0.2973000109196,23
17,b2335b10-2000-e811-9414-f0921c16b9e5,0.0684931506849315,0.2549999952316,24
17,b2335b10-2000-e811-9414-f0921c16b9e5,0.07123287671232877,0.2167000025511,25
17,b2335b10-2000-e811-9414-f0921c16b9e5,0.07397260273972603,0.1808000057936,26
17,b2335b10-2000-e811-9414-f0921c16b9e5,0.07671232876712329,0.1467999964952,27
17,b2335b10-2000-e811-9414-f0921c16b9e5,0.07945205479452055,0.1195999979973,28
17,b2335b10-2000-e811-9414-f0921c16b9e5,0.0821917808219178,0.09780000150204,29
17,b2335b10-2000-e811-9414-f0921c16b9e5,0.08493150684931507,0.07959999889135,30
17,b2335b10-2000-e811-9414-f0921c16b9e5,0.08767123287671233,0.06409999728203,31
17,b2335b10-2000-e811-9414-f0921c16b9e5,0.09041095890410959,0.04919999837875,32
17,b2335b10-2000-e811-9414-f0921c16b9e5,0.09315068493150686,0.03709999844432,33
17,b2335b10-2000-e811-9414-f0921c16b9e5,0.0958904109589041,0.03079999983311,34
17,b2335b10-2000-e811-9414-f0921c16b9e5,0.09863013698630137,0.02500000037253,35
17,b2335b10-2000-e811-9414-f0921c16b9e5,0.10136986301369863,0.01960000023246,36
17,b2335b10-2000-e811-9414-f0921c16b9e5,0.10410958904109589,0.01499999966472,37
17,b2335b10-2000-e811-9414-f0921c16b9e5,0.10684931506849316,0.01290000043809,38
17,b2335b10-2000-e811-9414-f0921c16b9e5,0.1095890410958904,0.01049999985844,39
17,b2335b10-2000-e811-9414-f0921c16b9e5,0.11232876712328767,0.007699999958277,40
17,b2335b10-2000-e811-9414-f0921c16b9e5,0.11506849315068493,0.006599999964237,41
17,b2335b10-2000-e811-9414-f0921c16b9e5,0.1178082191780822,0.005299999844283,42
17,b2335b10-2000-e811-9414-f0921c16b9e5,0.12054794520547946,0.004399999976158,43
17,b2335b10-2000-e811-9414-f0921c16b9e5,0.1232876712328767,0.00359999993816,44
17,b2335b10-2000-e811-9414-f0921c16b9e5,0.12602739726027398,0.00289999996312,45
17,b2335b10-2000-e811-9414-f0921c16b9e5,0.12876712328767123,0.002300000051036,46
17,b2335b10-2000-e811-9414-f0921c16b9e5,0.13150684931506848,0.00179999996908,47
17,b2335b10-2000-e811-9414-f0921c16b9e5,0.13424657534246576,0.001599999959581,48
17,b2335b10-2000-e811-9414-f0921c16b9e5,0.136986301369863,0.001000000047497,49
17,b2335b10-2000-e811-9414-f0921c16b9e5,0.13972602739726028,0.0006000000284985,50
17,b2335b10-2000-e811-9414-f0921c16b9e5,0.14246575342465753,0.0005000000237487,51
17,b2335b10-2000-e811-9414-f0921c16b9e5,0.14520547945205478,0.0005000000237487,52
17,b2335b10-2000-e811-9414-f0921c16b9e5,0.14794520547945206,0.0005000000237487,53
17,b2335b10-2000-e811-9414-f0921c16b9e5,0.1506849315068493,0.0003999999898952,54
17,b2335b10-2000-e811-9414-f0921c16b9e5,0.15342465753424658,0.0001999999949476,55
17,b2335b10-2000-e811-9414-f0921c16b9e5,0.15616438356164383,0.0001999999949476,56
17,b2335b10-2000-e811-9414-f0921c16b9e5,0.1589041095890411,0.0001999999949476,57
17,b2335b10-2000-e811-9414-f0921c16b9e5,0.16164383561643836,9.999999747379e-05,58
17,b2335b10-2000-e811-9414-f0921c16b9e5,0.1643835616438356,0.0,59
17,b2335b10-2000-e811-9414-f0921c16b9e5,0.16712328767123288,0.0,60
17,b2335b10-2000-e811-9414-f0921c16b9e5,0.16986301369863013,0.0,61
17,b2335b10-2000-e811-9414-f0921c16b9e5,0.1726027397260274,0.0,62
17,b2335b10-2000-e811-9414-f0921c16b9e5,0.17534246575342466,0.0,63
17,b2335b10-2000-e811-9414-f0921c16b9e5,0.1780821917808219,0.0,64
17,b2335b10-2000-e811-9414-f0921c16b9e5,0.18082191780821918,0.0,65
17,b2335b10-2000-e811-9414-f0921c16b9e5,0.18356164383561643,0.0,66
17,b2335b10-2000-e811-9414-f0921c16b9e5,0.1863013698630137,0.0,67
17,b2335b10-2000-e811-9414-f0921c16b9e5,0.18904109589041096,0.0,68
17,b2335b10-2000-e811-9414-f0921c16b9e5,0.1917808219178082,0.0,69
17,b2335b10-2000-e811-9414-f0921c16b9e5,0.19452054794520549,0.0,70
17,b2335b10-2000-e811-9414-f0921c16b9e5,0.19726027397260273,0.0,71
17,b2335b10-2000-e811-9414-f0921c16b9e5,0.2,0.0,72
17,b2335b10-2000-e811-9414-f0921c16b9e5,0.20273972602739726,0.0,73
17,b2335b10-2000-e811-9414-f0921c16b9e5,0.2054794520547945,0.0,74
17,b2335b10-2000-e811-9414-f0921c16b9e5,0.20821917808219179,0.0,75
17,b2335b10-2000-e811-9414-f0921c16b9e5,0.21095890410958903,0.0,76
17,b2335b10-2000-e811-9414-f0921c16b9e5,0.2136986301369863,0.0,77
17,b2335b10-2000-e811-9414-f0921c16b9e5,0.21643835616438356,0.0,78
17,b2335b10-2000-e811-9414-f0921c16b9e5,0.2191780821917808,0.0,79
17,b2335b10-2000-e811-9414-f0921c16b9e5,0.2219178082191781,0.0,80
17,b2335b10-2000-e811-9414-f0921c16b9e5,0.22465753424657534,0.0,81
17,b2335b10-2000-e811-9414-f0921c16b9e5,0.2273972602739726,0.0,82
17,b2335b10-2000-e811-9414-f0921c16b9e5,0.23013698630136986,0.0,83
17,b2335b10-2000-e811-9414-f0921c16b9e5,0.2328767123287671,0.0,84
17,b2335b10-2000-e811-9414-f0921c16b9e5,0.2356164383561644,0.0,85
17,b2335b10-2000-e811-9414-f0921c16b9e5,0.23835616438356164,0.0,86
17,b2335b10-2000-e811-9414-f0921c16b9e5,0.2410958904109589,0.0,87
17,b2335b10-2000-e811-9414-f0921c16b9e5,0.24383561643835616,0.0,88
17,b2335b10-2000-e811-9414-f0921c16b9e5,0.2465753424657534,0.0,89
18,b1335b10-2000-e811-9414-f0921c16b9e5,0.0027397260273972603,0.0,0
18,b1335b10-2000-e811-9414-f0921c16b9e5,0.005479452054794521,0.001200000056997,1
18,b1335b10-2000-e811-9414-f0921c16b9e5,0.00821917808219178,0.00179999996908,2
18,b1335b10-2000-e811-9414-f0921c16b9e5,0.010958904109589041,0.002799999900162,3
18,b1335b10-2000-e811-9414-f0921c16b9e5,0.0136986301369863,0.0046999999322,4
18,b1335b10-2000-e811-9414-f0921c16b9e5,0.01643835616438356,0.007100000046194,5
18,b1335b10-2000-e811-9414-f0921c16b9e5,0.019178082191780823,0.01109999977052,6
18,b1335b10-2000-e811-9414-f0921c16b9e5,0.021917808219178082,0.01779999956489,7
18,b1335b10-2000-e811-9414-f0921c16b9e5,0.024657534246575342,0.02940000034869,8
18,b1335b10-2000-e811-9414-f0921c16b9e5,0.0273972602739726,0.04500000178814,9
18,b1335b10-2000-e811-9414-f0921c16b9e5,0.030136986301369864,0.07230000197887,10
18,b1335b10-2000-e811-9414-f0921c16b9e5,0.03287671232876712,0.1093000024557,11
18,b1335b10-2000-e811-9414-f0921c16b9e5,0.03561643835616438,0.1596000045538,12
18,b1335b10-2000-e811-9414-f0921c16b9e5,0.038356164383561646,0.2300000041723,13
18,b1335b10-2000-e811-9414-f0921c16b9e5,0.0410958904109589,0.3131999969482,14
18,b1335b10-2000-e811-9414-f0921c16b9e5,0.043835616438356165,0.406199991703,15
18,b1335b10-2000-e811-9414-f0921c16b9e5,0.04657534246575343,0.4792000055313,16
18,b1335b10-2000-e811-9414-f0921c16b9e5,0.049315068493150684,0.5315999984741,17
18,b1335b10-2000-e811-9414-f0921c16b9e5,0.052054794520547946,0.5679000020027,18
18,b1335b10-2000-e811-9414-f0921c16b9e5,0.0547945205479452,0.5741000175476,19
18,b1335b10-2000-e811-9414-f0921c16b9e5,0.057534246575342465,0.5562999844551,20
18,b1335b10-2000-e811-9414-f0921c16b9e5,0.06027397260273973,0.5225999951363,21
18,b1335b10-2000-e811-9414-f0921c16b9e5,0.06301369863013699,0.4878000020981,22
18,b1335b10-2000-e811-9414-f0921c16b9e5,0.06575342465753424,0.4515999853611,23
18,b1335b10-2000-e811-9414-f0921c16b9e5,0.0684931506849315,0.412800014019,24
18,b1335b10-2000-e811-9414-f0921c16b9e5,0.07123287671232877,0.3779000043869,25
18,b1335b10-2000-e811-9414-f0921c16b9e5,0.07397260273972603,0.3449000120163,26
18,b1335b10-2000-e811-9414-f0921c16b9e5,0.07671232876712329,0.3151000142097,27
18,b1335b10-2000-e811-9414-f0921c16b9e5,0.07945205479452055,0.2852999866009,28
18,b1335b10-2000-e811-9414-f0921c16b9e5,0.0821917808219178,0.2585999965668,29
18,b1335b10-2000-e811-9414-f0921c16b9e5,0.08493150684931507,0.2337999939919,30
18,b1335b10-2000-e811-9414-f0921c16b9e5,0.08767123287671233,0.2120999991894,31
18,b1335b10-2000-e811-9414-f0921c16b9e5,0.09041095890410959,0.1922000050545,32
18,b1335b10-2000-e811-9414-f0921c16b9e5,0.09315068493150686,0.1743000000715,33
18,b1335b10-2000-e811-9414-f0921c16b9e5,0.0958904109589041,0.157100006938,34
18,b1335b10-2000-e811-9414-f0921c16b9e5,0.09863013698630137,0.1435000002384,35
18,b1335b10-2000-e811-9414-f0921c16b9e5,0.10136986301369863,0.1306000053883,36
18,b1335b10-2000-e811-9414-f0921c16b9e5,0.10410958904109589,0.1184000000358,37
18,b1335b10-2000-e811-9414-f0921c16b9e5,0.10684931506849316,0.1080999970436,38
18,b1335b10-2000-e811-9414-f0921c16b9e5,0.1095890410958904,0.09749999642372,39
18,b1335b10-2000-e811-9414-f0921c16b9e5,0.11232876712328767,0.08600000292063,40
18,b1335b10-2000-e811-9414-f0921c16b9e5,0.11506849315068493,0.07769999653101,41
18,b1335b10-2000-e811-9414-f0921c16b9e5,0.1178082191780822,0.0701000019908,42
18,b1335b10-2000-e811-9414-f0921c16b9e5,0.12054794520547946,0.06340000033379,43
18,b1335b10-2000-e811-9414-f0921c16b9e5,0.1232876712328767,0.05790000036359,44
18,b1335b10-2000-e811-9414-f0921c16b9e5,0.12602739726027398,0.05079999938607,45
18,b1335b10-2000-e811-9414-f0921c16b9e5,0.12876712328767123,0.0447999984026,46
18,b1335b10-2000-e811-9414-f0921c16b9e5,0.13150684931506848,0.03979999944568,47
18,b1335b10-2000-e811-9414-f0921c16b9e5,0.13424657534246576,0.03570000082254,48
18,b1335b10-2000-e811-9414-f0921c16b9e5,0.136986301369863,0.03170000016689,49
18,b1335b10-2000-e811-9414-f0921c16b9e5,0.13972602739726028,0.02889999933541,50
18,b1335b10-2000-e811-9414-f0921c16b9e5,0.14246575342465753,0.02600000053644,51
18,b1335b10-2000-e811-9414-f0921c16b9e5,0.14520547945205478,0.02329999953508,52
18,b1335b10-2000-e811-9414-f0921c16b9e5,0.14794520547945206,0.02140000090003,53
18,b1335b10-2000-e811-9414-f0921c16b9e5,0.1506849315068493,0.0194000005722,54
18,b1335b10-2000-e811-9414-f0921c16b9e5,0.15342465753424658,0.01759999990463,55
18,b1335b10-2000-e811-9414-f0921c16b9e5,0.15616438356164383,0.01630000025034,56
18,b1335b10-2000-e811-9414-f0921c16b9e5,0.1589041095890411,0.0148999998346,57
18,b1335b10-2000-e811-9414-f0921c16b9e5,0.16164383561643836,0.01339999958873,58
18,b1335b10-2000-e811-9414-f0921c16b9e5,0.1643835616438356,0.01250000018626,59
18,b1335b10-2000-e811-9414-f0921c16b9e5,0.16712328767123288,0.01109999977052,60
18,b1335b10-2000-e811-9414-f0921c16b9e5,0.16986301369863013,0.01030000019819,61
18,b1335b10-2000-e811-9414-f0921c16b9e5,0.1726027397260274,0.00899999961257,62
18,b1335b10-2000-e811-9414-f0921c16b9e5,0.17534246575342466,0.00800000037998,63
18,b1335b10-2000-e811-9414-f0921c16b9e5,0.1780821917808219,0.007300000172108,64
18,b1335b10-2000-e811-9414-f0921c16b9e5,0.18082191780821918,0.006899999920279,65
18,b1335b10-2000-e811-9414-f0921c16b9e5,0.18356164383561643,0.006000000052154,66
18,b1335b10-2000-e811-9414-f0921c16b9e5,0.1863013698630137,0.005400000140071,67
18,b1335b10-2000-e811-9414-f0921c16b9e5,0.18904109589041096,0.004800000227988,68
18,b1335b10-2000-e811-9414-f0921c16b9e5,0.1917808219178082,0.004600000102073,69
18,b1335b10-2000-e811-9414-f0921c16b9e5,0.19452054794520549,0.004300000146031,70
18,b1335b10-2000-e811-9414-f0921c16b9e5,0.19726027397260273,0.003700000001118,71
18,b1335b10-2000-e811-9414-f0921c16b9e5,0.2,0.003400000045076,72
18,b1335b10-2000-e811-9414-f0921c16b9e5,0.20273972602739726,0.003199999919161,73
18,b1335b10-2000-e811-9414-f0921c16b9e5,0.2054794520547945,0.002600000007078,74
18,b1335b10-2000-e811-9414-f0921c16b9e5,0.20821917808219179,0.002600000007078,75
18,b1335b10-2000-e811-9414-f0921c16b9e5,0.21095890410958903,0.002600000007078,76
18,b1335b10-2000-e811-9414-f0921c16b9e5,0.2136986301369863,0.002000000094995,77
18,b1335b10-2000-e811-9414-f0921c16b9e5,0.21643835616438356,0.001700000022538,78
18,b1335b10-2000-e811-9414-f0921c16b9e5,0.2191780821917808,0.001599999959581,79
18,b1335b10-2000-e811-9414-f0921c16b9e5,0.2219178082191781,0.001399999950081,80
18,b1335b10-2000-e811-9414-f0921c16b9e5,0.22465753424657534,0.001399999950081,81
18,b1335b10-2000-e811-9414-f0921c16b9e5,0.2273972602739726,0.001300000003539,82
18,b1335b10-2000-e811-9414-f0921c16b9e5,0.23013698630136986,0.001300000003539,83
18,b1335b10-2000-e811-9414-f0921c16b9e5,0.2328767123287671,0.00109999999404,84
18,b1335b10-2000-e811-9414-f0921c16b9e5,0.2356164383561644,0.00109999999404,85
18,b1335b10-2000-e811-9414-f0921c16b9e5,0.23835616438356164,0.0007999999797903,86
18,b1335b10-2000-e811-9414-f0921c16b9e5,0.2410958904109589,0.0005000000237487,87
18,b1335b10-2000-e811-9414-f0921c16b9e5,0.24383561643835616,0.0005000000237487,88
18,b1335b10-2000-e811-9414-f0921c16b9e5,0.2465753424657534,0.0003999999898952,89
19,b0335b10-2000-e811-9414-f0921c16b9e5,0.0027397260273972603,0.0,0
19,b0335b10-2000-e811-9414-f0921c16b9e5,0.005479452054794521,0.001000000047497,1
19,b0335b10-2000-e811-9414-f0921c16b9e5,0.00821917808219178,0.001700000022538,2
19,b0335b10-2000-e811-9414-f0921c16b9e5,0.010958904109589041,0.002300000051036,3
19,b0335b10-2000-e811-9414-f0921c16b9e5,0.0136986301369863,0.003199999919161,4
19,b0335b10-2000-e811-9414-f0921c16b9e5,0.01643835616438356,0.004600000102073,5
19,b0335b10-2000-e811-9414-f0921c16b9e5,0.019178082191780823,0.006200000178069,6
19,b0335b10-2000-e811-9414-f0921c16b9e5,0.021917808219178082,0.009100000374019,7
19,b0335b10-2000-e811-9414-f0921c16b9e5,0.024657534246575342,0.0136000001803,8
19,b0335b10-2000-e811-9414-f0921c16b9e5,0.0273972602739726,0.02080000005662,9
19,b0335b10-2000-e811-9414-f0921c16b9e5,0.030136986301369864,0.03189999982715,10
19,b0335b10-2000-e811-9414-f0921c16b9e5,0.03287671232876712,0.04399999976158,11
19,b0335b10-2000-e811-9414-f0921c16b9e5,0.03561643835616438,0.06369999796152,12
19,b0335b10-2000-e811-9414-f0921c16b9e5,0.038356164383561646,0.09560000151396,13
19,b0335b10-2000-e811-9414-f0921c16b9e5,0.0410958904109589,0.136000007391,14
19,b0335b10-2000-e811-9414-f0921c16b9e5,0.043835616438356165,0.1879999935627,15
19,b0335b10-2000-e811-9414-f0921c16b9e5,0.04657534246575343,0.2504000067711,16
19,b0335b10-2000-e811-9414-f0921c16b9e5,0.049315068493150684,0.3219000101089,17
19,b0335b10-2000-e811-9414-f0921c16b9e5,0.052054794520547946,0.3880000114441,18
19,b0335b10-2000-e811-9414-f0921c16b9e5,0.0547945205479452,0.4386999905109,19
19,b0335b10-2000-e811-9414-f0921c16b9e5,0.057534246575342465,0.4706000089645,20
19,b0335b10-2000-e811-9414-f0921c16b9e5,0.06027397260273973,0.487399995327,21
19,b0335b10-2000-e811-9414-f0921c16b9e5,0.06301369863013699,0.4837000072002,22
19,b0335b10-2000-e811-9414-f0921c16b9e5,0.06575342465753424,0.4661000072956,23
19,b0335b10-2000-e811-9414-f0921c16b9e5,0.0684931506849315,0.4422000050545,24
19,b0335b10-2000-e811-9414-f0921c16b9e5,0.07123287671232877,0.4097000062466,25
19,b0335b10-2000-e811-9414-f0921c16b9e5,0.07397260273972603,0.3716000020504,26
19,b0335b10-2000-e811-9414-f0921c16b9e5,0.07671232876712329,0.3357999920845,27
19,b0335b10-2000-e811-9414-f0921c16b9e5,0.07945205479452055,0.3030999898911,28
19,b0335b10-2000-e811-9414-f0921c16b9e5,0.0821917808219178,0.272000014782,29
19,b0335b10-2000-e811-9414-f0921c16b9e5,0.08493150684931507,0.2436999976635,30
19,b0335b10-2000-e811-9414-f0921c16b9e5,0.08767123287671233,0.2167000025511,31
19,b0335b10-2000-e811-9414-f0921c16b9e5,0.09041095890410959,0.1905999928713,32
19,b0335b10-2000-e811-9414-f0921c16b9e5,0.09315068493150686,0.1702000051737,33
19,b0335b10-2000-e811-9414-f0921c16b9e5,0.0958904109589041,0.1498000025749,34
19,b0335b10-2000-e811-9414-f0921c16b9e5,0.09863013698630137,0.1332000046968,35
19,b0335b10-2000-e811-9414-f0921c16b9e5,0.10136986301369863,0.1172999963164,36
19,b0335b10-2000-e811-9414-f0921c16b9e5,0.10410958904109589,0.1049000024796,37
19,b0335b10-2000-e811-9414-f0921c16b9e5,0.10684931506849316,0.09239999949932,38
19,b0335b10-2000-e811-9414-f0921c16b9e5,0.1095890410958904,0.08169999718666,39
19,b0335b10-2000-e811-9414-f0921c16b9e5,0.11232876712328767,0.07320000231266,40
19,b0335b10-2000-e811-9414-f0921c16b9e5,0.11506849315068493,0.06440000236034,41
19,b0335b10-2000-e811-9414-f0921c16b9e5,0.1178082191780822,0.05629999935627,42
19,b0335b10-2000-e811-9414-f0921c16b9e5,0.12054794520547946,0.0498000010848,43
19,b0335b10-2000-e811-9414-f0921c16b9e5,0.1232876712328767,0.04490000009537,44
19,b0335b10-2000-e811-9414-f0921c16b9e5,0.12602739726027398,0.03889999911189,45
19,b0335b10-2000-e811-9414-f0921c16b9e5,0.12876712328767123,0.0337999984622,46
19,b0335b10-2000-e811-9414-f0921c16b9e5,0.13150684931506848,0.02910000085831,47
19,b0335b10-2000-e811-9414-f0921c16b9e5,0.13424657534246576,0.02500000037253,48
19,b0335b10-2000-e811-9414-f0921c16b9e5,0.136986301369863,0.02170000039041,49
19,b0335b10-2000-e811-9414-f0921c16b9e5,0.13972602739726028,0.01950000040233,50
19,b0335b10-2000-e811-9414-f0921c16b9e5,0.14246575342465753,0.01730000041425,51
19,b0335b10-2000-e811-9414-f0921c16b9e5,0.14520547945205478,0.01449999958277,52
19,b0335b10-2000-e811-9414-f0921c16b9e5,0.14794520547945206,0.01279999967664,53
19,b0335b10-2000-e811-9414-f0921c16b9e5,0.1506849315068493,0.01140000019222,54
19,b0335b10-2000-e811-9414-f0921c16b9e5,0.15342465753424658,0.01009999960661,55
19,b0335b10-2000-e811-9414-f0921c16b9e5,0.15616438356164383,0.009100000374019,56
19,b0335b10-2000-e811-9414-f0921c16b9e5,0.1589041095890411,0.00829999987036,57
19,b0335b10-2000-e811-9414-f0921c16b9e5,0.16164383561643836,0.007499999832362,58
19,b0335b10-2000-e811-9414-f0921c16b9e5,0.1643835616438356,0.006800000090152,59
19,b0335b10-2000-e811-9414-f0921c16b9e5,0.16712328767123288,0.005900000222027,60
19,b0335b10-2000-e811-9414-f0921c16b9e5,0.16986301369863013,0.004900000058115,61
19,b0335b10-2000-e811-9414-f0921c16b9e5,0.1726027397260274,0.00400000018999,62
19,b0335b10-2000-e811-9414-f0921c16b9e5,0.17534246575342466,0.003500000108033,63
19,b0335b10-2000-e811-9414-f0921c16b9e5,0.1780821917808219,0.003000000026077,64
19,b0335b10-2000-e811-9414-f0921c16b9e5,0.18082191780821918,0.002499999944121,65
19,b0335b10-2000-e811-9414-f0921c16b9e5,0.18356164383561643,0.002199999988079,66
19,b0335b10-2000-e811-9414-f0921c16b9e5,0.1863013698630137,0.001700000022538,67
19,b0335b10-2000-e811-9414-f0921c16b9e5,0.18904109589041096,0.001300000003539,68
19,b0335b10-2000-e811-9414-f0921c16b9e5,0.1917808219178082,0.001200000056997,69
19,b0335b10-2000-e811-9414-f0921c16b9e5,0.19452054794520549,0.00109999999404,70
19,b0335b10-2000-e811-9414-f0921c16b9e5,0.19726027397260273,0.001000000047497,71
19,b0335b10-2000-e811-9414-f0921c16b9e5,0.2,0.0006000000284985,72
19,b0335b10-2000-e811-9414-f0921c16b9e5,0.20273972602739726,0.0005000000237487,73
19,b0335b10-2000-e811-9414-f0921c16b9e5,0.2054794520547945,0.0005000000237487,74
19,b0335b10-2000-e811-9414-f0921c16b9e5,0.20821917808219179,0.0005000000237487,75
19,b0335b10-2000-e811-9414-f0921c16b9e5,0.21095890410958903,0.0005000000237487,76
19,b0335b10-2000-e811-9414-f0921c16b9e5,0.2136986301369863,0.0003999999898952,77
19,b0335b10-2000-e811-9414-f0921c16b9e5,0.21643835616438356,0.0003999999898952,78
19,b0335b10-2000-e811-9414-f0921c16b9e5,0.2191780821917808,0.0003999999898952,79
19,b0335b10-2000-e811-9414-f0921c16b9e5,0.2219178082191781,0.0003999999898952,80
19,b0335b10-2000-e811-9414-f0921c16b9e5,0.22465753424657534,0.0003999999898952,81
19,b0335b10-2000-e811-9414-f0921c16b9e5,0.2273972602739726,0.0001999999949476,82
19,b0335b10-2000-e811-9414-f0921c16b9e5,0.23013698630136986,0.0001999999949476,83
19,b0335b10-2000-e811-9414-f0921c16b9e5,0.2328767123287671,0.0001999999949476,84
19,b0335b10-2000-e811-9414-f0921c16b9e5,0.2356164383561644,0.0001999999949476,85
19,b0335b10-2000-e811-9414-f0921c16b9e5,0.23835616438356164,9.999999747379e-05,86
19,b0335b10-2000-e811-9414-f0921c16b9e5,0.2410958904109589,9.999999747379e-05,87
19,b0335b10-2000-e811-9414-f0921c16b9e5,0.24383561643835616,9.999999747379e-05,88
19,b0335b10-2000-e811-9414-f0921c16b9e5,0.2465753424657534,9.999999747379e-05,89
20,af335b10-2000-e811-9414-f0921c16b9e5,0.0027397260273972603,0.0,0
20,af335b10-2000-e811-9414-f0921c16b9e5,0.005479452054794521,0.0003000000142492,1
20,af335b10-2000-e811-9414-f0921c16b9e5,0.00821917808219178,0.0003000000142492,2
20,af335b10-2000-e811-9414-f0921c16b9e5,0.010958904109589041,0.0006000000284985,3
20,af335b10-2000-e811-9414-f0921c16b9e5,0.0136986301369863,0.00089999998454,4
20,af335b10-2000-e811-9414-f0921c16b9e5,0.01643835616438356,0.001599999959581,5
20,af335b10-2000-e811-9414-f0921c16b9e5,0.019178082191780823,0.002300000051036,6
20,af335b10-2000-e811-9414-f0921c16b9e5,0.021917808219178082,0.003800000064075,7
20,af335b10-2000-e811-9414-f0921c16b9e5,0.024657534246575342,0.006399999838322,8
20,af335b10-2000-e811-9414-f0921c16b9e5,0.0273972602739726,0.009899999946356,9
20,af335b10-2000-e811-9414-f0921c16b9e5,0.030136986301369864,0.01860000006855,10
20,af335b10-2000-e811-9414-f0921c16b9e5,0.03287671232876712,0.03310000151396,11
20,af335b10-2000-e811-9414-f0921c16b9e5,0.03561643835616438,0.05820000171661,12
20,af335b10-2000-e811-9414-f0921c16b9e5,0.038356164383561646,0.09640000015497,13
20,af335b10-2000-e811-9414-f0921c16b9e5,0.0410958904109589,0.1543000042439,14
20,af335b10-2000-e811-9414-f0921c16b9e5,0.043835616438356165,0.2389000058174,15
20,af335b10-2000-e811-9414-f0921c16b9e5,0.04657534246575343,0.3479999899864,16
20,af335b10-2000-e811-9414-f0921c16b9e5,0.049315068493150684,0.4605000019073,17
20,af335b10-2000-e811-9414-f0921c16b9e5,0.052054794520547946,0.5458999872208,18
20,af335b10-2000-e811-9414-f0921c16b9e5,0.0547945205479452,0.5902000069618,19
20,af335b10-2000-e811-9414-f0921c16b9e5,0.057534246575342465,0.5903000235558,20
20,af335b10-2000-e811-9414-f0921c16b9e5,0.06027397260273973,0.556500017643,21
20,af335b10-2000-e811-9414-f0921c16b9e5,0.06301369863013699,0.5149000287056,22
20,af335b10-2000-e811-9414-f0921c16b9e5,0.06575342465753424,0.4708000123501,23
20,af335b10-2000-e811-9414-f0921c16b9e5,0.0684931506849315,0.4214999973774,24
20,af335b10-2000-e811-9414-f0921c16b9e5,0.07123287671232877,0.373299986124,25
20,af335b10-2000-e811-9414-f0921c16b9e5,0.07397260273972603,0.3314000070095,26
20,af335b10-2000-e811-9414-f0921c16b9e5,0.07671232876712329,0.2921000123024,27
20,af335b10-2000-e811-9414-f0921c16b9e5,0.07945205479452055,0.2606000006199,28
20,af335b10-2000-e811-9414-f0921c16b9e5,0.0821917808219178,0.2346999943256,29
20,af335b10-2000-e811-9414-f0921c16b9e5,0.08493150684931507,0.207800000906,30
20,af335b10-2000-e811-9414-f0921c16b9e5,0.08767123287671233,0.1840000003576,31
20,af335b10-2000-e811-9414-f0921c16b9e5,0.09041095890410959,0.1633999943733,32
20,af335b10-2000-e811-9414-f0921c16b9e5,0.09315068493150686,0.1446000039577,33
20,af335b10-2000-e811-9414-f0921c16b9e5,0.0958904109589041,0.1262000054121,34
20,af335b10-2000-e811-9414-f0921c16b9e5,0.09863013698630137,0.111599996686,35
20,af335b10-2000-e811-9414-f0921c16b9e5,0.10136986301369863,0.09749999642372,36
20,af335b10-2000-e811-9414-f0921c16b9e5,0.10410958904109589,0.08709999918938,37
20,af335b10-2000-e811-9414-f0921c16b9e5,0.10684931506849316,0.07689999789,38
20,af335b10-2000-e811-9414-f0921c16b9e5,0.1095890410958904,0.06800000369549,39
20,af335b10-2000-e811-9414-f0921c16b9e5,0.11232876712328767,0.05959999933839,40
20,af335b10-2000-e811-9414-f0921c16b9e5,0.11506849315068493,0.05260000005364,41
20,af335b10-2000-e811-9414-f0921c16b9e5,0.1178082191780822,0.0456000007689,42
20,af335b10-2000-e811-9414-f0921c16b9e5,0.12054794520547946,0.04030000045896,43
20,af335b10-2000-e811-9414-f0921c16b9e5,0.1232876712328767,0.03559999912977,44
20,af335b10-2000-e811-9414-f0921c16b9e5,0.12602739726027398,0.03070000000298,45
20,af335b10-2000-e811-9414-f0921c16b9e5,0.12876712328767123,0.02700000070035,46
20,af335b10-2000-e811-9414-f0921c16b9e5,0.13150684931506848,0.02360000088811,47
20,af335b10-2000-e811-9414-f0921c16b9e5,0.13424657534246576,0.02040000073612,48
20,af335b10-2000-e811-9414-f0921c16b9e5,0.136986301369863,0.01820000074804,49
20,af335b10-2000-e811-9414-f0921c16b9e5,0.13972602739726028,0.01549999974668,50
20,af335b10-2000-e811-9414-f0921c16b9e5,0.14246575342465753,0.01429999992251,51
20,af335b10-2000-e811-9414-f0921c16b9e5,0.14520547945205478,0.01300000026822,52
20,af335b10-2000-e811-9414-f0921c16b9e5,0.14794520547945206,0.01119999960065,53
20,af335b10-2000-e811-9414-f0921c16b9e5,0.1506849315068493,0.009800000116229,54
20,af335b10-2000-e811-9414-f0921c16b9e5,0.15342465753424658,0.00870000012219,55
20,af335b10-2000-e811-9414-f0921c16b9e5,0.15616438356164383,0.00789999961853,56
20,af335b10-2000-e811-9414-f0921c16b9e5,0.1589041095890411,0.006800000090152,57
20,af335b10-2000-e811-9414-f0921c16b9e5,0.16164383561643836,0.005900000222027,58
20,af335b10-2000-e811-9414-f0921c16b9e5,0.1643835616438356,0.005599999800324,59
20,af335b10-2000-e811-9414-f0921c16b9e5,0.16712328767123288,0.004999999888241,60
20,af335b10-2000-e811-9414-f0921c16b9e5,0.16986301369863013,0.004600000102073,61
20,af335b10-2000-e811-9414-f0921c16b9e5,0.1726027397260274,0.004399999976158,62
20,af335b10-2000-e811-9414-f0921c16b9e5,0.17534246575342466,0.003899999894202,63
20,af335b10-2000-e811-9414-f0921c16b9e5,0.1780821917808219,0.003299999982119,64
20,af335b10-2000-e811-9414-f0921c16b9e5,0.18082191780821918,0.003000000026077,65
20,af335b10-2000-e811-9414-f0921c16b9e5,0.18356164383561643,0.002700000070035,66
20,af335b10-2000-e811-9414-f0921c16b9e5,0.1863013698630137,0.001900000032037,67
20,af335b10-2000-e811-9414-f0921c16b9e5,0.18904109589041096,0.001599999959581,68
20,af335b10-2000-e811-9414-f0921c16b9e5,0.1917808219178082,0.001599999959581,69
20,af335b10-2000-e811-9414-f0921c16b9e5,0.19452054794520549,0.001399999950081,70
20,af335b10-2000-e811-9414-f0921c16b9e5,0.19726027397260273,0.001300000003539,71
20,af335b10-2000-e811-9414-f0921c16b9e5,0.2,0.001200000056997,72
20,af335b10-2000-e811-9414-f0921c16b9e5,0.20273972602739726,0.00109999999404,73
20,af335b10-2000-e811-9414-f0921c16b9e5,0.2054794520547945,0.00109999999404,74
20,af335b10-2000-e811-9414-f0921c16b9e5,0.20821917808219179,0.001000000047497,75
20,af335b10-2000-e811-9414-f0921c16b9e5,0.21095890410958903,0.001000000047497,76
20,af335b10-2000-e811-9414-f0921c16b9e5,0.2136986301369863,0.00089999998454,77
20,af335b10-2000-e811-9414-f0921c16b9e5,0.21643835616438356,0.0006999999750406,78
20,af335b10-2000-e811-9414-f0921c16b9e5,0.2191780821917808,0.0006000000284985,79
20,af335b10-2000-e811-9414-f0921c16b9e5,0.2219178082191781,0.0005000000237487,80
20,af335b10-2000-e811-9414-f0921c16b9e5,0.22465753424657534,0.0005000000237487,81
20,af335b10-2000-e811-9414-f0921c16b9e5,0.2273972602739726,0.0005000000237487,82
20,af335b10-2000-e811-9414-f0921c16b9e5,0.23013698630136986,0.0005000000237487,83
20,af335b10-2000-e811-9414-f0921c16b9e5,0.2328767123287671,0.0003999999898952,84
20,af335b10-2000-e811-9414-f0921c16b9e5,0.2356164383561644,0.0003999999898952,85
20,af335b10-2000-e811-9414-f0921c16b9e5,0.23835616438356164,0.0003999999898952,86
20,af335b10-2000-e811-9414-f0921c16b9e5,0.2410958904109589,0.0003999999898952,87
20,af335b10-2000-e811-9414-f0921c16b9e5,0.24383561643835616,9.999999747379e-05,88
20,af335b10-2000-e811-9414-f0921c16b9e5,0.2465753424657534,9.999999747379e-05,89
21,ae335b10-2000-e811-9414-f0921c16b9e5,0.0027397260273972603,0.0,0
21,ae335b10-2000-e811-9414-f0921c16b9e5,0.005479452054794521,0.0003000000142492,1
21,ae335b10-2000-e811-9414-f0921c16b9e5,0.00821917808219178,0.0006000000284985,2
21,ae335b10-2000-e811-9414-f0921c16b9e5,0.010958904109589041,0.001500000013039,3
21,ae335b10-2000-e811-9414-f0921c16b9e5,0.0136986301369863,0.003299999982119,4
21,ae335b10-2000-e811-9414-f0921c16b9e5,0.01643835616438356,0.006399999838322,5
21,ae335b10-2000-e811-9414-f0921c16b9e5,0.019178082191780823,0.0132999997586,6
21,ae335b10-2000-e811-9414-f0921c16b9e5,0.021917808219178082,0.02209999971092,7
21,ae335b10-2000-e811-9414-f0921c16b9e5,0.024657534246575342,0.04160000011325,8
21,ae335b10-2000-e811-9414-f0921c16b9e5,0.0273972602739726,0.07440000027418,9
21,ae335b10-2000-e811-9414-f0921c16b9e5,0.030136986301369864,0.131099998951,10
21,ae335b10-2000-e811-9414-f0921c16b9e5,0.03287671232876712,0.2184000015259,11
21,ae335b10-2000-e811-9414-f0921c16b9e5,0.03561643835616438,0.3334999978542,12
21,ae335b10-2000-e811-9414-f0921c16b9e5,0.038356164383561646,0.4587999880314,13
21,ae335b10-2000-e811-9414-f0921c16b9e5,0.0410958904109589,0.5457000136375,14
21,ae335b10-2000-e811-9414-f0921c16b9e5,0.043835616438356165,0.5918999910355,15
21,ae335b10-2000-e811-9414-f0921c16b9e5,0.04657534246575343,0.5758000016212,16
21,ae335b10-2000-e811-9414-f0921c16b9e5,0.049315068493150684,0.5306000113487,17
21,ae335b10-2000-e811-9414-f0921c16b9e5,0.052054794520547946,0.4740999937057,18
21,ae335b10-2000-e811-9414-f0921c16b9e5,0.0547945205479452,0.4165999889374,19
21,ae335b10-2000-e811-9414-f0921c16b9e5,0.057534246575342465,0.3632999956608,20
21,ae335b10-2000-e811-9414-f0921c16b9e5,0.06027397260273973,0.3170000016689,21
21,ae335b10-2000-e811-9414-f0921c16b9e5,0.06301369863013699,0.274699985981,22
21,ae335b10-2000-e811-9414-f0921c16b9e5,0.06575342465753424,0.2386000007391,23
21,ae335b10-2000-e811-9414-f0921c16b9e5,0.0684931506849315,0.2061000019312,24
21,ae335b10-2000-e811-9414-f0921c16b9e5,0.07123287671232877,0.1796000003815,25
21,ae335b10-2000-e811-9414-f0921c16b9e5,0.07397260273972603,0.1590999960899,26
21,ae335b10-2000-e811-9414-f0921c16b9e5,0.07671232876712329,0.1360999941826,27
21,ae335b10-2000-e811-9414-f0921c16b9e5,0.07945205479452055,0.1198000013828,28
21,ae335b10-2000-e811-9414-f0921c16b9e5,0.0821917808219178,0.1037999987602,29
21,ae335b10-2000-e811-9414-f0921c16b9e5,0.08493150684931507,0.08980000019073,30
21,ae335b10-2000-e811-9414-f0921c16b9e5,0.08767123287671233,0.07699999958277,31
21,ae335b10-2000-e811-9414-f0921c16b9e5,0.09041095890410959,0.06740000098944,32
21,ae335b10-2000-e811-9414-f0921c16b9e5,0.09315068493150686,0.05930000171065,33
21,ae335b10-2000-e811-9414-f0921c16b9e5,0.0958904109589041,0.05040000006557,34
21,ae335b10-2000-e811-9414-f0921c16b9e5,0.09863013698630137,0.04380000010133,35
21,ae335b10-2000-e811-9414-f0921c16b9e5,0.10136986301369863,0.0375999994576,36
21,ae335b10-2000-e811-9414-f0921c16b9e5,0.10410958904109589,0.03229999914765,37
21,ae335b10-2000-e811-9414-f0921c16b9e5,0.10684931506849316,0.02859999984503,38
21,ae335b10-2000-e811-9414-f0921c16b9e5,0.1095890410958904,0.0249000005424,39
21,ae335b10-2000-e811-9414-f0921c16b9e5,0.11232876712328767,0.02199999988079,40
21,ae335b10-2000-e811-9414-f0921c16b9e5,0.11506849315068493,0.01869999989867,41
21,ae335b10-2000-e811-9414-f0921c16b9e5,0.1178082191780822,0.01559999957681,42
21,ae335b10-2000-e811-9414-f0921c16b9e5,0.12054794520547946,0.01350000035018,43
21,ae335b10-2000-e811-9414-f0921c16b9e5,0.1232876712328767,0.0109999999404,44
21,ae335b10-2000-e811-9414-f0921c16b9e5,0.12602739726027398,0.009399999864399,45
21,ae335b10-2000-e811-9414-f0921c16b9e5,0.12876712328767123,0.00800000037998,46
21,ae335b10-2000-e811-9414-f0921c16b9e5,0.13150684931506848,0.007499999832362,47
21,ae335b10-2000-e811-9414-f0921c16b9e5,0.13424657534246576,0.006200000178069,48
21,ae335b10-2000-e811-9414-f0921c16b9e5,0.136986301369863,0.005499999970198,49
21,ae335b10-2000-e811-9414-f0921c16b9e5,0.13972602739726028,0.0046999999322,50
21,ae335b10-2000-e811-9414-f0921c16b9e5,0.14246575342465753,0.004300000146031,51
21,ae335b10-2000-e811-9414-f0921c16b9e5,0.14520547945205478,0.003899999894202,52
21,ae335b10-2000-e811-9414-f0921c16b9e5,0.14794520547945206,0.003199999919161,53
21,ae335b10-2000-e811-9414-f0921c16b9e5,0.1506849315068493,0.002499999944121,54
21,ae335b10-2000-e811-9414-f0921c16b9e5,0.15342465753424658,0.002300000051036,55
21,ae335b10-2000-e811-9414-f0921c16b9e5,0.15616438356164383,0.002099999925122,56
21,ae335b10-2000-e811-9414-f0921c16b9e5,0.1589041095890411,0.002000000094995,57
21,ae335b10-2000-e811-9414-f0921c16b9e5,0.16164383561643836,0.001700000022538,58
21,ae335b10-2000-e811-9414-f0921c16b9e5,0.1643835616438356,0.001300000003539,59
21,ae335b10-2000-e811-9414-f0921c16b9e5,0.16712328767123288,0.001000000047497,60
21,ae335b10-2000-e811-9414-f0921c16b9e5,0.16986301369863013,0.0007999999797903,61
21,ae335b10-2000-e811-9414-f0921c16b9e5,0.1726027397260274,0.0006999999750406,62
21,ae335b10-2000-e811-9414-f0921c16b9e5,0.17534246575342466,0.0006000000284985,63
21,ae335b10-2000-e811-9414-f0921c16b9e5,0.1780821917808219,0.0006000000284985,64
21,ae335b10-2000-e811-9414-f0921c16b9e5,0.18082191780821918,0.0005000000237487,65
21,ae335b10-2000-e811-9414-f0921c16b9e5,0.18356164383561643,0.0005000000237487,66
21,ae335b10-2000-e811-9414-f0921c16b9e5,0.1863013698630137,0.0003999999898952,67
21,ae335b10-2000-e811-9414-f0921c16b9e5,0.18904109589041096,0.0003999999898952,68
21,ae335b10-2000-e811-9414-f0921c16b9e5,0.1917808219178082,0.0003000000142492,69
21,ae335b10-2000-e811-9414-f0921c16b9e5,0.19452054794520549,0.0001999999949476,70
21,ae335b10-2000-e811-9414-f0921c16b9e5,0.19726027397260273,0.0001999999949476,71
21,ae335b10-2000-e811-9414-f0921c16b9e5,0.2,0.0001999999949476,72
21,ae335b10-2000-e811-9414-f0921c16b9e5,0.20273972602739726,9.999999747379e-05,73
21,ae335b10-2000-e811-9414-f0921c16b9e5,0.2054794520547945,9.999999747379e-05,74
21,ae335b10-2000-e811-9414-f0921c16b9e5,0.20821917808219179,9.999999747379e-05,75
21,ae335b10-2000-e811-9414-f0921c16b9e5,0.21095890410958903,9.999999747379e-05,76
21,ae335b10-2000-e811-9414-f0921c16b9e5,0.2136986301369863,9.999999747379e-05,77
21,ae335b10-2000-e811-9414-f0921c16b9e5,0.21643835616438356,9.999999747379e-05,78
21,ae335b10-2000-e811-9414-f0921c16b9e5,0.2191780821917808,9.999999747379e-05,79
21,ae335b10-2000-e811-9414-f0921c16b9e5,0.2219178082191781,9.999999747379e-05,80
21,ae335b10-2000-e811-9414-f0921c16b9e5,0.22465753424657534,9.999999747379e-05,81
21,ae335b10-2000-e811-9414-f0921c16b9e5,0.2273972602739726,9.999999747379e-05,82
21,ae335b10-2000-e811-9414-f0921c16b9e5,0.23013698630136986,9.999999747379e-05,83
21,ae335b10-2000-e811-9414-f0921c16b9e5,0.2328767123287671,9.999999747379e-05,84
21,ae335b10-2000-e811-9414-f0921c16b9e5,0.2356164383561644,9.999999747379e-05,85
21,ae335b10-2000-e811-9414-f0921c16b9e5,0.23835616438356164,9.999999747379e-05,86
21,ae335b10-2000-e811-9414-f0921c16b9e5,0.2410958904109589,9.999999747379e-05,87
21,ae335b10-2000-e811-9414-f0921c16b9e5,0.24383561643835616,9.999999747379e-05,88
21,ae335b10-2000-e811-9414-f0921c16b9e5,0.2465753424657534,9.999999747379e-05,89
22,ad335b10-2000-e811-9414-f0921c16b9e5,0.0027397260273972603,0.0,0
22,ad335b10-2000-e811-9414-f0921c16b9e5,0.005479452054794521,0.0006000000284985,1
22,ad335b10-2000-e811-9414-f0921c16b9e5,0.00821917808219178,0.00089999998454,2
22,ad335b10-2000-e811-9414-f0921c16b9e5,0.010958904109589041,0.001900000032037,3
22,ad335b10-2000-e811-9414-f0921c16b9e5,0.0136986301369863,0.00289999996312,4
22,ad335b10-2000-e811-9414-f0921c16b9e5,0.01643835616438356,0.004399999976158,5
22,ad335b10-2000-e811-9414-f0921c16b9e5,0.019178082191780823,0.007400000002235,6
22,ad335b10-2000-e811-9414-f0921c16b9e5,0.021917808219178082,0.0136000001803,7
22,ad335b10-2000-e811-9414-f0921c16b9e5,0.024657534246575342,0.02480000071228,8
22,ad335b10-2000-e811-9414-f0921c16b9e5,0.0273972602739726,0.04490000009537,9
22,ad335b10-2000-e811-9414-f0921c16b9e5,0.030136986301369864,0.07900000363588,10
22,ad335b10-2000-e811-9414-f0921c16b9e5,0.03287671232876712,0.1306000053883,11
22,ad335b10-2000-e811-9414-f0921c16b9e5,0.03561643835616438,0.2161000072956,12
22,ad335b10-2000-e811-9414-f0921c16b9e5,0.038356164383561646,0.3203000128269,13
22,ad335b10-2000-e811-9414-f0921c16b9e5,0.0410958904109589,0.439099997282,14
22,ad335b10-2000-e811-9414-f0921c16b9e5,0.043835616438356165,0.5473999977112,15
22,ad335b10-2000-e811-9414-f0921c16b9e5,0.04657534246575343,0.5924000144005,16
22,ad335b10-2000-e811-9414-f0921c16b9e5,0.049315068493150684,0.593699991703,17
22,ad335b10-2000-e811-9414-f0921c16b9e5,0.052054794520547946,0.563000023365,18
22,ad335b10-2000-e811-9414-f0921c16b9e5,0.0547945205479452,0.5112000107765,19
22,ad335b10-2000-e811-9414-f0921c16b9e5,0.057534246575342465,0.454499989748,20
22,ad335b10-2000-e811-9414-f0921c16b9e5,0.06027397260273973,0.3995000123978,21
22,ad335b10-2000-e811-9414-f0921c16b9e5,0.06301369863013699,0.3544000089169,22
22,ad335b10-2000-e811-9414-f0921c16b9e5,0.06575342465753424,0.3129000067711,23
22,ad335b10-2000-e811-9414-f0921c16b9e5,0.0684931506849315,0.2741999924183,24
22,ad335b10-2000-e811-9414-f0921c16b9e5,0.07123287671232877,0.2377000004053,25
22,ad335b10-2000-e811-9414-f0921c16b9e5,0.07397260273972603,0.2089000046253,26
22,ad335b10-2000-e811-9414-f0921c16b9e5,0.07671232876712329,0.1819999963045,27
22,ad335b10-2000-e811-9414-f0921c16b9e5,0.07945205479452055,0.1591999977827,28
22,ad335b10-2000-e811-9414-f0921c16b9e5,0.0821917808219178,0.1406999975443,29
22,ad335b10-2000-e811-9414-f0921c16b9e5,0.08493150684931507,0.1226999983191,30
22,ad335b10-2000-e811-9414-f0921c16b9e5,0.08767123287671233,0.1067000031471,31
22,ad335b10-2000-e811-9414-f0921c16b9e5,0.09041095890410959,0.09300000220537,32
22,ad335b10-2000-e811-9414-f0921c16b9e5,0.09315068493150686,0.07930000126362,33
22,ad335b10-2000-e811-9414-f0921c16b9e5,0.0958904109589041,0.07000000029802,34
22,ad335b10-2000-e811-9414-f0921c16b9e5,0.09863013698630137,0.0608000010252,35
22,ad335b10-2000-e811-9414-f0921c16b9e5,0.10136986301369863,0.0527999997139,36
22,ad335b10-2000-e811-9414-f0921c16b9e5,0.10410958904109589,0.04650000110269,37
22,ad335b10-2000-e811-9414-f0921c16b9e5,0.10684931506849316,0.04120000079274,38
22,ad335b10-2000-e811-9414-f0921c16b9e5,0.1095890410958904,0.03649999946356,39
22,ad335b10-2000-e811-9414-f0921c16b9e5,0.11232876712328767,0.03240000084043,40
22,ad335b10-2000-e811-9414-f0921c16b9e5,0.11506849315068493,0.02840000018477,41
22,ad335b10-2000-e811-9414-f0921c16b9e5,0.1178082191780822,0.02500000037253,42
22,ad335b10-2000-e811-9414-f0921c16b9e5,0.12054794520547946,0.02160000056028,43
22,ad335b10-2000-e811-9414-f0921c16b9e5,0.1232876712328767,0.01909999921918,44
22,ad335b10-2000-e811-9414-f0921c16b9e5,0.12602739726027398,0.01720000058413,45
22,ad335b10-2000-e811-9414-f0921c16b9e5,0.12876712328767123,0.01460000034422,46
22,ad335b10-2000-e811-9414-f0921c16b9e5,0.13150684931506848,0.01339999958873,47
22,ad335b10-2000-e811-9414-f0921c16b9e5,0.13424657534246576,0.01180000044405,48
22,ad335b10-2000-e811-9414-f0921c16b9e5,0.136986301369863,0.01030000019819,49
22,ad335b10-2000-e811-9414-f0921c16b9e5,0.13972602739726028,0.008600000292063,50
22,ad335b10-2000-e811-9414-f0921c16b9e5,0.14246575342465753,0.007499999832362,51
22,ad335b10-2000-e811-9414-f0921c16b9e5,0.14520547945205478,0.006399999838322,52
22,ad335b10-2000-e811-9414-f0921c16b9e5,0.14794520547945206,0.005700000096112,53
22,ad335b10-2000-e811-9414-f0921c16b9e5,0.1506849315068493,0.005100000184029,54
22,ad335b10-2000-e811-9414-f0921c16b9e5,0.15342465753424658,0.004600000102073,55
22,ad335b10-2000-e811-9414-f0921c16b9e5,0.15616438356164383,0.003899999894202,56
22,ad335b10-2000-e811-9414-f0921c16b9e5,0.1589041095890411,0.003199999919161,57
22,ad335b10-2000-e811-9414-f0921c16b9e5,0.16164383561643836,0.003000000026077,58
22,ad335b10-2000-e811-9414-f0921c16b9e5,0.1643835616438356,0.002799999900162,59
22,ad335b10-2000-e811-9414-f0921c16b9e5,0.16712328767123288,0.002499999944121,60
22,ad335b10-2000-e811-9414-f0921c16b9e5,0.16986301369863013,0.00179999996908,61
22,ad335b10-2000-e811-9414-f0921c16b9e5,0.1726027397260274,0.00179999996908,62
22,ad335b10-2000-e811-9414-f0921c16b9e5,0.17534246575342466,0.001700000022538,63
22,ad335b10-2000-e811-9414-f0921c16b9e5,0.1780821917808219,0.001599999959581,64
22,ad335b10-2000-e811-9414-f0921c16b9e5,0.18082191780821918,0.001200000056997,65
22,ad335b10-2000-e811-9414-f0921c16b9e5,0.18356164383561643,0.00109999999404,66
22,ad335b10-2000-e811-9414-f0921c16b9e5,0.1863013698630137,0.00089999998454,67
22,ad335b10-2000-e811-9414-f0921c16b9e5,0.18904109589041096,0.00089999998454,68
22,ad335b10-2000-e811-9414-f0921c16b9e5,0.1917808219178082,0.00089999998454,69
22,ad335b10-2000-e811-9414-f0921c16b9e5,0.19452054794520549,0.0007999999797903,70
22,ad335b10-2000-e811-9414-f0921c16b9e5,0.19726027397260273,0.0007999999797903,71
22,ad335b10-2000-e811-9414-f0921c16b9e5,0.2,0.0006000000284985,72
22,ad335b10-2000-e811-9414-f0921c16b9e5,0.20273972602739726,0.0006000000284985,73
22,ad335b10-2000-e811-9414-f0921c16b9e5,0.2054794520547945,0.0005000000237487,74
22,ad335b10-2000-e811-9414-f0921c16b9e5,0.20821917808219179,0.0005000000237487,75
22,ad335b10-2000-e811-9414-f0921c16b9e5,0.21095890410958903,0.0003999999898952,76
22,ad335b10-2000-e811-9414-f0921c16b9e5,0.2136986301369863,0.0003999999898952,77
22,ad335b10-2000-e811-9414-f0921c16b9e5,0.21643835616438356,0.0001999999949476,78
22,ad335b10-2000-e811-9414-f0921c16b9e5,0.2191780821917808,9.999999747379e-05,79
22,ad335b10-2000-e811-9414-f0921c16b9e5,0.2219178082191781,0.0,80
22,ad335b10-2000-e811-9414-f0921c16b9e5,0.22465753424657534,0.0,81
22,ad335b10-2000-e811-9414-f0921c16b9e5,0.2273972602739726,0.0,82
22,ad335b10-2000-e811-9414-f0921c16b9e5,0.23013698630136986,0.0,83
22,ad335b10-2000-e811-9414-f0921c16b9e5,0.2328767123287671,0.0,84
22,ad335b10-2000-e811-9414-f0921c16b9e5,0.2356164383561644,0.0,85
22,ad335b10-2000-e811-9414-f0921c16b9e5,0.23835616438356164,0.0,86
22,ad335b10-2000-e811-9414-f0921c16b9e5,0.2410958904109589,0.0,87
22,ad335b10-2000-e811-9414-f0921c16b9e5,0.24383561643835616,0.0,88
22,ad335b10-2000-e811-9414-f0921c16b9e5,0.2465753424657534,0.0,89
23,ac335b10-2000-e811-9414-f0921c16b9e5,0.0027397260273972603,0.0,0
23,ac335b10-2000-e811-9414-f0921c16b9e5,0.005479452054794521,0.0003999999898952,1
23,ac335b10-2000-e811-9414-f0921c16b9e5,0.00821917808219178,0.001000000047497,2
23,ac335b10-2000-e811-9414-f0921c16b9e5,0.010958904109589041,0.00179999996908,3
23,ac335b10-2000-e811-9414-f0921c16b9e5,0.0136986301369863,0.003899999894202,4
23,ac335b10-2000-e811-9414-f0921c16b9e5,0.01643835616438356,0.005599999800324,5
23,ac335b10-2000-e811-9414-f0921c16b9e5,0.019178082191780823,0.00870000012219,6
23,ac335b10-2000-e811-9414-f0921c16b9e5,0.021917808219178082,0.01579999923706,7
23,ac335b10-2000-e811-9414-f0921c16b9e5,0.024657534246575342,0.0278999991715,8
23,ac335b10-2000-e811-9414-f0921c16b9e5,0.0273972602739726,0.04749999940395,9
23,ac335b10-2000-e811-9414-f0921c16b9e5,0.030136986301369864,0.07919999957085,10
23,ac335b10-2000-e811-9414-f0921c16b9e5,0.03287671232876712,0.131500005722,11
23,ac335b10-2000-e811-9414-f0921c16b9e5,0.03561643835616438,0.2084999978542,12
23,ac335b10-2000-e811-9414-f0921c16b9e5,0.038356164383561646,0.3102000057697,13
23,ac335b10-2000-e811-9414-f0921c16b9e5,0.0410958904109589,0.4223000109196,14
23,ac335b10-2000-e811-9414-f0921c16b9e5,0.043835616438356165,0.535000026226,15
23,ac335b10-2000-e811-9414-f0921c16b9e5,0.04657534246575343,0.6105999946594,16
23,ac335b10-2000-e811-9414-f0921c16b9e5,0.049315068493150684,0.6333000063896,17
23,ac335b10-2000-e811-9414-f0921c16b9e5,0.052054794520547946,0.6266000270844,18
23,ac335b10-2000-e811-9414-f0921c16b9e5,0.0547945205479452,0.5982999801636,19
23,ac335b10-2000-e811-9414-f0921c16b9e5,0.057534246575342465,0.5605999827385,20
23,ac335b10-2000-e811-9414-f0921c16b9e5,0.06027397260273973,0.5157999992371,21
23,ac335b10-2000-e811-9414-f0921c16b9e5,0.06301369863013699,0.4683000147343,22
23,ac335b10-2000-e811-9414-f0921c16b9e5,0.06575342465753424,0.4248000085354,23
23,ac335b10-2000-e811-9414-f0921c16b9e5,0.0684931506849315,0.3867999911308,24
23,ac335b10-2000-e811-9414-f0921c16b9e5,0.07123287671232877,0.3533000051975,25
23,ac335b10-2000-e811-9414-f0921c16b9e5,0.07397260273972603,0.3176999986172,26
23,ac335b10-2000-e811-9414-f0921c16b9e5,0.07671232876712329,0.2908999919891,27
23,ac335b10-2000-e811-9414-f0921c16b9e5,0.07945205479452055,0.2612999975681,28
23,ac335b10-2000-e811-9414-f0921c16b9e5,0.0821917808219178,0.2389000058174,29
23,ac335b10-2000-e811-9414-f0921c16b9e5,0.08493150684931507,0.2169000059366,30
23,ac335b10-2000-e811-9414-f0921c16b9e5,0.08767123287671233,0.1956000030041,31
23,ac335b10-2000-e811-9414-f0921c16b9e5,0.09041095890410959,0.1783999949694,32
23,ac335b10-2000-e811-9414-f0921c16b9e5,0.09315068493150686,0.1617999970913,33
23,ac335b10-2000-e811-9414-f0921c16b9e5,0.0958904109589041,0.1448000073433,34
23,ac335b10-2000-e811-9414-f0921c16b9e5,0.09863013698630137,0.1314000040293,35
23,ac335b10-2000-e811-9414-f0921c16b9e5,0.10136986301369863,0.1185000017285,36
23,ac335b10-2000-e811-9414-f0921c16b9e5,0.10410958904109589,0.1080000028014,37
23,ac335b10-2000-e811-9414-f0921c16b9e5,0.10684931506849316,0.09529999643564,38
23,ac335b10-2000-e811-9414-f0921c16b9e5,0.1095890410958904,0.08669999986887,39
23,ac335b10-2000-e811-9414-f0921c16b9e5,0.11232876712328767,0.0785999968648,40
23,ac335b10-2000-e811-9414-f0921c16b9e5,0.11506849315068493,0.07150000333786,41
23,ac335b10-2000-e811-9414-f0921c16b9e5,0.1178082191780822,0.06379999965429,42
23,ac335b10-2000-e811-9414-f0921c16b9e5,0.12054794520547946,0.0570000000298,43
23,ac335b10-2000-e811-9414-f0921c16b9e5,0.1232876712328767,0.05200000107288,44
23,ac335b10-2000-e811-9414-f0921c16b9e5,0.12602739726027398,0.04749999940395,45
23,ac335b10-2000-e811-9414-f0921c16b9e5,0.12876712328767123,0.04280000180006,46
23,ac335b10-2000-e811-9414-f0921c16b9e5,0.13150684931506848,0.0384000018239,47
23,ac335b10-2000-e811-9414-f0921c16b9e5,0.13424657534246576,0.03350000083447,48
23,ac335b10-2000-e811-9414-f0921c16b9e5,0.136986301369863,0.03099999949336,49
23,ac335b10-2000-e811-9414-f0921c16b9e5,0.13972602739726028,0.02769999951124,50
23,ac335b10-2000-e811-9414-f0921c16b9e5,0.14246575342465753,0.02539999969304,51
23,ac335b10-2000-e811-9414-f0921c16b9e5,0.14520547945205478,0.02309999987483,52
23,ac335b10-2000-e811-9414-f0921c16b9e5,0.14794520547945206,0.02129999920726,53
23,ac335b10-2000-e811-9414-f0921c16b9e5,0.1506849315068493,0.0187999997288,54
23,ac335b10-2000-e811-9414-f0921c16b9e5,0.15342465753424658,0.01640000008047,55
23,ac335b10-2000-e811-9414-f0921c16b9e5,0.15616438356164383,0.01510000042617,56
23,ac335b10-2000-e811-9414-f0921c16b9e5,0.1589041095890411,0.01389999967068,57
23,ac335b10-2000-e811-9414-f0921c16b9e5,0.16164383561643836,0.01279999967664,58
23,ac335b10-2000-e811-9414-f0921c16b9e5,0.1643835616438356,0.01159999985248,59
23,ac335b10-2000-e811-9414-f0921c16b9e5,0.16712328767123288,0.01009999960661,60
23,ac335b10-2000-e811-9414-f0921c16b9e5,0.16986301369863013,0.00870000012219,61
23,ac335b10-2000-e811-9414-f0921c16b9e5,0.1726027397260274,0.00789999961853,62
23,ac335b10-2000-e811-9414-f0921c16b9e5,0.17534246575342466,0.00719999987632,63
23,ac335b10-2000-e811-9414-f0921c16b9e5,0.1780821917808219,0.005900000222027,64
23,ac335b10-2000-e811-9414-f0921c16b9e5,0.18082191780821918,0.005400000140071,65
23,ac335b10-2000-e811-9414-f0921c16b9e5,0.18356164383561643,0.005200000014156,66
23,ac335b10-2000-e811-9414-f0921c16b9e5,0.1863013698630137,0.0046999999322,67
23,ac335b10-2000-e811-9414-f0921c16b9e5,0.18904109589041096,0.004300000146031,68
23,ac335b10-2000-e811-9414-f0921c16b9e5,0.1917808219178082,0.003800000064075,69
23,ac335b10-2000-e811-9414-f0921c16b9e5,0.19452054794520549,0.003299999982119,70
23,ac335b10-2000-e811-9414-f0921c16b9e5,0.19726027397260273,0.003100000089034,71
23,ac335b10-2000-e811-9414-f0921c16b9e5,0.2,0.00289999996312,72
23,ac335b10-2000-e811-9414-f0921c16b9e5,0.20273972602739726,0.002799999900162,73
23,ac335b10-2000-e811-9414-f0921c16b9e5,0.2054794520547945,0.002700000070035,74
23,ac335b10-2000-e811-9414-f0921c16b9e5,0.20821917808219179,0.002499999944121,75
23,ac335b10-2000-e811-9414-f0921c16b9e5,0.21095890410958903,0.002199999988079,76
23,ac335b10-2000-e811-9414-f0921c16b9e5,0.2136986301369863,0.002000000094995,77
23,ac335b10-2000-e811-9414-f0921c16b9e5,0.21643835616438356,0.00179999996908,78
23,ac335b10-2000-e811-9414-f0921c16b9e5,0.2191780821917808,0.001700000022538,79
23,ac335b10-2000-e811-9414-f0921c16b9e5,0.2219178082191781,0.001700000022538,80
23,ac335b10-2000-e811-9414-f0921c16b9e5,0.22465753424657534,0.001599999959581,81
23,ac335b10-2000-e811-9414-f0921c16b9e5,0.2273972602739726,0.001399999950081,82
23,ac335b10-2000-e811-9414-f0921c16b9e5,0.23013698630136986,0.001200000056997,83
23,ac335b10-2000-e811-9414-f0921c16b9e5,0.2328767123287671,0.00109999999404,84
23,ac335b10-2000-e811-9414-f0921c16b9e5,0.2356164383561644,0.00109999999404,85
23,ac335b10-2000-e811-9414-f0921c16b9e5,0.23835616438356164,0.001000000047497,86
23,ac335b10-2000-e811-9414-f0921c16b9e5,0.2410958904109589,0.0007999999797903,87
23,ac335b10-2000-e811-9414-f0921c16b9e5,0.24383561643835616,0.0006999999750406,88
23,ac335b10-2000-e811-9414-f0921c16b9e5,0.2465753424657534,0.0005000000237487,89
24,ab335b10-2000-e811-9414-f0921c16b9e5,0.0027397260273972603,0.0,0
24,ab335b10-2000-e811-9414-f0921c16b9e5,0.005479452054794521,0.0006000000284985,1
24,ab335b10-2000-e811-9414-f0921c16b9e5,0.00821917808219178,0.001500000013039,2
24,ab335b10-2000-e811-9414-f0921c16b9e5,0.010958904109589041,0.003400000045076,3
24,ab335b10-2000-e811-9414-f0921c16b9e5,0.0136986301369863,0.005299999844283,4
24,ab335b10-2000-e811-9414-f0921c16b9e5,0.01643835616438356,0.008399999700487,5
24,ab335b10-2000-e811-9414-f0921c16b9e5,0.019178082191780823,0.01480000000447,6
24,ab335b10-2000-e811-9414-f0921c16b9e5,0.021917808219178082,0.02600000053644,7
24,ab335b10-2000-e811-9414-f0921c16b9e5,0.024657534246575342,0.04089999943972,8
24,ab335b10-2000-e811-9414-f0921c16b9e5,0.0273972602739726,0.06629999727011,9
24,ab335b10-2000-e811-9414-f0921c16b9e5,0.030136986301369864,0.1089999973774,10
24,ab335b10-2000-e811-9414-f0921c16b9e5,0.03287671232876712,0.1706999987364,11
24,ab335b10-2000-e811-9414-f0921c16b9e5,0.03561643835616438,0.2493000030518,12
24,ab335b10-2000-e811-9414-f0921c16b9e5,0.038356164383561646,0.3458000123501,13
24,ab335b10-2000-e811-9414-f0921c16b9e5,0.0410958904109589,0.4438000023365,14
24,ab335b10-2000-e811-9414-f0921c16b9e5,0.043835616438356165,0.5112000107765,15
24,ab335b10-2000-e811-9414-f0921c16b9e5,0.04657534246575343,0.5443999767303,16
24,ab335b10-2000-e811-9414-f0921c16b9e5,0.049315068493150684,0.5503000020981,17
24,ab335b10-2000-e811-9414-f0921c16b9e5,0.052054794520547946,0.522000014782,18
24,ab335b10-2000-e811-9414-f0921c16b9e5,0.0547945205479452,0.4853000044823,19
24,ab335b10-2000-e811-9414-f0921c16b9e5,0.057534246575342465,0.4413000047207,20
24,ab335b10-2000-e811-9414-f0921c16b9e5,0.06027397260273973,0.395300000906,21
24,ab335b10-2000-e811-9414-f0921c16b9e5,0.06301369863013699,0.3522999882698,22
24,ab335b10-2000-e811-9414-f0921c16b9e5,0.06575342465753424,0.310900002718,23
24,ab335b10-2000-e811-9414-f0921c16b9e5,0.0684931506849315,0.2745000123978,24
24,ab335b10-2000-e811-9414-f0921c16b9e5,0.07123287671232877,0.240700006485,25
24,ab335b10-2000-e811-9414-f0921c16b9e5,0.07397260273972603,0.2096000015736,26
24,ab335b10-2000-e811-9414-f0921c16b9e5,0.07671232876712329,0.1817000061274,27
24,ab335b10-2000-e811-9414-f0921c16b9e5,0.07945205479452055,0.155399993062,28
24,ab335b10-2000-e811-9414-f0921c16b9e5,0.0821917808219178,0.1352999955416,29
24,ab335b10-2000-e811-9414-f0921c16b9e5,0.08493150684931507,0.1186999976635,30
24,ab335b10-2000-e811-9414-f0921c16b9e5,0.08767123287671233,0.1018999963999,31
24,ab335b10-2000-e811-9414-f0921c16b9e5,0.09041095890410959,0.08739999681711,32
24,ab335b10-2000-e811-9414-f0921c16b9e5,0.09315068493150686,0.07789999991655,33
24,ab335b10-2000-e811-9414-f0921c16b9e5,0.0958904109589041,0.06849999725819,34
24,ab335b10-2000-e811-9414-f0921c16b9e5,0.09863013698630137,0.05939999967813,35
24,ab335b10-2000-e811-9414-f0921c16b9e5,0.10136986301369863,0.05249999836087,36
24,ab335b10-2000-e811-9414-f0921c16b9e5,0.10410958904109589,0.0456000007689,37
24,ab335b10-2000-e811-9414-f0921c16b9e5,0.10684931506849316,0.03909999877214,38
24,ab335b10-2000-e811-9414-f0921c16b9e5,0.1095890410958904,0.03530000150204,39
24,ab335b10-2000-e811-9414-f0921c16b9e5,0.11232876712328767,0.03130000084639,40
24,ab335b10-2000-e811-9414-f0921c16b9e5,0.11506849315068493,0.02769999951124,41
24,ab335b10-2000-e811-9414-f0921c16b9e5,0.1178082191780822,0.02520000003278,42
24,ab335b10-2000-e811-9414-f0921c16b9e5,0.12054794520547946,0.02199999988079,43
24,ab335b10-2000-e811-9414-f0921c16b9e5,0.1232876712328767,0.01960000023246,44
24,ab335b10-2000-e811-9414-f0921c16b9e5,0.12602739726027398,0.01720000058413,45
24,ab335b10-2000-e811-9414-f0921c16b9e5,0.12876712328767123,0.01470000017434,46
24,ab335b10-2000-e811-9414-f0921c16b9e5,0.13150684931506848,0.01290000043809,47
24,ab335b10-2000-e811-9414-f0921c16b9e5,0.13424657534246576,0.01159999985248,48
24,ab335b10-2000-e811-9414-f0921c16b9e5,0.136986301369863,0.01059999968857,49
24,ab335b10-2000-e811-9414-f0921c16b9e5,0.13972602739726028,0.00899999961257,50
24,ab335b10-2000-e811-9414-f0921c16b9e5,0.14246575342465753,0.007400000002235,51
24,ab335b10-2000-e811-9414-f0921c16b9e5,0.14520547945205478,0.006699999794364,52
24,ab335b10-2000-e811-9414-f0921c16b9e5,0.14794520547945206,0.005499999970198,53
24,ab335b10-2000-e811-9414-f0921c16b9e5,0.1506849315068493,0.004900000058115,54
24,ab335b10-2000-e811-9414-f0921c16b9e5,0.15342465753424658,0.00400000018999,55
24,ab335b10-2000-e811-9414-f0921c16b9e5,0.15616438356164383,0.003700000001118,56
24,ab335b10-2000-e811-9414-f0921c16b9e5,0.1589041095890411,0.003299999982119,57
24,ab335b10-2000-e811-9414-f0921c16b9e5,0.16164383561643836,0.003100000089034,58
24,ab335b10-2000-e811-9414-f0921c16b9e5,0.1643835616438356,0.002499999944121,59
24,ab335b10-2000-e811-9414-f0921c16b9e5,0.16712328767123288,0.002499999944121,60
24,ab335b10-2000-e811-9414-f0921c16b9e5,0.16986301369863013,0.002400000113994,61
24,ab335b10-2000-e811-9414-f0921c16b9e5,0.1726027397260274,0.002300000051036,62
24,ab335b10-2000-e811-9414-f0921c16b9e5,0.17534246575342466,0.002099999925122,63
24,ab335b10-2000-e811-9414-f0921c16b9e5,0.1780821917808219,0.00179999996908,64
24,ab335b10-2000-e811-9414-f0921c16b9e5,0.18082191780821918,0.001500000013039,65
24,ab335b10-2000-e811-9414-f0921c16b9e5,0.18356164383561643,0.001300000003539,66
24,ab335b10-2000-e811-9414-f0921c16b9e5,0.1863013698630137,0.001200000056997,67
24,ab335b10-2000-e811-9414-f0921c16b9e5,0.18904109589041096,0.001000000047497,68
24,ab335b10-2000-e811-9414-f0921c16b9e5,0.1917808219178082,0.0006000000284985,69
24,ab335b10-2000-e811-9414-f0921c16b9e5,0.19452054794520549,0.0005000000237487,70
24,ab335b10-2000-e811-9414-f0921c16b9e5,0.19726027397260273,0.0005000000237487,71
24,ab335b10-2000-e811-9414-f0921c16b9e5,0.2,0.0005000000237487,72
24,ab335b10-2000-e811-9414-f0921c16b9e5,0.20273972602739726,0.0003999999898952,73
24,ab335b10-2000-e811-9414-f0921c16b9e5,0.2054794520547945,0.0003999999898952,74
24,ab335b10-2000-e811-9414-f0921c16b9e5,0.20821917808219179,0.0003999999898952,75
24,ab335b10-2000-e811-9414-f0921c16b9e5,0.21095890410958903,0.0003999999898952,76
24,ab335b10-2000-e811-9414-f0921c16b9e5,0.2136986301369863,0.0003999999898952,77
24,ab335b10-2000-e811-9414-f0921c16b9e5,0.21643835616438356,0.0003999999898952,78
24,ab335b10-2000-e811-9414-f0921c16b9e5,0.2191780821917808,0.0003000000142492,79
24,ab335b10-2000-e811-9414-f0921c16b9e5,0.2219178082191781,0.0003000000142492,80
24,ab335b10-2000-e811-9414-f0921c16b9e5,0.22465753424657534,0.0003000000142492,81
24,ab335b10-2000-e811-9414-f0921c16b9e5,0.2273972602739726,0.0001999999949476,82
24,ab335b10-2000-e811-9414-f0921c16b9e5,0.23013698630136986,9.999999747379e-05,83
24,ab335b10-2000-e811-9414-f0921c16b9e5,0.2328767123287671,9.999999747379e-05,84
24,ab335b10-2000-e811-9414-f0921c16b9e5,0.2356164383561644,9.999999747379e-05,85
24,ab335b10-2000-e811-9414-f0921c16b9e5,0.23835616438356164,9.999999747379e-05,86
24,ab335b10-2000-e811-9414-f0921c16b9e5,0.2410958904109589,9.999999747379e-05,87
24,ab335b10-2000-e811-9414-f0921c16b9e5,0.24383561643835616,9.999999747379e-05,88
24,ab335b10-2000-e811-9414-f0921c16b9e5,0.2465753424657534,9.999999747379e-05,89
25,aa335b10-2000-e811-9414-f0921c16b9e5,0.0027397260273972603,0.0,0
25,aa335b10-2000-e811-9414-f0921c16b9e5,0.005479452054794521,0.0006000000284985,1
25,aa335b10-2000-e811-9414-f0921c16b9e5,0.00821917808219178,0.001200000056997,2
25,aa335b10-2000-e811-9414-f0921c16b9e5,0.010958904109589041,0.002199999988079,3
25,aa335b10-2000-e811-9414-f0921c16b9e5,0.0136986301369863,0.004199999850243,4
25,aa335b10-2000-e811-9414-f0921c16b9e5,0.01643835616438356,0.008399999700487,5
25,aa335b10-2000-e811-9414-f0921c16b9e5,0.019178082191780823,0.01750000007451,6
25,aa335b10-2000-e811-9414-f0921c16b9e5,0.021917808219178082,0.03299999982119,7
25,aa335b10-2000-e811-9414-f0921c16b9e5,0.024657534246575342,0.06159999966621,8
25,aa335b10-2000-e811-9414-f0921c16b9e5,0.0273972602739726,0.1138999983668,9
25,aa335b10-2000-e811-9414-f0921c16b9e5,0.030136986301369864,0.2063000053167,10
25,aa335b10-2000-e811-9414-f0921c16b9e5,0.03287671232876712,0.3328999876976,11
25,aa335b10-2000-e811-9414-f0921c16b9e5,0.03561643835616438,0.4765999913216,12
25,aa335b10-2000-e811-9414-f0921c16b9e5,0.038356164383561646,0.5986999869347,13
25,aa335b10-2000-e811-9414-f0921c16b9e5,0.0410958904109589,0.6425999999046,14
25,aa335b10-2000-e811-9414-f0921c16b9e5,0.043835616438356165,0.6269000172615,15
25,aa335b10-2000-e811-9414-f0921c16b9e5,0.04657534246575343,0.5814999938011,16
25,aa335b10-2000-e811-9414-f0921c16b9e5,0.049315068493150684,0.5234000086784,17
25,aa335b10-2000-e811-9414-f0921c16b9e5,0.052054794520547946,0.4668999910355,18
25,aa335b10-2000-e811-9414-f0921c16b9e5,0.0547945205479452,0.41400000453,19
25,aa335b10-2000-e811-9414-f0921c16b9e5,0.057534246575342465,0.3637999892235,20
25,aa335b10-2000-e811-9414-f0921c16b9e5,0.06027397260273973,0.3194000124931,21
25,aa335b10-2000-e811-9414-f0921c16b9e5,0.06301369863013699,0.2799000144005,22
25,aa335b10-2000-e811-9414-f0921c16b9e5,0.06575342465753424,0.2460000067949,23
25,aa335b10-2000-e811-9414-f0921c16b9e5,0.0684931506849315,0.2134000062943,24
25,aa335b10-2000-e811-9414-f0921c16b9e5,0.07123287671232877,0.1888000071049,25
25,aa335b10-2000-e811-9414-f0921c16b9e5,0.07397260273972603,0.1655000001192,26
25,aa335b10-2000-e811-9414-f0921c16b9e5,0.07671232876712329,0.1449999958277,27
25,aa335b10-2000-e811-9414-f0921c16b9e5,0.07945205479452055,0.1287000030279,28
25,aa335b10-2000-e811-9414-f0921c16b9e5,0.0821917808219178,0.1133000031114,29
25,aa335b10-2000-e811-9414-f0921c16b9e5,0.08493150684931507,0.1000000014901,30
25,aa335b10-2000-e811-9414-f0921c16b9e5,0.08767123287671233,0.08789999783039,31
25,aa335b10-2000-e811-9414-f0921c16b9e5,0.09041095890410959,0.0772999972105,32
25,aa335b10-2000-e811-9414-f0921c16b9e5,0.09315068493150686,0.06830000132322,33
25,aa335b10-2000-e811-9414-f0921c16b9e5,0.0958904109589041,0.05970000103116,34
25,aa335b10-2000-e811-9414-f0921c16b9e5,0.09863013698630137,0.05229999870062,35
25,aa335b10-2000-e811-9414-f0921c16b9e5,0.10136986301369863,0.04690000042319,36
25,aa335b10-2000-e811-9414-f0921c16b9e5,0.10410958904109589,0.04080000147223,37
25,aa335b10-2000-e811-9414-f0921c16b9e5,0.10684931506849316,0.03469999879599,38
25,aa335b10-2000-e811-9414-f0921c16b9e5,0.1095890410958904,0.03099999949336,39
25,aa335b10-2000-e811-9414-f0921c16b9e5,0.11232876712328767,0.02720000036061,40
25,aa335b10-2000-e811-9414-f0921c16b9e5,0.11506849315068493,0.02439999952912,41
25,aa335b10-2000-e811-9414-f0921c16b9e5,0.1178082191780822,0.0207000002265,42
25,aa335b10-2000-e811-9414-f0921c16b9e5,0.12054794520547946,0.0187999997288,43
25,aa335b10-2000-e811-9414-f0921c16b9e5,0.1232876712328767,0.01610000059009,44
25,aa335b10-2000-e811-9414-f0921c16b9e5,0.12602739726027398,0.01449999958277,45
25,aa335b10-2000-e811-9414-f0921c16b9e5,0.12876712328767123,0.01250000018626,46
25,aa335b10-2000-e811-9414-f0921c16b9e5,0.13150684931506848,0.0109999999404,47
25,aa335b10-2000-e811-9414-f0921c16b9e5,0.13424657534246576,0.009499999694526,48
25,aa335b10-2000-e811-9414-f0921c16b9e5,0.136986301369863,0.008399999700487,49
25,aa335b10-2000-e811-9414-f0921c16b9e5,0.13972602739726028,0.007300000172108,50
25,aa335b10-2000-e811-9414-f0921c16b9e5,0.14246575342465753,0.006599999964237,51
25,aa335b10-2000-e811-9414-f0921c16b9e5,0.14520547945205478,0.005400000140071,52
25,aa335b10-2000-e811-9414-f0921c16b9e5,0.14794520547945206,0.004600000102073,53
25,aa335b10-2000-e811-9414-f0921c16b9e5,0.1506849315068493,0.00400000018999,54
25,aa335b10-2000-e811-9414-f0921c16b9e5,0.15342465753424658,0.003899999894202,55
25,aa335b10-2000-e811-9414-f0921c16b9e5,0.15616438356164383,0.003299999982119,56
25,aa335b10-2000-e811-9414-f0921c16b9e5,0.1589041095890411,0.00289999996312,57
25,aa335b10-2000-e811-9414-f0921c16b9e5,0.16164383561643836,0.002499999944121,58
25,aa335b10-2000-e811-9414-f0921c16b9e5,0.1643835616438356,0.002099999925122,59
25,aa335b10-2000-e811-9414-f0921c16b9e5,0.16712328767123288,0.00179999996908,60
25,aa335b10-2000-e811-9414-f0921c16b9e5,0.16986301369863013,0.001399999950081,61
25,aa335b10-2000-e811-9414-f0921c16b9e5,0.1726027397260274,0.001399999950081,62
25,aa335b10-2000-e811-9414-f0921c16b9e5,0.17534246575342466,0.001300000003539,63
25,aa335b10-2000-e811-9414-f0921c16b9e5,0.1780821917808219,0.001000000047497,64
25,aa335b10-2000-e811-9414-f0921c16b9e5,0.18082191780821918,0.0006999999750406,65
25,aa335b10-2000-e811-9414-f0921c16b9e5,0.18356164383561643,0.0006000000284985,66
25,aa335b10-2000-e811-9414-f0921c16b9e5,0.1863013698630137,0.0005000000237487,67
25,aa335b10-2000-e811-9414-f0921c16b9e5,0.18904109589041096,0.0003999999898952,68
25,aa335b10-2000-e811-9414-f0921c16b9e5,0.1917808219178082,0.0003000000142492,69
25,aa335b10-2000-e811-9414-f0921c16b9e5,0.19452054794520549,0.0001999999949476,70
25,aa335b10-2000-e811-9414-f0921c16b9e5,0.19726027397260273,0.0001999999949476,71
25,aa335b10-2000-e811-9414-f0921c16b9e5,0.2,0.0001999999949476,72
25,aa335b10-2000-e811-9414-f0921c16b9e5,0.20273972602739726,0.0001999999949476,73
25,aa335b10-2000-e811-9414-f0921c16b9e5,0.2054794520547945,0.0001999999949476,74
25,aa335b10-2000-e811-9414-f0921c16b9e5,0.20821917808219179,0.0001999999949476,75
25,aa335b10-2000-e811-9414-f0921c16b9e5,0.21095890410958903,0.0001999999949476,76
25,aa335b10-2000-e811-9414-f0921c16b9e5,0.2136986301369863,9.999999747379e-05,77
25,aa335b10-2000-e811-9414-f0921c16b9e5,0.21643835616438356,9.999999747379e-05,78
25,aa335b10-2000-e811-9414-f0921c16b9e5,0.2191780821917808,9.999999747379e-05,79
25,aa335b10-2000-e811-9414-f0921c16b9e5,0.2219178082191781,9.999999747379e-05,80
25,aa335b10-2000-e811-9414-f0921c16b9e5,0.22465753424657534,0.0,81
25,aa335b10-2000-e811-9414-f0921c16b9e5,0.2273972602739726,0.0,82
25,aa335b10-2000-e811-9414-f0921c16b9e5,0.23013698630136986,0.0,83
25,aa335b10-2000-e811-9414-f0921c16b9e5,0.2328767123287671,0.0,84
25,aa335b10-2000-e811-9414-f0921c16b9e5,0.2356164383561644,0.0,85
25,aa335b10-2000-e811-9414-f0921c16b9e5,0.23835616438356164,0.0,86
25,aa335b10-2000-e811-9414-f0921c16b9e5,0.2410958904109589,0.0,87
25,aa335b10-2000-e811-9414-f0921c16b9e5,0.24383561643835616,0.0,88
25,aa335b10-2000-e811-9414-f0921c16b9e5,0.2465753424657534,0.0,89
26,a9335b10-2000-e811-9414-f0921c16b9e5,0.0027397260273972603,0.0,0
26,a9335b10-2000-e811-9414-f0921c16b9e5,0.005479452054794521,0.0006000000284985,1
26,a9335b10-2000-e811-9414-f0921c16b9e5,0.00821917808219178,0.00109999999404,2
26,a9335b10-2000-e811-9414-f0921c16b9e5,0.010958904109589041,0.00289999996312,3
26,a9335b10-2000-e811-9414-f0921c16b9e5,0.0136986301369863,0.005799999926239,4
26,a9335b10-2000-e811-9414-f0921c16b9e5,0.01643835616438356,0.01300000026822,5
26,a9335b10-2000-e811-9414-f0921c16b9e5,0.019178082191780823,0.0278999991715,6
26,a9335b10-2000-e811-9414-f0921c16b9e5,0.021917808219178082,0.05609999969602,7
26,a9335b10-2000-e811-9414-f0921c16b9e5,0.024657534246575342,0.1136000007391,8
26,a9335b10-2000-e811-9414-f0921c16b9e5,0.0273972602739726,0.2195000052452,9
26,a9335b10-2000-e811-9414-f0921c16b9e5,0.030136986301369864,0.3837999999523,10
26,a9335b10-2000-e811-9414-f0921c16b9e5,0.03287671232876712,0.5608999729156,11
26,a9335b10-2000-e811-9414-f0921c16b9e5,0.03561643835616438,0.6917999982834,12
26,a9335b10-2000-e811-9414-f0921c16b9e5,0.038356164383561646,0.7239000201225,13
26,a9335b10-2000-e811-9414-f0921c16b9e5,0.0410958904109589,0.7012000083923,14
26,a9335b10-2000-e811-9414-f0921c16b9e5,0.043835616438356165,0.6520000100136,15
26,a9335b10-2000-e811-9414-f0921c16b9e5,0.04657534246575343,0.599799990654,16
26,a9335b10-2000-e811-9414-f0921c16b9e5,0.049315068493150684,0.5478000044823,17
26,a9335b10-2000-e811-9414-f0921c16b9e5,0.052054794520547946,0.4957000017166,18
26,a9335b10-2000-e811-9414-f0921c16b9e5,0.0547945205479452,0.4526999890804,19
26,a9335b10-2000-e811-9414-f0921c16b9e5,0.057534246575342465,0.4101999998093,20
26,a9335b10-2000-e811-9414-f0921c16b9e5,0.06027397260273973,0.3698000013828,21
26,a9335b10-2000-e811-9414-f0921c16b9e5,0.06301369863013699,0.3348000049591,22
26,a9335b10-2000-e811-9414-f0921c16b9e5,0.06575342465753424,0.3027999997139,23
26,a9335b10-2000-e811-9414-f0921c16b9e5,0.0684931506849315,0.2700999975204,24
26,a9335b10-2000-e811-9414-f0921c16b9e5,0.07123287671232877,0.2413000017405,25
26,a9335b10-2000-e811-9414-f0921c16b9e5,0.07397260273972603,0.2190999984741,26
26,a9335b10-2000-e811-9414-f0921c16b9e5,0.07671232876712329,0.1978999972343,27
26,a9335b10-2000-e811-9414-f0921c16b9e5,0.07945205479452055,0.1792999953032,28
26,a9335b10-2000-e811-9414-f0921c16b9e5,0.0821917808219178,0.1598999947309,29
26,a9335b10-2000-e811-9414-f0921c16b9e5,0.08493150684931507,0.1444000005722,30
26,a9335b10-2000-e811-9414-f0921c16b9e5,0.08767123287671233,0.1309999972582,31
26,a9335b10-2000-e811-9414-f0921c16b9e5,0.09041095890410959,0.1193000003695,32
26,a9335b10-2000-e811-9414-f0921c16b9e5,0.09315068493150686,0.1089999973774,33
26,a9335b10-2000-e811-9414-f0921c16b9e5,0.0958904109589041,0.09939999878407,34
26,a9335b10-2000-e811-9414-f0921c16b9e5,0.09863013698630137,0.08810000121593,35
26,a9335b10-2000-e811-9414-f0921c16b9e5,0.10136986301369863,0.08009999990463,36
26,a9335b10-2000-e811-9414-f0921c16b9e5,0.10410958904109589,0.07299999892712,37
26,a9335b10-2000-e811-9414-f0921c16b9e5,0.10684931506849316,0.06599999964237,38
26,a9335b10-2000-e811-9414-f0921c16b9e5,0.1095890410958904,0.0586999990046,39
26,a9335b10-2000-e811-9414-f0921c16b9e5,0.11232876712328767,0.05409999936819,40
26,a9335b10-2000-e811-9414-f0921c16b9e5,0.11506849315068493,0.04780000075698,41
26,a9335b10-2000-e811-9414-f0921c16b9e5,0.1178082191780822,0.0434999987483,42
26,a9335b10-2000-e811-9414-f0921c16b9e5,0.12054794520547946,0.04069999977946,43
26,a9335b10-2000-e811-9414-f0921c16b9e5,0.1232876712328767,0.0379999987781,44
26,a9335b10-2000-e811-9414-f0921c16b9e5,0.12602739726027398,0.034200001508,45
26,a9335b10-2000-e811-9414-f0921c16b9e5,0.12876712328767123,0.03099999949336,46
26,a9335b10-2000-e811-9414-f0921c16b9e5,0.13150684931506848,0.02759999968112,47
26,a9335b10-2000-e811-9414-f0921c16b9e5,0.13424657534246576,0.02470000088215,48
26,a9335b10-2000-e811-9414-f0921c16b9e5,0.136986301369863,0.02190000005066,49
26,a9335b10-2000-e811-9414-f0921c16b9e5,0.13972602739726028,0.01979999989271,50
26,a9335b10-2000-e811-9414-f0921c16b9e5,0.14246575342465753,0.01840000040829,51
26,a9335b10-2000-e811-9414-f0921c16b9e5,0.14520547945205478,0.01659999974072,52
26,a9335b10-2000-e811-9414-f0921c16b9e5,0.14794520547945206,0.01449999958277,53
26,a9335b10-2000-e811-9414-f0921c16b9e5,0.1506849315068493,0.01279999967664,54
26,a9335b10-2000-e811-9414-f0921c16b9e5,0.15342465753424658,0.01059999968857,55
26,a9335b10-2000-e811-9414-f0921c16b9e5,0.15616438356164383,0.009600000455976,56
26,a9335b10-2000-e811-9414-f0921c16b9e5,0.1589041095890411,0.008600000292063,57
26,a9335b10-2000-e811-9414-f0921c16b9e5,0.16164383561643836,0.007799999788404,58
26,a9335b10-2000-e811-9414-f0921c16b9e5,0.1643835616438356,0.006899999920279,59
26,a9335b10-2000-e811-9414-f0921c16b9e5,0.16712328767123288,0.006399999838322,60
26,a9335b10-2000-e811-9414-f0921c16b9e5,0.16986301369863013,0.005499999970198,61
26,a9335b10-2000-e811-9414-f0921c16b9e5,0.1726027397260274,0.004600000102073,62
26,a9335b10-2000-e811-9414-f0921c16b9e5,0.17534246575342466,0.004300000146031,63
26,a9335b10-2000-e811-9414-f0921c16b9e5,0.1780821917808219,0.003899999894202,64
26,a9335b10-2000-e811-9414-f0921c16b9e5,0.18082191780821918,0.003500000108033,65
26,a9335b10-2000-e811-9414-f0921c16b9e5,0.18356164383561643,0.003299999982119,66
26,a9335b10-2000-e811-9414-f0921c16b9e5,0.1863013698630137,0.00289999996312,67
26,a9335b10-2000-e811-9414-f0921c16b9e5,0.18904109589041096,0.00289999996312,68
26,a9335b10-2000-e811-9414-f0921c16b9e5,0.1917808219178082,0.002600000007078,69
26,a9335b10-2000-e811-9414-f0921c16b9e5,0.19452054794520549,0.002499999944121,70
26,a9335b10-2000-e811-9414-f0921c16b9e5,0.19726027397260273,0.002400000113994,71
26,a9335b10-2000-e811-9414-f0921c16b9e5,0.2,0.002000000094995,72
26,a9335b10-2000-e811-9414-f0921c16b9e5,0.20273972602739726,0.001900000032037,73
26,a9335b10-2000-e811-9414-f0921c16b9e5,0.2054794520547945,0.001700000022538,74
26,a9335b10-2000-e811-9414-f0921c16b9e5,0.20821917808219179,0.001300000003539,75
26,a9335b10-2000-e811-9414-f0921c16b9e5,0.21095890410958903,0.001300000003539,76
26,a9335b10-2000-e811-9414-f0921c16b9e5,0.2136986301369863,0.00109999999404,77
26,a9335b10-2000-e811-9414-f0921c16b9e5,0.21643835616438356,0.001000000047497,78
26,a9335b10-2000-e811-9414-f0921c16b9e5,0.2191780821917808,0.0007999999797903,79
26,a9335b10-2000-e811-9414-f0921c16b9e5,0.2219178082191781,0.0006999999750406,80
26,a9335b10-2000-e811-9414-f0921c16b9e5,0.22465753424657534,0.0006999999750406,81
26,a9335b10-2000-e811-9414-f0921c16b9e5,0.2273972602739726,0.0005000000237487,82
26,a9335b10-2000-e811-9414-f0921c16b9e5,0.23013698630136986,0.0003000000142492,83
26,a9335b10-2000-e811-9414-f0921c16b9e5,0.2328767123287671,0.0003000000142492,84
26,a9335b10-2000-e811-9414-f0921c16b9e5,0.2356164383561644,0.0003000000142492,85
26,a9335b10-2000-e811-9414-f0921c16b9e5,0.23835616438356164,0.0003000000142492,86
26,a9335b10-2000-e811-9414-f0921c16b9e5,0.2410958904109589,0.0003000000142492,87
26,a9335b10-2000-e811-9414-f0921c16b9e5,0.24383561643835616,0.0003000000142492,88
26,a9335b10-2000-e811-9414-f0921c16b9e5,0.2465753424657534,0.0003000000142492,89
27,a8335b10-2000-e811-9414-f0921c16b9e5,0.0027397260273972603,0.0,0
27,a8335b10-2000-e811-9414-f0921c16b9e5,0.005479452054794521,0.0005000000237487,1
27,a8335b10-2000-e811-9414-f0921c16b9e5,0.00821917808219178,0.00089999998454,2
27,a8335b10-2000-e811-9414-f0921c16b9e5,0.010958904109589041,0.00089999998454,3
27,a8335b10-2000-e811-9414-f0921c16b9e5,0.0136986301369863,0.001200000056997,4
27,a8335b10-2000-e811-9414-f0921c16b9e5,0.01643835616438356,0.001700000022538,5
27,a8335b10-2000-e811-9414-f0921c16b9e5,0.019178082191780823,0.002799999900162,6
27,a8335b10-2000-e811-9414-f0921c16b9e5,0.021917808219178082,0.00400000018999,7
27,a8335b10-2000-e811-9414-f0921c16b9e5,0.024657534246575342,0.006099999882281,8
27,a8335b10-2000-e811-9414-f0921c16b9e5,0.0273972602739726,0.009499999694526,9
27,a8335b10-2000-e811-9414-f0921c16b9e5,0.030136986301369864,0.01640000008047,10
27,a8335b10-2000-e811-9414-f0921c16b9e5,0.03287671232876712,0.02410000003874,11
27,a8335b10-2000-e811-9414-f0921c16b9e5,0.03561643835616438,0.03530000150204,12
27,a8335b10-2000-e811-9414-f0921c16b9e5,0.038356164383561646,0.05310000106692,13
27,a8335b10-2000-e811-9414-f0921c16b9e5,0.0410958904109589,0.07800000160933,14
27,a8335b10-2000-e811-9414-f0921c16b9e5,0.043835616438356165,0.1147999987006,15
27,a8335b10-2000-e811-9414-f0921c16b9e5,0.04657534246575343,0.1580999940634,16
27,a8335b10-2000-e811-9414-f0921c16b9e5,0.049315068493150684,0.2189999967813,17
27,a8335b10-2000-e811-9414-f0921c16b9e5,0.052054794520547946,0.2928000092506,18
27,a8335b10-2000-e811-9414-f0921c16b9e5,0.0547945205479452,0.3697000145912,19
27,a8335b10-2000-e811-9414-f0921c16b9e5,0.057534246575342465,0.4422999918461,20
27,a8335b10-2000-e811-9414-f0921c16b9e5,0.06027397260273973,0.5045999884605,21
27,a8335b10-2000-e811-9414-f0921c16b9e5,0.06301369863013699,0.5453000068665,22
27,a8335b10-2000-e811-9414-f0921c16b9e5,0.06575342465753424,0.5594999790192,23
27,a8335b10-2000-e811-9414-f0921c16b9e5,0.0684931506849315,0.5509999990463,24
27,a8335b10-2000-e811-9414-f0921c16b9e5,0.07123287671232877,0.5282999873161,25
27,a8335b10-2000-e811-9414-f0921c16b9e5,0.07397260273972603,0.5018000006676,26
27,a8335b10-2000-e811-9414-f0921c16b9e5,0.07671232876712329,0.468699991703,27
27,a8335b10-2000-e811-9414-f0921c16b9e5,0.07945205479452055,0.4363000094891,28
27,a8335b10-2000-e811-9414-f0921c16b9e5,0.0821917808219178,0.4002999961376,29
27,a8335b10-2000-e811-9414-f0921c16b9e5,0.08493150684931507,0.3688000142574,30
27,a8335b10-2000-e811-9414-f0921c16b9e5,0.08767123287671233,0.3366999924183,31
27,a8335b10-2000-e811-9414-f0921c16b9e5,0.09041095890410959,0.306400001049,32
27,a8335b10-2000-e811-9414-f0921c16b9e5,0.09315068493150686,0.2800000011921,33
27,a8335b10-2000-e811-9414-f0921c16b9e5,0.0958904109589041,0.252799987793,34
27,a8335b10-2000-e811-9414-f0921c16b9e5,0.09863013698630137,0.2282000035048,35
27,a8335b10-2000-e811-9414-f0921c16b9e5,0.10136986301369863,0.2069000005722,36
27,a8335b10-2000-e811-9414-f0921c16b9e5,0.10410958904109589,0.1860000044107,37
27,a8335b10-2000-e811-9414-f0921c16b9e5,0.10684931506849316,0.1677999943495,38
27,a8335b10-2000-e811-9414-f0921c16b9e5,0.1095890410958904,0.1535000056028,39
27,a8335b10-2000-e811-9414-f0921c16b9e5,0.11232876712328767,0.1416999995708,40
27,a8335b10-2000-e811-9414-f0921c16b9e5,0.11506849315068493,0.1293999999762,41
27,a8335b10-2000-e811-9414-f0921c16b9e5,0.1178082191780822,0.1176000013947,42
27,a8335b10-2000-e811-9414-f0921c16b9e5,0.12054794520547946,0.1061000004411,43
27,a8335b10-2000-e811-9414-f0921c16b9e5,0.1232876712328767,0.09570000320673,44
27,a8335b10-2000-e811-9414-f0921c16b9e5,0.12602739726027398,0.08709999918938,45
27,a8335b10-2000-e811-9414-f0921c16b9e5,0.12876712328767123,0.07779999822378,46
27,a8335b10-2000-e811-9414-f0921c16b9e5,0.13150684931506848,0.06830000132322,47
27,a8335b10-2000-e811-9414-f0921c16b9e5,0.13424657534246576,0.06140000000596,48
27,a8335b10-2000-e811-9414-f0921c16b9e5,0.136986301369863,0.05629999935627,49
27,a8335b10-2000-e811-9414-f0921c16b9e5,0.13972602739726028,0.0511000007391,50
27,a8335b10-2000-e811-9414-f0921c16b9e5,0.14246575342465753,0.04589999839664,51
27,a8335b10-2000-e811-9414-f0921c16b9e5,0.14520547945205478,0.04250000044703,52
27,a8335b10-2000-e811-9414-f0921c16b9e5,0.14794520547945206,0.03889999911189,53
27,a8335b10-2000-e811-9414-f0921c16b9e5,0.1506849315068493,0.03550000116229,54
27,a8335b10-2000-e811-9414-f0921c16b9e5,0.15342465753424658,0.03189999982715,55
27,a8335b10-2000-e811-9414-f0921c16b9e5,0.15616438356164383,0.0285000000149,56
27,a8335b10-2000-e811-9414-f0921c16b9e5,0.1589041095890411,0.02470000088215,57
27,a8335b10-2000-e811-9414-f0921c16b9e5,0.16164383561643836,0.02229999937117,58
27,a8335b10-2000-e811-9414-f0921c16b9e5,0.1643835616438356,0.01960000023246,59
27,a8335b10-2000-e811-9414-f0921c16b9e5,0.16712328767123288,0.01759999990463,60
27,a8335b10-2000-e811-9414-f0921c16b9e5,0.16986301369863013,0.01620000042021,61
27,a8335b10-2000-e811-9414-f0921c16b9e5,0.1726027397260274,0.0152000002563,62
27,a8335b10-2000-e811-9414-f0921c16b9e5,0.17534246575342466,0.01389999967068,63
27,a8335b10-2000-e811-9414-f0921c16b9e5,0.1780821917808219,0.01279999967664,64
27,a8335b10-2000-e811-9414-f0921c16b9e5,0.18082191780821918,0.01169999968261,65
27,a8335b10-2000-e811-9414-f0921c16b9e5,0.18356164383561643,0.01070000045002,66
27,a8335b10-2000-e811-9414-f0921c16b9e5,0.1863013698630137,0.009700000286102,67
27,a8335b10-2000-e811-9414-f0921c16b9e5,0.18904109589041096,0.008899999782443,68
27,a8335b10-2000-e811-9414-f0921c16b9e5,0.1917808219178082,0.007699999958277,69
27,a8335b10-2000-e811-9414-f0921c16b9e5,0.19452054794520549,0.007000000216067,70
27,a8335b10-2000-e811-9414-f0921c16b9e5,0.19726027397260273,0.006099999882281,71
27,a8335b10-2000-e811-9414-f0921c16b9e5,0.2,0.005299999844283,72
27,a8335b10-2000-e811-9414-f0921c16b9e5,0.20273972602739726,0.004999999888241,73
27,a8335b10-2000-e811-9414-f0921c16b9e5,0.2054794520547945,0.004800000227988,74
27,a8335b10-2000-e811-9414-f0921c16b9e5,0.20821917808219179,0.004300000146031,75
27,a8335b10-2000-e811-9414-f0921c16b9e5,0.21095890410958903,0.003800000064075,76
27,a8335b10-2000-e811-9414-f0921c16b9e5,0.2136986301369863,0.003700000001118,77
27,a8335b10-2000-e811-9414-f0921c16b9e5,0.21643835616438356,0.003199999919161,78
27,a8335b10-2000-e811-9414-f0921c16b9e5,0.2191780821917808,0.002799999900162,79
27,a8335b10-2000-e811-9414-f0921c16b9e5,0.2219178082191781,0.002300000051036,80
27,a8335b10-2000-e811-9414-f0921c16b9e5,0.22465753424657534,0.002099999925122,81
27,a8335b10-2000-e811-9414-f0921c16b9e5,0.2273972602739726,0.002000000094995,82
27,a8335b10-2000-e811-9414-f0921c16b9e5,0.23013698630136986,0.00179999996908,83
27,a8335b10-2000-e811-9414-f0921c16b9e5,0.2328767123287671,0.001700000022538,84
27,a8335b10-2000-e811-9414-f0921c16b9e5,0.2356164383561644,0.001500000013039,85
27,a8335b10-2000-e811-9414-f0921c16b9e5,0.23835616438356164,0.001399999950081,86
27,a8335b10-2000-e811-9414-f0921c16b9e5,0.2410958904109589,0.00109999999404,87
27,a8335b10-2000-e811-9414-f0921c16b9e5,0.24383561643835616,0.001000000047497,88
27,a8335b10-2000-e811-9414-f0921c16b9e5,0.2465753424657534,0.001000000047497,89
28,a7335b10-2000-e811-9414-f0921c16b9e5,0.0027397260273972603,0.0,0
28,a7335b10-2000-e811-9414-f0921c16b9e5,0.005479452054794521,0.0006999999750406,1
28,a7335b10-2000-e811-9414-f0921c16b9e5,0.00821917808219178,0.001700000022538,2
28,a7335b10-2000-e811-9414-f0921c16b9e5,0.010958904109589041,0.003199999919161,3
28,a7335b10-2000-e811-9414-f0921c16b9e5,0.0136986301369863,0.006899999920279,4
28,a7335b10-2000-e811-9414-f0921c16b9e5,0.01643835616438356,0.01279999967664,5
28,a7335b10-2000-e811-9414-f0921c16b9e5,0.019178082191780823,0.0265999995172,6
28,a7335b10-2000-e811-9414-f0921c16b9e5,0.021917808219178082,0.05400000140071,7
28,a7335b10-2000-e811-9414-f0921c16b9e5,0.024657534246575342,0.1101000010967,8
28,a7335b10-2000-e811-9414-f0921c16b9e5,0.0273972602739726,0.2172999978065,9
28,a7335b10-2000-e811-9414-f0921c16b9e5,0.030136986301369864,0.3628999888897,10
28,a7335b10-2000-e811-9414-f0921c16b9e5,0.03287671232876712,0.5174999833107,11
28,a7335b10-2000-e811-9414-f0921c16b9e5,0.03561643835616438,0.624499976635,12
28,a7335b10-2000-e811-9414-f0921c16b9e5,0.038356164383561646,0.6358000040054,13
28,a7335b10-2000-e811-9414-f0921c16b9e5,0.0410958904109589,0.5935000181198,14
28,a7335b10-2000-e811-9414-f0921c16b9e5,0.043835616438356165,0.5278000235558,15
28,a7335b10-2000-e811-9414-f0921c16b9e5,0.04657534246575343,0.4580000042915,16
28,a7335b10-2000-e811-9414-f0921c16b9e5,0.049315068493150684,0.3944000005722,17
28,a7335b10-2000-e811-9414-f0921c16b9e5,0.052054794520547946,0.3391999900341,18
28,a7335b10-2000-e811-9414-f0921c16b9e5,0.0547945205479452,0.2896000146866,19
28,a7335b10-2000-e811-9414-f0921c16b9e5,0.057534246575342465,0.2469999939203,20
28,a7335b10-2000-e811-9414-f0921c16b9e5,0.06027397260273973,0.2137999981642,21
28,a7335b10-2000-e811-9414-f0921c16b9e5,0.06301369863013699,0.1835000067949,22
28,a7335b10-2000-e811-9414-f0921c16b9e5,0.06575342465753424,0.1599999964237,23
28,a7335b10-2000-e811-9414-f0921c16b9e5,0.0684931506849315,0.1371999979019,24
28,a7335b10-2000-e811-9414-f0921c16b9e5,0.07123287671232877,0.118100002408,25
28,a7335b10-2000-e811-9414-f0921c16b9e5,0.07397260273972603,0.1024999991059,26
28,a7335b10-2000-e811-9414-f0921c16b9e5,0.07671232876712329,0.08789999783039,27
28,a7335b10-2000-e811-9414-f0921c16b9e5,0.07945205479452055,0.07490000128746,28
28,a7335b10-2000-e811-9414-f0921c16b9e5,0.0821917808219178,0.06379999965429,29
28,a7335b10-2000-e811-9414-f0921c16b9e5,0.08493150684931507,0.05420000106096,30
28,a7335b10-2000-e811-9414-f0921c16b9e5,0.08767123287671233,0.04569999873638,31
28,a7335b10-2000-e811-9414-f0921c16b9e5,0.09041095890410959,0.03900000080466,32
28,a7335b10-2000-e811-9414-f0921c16b9e5,0.09315068493150686,0.03350000083447,33
28,a7335b10-2000-e811-9414-f0921c16b9e5,0.0958904109589041,0.02930000051856,34
28,a7335b10-2000-e811-9414-f0921c16b9e5,0.09863013698630137,0.02520000003278,35
28,a7335b10-2000-e811-9414-f0921c16b9e5,0.10136986301369863,0.02040000073612,36
28,a7335b10-2000-e811-9414-f0921c16b9e5,0.10410958904109589,0.01740000024438,37
28,a7335b10-2000-e811-9414-f0921c16b9e5,0.10684931506849316,0.01569999940693,38
28,a7335b10-2000-e811-9414-f0921c16b9e5,0.1095890410958904,0.01319999992847,39
28,a7335b10-2000-e811-9414-f0921c16b9e5,0.11232876712328767,0.01180000044405,40
28,a7335b10-2000-e811-9414-f0921c16b9e5,0.11506849315068493,0.01059999968857,41
28,a7335b10-2000-e811-9414-f0921c16b9e5,0.1178082191780822,0.009399999864399,42
28,a7335b10-2000-e811-9414-f0921c16b9e5,0.12054794520547946,0.00800000037998,43
28,a7335b10-2000-e811-9414-f0921c16b9e5,0.1232876712328767,0.006899999920279,44
28,a7335b10-2000-e811-9414-f0921c16b9e5,0.12602739726027398,0.006200000178069,45
28,a7335b10-2000-e811-9414-f0921c16b9e5,0.12876712328767123,0.005200000014156,46
28,a7335b10-2000-e811-9414-f0921c16b9e5,0.13150684931506848,0.004800000227988,47
28,a7335b10-2000-e811-9414-f0921c16b9e5,0.13424657534246576,0.003700000001118,48
28,a7335b10-2000-e811-9414-f0921c16b9e5,0.136986301369863,0.003000000026077,49
28,a7335b10-2000-e811-9414-f0921c16b9e5,0.13972602739726028,0.002600000007078,50
28,a7335b10-2000-e811-9414-f0921c16b9e5,0.14246575342465753,0.002400000113994,51
28,a7335b10-2000-e811-9414-f0921c16b9e5,0.14520547945205478,0.002000000094995,52
28,a7335b10-2000-e811-9414-f0921c16b9e5,0.14794520547945206,0.001599999959581,53
28,a7335b10-2000-e811-9414-f0921c16b9e5,0.1506849315068493,0.00109999999404,54
28,a7335b10-2000-e811-9414-f0921c16b9e5,0.15342465753424658,0.0006999999750406,55
28,a7335b10-2000-e811-9414-f0921c16b9e5,0.15616438356164383,0.0006000000284985,56
28,a7335b10-2000-e811-9414-f0921c16b9e5,0.1589041095890411,0.0005000000237487,57
28,a7335b10-2000-e811-9414-f0921c16b9e5,0.16164383561643836,0.0003999999898952,58
28,a7335b10-2000-e811-9414-f0921c16b9e5,0.1643835616438356,0.0003999999898952,59
28,a7335b10-2000-e811-9414-f0921c16b9e5,0.16712328767123288,0.0003999999898952,60
28,a7335b10-2000-e811-9414-f0921c16b9e5,0.16986301369863013,0.0003000000142492,61
28,a7335b10-2000-e811-9414-f0921c16b9e5,0.1726027397260274,0.0003000000142492,62
28,a7335b10-2000-e811-9414-f0921c16b9e5,0.17534246575342466,0.0001999999949476,63
28,a7335b10-2000-e811-9414-f0921c16b9e5,0.1780821917808219,0.0001999999949476,64
28,a7335b10-2000-e811-9414-f0921c16b9e5,0.18082191780821918,0.0001999999949476,65
28,a7335b10-2000-e811-9414-f0921c16b9e5,0.18356164383561643,0.0001999999949476,66
28,a7335b10-2000-e811-9414-f0921c16b9e5,0.1863013698630137,0.0001999999949476,67
28,a7335b10-2000-e811-9414-f0921c16b9e5,0.18904109589041096,0.0001999999949476,68
28,a7335b10-2000-e811-9414-f0921c16b9e5,0.1917808219178082,0.0001999999949476,69
28,a7335b10-2000-e811-9414-f0921c16b9e5,0.19452054794520549,0.0001999999949476,70
28,a7335b10-2000-e811-9414-f0921c16b9e5,0.19726027397260273,0.0001999999949476,71
28,a7335b10-2000-e811-9414-f0921c16b9e5,0.2,0.0001999999949476,72
28,a7335b10-2000-e811-9414-f0921c16b9e5,0.20273972602739726,0.0001999999949476,73
28,a7335b10-2000-e811-9414-f0921c16b9e5,0.2054794520547945,0.0001999999949476,74
28,a7335b10-2000-e811-9414-f0921c16b9e5,0.20821917808219179,9.999999747379e-05,75
28,a7335b10-2000-e811-9414-f0921c16b9e5,0.21095890410958903,9.999999747379e-05,76
28,a7335b10-2000-e811-9414-f0921c16b9e5,0.2136986301369863,0.0,77
28,a7335b10-2000-e811-9414-f0921c16b9e5,0.21643835616438356,0.0,78
28,a7335b10-2000-e811-9414-f0921c16b9e5,0.2191780821917808,0.0,79
28,a7335b10-2000-e811-9414-f0921c16b9e5,0.2219178082191781,0.0,80
28,a7335b10-2000-e811-9414-f0921c16b9e5,0.22465753424657534,0.0,81
28,a7335b10-2000-e811-9414-f0921c16b9e5,0.2273972602739726,0.0,82
28,a7335b10-2000-e811-9414-f0921c16b9e5,0.23013698630136986,0.0,83
28,a7335b10-2000-e811-9414-f0921c16b9e5,0.2328767123287671,0.0,84
28,a7335b10-2000-e811-9414-f0921c16b9e5,0.2356164383561644,0.0,85
28,a7335b10-2000-e811-9414-f0921c16b9e5,0.23835616438356164,0.0,86
28,a7335b10-2000-e811-9414-f0921c16b9e5,0.2410958904109589,0.0,87
28,a7335b10-2000-e811-9414-f0921c16b9e5,0.24383561643835616,0.0,88
28,a7335b10-2000-e811-9414-f0921c16b9e5,0.2465753424657534,0.0,89
29,a6335b10-2000-e811-9414-f0921c16b9e5,0.0027397260273972603,0.0,0
29,a6335b10-2000-e811-9414-f0921c16b9e5,0.005479452054794521,0.0001999999949476,1
29,a6335b10-2000-e811-9414-f0921c16b9e5,0.00821917808219178,0.0003999999898952,2
29,a6335b10-2000-e811-9414-f0921c16b9e5,0.010958904109589041,0.0006999999750406,3
29,a6335b10-2000-e811-9414-f0921c16b9e5,0.0136986301369863,0.001200000056997,4
29,a6335b10-2000-e811-9414-f0921c16b9e5,0.01643835616438356,0.002099999925122,5
29,a6335b10-2000-e811-9414-f0921c16b9e5,0.019178082191780823,0.003899999894202,6
29,a6335b10-2000-e811-9414-f0921c16b9e5,0.021917808219178082,0.005700000096112,7
29,a6335b10-2000-e811-9414-f0921c16b9e5,0.024657534246575342,0.007699999958277,8
29,a6335b10-2000-e811-9414-f0921c16b9e5,0.0273972602739726,0.01250000018626,9
29,a6335b10-2000-e811-9414-f0921c16b9e5,0.030136986301369864,0.01860000006855,10
29,a6335b10-2000-e811-9414-f0921c16b9e5,0.03287671232876712,0.02930000051856,11
29,a6335b10-2000-e811-9414-f0921c16b9e5,0.03561643835616438,0.04679999873042,12
29,a6335b10-2000-e811-9414-f0921c16b9e5,0.038356164383561646,0.06899999827147,13
29,a6335b10-2000-e811-9414-f0921c16b9e5,0.0410958904109589,0.104500003159,14
29,a6335b10-2000-e811-9414-f0921c16b9e5,0.043835616438356165,0.1466999948025,15
29,a6335b10-2000-e811-9414-f0921c16b9e5,0.04657534246575343,0.1948000043631,16
29,a6335b10-2000-e811-9414-f0921c16b9e5,0.049315068493150684,0.2508000135422,17
29,a6335b10-2000-e811-9414-f0921c16b9e5,0.052054794520547946,0.3003000020981,18
29,a6335b10-2000-e811-9414-f0921c16b9e5,0.0547945205479452,0.330000013113,19
29,a6335b10-2000-e811-9414-f0921c16b9e5,0.057534246575342465,0.3424000144005,20
29,a6335b10-2000-e811-9414-f0921c16b9e5,0.06027397260273973,0.3309000134468,21
29,a6335b10-2000-e811-9414-f0921c16b9e5,0.06301369863013699,0.303200006485,22
29,a6335b10-2000-e811-9414-f0921c16b9e5,0.06575342465753424,0.2678999900818,23
29,a6335b10-2000-e811-9414-f0921c16b9e5,0.0684931506849315,0.2276999950409,24
29,a6335b10-2000-e811-9414-f0921c16b9e5,0.07123287671232877,0.1923000067472,25
29,a6335b10-2000-e811-9414-f0921c16b9e5,0.07397260273972603,0.1599999964237,26
29,a6335b10-2000-e811-9414-f0921c16b9e5,0.07671232876712329,0.1288000047207,27
29,a6335b10-2000-e811-9414-f0921c16b9e5,0.07945205479452055,0.1020999997854,28
29,a6335b10-2000-e811-9414-f0921c16b9e5,0.0821917808219178,0.08200000226498,29
29,a6335b10-2000-e811-9414-f0921c16b9e5,0.08493150684931507,0.06650000065565,30
29,a6335b10-2000-e811-9414-f0921c16b9e5,0.08767123287671233,0.05629999935627,31
29,a6335b10-2000-e811-9414-f0921c16b9e5,0.09041095890410959,0.04419999942183,32
29,a6335b10-2000-e811-9414-f0921c16b9e5,0.09315068493150686,0.03500000014901,33
29,a6335b10-2000-e811-9414-f0921c16b9e5,0.0958904109589041,0.02720000036061,34
29,a6335b10-2000-e811-9414-f0921c16b9e5,0.09863013698630137,0.02030000090599,35
29,a6335b10-2000-e811-9414-f0921c16b9e5,0.10136986301369863,0.0168999992311,36
29,a6335b10-2000-e811-9414-f0921c16b9e5,0.10410958904109589,0.01260000001639,37
29,a6335b10-2000-e811-9414-f0921c16b9e5,0.10684931506849316,0.01030000019819,38
29,a6335b10-2000-e811-9414-f0921c16b9e5,0.1095890410958904,0.00789999961853,39
29,a6335b10-2000-e811-9414-f0921c16b9e5,0.11232876712328767,0.006099999882281,40
29,a6335b10-2000-e811-9414-f0921c16b9e5,0.11506849315068493,0.004600000102073,41
29,a6335b10-2000-e811-9414-f0921c16b9e5,0.1178082191780822,0.003299999982119,42
29,a6335b10-2000-e811-9414-f0921c16b9e5,0.12054794520547946,0.002600000007078,43
29,a6335b10-2000-e811-9414-f0921c16b9e5,0.1232876712328767,0.00179999996908,44
29,a6335b10-2000-e811-9414-f0921c16b9e5,0.12602739726027398,0.001300000003539,45
29,a6335b10-2000-e811-9414-f0921c16b9e5,0.12876712328767123,0.00089999998454,46
29,a6335b10-2000-e811-9414-f0921c16b9e5,0.13150684931506848,0.0006999999750406,47
29,a6335b10-2000-e811-9414-f0921c16b9e5,0.13424657534246576,0.0006999999750406,48
29,a6335b10-2000-e811-9414-f0921c16b9e5,0.136986301369863,0.0005000000237487,49
29,a6335b10-2000-e811-9414-f0921c16b9e5,0.13972602739726028,0.0001999999949476,50
29,a6335b10-2000-e811-9414-f0921c16b9e5,0.14246575342465753,9.999999747379e-05,51
29,a6335b10-2000-e811-9414-f0921c16b9e5,0.14520547945205478,9.999999747379e-05,52
29,a6335b10-2000-e811-9414-f0921c16b9e5,0.14794520547945206,9.999999747379e-05,53
29,a6335b10-2000-e811-9414-f0921c16b9e5,0.1506849315068493,9.999999747379e-05,54
29,a6335b10-2000-e811-9414-f0921c16b9e5,0.15342465753424658,9.999999747379e-05,55
29,a6335b10-2000-e811-9414-f0921c16b9e5,0.15616438356164383,0.0,56
29,a6335b10-2000-e811-9414-f0921c16b9e5,0.1589041095890411,0.0,57
29,a6335b10-2000-e811-9414-f0921c16b9e5,0.16164383561643836,0.0,58
29,a6335b10-2000-e811-9414-f0921c16b9e5,0.1643835616438356,0.0,59
29,a6335b10-2000-e811-9414-f0921c16b9e5,0.16712328767123288,0.0,60
29,a6335b10-2000-e811-9414-f0921c16b9e5,0.16986301369863013,0.0,61
29,a6335b10-2000-e811-9414-f0921c16b9e5,0.1726027397260274,0.0,62
29,a6335b10-2000-e811-9414-f0921c16b9e5,0.17534246575342466,0.0,63
29,a6335b10-2000-e811-9414-f0921c16b9e5,0.1780821917808219,0.0,64
29,a6335b10-2000-e811-9414-f0921c16b9e5,0.18082191780821918,0.0,65
29,a6335b10-2000-e811-9414-f0921c16b9e5,0.18356164383561643,0.0,66
29,a6335b10-2000-e811-9414-f0921c16b9e5,0.1863013698630137,0.0,67
29,a6335b10-2000-e811-9414-f0921c16b9e5,0.18904109589041096,0.0,68
29,a6335b10-2000-e811-9414-f0921c16b9e5,0.1917808219178082,0.0,69
29,a6335b10-2000-e811-9414-f0921c16b9e5,0.19452054794520549,0.0,70
29,a6335b10-2000-e811-9414-f0921c16b9e5,0.19726027397260273,0.0,71
29,a6335b10-2000-e811-9414-f0921c16b9e5,0.2,0.0,72
29,a6335b10-2000-e811-9414-f0921c16b9e5,0.20273972602739726,0.0,73
29,a6335b10-2000-e811-9414-f0921c16b9e5,0.2054794520547945,0.0,74
29,a6335b10-2000-e811-9414-f0921c16b9e5,0.20821917808219179,0.0,75
29,a6335b10-2000-e811-9414-f0921c16b9e5,0.21095890410958903,0.0,76
29,a6335b10-2000-e811-9414-f0921c16b9e5,0.2136986301369863,0.0,77
29,a6335b10-2000-e811-9414-f0921c16b9e5,0.21643835616438356,0.0,78
29,a6335b10-2000-e811-9414-f0921c16b9e5,0.2191780821917808,0.0,79
29,a6335b10-2000-e811-9414-f0921c16b9e5,0.2219178082191781,0.0,80
29,a6335b10-2000-e811-9414-f0921c16b9e5,0.22465753424657534,0.0,81
29,a6335b10-2000-e811-9414-f0921c16b9e5,0.2273972602739726,0.0,82
29,a6335b10-2000-e811-9414-f0921c16b9e5,0.23013698630136986,0.0,83
29,a6335b10-2000-e811-9414-f0921c16b9e5,0.2328767123287671,0.0,84
29,a6335b10-2000-e811-9414-f0921c16b9e5,0.2356164383561644,0.0,85
29,a6335b10-2000-e811-9414-f0921c16b9e5,0.23835616438356164,0.0,86
29,a6335b10-2000-e811-9414-f0921c16b9e5,0.2410958904109589,0.0,87
29,a6335b10-2000-e811-9414-f0921c16b9e5,0.24383561643835616,0.0,88
29,a6335b10-2000-e811-9414-f0921c16b9e5,0.2465753424657534,0.0,89
30,b16b7003-2000-e811-9414-f0921c16b9e5,0.0027397260273972603,0.0,0
30,b16b7003-2000-e811-9414-f0921c16b9e5,0.005479452054794521,0.0006999999750406,1
30,b16b7003-2000-e811-9414-f0921c16b9e5,0.00821917808219178,0.0007999999797903,2
30,b16b7003-2000-e811-9414-f0921c16b9e5,0.010958904109589041,0.001700000022538,3
30,b16b7003-2000-e811-9414-f0921c16b9e5,0.0136986301369863,0.003500000108033,4
30,b16b7003-2000-e811-9414-f0921c16b9e5,0.01643835616438356,0.005700000096112,5
30,b16b7003-2000-e811-9414-f0921c16b9e5,0.019178082191780823,0.009700000286102,6
30,b16b7003-2000-e811-9414-f0921c16b9e5,0.021917808219178082,0.01950000040233,7
30,b16b7003-2000-e811-9414-f0921c16b9e5,0.024657534246575342,0.0359000004828,8
30,b16b7003-2000-e811-9414-f0921c16b9e5,0.0273972602739726,0.06319999694824,9
30,b16b7003-2000-e811-9414-f0921c16b9e5,0.030136986301369864,0.1115000024438,10
30,b16b7003-2000-e811-9414-f0921c16b9e5,0.03287671232876712,0.1880999952555,11
30,b16b7003-2000-e811-9414-f0921c16b9e5,0.03561643835616438,0.2958000004292,12
30,b16b7003-2000-e811-9414-f0921c16b9e5,0.038356164383561646,0.4113000035286,13
30,b16b7003-2000-e811-9414-f0921c16b9e5,0.0410958904109589,0.5074999928474,14
30,b16b7003-2000-e811-9414-f0921c16b9e5,0.043835616438356165,0.5694000124931,15
30,b16b7003-2000-e811-9414-f0921c16b9e5,0.04657534246575343,0.5787000060081,16
30,b16b7003-2000-e811-9414-f0921c16b9e5,0.049315068493150684,0.5546000003815,17
30,b16b7003-2000-e811-9414-f0921c16b9e5,0.052054794520547946,0.5081999897957,18
30,b16b7003-2000-e811-9414-f0921c16b9e5,0.0547945205479452,0.4519999921322,19
30,b16b7003-2000-e811-9414-f0921c16b9e5,0.057534246575342465,0.4002999961376,20
30,b16b7003-2000-e811-9414-f0921c16b9e5,0.06027397260273973,0.3533999919891,21
30,b16b7003-2000-e811-9414-f0921c16b9e5,0.06301369863013699,0.3050000071526,22
30,b16b7003-2000-e811-9414-f0921c16b9e5,0.06575342465753424,0.2639999985695,23
30,b16b7003-2000-e811-9414-f0921c16b9e5,0.0684931506849315,0.2266999930143,24
30,b16b7003-2000-e811-9414-f0921c16b9e5,0.07123287671232877,0.1975000053644,25
30,b16b7003-2000-e811-9414-f0921c16b9e5,0.07397260273972603,0.174099996686,26
30,b16b7003-2000-e811-9414-f0921c16b9e5,0.07671232876712329,0.1526000052691,27
30,b16b7003-2000-e811-9414-f0921c16b9e5,0.07945205479452055,0.1323000043631,28
30,b16b7003-2000-e811-9414-f0921c16b9e5,0.0821917808219178,0.1128999963403,29
30,b16b7003-2000-e811-9414-f0921c16b9e5,0.08493150684931507,0.09730000048876,30
30,b16b7003-2000-e811-9414-f0921c16b9e5,0.08767123287671233,0.08290000259876,31
30,b16b7003-2000-e811-9414-f0921c16b9e5,0.09041095890410959,0.06939999759197,32
30,b16b7003-2000-e811-9414-f0921c16b9e5,0.09315068493150686,0.05930000171065,33
30,b16b7003-2000-e811-9414-f0921c16b9e5,0.0958904109589041,0.05099999904633,34
30,b16b7003-2000-e811-9414-f0921c16b9e5,0.09863013698630137,0.04430000111461,35
30,b16b7003-2000-e811-9414-f0921c16b9e5,0.10136986301369863,0.03880000114441,36
30,b16b7003-2000-e811-9414-f0921c16b9e5,0.10410958904109589,0.0337999984622,37
30,b16b7003-2000-e811-9414-f0921c16b9e5,0.10684931506849316,0.0285000000149,38
30,b16b7003-2000-e811-9414-f0921c16b9e5,0.1095890410958904,0.02520000003278,39
30,b16b7003-2000-e811-9414-f0921c16b9e5,0.11232876712328767,0.02089999988675,40
30,b16b7003-2000-e811-9414-f0921c16b9e5,0.11506849315068493,0.0194000005722,41
30,b16b7003-2000-e811-9414-f0921c16b9e5,0.1178082191780822,0.017100000754,42
30,b16b7003-2000-e811-9414-f0921c16b9e5,0.12054794520547946,0.01460000034422,43
30,b16b7003-2000-e811-9414-f0921c16b9e5,0.1232876712328767,0.01260000001639,44
30,b16b7003-2000-e811-9414-f0921c16b9e5,0.12602739726027398,0.01059999968857,45
30,b16b7003-2000-e811-9414-f0921c16b9e5,0.12876712328767123,0.009200000204146,46
30,b16b7003-2000-e811-9414-f0921c16b9e5,0.13150684931506848,0.00829999987036,47
30,b16b7003-2000-e811-9414-f0921c16b9e5,0.13424657534246576,0.007400000002235,48
30,b16b7003-2000-e811-9414-f0921c16b9e5,0.136986301369863,0.006000000052154,49
30,b16b7003-2000-e811-9414-f0921c16b9e5,0.13972602739726028,0.004900000058115,50
30,b16b7003-2000-e811-9414-f0921c16b9e5,0.14246575342465753,0.0046999999322,51
30,b16b7003-2000-e811-9414-f0921c16b9e5,0.14520547945205478,0.004100000020117,52
30,b16b7003-2000-e811-9414-f0921c16b9e5,0.14794520547945206,0.003299999982119,53
30,b16b7003-2000-e811-9414-f0921c16b9e5,0.1506849315068493,0.003100000089034,54
30,b16b7003-2000-e811-9414-f0921c16b9e5,0.15342465753424658,0.002600000007078,55
30,b16b7003-2000-e811-9414-f0921c16b9e5,0.15616438356164383,0.001900000032037,56
30,b16b7003-2000-e811-9414-f0921c16b9e5,0.1589041095890411,0.001500000013039,57
30,b16b7003-2000-e811-9414-f0921c16b9e5,0.16164383561643836,0.001500000013039,58
30,b16b7003-2000-e811-9414-f0921c16b9e5,0.1643835616438356,0.001399999950081,59
30,b16b7003-2000-e811-9414-f0921c16b9e5,0.16712328767123288,0.001200000056997,60
30,b16b7003-2000-e811-9414-f0921c16b9e5,0.16986301369863013,0.001000000047497,61
30,b16b7003-2000-e811-9414-f0921c16b9e5,0.1726027397260274,0.00089999998454,62
30,b16b7003-2000-e811-9414-f0921c16b9e5,0.17534246575342466,0.0007999999797903,63
30,b16b7003-2000-e811-9414-f0921c16b9e5,0.1780821917808219,0.0006999999750406,64
30,b16b7003-2000-e811-9414-f0921c16b9e5,0.18082191780821918,0.0005000000237487,65
30,b16b7003-2000-e811-9414-f0921c16b9e5,0.18356164383561643,0.0005000000237487,66
30,b16b7003-2000-e811-9414-f0921c16b9e5,0.1863013698630137,0.0003999999898952,67
30,b16b7003-2000-e811-9414-f0921c16b9e5,0.18904109589041096,0.0003000000142492,68
30,b16b7003-2000-e811-9414-f0921c16b9e5,0.1917808219178082,0.0003000000142492,69
30,b16b7003-2000-e811-9414-f0921c16b9e5,0.19452054794520549,0.0003000000142492,70
30,b16b7003-2000-e811-9414-f0921c16b9e5,0.19726027397260273,0.0003000000142492,71
30,b16b7003-2000-e811-9414-f0921c16b9e5,0.2,0.0003000000142492,72
30,b16b7003-2000-e811-9414-f0921c16b9e5,0.20273972602739726,0.0001999999949476,73
30,b16b7003-2000-e811-9414-f0921c16b9e5,0.2054794520547945,0.0001999999949476,74
30,b16b7003-2000-e811-9414-f0921c16b9e5,0.20821917808219179,9.999999747379e-05,75
30,b16b7003-2000-e811-9414-f0921c16b9e5,0.21095890410958903,9.999999747379e-05,76
30,b16b7003-2000-e811-9414-f0921c16b9e5,0.2136986301369863,9.999999747379e-05,77
30,b16b7003-2000-e811-9414-f0921c16b9e5,0.21643835616438356,9.999999747379e-05,78
30,b16b7003-2000-e811-9414-f0921c16b9e5,0.2191780821917808,0.0,79
30,b16b7003-2000-e811-9414-f0921c16b9e5,0.2219178082191781,0.0,80
30,b16b7003-2000-e811-9414-f0921c16b9e5,0.22465753424657534,0.0,81
30,b16b7003-2000-e811-9414-f0921c16b9e5,0.2273972602739726,0.0,82
30,b16b7003-2000-e811-9414-f0921c16b9e5,0.23013698630136986,0.0,83
30,b16b7003-2000-e811-9414-f0921c16b9e5,0.2328767123287671,0.0,84
30,b16b7003-2000-e811-9414-f0921c16b9e5,0.2356164383561644,0.0,85
30,b16b7003-2000-e811-9414-f0921c16b9e5,0.23835616438356164,0.0,86
30,b16b7003-2000-e811-9414-f0921c16b9e5,0.2410958904109589,0.0,87
30,b16b7003-2000-e811-9414-f0921c16b9e5,0.24383561643835616,0.0,88
30,b16b7003-2000-e811-9414-f0921c16b9e5,0.2465753424657534,0.0,89
31,b06b7003-2000-e811-9414-f0921c16b9e5,0.0027397260273972603,0.0,0
31,b06b7003-2000-e811-9414-f0921c16b9e5,0.005479452054794521,0.0003999999898952,1
31,b06b7003-2000-e811-9414-f0921c16b9e5,0.00821917808219178,0.0003999999898952,2
31,b06b7003-2000-e811-9414-f0921c16b9e5,0.010958904109589041,0.0005000000237487,3
31,b06b7003-2000-e811-9414-f0921c16b9e5,0.0136986301369863,0.00089999998454,4
31,b06b7003-2000-e811-9414-f0921c16b9e5,0.01643835616438356,0.001500000013039,5
31,b06b7003-2000-e811-9414-f0921c16b9e5,0.019178082191780823,0.002099999925122,6
31,b06b7003-2000-e811-9414-f0921c16b9e5,0.021917808219178082,0.003100000089034,7
31,b06b7003-2000-e811-9414-f0921c16b9e5,0.024657534246575342,0.004499999806285,8
31,b06b7003-2000-e811-9414-f0921c16b9e5,0.0273972602739726,0.00650000013411,9
31,b06b7003-2000-e811-9414-f0921c16b9e5,0.030136986301369864,0.01070000045002,10
31,b06b7003-2000-e811-9414-f0921c16b9e5,0.03287671232876712,0.01620000042021,11
31,b06b7003-2000-e811-9414-f0921c16b9e5,0.03561643835616438,0.02569999918342,12
31,b06b7003-2000-e811-9414-f0921c16b9e5,0.038356164383561646,0.03779999911785,13
31,b06b7003-2000-e811-9414-f0921c16b9e5,0.0410958904109589,0.05750000104308,14
31,b06b7003-2000-e811-9414-f0921c16b9e5,0.043835616438356165,0.08560000360012,15
31,b06b7003-2000-e811-9414-f0921c16b9e5,0.04657534246575343,0.1226999983191,16
31,b06b7003-2000-e811-9414-f0921c16b9e5,0.049315068493150684,0.1779000014067,17
31,b06b7003-2000-e811-9414-f0921c16b9e5,0.052054794520547946,0.2518999874592,18
31,b06b7003-2000-e811-9414-f0921c16b9e5,0.0547945205479452,0.3440000116825,19
31,b06b7003-2000-e811-9414-f0921c16b9e5,0.057534246575342465,0.4302000105381,20
31,b06b7003-2000-e811-9414-f0921c16b9e5,0.06027397260273973,0.5091999769211,21
31,b06b7003-2000-e811-9414-f0921c16b9e5,0.06301369863013699,0.5525000095367,22
31,b06b7003-2000-e811-9414-f0921c16b9e5,0.06575342465753424,0.5731999874115,23
31,b06b7003-2000-e811-9414-f0921c16b9e5,0.0684931506849315,0.5633999705315,24
31,b06b7003-2000-e811-9414-f0921c16b9e5,0.07123287671232877,0.5457000136375,25
31,b06b7003-2000-e811-9414-f0921c16b9e5,0.07397260273972603,0.5180000066757,26
31,b06b7003-2000-e811-9414-f0921c16b9e5,0.07671232876712329,0.4826000034809,27
31,b06b7003-2000-e811-9414-f0921c16b9e5,0.07945205479452055,0.4478999972343,28
31,b06b7003-2000-e811-9414-f0921c16b9e5,0.0821917808219178,0.4101000130177,29
31,b06b7003-2000-e811-9414-f0921c16b9e5,0.08493150684931507,0.3727000057697,30
31,b06b7003-2000-e811-9414-f0921c16b9e5,0.08767123287671233,0.337700009346,31
31,b06b7003-2000-e811-9414-f0921c16b9e5,0.09041095890410959,0.306400001049,32
31,b06b7003-2000-e811-9414-f0921c16b9e5,0.09315068493150686,0.2793000042439,33
31,b06b7003-2000-e811-9414-f0921c16b9e5,0.0958904109589041,0.2508000135422,34
31,b06b7003-2000-e811-9414-f0921c16b9e5,0.09863013698630137,0.2301000058651,35
31,b06b7003-2000-e811-9414-f0921c16b9e5,0.10136986301369863,0.2089000046253,36
31,b06b7003-2000-e811-9414-f0921c16b9e5,0.10410958904109589,0.1869000047445,37
31,b06b7003-2000-e811-9414-f0921c16b9e5,0.10684931506849316,0.1685999929905,38
31,b06b7003-2000-e811-9414-f0921c16b9e5,0.1095890410958904,0.1518999934196,39
31,b06b7003-2000-e811-9414-f0921c16b9e5,0.11232876712328767,0.1367000043392,40
31,b06b7003-2000-e811-9414-f0921c16b9e5,0.11506849315068493,0.1225000023842,41
31,b06b7003-2000-e811-9414-f0921c16b9e5,0.1178082191780822,0.1110000014305,42
31,b06b7003-2000-e811-9414-f0921c16b9e5,0.12054794520547946,0.1013000011444,43
31,b06b7003-2000-e811-9414-f0921c16b9e5,0.1232876712328767,0.09009999781847,44
31,b06b7003-2000-e811-9414-f0921c16b9e5,0.12602739726027398,0.08280000090599,45
31,b06b7003-2000-e811-9414-f0921c16b9e5,0.12876712328767123,0.07469999790192,46
31,b06b7003-2000-e811-9414-f0921c16b9e5,0.13150684931506848,0.06780000030994,47
31,b06b7003-2000-e811-9414-f0921c16b9e5,0.13424657534246576,0.06060000136495,48
31,b06b7003-2000-e811-9414-f0921c16b9e5,0.136986301369863,0.05429999902844,49
31,b06b7003-2000-e811-9414-f0921c16b9e5,0.13972602739726028,0.04910000041127,50
31,b06b7003-2000-e811-9414-f0921c16b9e5,0.14246575342465753,0.0430999994278,51
31,b06b7003-2000-e811-9414-f0921c16b9e5,0.14520547945205478,0.03810000047088,52
31,b06b7003-2000-e811-9414-f0921c16b9e5,0.14794520547945206,0.03440000116825,53
31,b06b7003-2000-e811-9414-f0921c16b9e5,0.1506849315068493,0.03130000084639,54
31,b06b7003-2000-e811-9414-f0921c16b9e5,0.15342465753424658,0.0278999991715,55
31,b06b7003-2000-e811-9414-f0921c16b9e5,0.15616438356164383,0.02580000087619,56
31,b06b7003-2000-e811-9414-f0921c16b9e5,0.1589041095890411,0.02370000071824,57
31,b06b7003-2000-e811-9414-f0921c16b9e5,0.16164383561643836,0.01999999955297,58
31,b06b7003-2000-e811-9414-f0921c16b9e5,0.1643835616438356,0.01810000091791,59
31,b06b7003-2000-e811-9414-f0921c16b9e5,0.16712328767123288,0.01620000042021,60
31,b06b7003-2000-e811-9414-f0921c16b9e5,0.16986301369863013,0.01460000034422,61
31,b06b7003-2000-e811-9414-f0921c16b9e5,0.1726027397260274,0.0132999997586,62
31,b06b7003-2000-e811-9414-f0921c16b9e5,0.17534246575342466,0.01190000027418,63
31,b06b7003-2000-e811-9414-f0921c16b9e5,0.1780821917808219,0.01070000045002,64
31,b06b7003-2000-e811-9414-f0921c16b9e5,0.18082191780821918,0.009899999946356,65
31,b06b7003-2000-e811-9414-f0921c16b9e5,0.18356164383561643,0.00870000012219,66
31,b06b7003-2000-e811-9414-f0921c16b9e5,0.1863013698630137,0.008100000210106,67
31,b06b7003-2000-e811-9414-f0921c16b9e5,0.18904109589041096,0.007300000172108,68
31,b06b7003-2000-e811-9414-f0921c16b9e5,0.1917808219178082,0.005900000222027,69
31,b06b7003-2000-e811-9414-f0921c16b9e5,0.19452054794520549,0.005499999970198,70
31,b06b7003-2000-e811-9414-f0921c16b9e5,0.19726027397260273,0.004600000102073,71
31,b06b7003-2000-e811-9414-f0921c16b9e5,0.2,0.004300000146031,72
31,b06b7003-2000-e811-9414-f0921c16b9e5,0.20273972602739726,0.004100000020117,73
31,b06b7003-2000-e811-9414-f0921c16b9e5,0.2054794520547945,0.003400000045076,74
31,b06b7003-2000-e811-9414-f0921c16b9e5,0.20821917808219179,0.003199999919161,75
31,b06b7003-2000-e811-9414-f0921c16b9e5,0.21095890410958903,0.003100000089034,76
31,b06b7003-2000-e811-9414-f0921c16b9e5,0.2136986301369863,0.00289999996312,77
31,b06b7003-2000-e811-9414-f0921c16b9e5,0.21643835616438356,0.002600000007078,78
31,b06b7003-2000-e811-9414-f0921c16b9e5,0.2191780821917808,0.002300000051036,79
31,b06b7003-2000-e811-9414-f0921c16b9e5,0.2219178082191781,0.001900000032037,80
31,b06b7003-2000-e811-9414-f0921c16b9e5,0.22465753424657534,0.001599999959581,81
31,b06b7003-2000-e811-9414-f0921c16b9e5,0.2273972602739726,0.001599999959581,82
31,b06b7003-2000-e811-9414-f0921c16b9e5,0.23013698630136986,0.001500000013039,83
31,b06b7003-2000-e811-9414-f0921c16b9e5,0.2328767123287671,0.001300000003539,84
31,b06b7003-2000-e811-9414-f0921c16b9e5,0.2356164383561644,0.001300000003539,85
31,b06b7003-2000-e811-9414-f0921c16b9e5,0.23835616438356164,0.001300000003539,86
31,b06b7003-2000-e811-9414-f0921c16b9e5,0.2410958904109589,0.001300000003539,87
31,b06b7003-2000-e811-9414-f0921c16b9e5,0.24383561643835616,0.001300000003539,88
31,b06b7003-2000-e811-9414-f0921c16b9e5,0.2465753424657534,0.001000000047497,89
32,af6b7003-2000-e811-9414-f0921c16b9e5,0.0027397260273972603,0.0,0
32,af6b7003-2000-e811-9414-f0921c16b9e5,0.005479452054794521,0.0001999999949476,1
32,af6b7003-2000-e811-9414-f0921c16b9e5,0.00821917808219178,0.0003000000142492,2
32,af6b7003-2000-e811-9414-f0921c16b9e5,0.010958904109589041,0.0003999999898952,3
32,af6b7003-2000-e811-9414-f0921c16b9e5,0.0136986301369863,0.0001999999949476,4
32,af6b7003-2000-e811-9414-f0921c16b9e5,0.01643835616438356,0.0003000000142492,5
32,af6b7003-2000-e811-9414-f0921c16b9e5,0.019178082191780823,0.0006999999750406,6
32,af6b7003-2000-e811-9414-f0921c16b9e5,0.021917808219178082,0.001300000003539,7
32,af6b7003-2000-e811-9414-f0921c16b9e5,0.024657534246575342,0.002700000070035,8
32,af6b7003-2000-e811-9414-f0921c16b9e5,0.0273972602739726,0.005200000014156,9
32,af6b7003-2000-e811-9414-f0921c16b9e5,0.030136986301369864,0.01070000045002,10
32,af6b7003-2000-e811-9414-f0921c16b9e5,0.03287671232876712,0.02140000090003,11
32,af6b7003-2000-e811-9414-f0921c16b9e5,0.03561643835616438,0.04239999875426,12
32,af6b7003-2000-e811-9414-f0921c16b9e5,0.038356164383561646,0.08129999786615,13
32,af6b7003-2000-e811-9414-f0921c16b9e5,0.0410958904109589,0.1525000035763,14
32,af6b7003-2000-e811-9414-f0921c16b9e5,0.043835616438356165,0.2630999982357,15
32,af6b7003-2000-e811-9414-f0921c16b9e5,0.04657534246575343,0.4066999852657,16
32,af6b7003-2000-e811-9414-f0921c16b9e5,0.049315068493150684,0.5378999710083,17
32,af6b7003-2000-e811-9414-f0921c16b9e5,0.052054794520547946,0.6072999835014,18
32,af6b7003-2000-e811-9414-f0921c16b9e5,0.0547945205479452,0.6000000238419,19
32,af6b7003-2000-e811-9414-f0921c16b9e5,0.057534246575342465,0.5523999929428,20
32,af6b7003-2000-e811-9414-f0921c16b9e5,0.06027397260273973,0.4916000068188,21
32,af6b7003-2000-e811-9414-f0921c16b9e5,0.06301369863013699,0.426600009203,22
32,af6b7003-2000-e811-9414-f0921c16b9e5,0.06575342465753424,0.3643999993801,23
32,af6b7003-2000-e811-9414-f0921c16b9e5,0.0684931506849315,0.3104000091553,24
32,af6b7003-2000-e811-9414-f0921c16b9e5,0.07123287671232877,0.2662999927998,25
32,af6b7003-2000-e811-9414-f0921c16b9e5,0.07397260273972603,0.2282000035048,26
32,af6b7003-2000-e811-9414-f0921c16b9e5,0.07671232876712329,0.1941999942064,27
32,af6b7003-2000-e811-9414-f0921c16b9e5,0.07945205479452055,0.1650999933481,28
32,af6b7003-2000-e811-9414-f0921c16b9e5,0.0821917808219178,0.1393000036478,29
32,af6b7003-2000-e811-9414-f0921c16b9e5,0.08493150684931507,0.118299998343,30
32,af6b7003-2000-e811-9414-f0921c16b9e5,0.08767123287671233,0.1002999991179,31
32,af6b7003-2000-e811-9414-f0921c16b9e5,0.09041095890410959,0.0852999985218,32
32,af6b7003-2000-e811-9414-f0921c16b9e5,0.09315068493150686,0.07299999892712,33
32,af6b7003-2000-e811-9414-f0921c16b9e5,0.0958904109589041,0.06170000135899,34
32,af6b7003-2000-e811-9414-f0921c16b9e5,0.09863013698630137,0.05200000107288,35
32,af6b7003-2000-e811-9414-f0921c16b9e5,0.10136986301369863,0.04500000178814,36
32,af6b7003-2000-e811-9414-f0921c16b9e5,0.10410958904109589,0.03830000013113,37
32,af6b7003-2000-e811-9414-f0921c16b9e5,0.10684931506849316,0.03350000083447,38
32,af6b7003-2000-e811-9414-f0921c16b9e5,0.1095890410958904,0.02920000068843,39
32,af6b7003-2000-e811-9414-f0921c16b9e5,0.11232876712328767,0.02549999952316,40
32,af6b7003-2000-e811-9414-f0921c16b9e5,0.11506849315068493,0.02199999988079,41
32,af6b7003-2000-e811-9414-f0921c16b9e5,0.1178082191780822,0.01899999938905,42
32,af6b7003-2000-e811-9414-f0921c16b9e5,0.12054794520547946,0.01640000008047,43
32,af6b7003-2000-e811-9414-f0921c16b9e5,0.1232876712328767,0.01429999992251,44
32,af6b7003-2000-e811-9414-f0921c16b9e5,0.12602739726027398,0.01300000026822,45
32,af6b7003-2000-e811-9414-f0921c16b9e5,0.12876712328767123,0.01119999960065,46
32,af6b7003-2000-e811-9414-f0921c16b9e5,0.13150684931506848,0.009499999694526,47
32,af6b7003-2000-e811-9414-f0921c16b9e5,0.13424657534246576,0.007699999958277,48
32,af6b7003-2000-e811-9414-f0921c16b9e5,0.136986301369863,0.006599999964237,49
32,af6b7003-2000-e811-9414-f0921c16b9e5,0.13972602739726028,0.005599999800324,50
32,af6b7003-2000-e811-9414-f0921c16b9e5,0.14246575342465753,0.0046999999322,51
32,af6b7003-2000-e811-9414-f0921c16b9e5,0.14520547945205478,0.004199999850243,52
32,af6b7003-2000-e811-9414-f0921c16b9e5,0.14794520547945206,0.003500000108033,53
32,af6b7003-2000-e811-9414-f0921c16b9e5,0.1506849315068493,0.002799999900162,54
32,af6b7003-2000-e811-9414-f0921c16b9e5,0.15342465753424658,0.002600000007078,55
32,af6b7003-2000-e811-9414-f0921c16b9e5,0.15616438356164383,0.002199999988079,56
32,af6b7003-2000-e811-9414-f0921c16b9e5,0.1589041095890411,0.002000000094995,57
32,af6b7003-2000-e811-9414-f0921c16b9e5,0.16164383561643836,0.001700000022538,58
32,af6b7003-2000-e811-9414-f0921c16b9e5,0.1643835616438356,0.001500000013039,59
32,af6b7003-2000-e811-9414-f0921c16b9e5,0.16712328767123288,0.001399999950081,60
32,af6b7003-2000-e811-9414-f0921c16b9e5,0.16986301369863013,0.001200000056997,61
32,af6b7003-2000-e811-9414-f0921c16b9e5,0.1726027397260274,0.00109999999404,62
32,af6b7003-2000-e811-9414-f0921c16b9e5,0.17534246575342466,0.0007999999797903,63
32,af6b7003-2000-e811-9414-f0921c16b9e5,0.1780821917808219,0.0007999999797903,64
32,af6b7003-2000-e811-9414-f0921c16b9e5,0.18082191780821918,0.0006999999750406,65
32,af6b7003-2000-e811-9414-f0921c16b9e5,0.18356164383561643,0.0006000000284985,66
32,af6b7003-2000-e811-9414-f0921c16b9e5,0.1863013698630137,0.0006000000284985,67
32,af6b7003-2000-e811-9414-f0921c16b9e5,0.18904109589041096,0.0005000000237487,68
32,af6b7003-2000-e811-9414-f0921c16b9e5,0.1917808219178082,0.0003999999898952,69
32,af6b7003-2000-e811-9414-f0921c16b9e5,0.19452054794520549,0.0003999999898952,70
32,af6b7003-2000-e811-9414-f0921c16b9e5,0.19726027397260273,0.0003000000142492,71
32,af6b7003-2000-e811-9414-f0921c16b9e5,0.2,0.0003000000142492,72
32,af6b7003-2000-e811-9414-f0921c16b9e5,0.20273972602739726,0.0001999999949476,73
32,af6b7003-2000-e811-9414-f0921c16b9e5,0.2054794520547945,0.0001999999949476,74
32,af6b7003-2000-e811-9414-f0921c16b9e5,0.20821917808219179,9.999999747379e-05,75
32,af6b7003-2000-e811-9414-f0921c16b9e5,0.21095890410958903,9.999999747379e-05,76
32,af6b7003-2000-e811-9414-f0921c16b9e5,0.2136986301369863,9.999999747379e-05,77
32,af6b7003-2000-e811-9414-f0921c16b9e5,0.21643835616438356,9.999999747379e-05,78
32,af6b7003-2000-e811-9414-f0921c16b9e5,0.2191780821917808,9.999999747379e-05,79
32,af6b7003-2000-e811-9414-f0921c16b9e5,0.2219178082191781,9.999999747379e-05,80
32,af6b7003-2000-e811-9414-f0921c16b9e5,0.22465753424657534,0.0,81
32,af6b7003-2000-e811-9414-f0921c16b9e5,0.2273972602739726,0.0,82
32,af6b7003-2000-e811-9414-f0921c16b9e5,0.23013698630136986,0.0,83
32,af6b7003-2000-e811-9414-f0921c16b9e5,0.2328767123287671,0.0,84
32,af6b7003-2000-e811-9414-f0921c16b9e5,0.2356164383561644,0.0,85
32,af6b7003-2000-e811-9414-f0921c16b9e5,0.23835616438356164,0.0,86
32,af6b7003-2000-e811-9414-f0921c16b9e5,0.2410958904109589,0.0,87
32,af6b7003-2000-e811-9414-f0921c16b9e5,0.24383561643835616,0.0,88
32,af6b7003-2000-e811-9414-f0921c16b9e5,0.2465753424657534,0.0,89
33,ae6b7003-2000-e811-9414-f0921c16b9e5,0.0027397260273972603,0.0,0
33,ae6b7003-2000-e811-9414-f0921c16b9e5,0.005479452054794521,0.0006999999750406,1
33,ae6b7003-2000-e811-9414-f0921c16b9e5,0.00821917808219178,0.001300000003539,2
33,ae6b7003-2000-e811-9414-f0921c16b9e5,0.010958904109589041,0.00289999996312,3
33,ae6b7003-2000-e811-9414-f0921c16b9e5,0.0136986301369863,0.0046999999322,4
33,ae6b7003-2000-e811-9414-f0921c16b9e5,0.01643835616438356,0.007000000216067,5
33,ae6b7003-2000-e811-9414-f0921c16b9e5,0.019178082191780823,0.0109999999404,6
33,ae6b7003-2000-e811-9414-f0921c16b9e5,0.021917808219178082,0.02040000073612,7
33,ae6b7003-2000-e811-9414-f0921c16b9e5,0.024657534246575342,0.03449999913573,8
33,ae6b7003-2000-e811-9414-f0921c16b9e5,0.0273972602739726,0.06150000169873,9
33,ae6b7003-2000-e811-9414-f0921c16b9e5,0.030136986301369864,0.1042999997735,10
33,ae6b7003-2000-e811-9414-f0921c16b9e5,0.03287671232876712,0.1678999960423,11
33,ae6b7003-2000-e811-9414-f0921c16b9e5,0.03561643835616438,0.2556999921799,12
33,ae6b7003-2000-e811-9414-f0921c16b9e5,0.038356164383561646,0.3603999912739,13
33,ae6b7003-2000-e811-9414-f0921c16b9e5,0.0410958904109589,0.4620999991894,14
33,ae6b7003-2000-e811-9414-f0921c16b9e5,0.043835616438356165,0.5347999930382,15
33,ae6b7003-2000-e811-9414-f0921c16b9e5,0.04657534246575343,0.5613999962807,16
33,ae6b7003-2000-e811-9414-f0921c16b9e5,0.049315068493150684,0.5460000038147,17
33,ae6b7003-2000-e811-9414-f0921c16b9e5,0.052054794520547946,0.5133000016212,18
33,ae6b7003-2000-e811-9414-f0921c16b9e5,0.0547945205479452,0.4584999978542,19
33,ae6b7003-2000-e811-9414-f0921c16b9e5,0.057534246575342465,0.4097999930382,20
33,ae6b7003-2000-e811-9414-f0921c16b9e5,0.06027397260273973,0.3664999902248,21
33,ae6b7003-2000-e811-9414-f0921c16b9e5,0.06301369863013699,0.3192999958992,22
33,ae6b7003-2000-e811-9414-f0921c16b9e5,0.06575342465753424,0.2806000113487,23
33,ae6b7003-2000-e811-9414-f0921c16b9e5,0.0684931506849315,0.2452999949455,24
33,ae6b7003-2000-e811-9414-f0921c16b9e5,0.07123287671232877,0.2152999937534,25
33,ae6b7003-2000-e811-9414-f0921c16b9e5,0.07397260273972603,0.186700001359,26
33,ae6b7003-2000-e811-9414-f0921c16b9e5,0.07671232876712329,0.1617999970913,27
33,ae6b7003-2000-e811-9414-f0921c16b9e5,0.07945205479452055,0.1406999975443,28
33,ae6b7003-2000-e811-9414-f0921c16b9e5,0.0821917808219178,0.1230000033975,29
33,ae6b7003-2000-e811-9414-f0921c16b9e5,0.08493150684931507,0.1052000001073,30
33,ae6b7003-2000-e811-9414-f0921c16b9e5,0.08767123287671233,0.0912000015378,31
33,ae6b7003-2000-e811-9414-f0921c16b9e5,0.09041095890410959,0.07800000160933,32
33,ae6b7003-2000-e811-9414-f0921c16b9e5,0.09315068493150686,0.06740000098944,33
33,ae6b7003-2000-e811-9414-f0921c16b9e5,0.0958904109589041,0.05790000036359,34
33,ae6b7003-2000-e811-9414-f0921c16b9e5,0.09863013698630137,0.05070000141859,35
33,ae6b7003-2000-e811-9414-f0921c16b9e5,0.10136986301369863,0.04360000044107,36
33,ae6b7003-2000-e811-9414-f0921c16b9e5,0.10410958904109589,0.03810000047088,37
33,ae6b7003-2000-e811-9414-f0921c16b9e5,0.10684931506849316,0.03089999966323,38
33,ae6b7003-2000-e811-9414-f0921c16b9e5,0.1095890410958904,0.0262000001967,39
33,ae6b7003-2000-e811-9414-f0921c16b9e5,0.11232876712328767,0.02170000039041,40
33,ae6b7003-2000-e811-9414-f0921c16b9e5,0.11506849315068493,0.01920000091195,41
33,ae6b7003-2000-e811-9414-f0921c16b9e5,0.1178082191780822,0.01649999991059,42
33,ae6b7003-2000-e811-9414-f0921c16b9e5,0.12054794520547946,0.01389999967068,43
33,ae6b7003-2000-e811-9414-f0921c16b9e5,0.1232876712328767,0.01250000018626,44
33,ae6b7003-2000-e811-9414-f0921c16b9e5,0.12602739726027398,0.01059999968857,45
33,ae6b7003-2000-e811-9414-f0921c16b9e5,0.12876712328767123,0.008899999782443,46
33,ae6b7003-2000-e811-9414-f0921c16b9e5,0.13150684931506848,0.007400000002235,47
33,ae6b7003-2000-e811-9414-f0921c16b9e5,0.13424657534246576,0.006800000090152,48
33,ae6b7003-2000-e811-9414-f0921c16b9e5,0.136986301369863,0.005799999926239,49
33,ae6b7003-2000-e811-9414-f0921c16b9e5,0.13972602739726028,0.004900000058115,50
33,ae6b7003-2000-e811-9414-f0921c16b9e5,0.14246575342465753,0.004199999850243,51
33,ae6b7003-2000-e811-9414-f0921c16b9e5,0.14520547945205478,0.003800000064075,52
33,ae6b7003-2000-e811-9414-f0921c16b9e5,0.14794520547945206,0.003100000089034,53
33,ae6b7003-2000-e811-9414-f0921c16b9e5,0.1506849315068493,0.002600000007078,54
33,ae6b7003-2000-e811-9414-f0921c16b9e5,0.15342465753424658,0.002400000113994,55
33,ae6b7003-2000-e811-9414-f0921c16b9e5,0.15616438356164383,0.002099999925122,56
33,ae6b7003-2000-e811-9414-f0921c16b9e5,0.1589041095890411,0.00179999996908,57
33,ae6b7003-2000-e811-9414-f0921c16b9e5,0.16164383561643836,0.001500000013039,58
33,ae6b7003-2000-e811-9414-f0921c16b9e5,0.1643835616438356,0.001300000003539,59
33,ae6b7003-2000-e811-9414-f0921c16b9e5,0.16712328767123288,0.001000000047497,60
33,ae6b7003-2000-e811-9414-f0921c16b9e5,0.16986301369863013,0.0007999999797903,61
33,ae6b7003-2000-e811-9414-f0921c16b9e5,0.1726027397260274,0.0006999999750406,62
33,ae6b7003-2000-e811-9414-f0921c16b9e5,0.17534246575342466,0.0005000000237487,63
33,ae6b7003-2000-e811-9414-f0921c16b9e5,0.1780821917808219,0.0005000000237487,64
33,ae6b7003-2000-e811-9414-f0921c16b9e5,0.18082191780821918,0.0005000000237487,65
33,ae6b7003-2000-e811-9414-f0921c16b9e5,0.18356164383561643,0.0001999999949476,66
33,ae6b7003-2000-e811-9414-f0921c16b9e5,0.1863013698630137,0.0001999999949476,67
33,ae6b7003-2000-e811-9414-f0921c16b9e5,0.18904109589041096,0.0001999999949476,68
33,ae6b7003-2000-e811-9414-f0921c16b9e5,0.1917808219178082,0.0001999999949476,69
33,ae6b7003-2000-e811-9414-f0921c16b9e5,0.19452054794520549,0.0001999999949476,70
33,ae6b7003-2000-e811-9414-f0921c16b9e5,0.19726027397260273,9.999999747379e-05,71
33,ae6b7003-2000-e811-9414-f0921c16b9e5,0.2,9.999999747379e-05,72
33,ae6b7003-2000-e811-9414-f0921c16b9e5,0.20273972602739726,9.999999747379e-05,73
33,ae6b7003-2000-e811-9414-f0921c16b9e5,0.2054794520547945,9.999999747379e-05,74
33,ae6b7003-2000-e811-9414-f0921c16b9e5,0.20821917808219179,9.999999747379e-05,75
33,ae6b7003-2000-e811-9414-f0921c16b9e5,0.21095890410958903,9.999999747379e-05,76
33,ae6b7003-2000-e811-9414-f0921c16b9e5,0.2136986301369863,9.999999747379e-05,77
33,ae6b7003-2000-e811-9414-f0921c16b9e5,0.21643835616438356,9.999999747379e-05,78
33,ae6b7003-2000-e811-9414-f0921c16b9e5,0.2191780821917808,9.999999747379e-05,79
33,ae6b7003-2000-e811-9414-f0921c16b9e5,0.2219178082191781,9.999999747379e-05,80
33,ae6b7003-2000-e811-9414-f0921c16b9e5,0.22465753424657534,9.999999747379e-05,81
33,ae6b7003-2000-e811-9414-f0921c16b9e5,0.2273972602739726,9.999999747379e-05,82
33,ae6b7003-2000-e811-9414-f0921c16b9e5,0.23013698630136986,9.999999747379e-05,83
33,ae6b7003-2000-e811-9414-f0921c16b9e5,0.2328767123287671,9.999999747379e-05,84
33,ae6b7003-2000-e811-9414-f0921c16b9e5,0.2356164383561644,9.999999747379e-05,85
33,ae6b7003-2000-e811-9414-f0921c16b9e5,0.23835616438356164,9.999999747379e-05,86
33,ae6b7003-2000-e811-9414-f0921c16b9e5,0.2410958904109589,9.999999747379e-05,87
33,ae6b7003-2000-e811-9414-f0921c16b9e5,0.24383561643835616,9.999999747379e-05,88
33,ae6b7003-2000-e811-9414-f0921c16b9e5,0.2465753424657534,9.999999747379e-05,89
34,ad6b7003-2000-e811-9414-f0921c16b9e5,0.0027397260273972603,0.0,0
34,ad6b7003-2000-e811-9414-f0921c16b9e5,0.005479452054794521,0.0003000000142492,1
34,ad6b7003-2000-e811-9414-f0921c16b9e5,0.00821917808219178,0.0006999999750406,2
34,ad6b7003-2000-e811-9414-f0921c16b9e5,0.010958904109589041,0.00109999999404,3
34,ad6b7003-2000-e811-9414-f0921c16b9e5,0.0136986301369863,0.001900000032037,4
34,ad6b7003-2000-e811-9414-f0921c16b9e5,0.01643835616438356,0.002600000007078,5
34,ad6b7003-2000-e811-9414-f0921c16b9e5,0.019178082191780823,0.004600000102073,6
34,ad6b7003-2000-e811-9414-f0921c16b9e5,0.021917808219178082,0.008500000461936,7
34,ad6b7003-2000-e811-9414-f0921c16b9e5,0.024657534246575342,0.01439999975264,8
34,ad6b7003-2000-e811-9414-f0921c16b9e5,0.0273972602739726,0.02569999918342,9
34,ad6b7003-2000-e811-9414-f0921c16b9e5,0.030136986301369864,0.04129999876022,10
34,ad6b7003-2000-e811-9414-f0921c16b9e5,0.03287671232876712,0.07109999656677,11
34,ad6b7003-2000-e811-9414-f0921c16b9e5,0.03561643835616438,0.1211000010371,12
34,ad6b7003-2000-e811-9414-f0921c16b9e5,0.038356164383561646,0.1958999931812,13
34,ad6b7003-2000-e811-9414-f0921c16b9e5,0.0410958904109589,0.2865999937057,14
34,ad6b7003-2000-e811-9414-f0921c16b9e5,0.043835616438356165,0.3880000114441,15
34,ad6b7003-2000-e811-9414-f0921c16b9e5,0.04657534246575343,0.4720999896526,16
34,ad6b7003-2000-e811-9414-f0921c16b9e5,0.049315068493150684,0.5047000050545,17
34,ad6b7003-2000-e811-9414-f0921c16b9e5,0.052054794520547946,0.5036000013351,18
34,ad6b7003-2000-e811-9414-f0921c16b9e5,0.0547945205479452,0.4729999899864,19
34,ad6b7003-2000-e811-9414-f0921c16b9e5,0.057534246575342465,0.422100007534,20
34,ad6b7003-2000-e811-9414-f0921c16b9e5,0.06027397260273973,0.3682000041008,21
34,ad6b7003-2000-e811-9414-f0921c16b9e5,0.06301369863013699,0.3149999976158,22
34,ad6b7003-2000-e811-9414-f0921c16b9e5,0.06575342465753424,0.2657000124454,23
34,ad6b7003-2000-e811-9414-f0921c16b9e5,0.0684931506849315,0.2259999960661,24
34,ad6b7003-2000-e811-9414-f0921c16b9e5,0.07123287671232877,0.1888000071049,25
34,ad6b7003-2000-e811-9414-f0921c16b9e5,0.07397260273972603,0.1615000069141,26
34,ad6b7003-2000-e811-9414-f0921c16b9e5,0.07671232876712329,0.1354999989271,27
34,ad6b7003-2000-e811-9414-f0921c16b9e5,0.07945205479452055,0.1142000034451,28
34,ad6b7003-2000-e811-9414-f0921c16b9e5,0.0821917808219178,0.09510000050068,29
34,ad6b7003-2000-e811-9414-f0921c16b9e5,0.08493150684931507,0.08079999685287,30
34,ad6b7003-2000-e811-9414-f0921c16b9e5,0.08767123287671233,0.06909999996424,31
34,ad6b7003-2000-e811-9414-f0921c16b9e5,0.09041095890410959,0.05810000002384,32
34,ad6b7003-2000-e811-9414-f0921c16b9e5,0.09315068493150686,0.04820000007749,33
34,ad6b7003-2000-e811-9414-f0921c16b9e5,0.0958904109589041,0.04109999909997,34
34,ad6b7003-2000-e811-9414-f0921c16b9e5,0.09863013698630137,0.03449999913573,35
34,ad6b7003-2000-e811-9414-f0921c16b9e5,0.10136986301369863,0.02769999951124,36
34,ad6b7003-2000-e811-9414-f0921c16b9e5,0.10410958904109589,0.02329999953508,37
34,ad6b7003-2000-e811-9414-f0921c16b9e5,0.10684931506849316,0.01889999955893,38
34,ad6b7003-2000-e811-9414-f0921c16b9e5,0.1095890410958904,0.0148999998346,39
34,ad6b7003-2000-e811-9414-f0921c16b9e5,0.11232876712328767,0.01229999959469,40
34,ad6b7003-2000-e811-9414-f0921c16b9e5,0.11506849315068493,0.01009999960661,41
34,ad6b7003-2000-e811-9414-f0921c16b9e5,0.1178082191780822,0.008799999952316,42
34,ad6b7003-2000-e811-9414-f0921c16b9e5,0.12054794520547946,0.007499999832362,43
34,ad6b7003-2000-e811-9414-f0921c16b9e5,0.1232876712328767,0.006399999838322,44
34,ad6b7003-2000-e811-9414-f0921c16b9e5,0.12602739726027398,0.004999999888241,45
34,ad6b7003-2000-e811-9414-f0921c16b9e5,0.12876712328767123,0.004600000102073,46
34,ad6b7003-2000-e811-9414-f0921c16b9e5,0.13150684931506848,0.003299999982119,47
34,ad6b7003-2000-e811-9414-f0921c16b9e5,0.13424657534246576,0.002799999900162,48
34,ad6b7003-2000-e811-9414-f0921c16b9e5,0.136986301369863,0.002300000051036,49
34,ad6b7003-2000-e811-9414-f0921c16b9e5,0.13972602739726028,0.001900000032037,50
34,ad6b7003-2000-e811-9414-f0921c16b9e5,0.14246575342465753,0.001399999950081,51
34,ad6b7003-2000-e811-9414-f0921c16b9e5,0.14520547945205478,0.001300000003539,52
34,ad6b7003-2000-e811-9414-f0921c16b9e5,0.14794520547945206,0.001000000047497,53
34,ad6b7003-2000-e811-9414-f0921c16b9e5,0.1506849315068493,0.001000000047497,54
34,ad6b7003-2000-e811-9414-f0921c16b9e5,0.15342465753424658,0.001000000047497,55
34,ad6b7003-2000-e811-9414-f0921c16b9e5,0.15616438356164383,0.0006999999750406,56
34,ad6b7003-2000-e811-9414-f0921c16b9e5,0.1589041095890411,0.0007999999797903,57
34,ad6b7003-2000-e811-9414-f0921c16b9e5,0.16164383561643836,0.0006999999750406,58
34,ad6b7003-2000-e811-9414-f0921c16b9e5,0.1643835616438356,0.0005000000237487,59
34,ad6b7003-2000-e811-9414-f0921c16b9e5,0.16712328767123288,0.0003999999898952,60
34,ad6b7003-2000-e811-9414-f0921c16b9e5,0.16986301369863013,0.0003000000142492,61
34,ad6b7003-2000-e811-9414-f0921c16b9e5,0.1726027397260274,0.0003000000142492,62
34,ad6b7003-2000-e811-9414-f0921c16b9e5,0.17534246575342466,0.0001999999949476,63
34,ad6b7003-2000-e811-9414-f0921c16b9e5,0.1780821917808219,0.0,64
34,ad6b7003-2000-e811-9414-f0921c16b9e5,0.18082191780821918,0.0,65
34,ad6b7003-2000-e811-9414-f0921c16b9e5,0.18356164383561643,0.0,66
34,ad6b7003-2000-e811-9414-f0921c16b9e5,0.1863013698630137,0.0,67
34,ad6b7003-2000-e811-9414-f0921c16b9e5,0.18904109589041096,0.0,68
34,ad6b7003-2000-e811-9414-f0921c16b9e5,0.1917808219178082,0.0,69
34,ad6b7003-2000-e811-9414-f0921c16b9e5,0.19452054794520549,0.0,70
34,ad6b7003-2000-e811-9414-f0921c16b9e5,0.19726027397260273,0.0,71
34,ad6b7003-2000-e811-9414-f0921c16b9e5,0.2,0.0,72
34,ad6b7003-2000-e811-9414-f0921c16b9e5,0.20273972602739726,0.0,73
34,ad6b7003-2000-e811-9414-f0921c16b9e5,0.2054794520547945,0.0,74
34,ad6b7003-2000-e811-9414-f0921c16b9e5,0.20821917808219179,0.0,75
34,ad6b7003-2000-e811-9414-f0921c16b9e5,0.21095890410958903,0.0,76
34,ad6b7003-2000-e811-9414-f0921c16b9e5,0.2136986301369863,0.0,77
34,ad6b7003-2000-e811-9414-f0921c16b9e5,0.21643835616438356,0.0,78
34,ad6b7003-2000-e811-9414-f0921c16b9e5,0.2191780821917808,0.0,79
34,ad6b7003-2000-e811-9414-f0921c16b9e5,0.2219178082191781,0.0,80
34,ad6b7003-2000-e811-9414-f0921c16b9e5,0.22465753424657534,0.0,81
34,ad6b7003-2000-e811-9414-f0921c16b9e5,0.2273972602739726,0.0,82
34,ad6b7003-2000-e811-9414-f0921c16b9e5,0.23013698630136986,0.0,83
34,ad6b7003-2000-e811-9414-f0921c16b9e5,0.2328767123287671,0.0,84
34,ad6b7003-2000-e811-9414-f0921c16b9e5,0.2356164383561644,0.0,85
34,ad6b7003-2000-e811-9414-f0921c16b9e5,0.23835616438356164,0.0,86
34,ad6b7003-2000-e811-9414-f0921c16b9e5,0.2410958904109589,0.0,87
34,ad6b7003-2000-e811-9414-f0921c16b9e5,0.24383561643835616,0.0,88
34,ad6b7003-2000-e811-9414-f0921c16b9e5,0.2465753424657534,0.0,89
35,ac6b7003-2000-e811-9414-f0921c16b9e5,0.0027397260273972603,0.0,0
35,ac6b7003-2000-e811-9414-f0921c16b9e5,0.005479452054794521,0.0006999999750406,1
35,ac6b7003-2000-e811-9414-f0921c16b9e5,0.00821917808219178,0.001399999950081,2
35,ac6b7003-2000-e811-9414-f0921c16b9e5,0.010958904109589041,0.002400000113994,3
35,ac6b7003-2000-e811-9414-f0921c16b9e5,0.0136986301369863,0.003800000064075,4
35,ac6b7003-2000-e811-9414-f0921c16b9e5,0.01643835616438356,0.006000000052154,5
35,ac6b7003-2000-e811-9414-f0921c16b9e5,0.019178082191780823,0.009200000204146,6
35,ac6b7003-2000-e811-9414-f0921c16b9e5,0.021917808219178082,0.01470000017434,7
35,ac6b7003-2000-e811-9414-f0921c16b9e5,0.024657534246575342,0.02250000089407,8
35,ac6b7003-2000-e811-9414-f0921c16b9e5,0.0273972602739726,0.03720000013709,9
35,ac6b7003-2000-e811-9414-f0921c16b9e5,0.030136986301369864,0.05629999935627,10
35,ac6b7003-2000-e811-9414-f0921c16b9e5,0.03287671232876712,0.08380000293255,11
35,ac6b7003-2000-e811-9414-f0921c16b9e5,0.03561643835616438,0.1208999976516,12
35,ac6b7003-2000-e811-9414-f0921c16b9e5,0.038356164383561646,0.1713999956846,13
35,ac6b7003-2000-e811-9414-f0921c16b9e5,0.0410958904109589,0.2330999970436,14
35,ac6b7003-2000-e811-9414-f0921c16b9e5,0.043835616438356165,0.3009000122547,15
35,ac6b7003-2000-e811-9414-f0921c16b9e5,0.04657534246575343,0.3695000112057,16
35,ac6b7003-2000-e811-9414-f0921c16b9e5,0.049315068493150684,0.419999986887,17
35,ac6b7003-2000-e811-9414-f0921c16b9e5,0.052054794520547946,0.4490999877453,18
35,ac6b7003-2000-e811-9414-f0921c16b9e5,0.0547945205479452,0.4499999880791,19
35,ac6b7003-2000-e811-9414-f0921c16b9e5,0.057534246575342465,0.4302999973297,20
35,ac6b7003-2000-e811-9414-f0921c16b9e5,0.06027397260273973,0.39359998703,21
35,ac6b7003-2000-e811-9414-f0921c16b9e5,0.06301369863013699,0.3544000089169,22
35,ac6b7003-2000-e811-9414-f0921c16b9e5,0.06575342465753424,0.3154999911785,23
35,ac6b7003-2000-e811-9414-f0921c16b9e5,0.0684931506849315,0.2766000032425,24
35,ac6b7003-2000-e811-9414-f0921c16b9e5,0.07123287671232877,0.2400999963284,25
35,ac6b7003-2000-e811-9414-f0921c16b9e5,0.07397260273972603,0.208599999547,26
35,ac6b7003-2000-e811-9414-f0921c16b9e5,0.07671232876712329,0.1791999936104,27
35,ac6b7003-2000-e811-9414-f0921c16b9e5,0.07945205479452055,0.1541000008583,28
35,ac6b7003-2000-e811-9414-f0921c16b9e5,0.0821917808219178,0.1322000026703,29
35,ac6b7003-2000-e811-9414-f0921c16b9e5,0.08493150684931507,0.1132000014186,30
35,ac6b7003-2000-e811-9414-f0921c16b9e5,0.08767123287671233,0.09690000116825,31
35,ac6b7003-2000-e811-9414-f0921c16b9e5,0.09041095890410959,0.08460000157356,32
35,ac6b7003-2000-e811-9414-f0921c16b9e5,0.09315068493150686,0.07360000163317,33
35,ac6b7003-2000-e811-9414-f0921c16b9e5,0.0958904109589041,0.06239999830723,34
35,ac6b7003-2000-e811-9414-f0921c16b9e5,0.09863013698630137,0.05380000174046,35
35,ac6b7003-2000-e811-9414-f0921c16b9e5,0.10136986301369863,0.04569999873638,36
35,ac6b7003-2000-e811-9414-f0921c16b9e5,0.10410958904109589,0.03880000114441,37
35,ac6b7003-2000-e811-9414-f0921c16b9e5,0.10684931506849316,0.03119999915361,38
35,ac6b7003-2000-e811-9414-f0921c16b9e5,0.1095890410958904,0.02710000053048,39
35,ac6b7003-2000-e811-9414-f0921c16b9e5,0.11232876712328767,0.02380000054836,40
35,ac6b7003-2000-e811-9414-f0921c16b9e5,0.11506849315068493,0.02009999938309,41
35,ac6b7003-2000-e811-9414-f0921c16b9e5,0.1178082191780822,0.0168999992311,42
35,ac6b7003-2000-e811-9414-f0921c16b9e5,0.12054794520547946,0.01410000026226,43
35,ac6b7003-2000-e811-9414-f0921c16b9e5,0.1232876712328767,0.01180000044405,44
35,ac6b7003-2000-e811-9414-f0921c16b9e5,0.12602739726027398,0.009499999694526,45
35,ac6b7003-2000-e811-9414-f0921c16b9e5,0.12876712328767123,0.008600000292063,46
35,ac6b7003-2000-e811-9414-f0921c16b9e5,0.13150684931506848,0.007300000172108,47
35,ac6b7003-2000-e811-9414-f0921c16b9e5,0.13424657534246576,0.006800000090152,48
35,ac6b7003-2000-e811-9414-f0921c16b9e5,0.136986301369863,0.006000000052154,49
35,ac6b7003-2000-e811-9414-f0921c16b9e5,0.13972602739726028,0.0046999999322,50
35,ac6b7003-2000-e811-9414-f0921c16b9e5,0.14246575342465753,0.003899999894202,51
35,ac6b7003-2000-e811-9414-f0921c16b9e5,0.14520547945205478,0.00359999993816,52
35,ac6b7003-2000-e811-9414-f0921c16b9e5,0.14794520547945206,0.003000000026077,53
35,ac6b7003-2000-e811-9414-f0921c16b9e5,0.1506849315068493,0.002700000070035,54
35,ac6b7003-2000-e811-9414-f0921c16b9e5,0.15342465753424658,0.001900000032037,55
35,ac6b7003-2000-e811-9414-f0921c16b9e5,0.15616438356164383,0.001399999950081,56
35,ac6b7003-2000-e811-9414-f0921c16b9e5,0.1589041095890411,0.00109999999404,57
35,ac6b7003-2000-e811-9414-f0921c16b9e5,0.16164383561643836,0.0007999999797903,58
35,ac6b7003-2000-e811-9414-f0921c16b9e5,0.1643835616438356,0.0007999999797903,59
35,ac6b7003-2000-e811-9414-f0921c16b9e5,0.16712328767123288,0.0006999999750406,60
35,ac6b7003-2000-e811-9414-f0921c16b9e5,0.16986301369863013,0.0006000000284985,61
35,ac6b7003-2000-e811-9414-f0921c16b9e5,0.1726027397260274,0.0006000000284985,62
35,ac6b7003-2000-e811-9414-f0921c16b9e5,0.17534246575342466,0.0006000000284985,63
35,ac6b7003-2000-e811-9414-f0921c16b9e5,0.1780821917808219,0.0006000000284985,64
35,ac6b7003-2000-e811-9414-f0921c16b9e5,0.18082191780821918,0.0005000000237487,65
35,ac6b7003-2000-e811-9414-f0921c16b9e5,0.18356164383561643,0.0005000000237487,66
35,ac6b7003-2000-e811-9414-f0921c16b9e5,0.1863013698630137,0.0005000000237487,67
35,ac6b7003-2000-e811-9414-f0921c16b9e5,0.18904109589041096,0.0005000000237487,68
35,ac6b7003-2000-e811-9414-f0921c16b9e5,0.1917808219178082,0.0003999999898952,69
35,ac6b7003-2000-e811-9414-f0921c16b9e5,0.19452054794520549,0.0003999999898952,70
35,ac6b7003-2000-e811-9414-f0921c16b9e5,0.19726027397260273,0.0003000000142492,71
35,ac6b7003-2000-e811-9414-f0921c16b9e5,0.2,0.0003000000142492,72
35,ac6b7003-2000-e811-9414-f0921c16b9e5,0.20273972602739726,0.0001999999949476,73
35,ac6b7003-2000-e811-9414-f0921c16b9e5,0.2054794520547945,0.0001999999949476,74
35,ac6b7003-2000-e811-9414-f0921c16b9e5,0.20821917808219179,0.0001999999949476,75
35,ac6b7003-2000-e811-9414-f0921c16b9e5,0.21095890410958903,0.0001999999949476,76
35,ac6b7003-2000-e811-9414-f0921c16b9e5,0.2136986301369863,0.0001999999949476,77
35,ac6b7003-2000-e811-9414-f0921c16b9e5,0.21643835616438356,0.0001999999949476,78
35,ac6b7003-2000-e811-9414-f0921c16b9e5,0.2191780821917808,0.0001999999949476,79
35,ac6b7003-2000-e811-9414-f0921c16b9e5,0.2219178082191781,9.999999747379e-05,80
35,ac6b7003-2000-e811-9414-f0921c16b9e5,0.22465753424657534,9.999999747379e-05,81
35,ac6b7003-2000-e811-9414-f0921c16b9e5,0.2273972602739726,9.999999747379e-05,82
35,ac6b7003-2000-e811-9414-f0921c16b9e5,0.23013698630136986,0.0,83
35,ac6b7003-2000-e811-9414-f0921c16b9e5,0.2328767123287671,0.0,84
35,ac6b7003-2000-e811-9414-f0921c16b9e5,0.2356164383561644,0.0,85
35,ac6b7003-2000-e811-9414-f0921c16b9e5,0.23835616438356164,0.0,86
35,ac6b7003-2000-e811-9414-f0921c16b9e5,0.2410958904109589,0.0,87
35,ac6b7003-2000-e811-9414-f0921c16b9e5,0.24383561643835616,0.0,88
35,ac6b7003-2000-e811-9414-f0921c16b9e5,0.2465753424657534,0.0,89
36,ab6b7003-2000-e811-9414-f0921c16b9e5,0.0027397260273972603,0.0,0
36,ab6b7003-2000-e811-9414-f0921c16b9e5,0.005479452054794521,0.0003000000142492,1
36,ab6b7003-2000-e811-9414-f0921c16b9e5,0.00821917808219178,0.0006000000284985,2
36,ab6b7003-2000-e811-9414-f0921c16b9e5,0.010958904109589041,0.00089999998454,3
36,ab6b7003-2000-e811-9414-f0921c16b9e5,0.0136986301369863,0.001399999950081,4
36,ab6b7003-2000-e811-9414-f0921c16b9e5,0.01643835616438356,0.002400000113994,5
36,ab6b7003-2000-e811-9414-f0921c16b9e5,0.019178082191780823,0.004499999806285,6
36,ab6b7003-2000-e811-9414-f0921c16b9e5,0.021917808219178082,0.008100000210106,7
36,ab6b7003-2000-e811-9414-f0921c16b9e5,0.024657534246575342,0.01310000009835,8
36,ab6b7003-2000-e811-9414-f0921c16b9e5,0.0273972602739726,0.02119999937713,9
36,ab6b7003-2000-e811-9414-f0921c16b9e5,0.030136986301369864,0.03359999880195,10
36,ab6b7003-2000-e811-9414-f0921c16b9e5,0.03287671232876712,0.05400000140071,11
36,ab6b7003-2000-e811-9414-f0921c16b9e5,0.03561643835616438,0.08640000224113,12
36,ab6b7003-2000-e811-9414-f0921c16b9e5,0.038356164383561646,0.1357000023127,13
36,ab6b7003-2000-e811-9414-f0921c16b9e5,0.0410958904109589,0.2079000025988,14
36,ab6b7003-2000-e811-9414-f0921c16b9e5,0.043835616438356165,0.2991999983788,15
36,ab6b7003-2000-e811-9414-f0921c16b9e5,0.04657534246575343,0.3864000141621,16
36,ab6b7003-2000-e811-9414-f0921c16b9e5,0.049315068493150684,0.4641000032425,17
36,ab6b7003-2000-e811-9414-f0921c16b9e5,0.052054794520547946,0.5090000033379,18
36,ab6b7003-2000-e811-9414-f0921c16b9e5,0.0547945205479452,0.5073999762535,19
36,ab6b7003-2000-e811-9414-f0921c16b9e5,0.057534246575342465,0.4903999865055,20
36,ab6b7003-2000-e811-9414-f0921c16b9e5,0.06027397260273973,0.450100004673,21
36,ab6b7003-2000-e811-9414-f0921c16b9e5,0.06301369863013699,0.4031000137329,22
36,ab6b7003-2000-e811-9414-f0921c16b9e5,0.06575342465753424,0.3549000024796,23
36,ab6b7003-2000-e811-9414-f0921c16b9e5,0.0684931506849315,0.3093000054359,24
36,ab6b7003-2000-e811-9414-f0921c16b9e5,0.07123287671232877,0.2694000005722,25
36,ab6b7003-2000-e811-9414-f0921c16b9e5,0.07397260273972603,0.2290000021458,26
36,ab6b7003-2000-e811-9414-f0921c16b9e5,0.07671232876712329,0.1979999989271,27
36,ab6b7003-2000-e811-9414-f0921c16b9e5,0.07945205479452055,0.1683000028133,28
36,ab6b7003-2000-e811-9414-f0921c16b9e5,0.0821917808219178,0.1428000032902,29
36,ab6b7003-2000-e811-9414-f0921c16b9e5,0.08493150684931507,0.1213999986649,30
36,ab6b7003-2000-e811-9414-f0921c16b9e5,0.08767123287671233,0.102300003171,31
36,ab6b7003-2000-e811-9414-f0921c16b9e5,0.09041095890410959,0.08739999681711,32
36,ab6b7003-2000-e811-9414-f0921c16b9e5,0.09315068493150686,0.07530000060797,33
36,ab6b7003-2000-e811-9414-f0921c16b9e5,0.0958904109589041,0.06459999829531,34
36,ab6b7003-2000-e811-9414-f0921c16b9e5,0.09863013698630137,0.05579999834299,35
36,ab6b7003-2000-e811-9414-f0921c16b9e5,0.10136986301369863,0.04800000041723,36
36,ab6b7003-2000-e811-9414-f0921c16b9e5,0.10410958904109589,0.04089999943972,37
36,ab6b7003-2000-e811-9414-f0921c16b9e5,0.10684931506849316,0.03530000150204,38
36,ab6b7003-2000-e811-9414-f0921c16b9e5,0.1095890410958904,0.02920000068843,39
36,ab6b7003-2000-e811-9414-f0921c16b9e5,0.11232876712328767,0.02470000088215,40
36,ab6b7003-2000-e811-9414-f0921c16b9e5,0.11506849315068493,0.02089999988675,41
36,ab6b7003-2000-e811-9414-f0921c16b9e5,0.1178082191780822,0.01700000092387,42
36,ab6b7003-2000-e811-9414-f0921c16b9e5,0.12054794520547946,0.01510000042617,43
36,ab6b7003-2000-e811-9414-f0921c16b9e5,0.1232876712328767,0.01339999958873,44
36,ab6b7003-2000-e811-9414-f0921c16b9e5,0.12602739726027398,0.0109999999404,45
36,ab6b7003-2000-e811-9414-f0921c16b9e5,0.12876712328767123,0.009800000116229,46
36,ab6b7003-2000-e811-9414-f0921c16b9e5,0.13150684931506848,0.008600000292063,47
36,ab6b7003-2000-e811-9414-f0921c16b9e5,0.13424657534246576,0.007400000002235,48
36,ab6b7003-2000-e811-9414-f0921c16b9e5,0.136986301369863,0.006300000008196,49
36,ab6b7003-2000-e811-9414-f0921c16b9e5,0.13972602739726028,0.005400000140071,50
36,ab6b7003-2000-e811-9414-f0921c16b9e5,0.14246575342465753,0.004100000020117,51
36,ab6b7003-2000-e811-9414-f0921c16b9e5,0.14520547945205478,0.003500000108033,52
36,ab6b7003-2000-e811-9414-f0921c16b9e5,0.14794520547945206,0.003100000089034,53
36,ab6b7003-2000-e811-9414-f0921c16b9e5,0.1506849315068493,0.00289999996312,54
36,ab6b7003-2000-e811-9414-f0921c16b9e5,0.15342465753424658,0.002600000007078,55
36,ab6b7003-2000-e811-9414-f0921c16b9e5,0.15616438356164383,0.002099999925122,56
36,ab6b7003-2000-e811-9414-f0921c16b9e5,0.1589041095890411,0.001700000022538,57
36,ab6b7003-2000-e811-9414-f0921c16b9e5,0.16164383561643836,0.001599999959581,58
36,ab6b7003-2000-e811-9414-f0921c16b9e5,0.1643835616438356,0.001300000003539,59
36,ab6b7003-2000-e811-9414-f0921c16b9e5,0.16712328767123288,0.001200000056997,60
36,ab6b7003-2000-e811-9414-f0921c16b9e5,0.16986301369863013,0.00109999999404,61
36,ab6b7003-2000-e811-9414-f0921c16b9e5,0.1726027397260274,0.00089999998454,62
36,ab6b7003-2000-e811-9414-f0921c16b9e5,0.17534246575342466,0.0006999999750406,63
36,ab6b7003-2000-e811-9414-f0921c16b9e5,0.1780821917808219,0.0006999999750406,64
36,ab6b7003-2000-e811-9414-f0921c16b9e5,0.18082191780821918,0.0006999999750406,65
36,ab6b7003-2000-e811-9414-f0921c16b9e5,0.18356164383561643,0.0006000000284985,66
36,ab6b7003-2000-e811-9414-f0921c16b9e5,0.1863013698630137,0.0006000000284985,67
36,ab6b7003-2000-e811-9414-f0921c16b9e5,0.18904109589041096,0.0003999999898952,68
36,ab6b7003-2000-e811-9414-f0921c16b9e5,0.1917808219178082,0.0003999999898952,69
36,ab6b7003-2000-e811-9414-f0921c16b9e5,0.19452054794520549,0.0003999999898952,70
36,ab6b7003-2000-e811-9414-f0921c16b9e5,0.19726027397260273,0.0003999999898952,71
36,ab6b7003-2000-e811-9414-f0921c16b9e5,0.2,0.0003999999898952,72
36,ab6b7003-2000-e811-9414-f0921c16b9e5,0.20273972602739726,0.0003000000142492,73
36,ab6b7003-2000-e811-9414-f0921c16b9e5,0.2054794520547945,0.0003000000142492,74
36,ab6b7003-2000-e811-9414-f0921c16b9e5,0.20821917808219179,0.0003000000142492,75
36,ab6b7003-2000-e811-9414-f0921c16b9e5,0.21095890410958903,0.0003000000142492,76
36,ab6b7003-2000-e811-9414-f0921c16b9e5,0.2136986301369863,9.999999747379e-05,77
36,ab6b7003-2000-e811-9414-f0921c16b9e5,0.21643835616438356,9.999999747379e-05,78
36,ab6b7003-2000-e811-9414-f0921c16b9e5,0.2191780821917808,9.999999747379e-05,79
36,ab6b7003-2000-e811-9414-f0921c16b9e5,0.2219178082191781,9.999999747379e-05,80
36,ab6b7003-2000-e811-9414-f0921c16b9e5,0.22465753424657534,9.999999747379e-05,81
36,ab6b7003-2000-e811-9414-f0921c16b9e5,0.2273972602739726,0.0,82
36,ab6b7003-2000-e811-9414-f0921c16b9e5,0.23013698630136986,0.0,83
36,ab6b7003-2000-e811-9414-f0921c16b9e5,0.2328767123287671,0.0,84
36,ab6b7003-2000-e811-9414-f0921c16b9e5,0.2356164383561644,0.0,85
36,ab6b7003-2000-e811-9414-f0921c16b9e5,0.23835616438356164,0.0,86
36,ab6b7003-2000-e811-9414-f0921c16b9e5,0.2410958904109589,0.0,87
36,ab6b7003-2000-e811-9414-f0921c16b9e5,0.24383561643835616,0.0,88
36,ab6b7003-2000-e811-9414-f0921c16b9e5,0.2465753424657534,0.0,89
37,aa6b7003-2000-e811-9414-f0921c16b9e5,0.0027397260273972603,0.0,0
37,aa6b7003-2000-e811-9414-f0921c16b9e5,0.005479452054794521,0.0006999999750406,1
37,aa6b7003-2000-e811-9414-f0921c16b9e5,0.00821917808219178,0.001000000047497,2
37,aa6b7003-2000-e811-9414-f0921c16b9e5,0.010958904109589041,0.001200000056997,3
37,aa6b7003-2000-e811-9414-f0921c16b9e5,0.0136986301369863,0.00179999996908,4
37,aa6b7003-2000-e811-9414-f0921c16b9e5,0.01643835616438356,0.002700000070035,5
37,aa6b7003-2000-e811-9414-f0921c16b9e5,0.019178082191780823,0.003899999894202,6
37,aa6b7003-2000-e811-9414-f0921c16b9e5,0.021917808219178082,0.005499999970198,7
37,aa6b7003-2000-e811-9414-f0921c16b9e5,0.024657534246575342,0.00789999961853,8
37,aa6b7003-2000-e811-9414-f0921c16b9e5,0.0273972602739726,0.01269999984652,9
37,aa6b7003-2000-e811-9414-f0921c16b9e5,0.030136986301369864,0.01769999973476,10
37,aa6b7003-2000-e811-9414-f0921c16b9e5,0.03287671232876712,0.02800000086427,11
37,aa6b7003-2000-e811-9414-f0921c16b9e5,0.03561643835616438,0.041400000453,12
37,aa6b7003-2000-e811-9414-f0921c16b9e5,0.038356164383561646,0.06150000169873,13
37,aa6b7003-2000-e811-9414-f0921c16b9e5,0.0410958904109589,0.08910000324249,14
37,aa6b7003-2000-e811-9414-f0921c16b9e5,0.043835616438356165,0.1264999955893,15
37,aa6b7003-2000-e811-9414-f0921c16b9e5,0.04657534246575343,0.1758999973536,16
37,aa6b7003-2000-e811-9414-f0921c16b9e5,0.049315068493150684,0.2396000027657,17
37,aa6b7003-2000-e811-9414-f0921c16b9e5,0.052054794520547946,0.3145999908447,18
37,aa6b7003-2000-e811-9414-f0921c16b9e5,0.0547945205479452,0.3880999982357,19
37,aa6b7003-2000-e811-9414-f0921c16b9e5,0.057534246575342465,0.4602000117302,20
37,aa6b7003-2000-e811-9414-f0921c16b9e5,0.06027397260273973,0.5138999819756,21
37,aa6b7003-2000-e811-9414-f0921c16b9e5,0.06301369863013699,0.5455999970436,22
37,aa6b7003-2000-e811-9414-f0921c16b9e5,0.06575342465753424,0.550400018692,23
37,aa6b7003-2000-e811-9414-f0921c16b9e5,0.0684931506849315,0.5476999878883,24
37,aa6b7003-2000-e811-9414-f0921c16b9e5,0.07123287671232877,0.5271000266075,25
37,aa6b7003-2000-e811-9414-f0921c16b9e5,0.07397260273972603,0.4959999918938,26
37,aa6b7003-2000-e811-9414-f0921c16b9e5,0.07671232876712329,0.4629999995232,27
37,aa6b7003-2000-e811-9414-f0921c16b9e5,0.07945205479452055,0.4287000000477,28
37,aa6b7003-2000-e811-9414-f0921c16b9e5,0.0821917808219178,0.3968000113964,29
37,aa6b7003-2000-e811-9414-f0921c16b9e5,0.08493150684931507,0.368900001049,30
37,aa6b7003-2000-e811-9414-f0921c16b9e5,0.08767123287671233,0.3406000137329,31
37,aa6b7003-2000-e811-9414-f0921c16b9e5,0.09041095890410959,0.3122000098228,32
37,aa6b7003-2000-e811-9414-f0921c16b9e5,0.09315068493150686,0.2827999889851,33
37,aa6b7003-2000-e811-9414-f0921c16b9e5,0.0958904109589041,0.2581999897957,34
37,aa6b7003-2000-e811-9414-f0921c16b9e5,0.09863013698630137,0.2338999956846,35
37,aa6b7003-2000-e811-9414-f0921c16b9e5,0.10136986301369863,0.2125999927521,36
37,aa6b7003-2000-e811-9414-f0921c16b9e5,0.10410958904109589,0.1926999986172,37
37,aa6b7003-2000-e811-9414-f0921c16b9e5,0.10684931506849316,0.1758999973536,38
37,aa6b7003-2000-e811-9414-f0921c16b9e5,0.1095890410958904,0.1606000065804,39
37,aa6b7003-2000-e811-9414-f0921c16b9e5,0.11232876712328767,0.1450999975204,40
37,aa6b7003-2000-e811-9414-f0921c16b9e5,0.11506849315068493,0.1325999945402,41
37,aa6b7003-2000-e811-9414-f0921c16b9e5,0.1178082191780822,0.1200999990106,42
37,aa6b7003-2000-e811-9414-f0921c16b9e5,0.12054794520547946,0.1088000014424,43
37,aa6b7003-2000-e811-9414-f0921c16b9e5,0.1232876712328767,0.1000000014901,44
37,aa6b7003-2000-e811-9414-f0921c16b9e5,0.12602739726027398,0.09109999984503,45
37,aa6b7003-2000-e811-9414-f0921c16b9e5,0.12876712328767123,0.08169999718666,46
37,aa6b7003-2000-e811-9414-f0921c16b9e5,0.13150684931506848,0.07370000332594,47
37,aa6b7003-2000-e811-9414-f0921c16b9e5,0.13424657534246576,0.06750000268221,48
37,aa6b7003-2000-e811-9414-f0921c16b9e5,0.136986301369863,0.06170000135899,49
37,aa6b7003-2000-e811-9414-f0921c16b9e5,0.13972602739726028,0.05629999935627,50
37,aa6b7003-2000-e811-9414-f0921c16b9e5,0.14246575342465753,0.05050000175834,51
37,aa6b7003-2000-e811-9414-f0921c16b9e5,0.14520547945205478,0.04670000076294,52
37,aa6b7003-2000-e811-9414-f0921c16b9e5,0.14794520547945206,0.04280000180006,53
37,aa6b7003-2000-e811-9414-f0921c16b9e5,0.1506849315068493,0.03819999843836,54
37,aa6b7003-2000-e811-9414-f0921c16b9e5,0.15342465753424658,0.0346000008285,55
37,aa6b7003-2000-e811-9414-f0921c16b9e5,0.15616438356164383,0.03189999982715,56
37,aa6b7003-2000-e811-9414-f0921c16b9e5,0.1589041095890411,0.02920000068843,57
37,aa6b7003-2000-e811-9414-f0921c16b9e5,0.16164383561643836,0.02610000036657,58
37,aa6b7003-2000-e811-9414-f0921c16b9e5,0.1643835616438356,0.02400000020862,59
37,aa6b7003-2000-e811-9414-f0921c16b9e5,0.16712328767123288,0.02140000090003,60
37,aa6b7003-2000-e811-9414-f0921c16b9e5,0.16986301369863013,0.01899999938905,61
37,aa6b7003-2000-e811-9414-f0921c16b9e5,0.1726027397260274,0.01769999973476,62
37,aa6b7003-2000-e811-9414-f0921c16b9e5,0.17534246575342466,0.01669999957085,63
37,aa6b7003-2000-e811-9414-f0921c16b9e5,0.1780821917808219,0.01449999958277,64
37,aa6b7003-2000-e811-9414-f0921c16b9e5,0.18082191780821918,0.01350000035018,65
37,aa6b7003-2000-e811-9414-f0921c16b9e5,0.18356164383561643,0.01279999967664,66
37,aa6b7003-2000-e811-9414-f0921c16b9e5,0.1863013698630137,0.01119999960065,67
37,aa6b7003-2000-e811-9414-f0921c16b9e5,0.18904109589041096,0.009999999776483,68
37,aa6b7003-2000-e811-9414-f0921c16b9e5,0.1917808219178082,0.00899999961257,69
37,aa6b7003-2000-e811-9414-f0921c16b9e5,0.19452054794520549,0.008200000040233,70
37,aa6b7003-2000-e811-9414-f0921c16b9e5,0.19726027397260273,0.007300000172108,71
37,aa6b7003-2000-e811-9414-f0921c16b9e5,0.2,0.006899999920279,72
37,aa6b7003-2000-e811-9414-f0921c16b9e5,0.20273972602739726,0.006200000178069,73
37,aa6b7003-2000-e811-9414-f0921c16b9e5,0.2054794520547945,0.005400000140071,74
37,aa6b7003-2000-e811-9414-f0921c16b9e5,0.20821917808219179,0.004800000227988,75
37,aa6b7003-2000-e811-9414-f0921c16b9e5,0.21095890410958903,0.004399999976158,76
37,aa6b7003-2000-e811-9414-f0921c16b9e5,0.2136986301369863,0.004199999850243,77
37,aa6b7003-2000-e811-9414-f0921c16b9e5,0.21643835616438356,0.003400000045076,78
37,aa6b7003-2000-e811-9414-f0921c16b9e5,0.2191780821917808,0.002700000070035,79
37,aa6b7003-2000-e811-9414-f0921c16b9e5,0.2219178082191781,0.002600000007078,80
37,aa6b7003-2000-e811-9414-f0921c16b9e5,0.22465753424657534,0.002300000051036,81
37,aa6b7003-2000-e811-9414-f0921c16b9e5,0.2273972602739726,0.002099999925122,82
37,aa6b7003-2000-e811-9414-f0921c16b9e5,0.23013698630136986,0.00179999996908,83
37,aa6b7003-2000-e811-9414-f0921c16b9e5,0.2328767123287671,0.001599999959581,84
37,aa6b7003-2000-e811-9414-f0921c16b9e5,0.2356164383561644,0.001500000013039,85
37,aa6b7003-2000-e811-9414-f0921c16b9e5,0.23835616438356164,0.001300000003539,86
37,aa6b7003-2000-e811-9414-f0921c16b9e5,0.2410958904109589,0.001300000003539,87
37,aa6b7003-2000-e811-9414-f0921c16b9e5,0.24383561643835616,0.001200000056997,88
37,aa6b7003-2000-e811-9414-f0921c16b9e5,0.2465753424657534,0.00109999999404,89
38,a96b7003-2000-e811-9414-f0921c16b9e5,0.0027397260273972603,0.0,0
38,a96b7003-2000-e811-9414-f0921c16b9e5,0.005479452054794521,0.0003000000142492,1
38,a96b7003-2000-e811-9414-f0921c16b9e5,0.00821917808219178,0.0006000000284985,2
38,a96b7003-2000-e811-9414-f0921c16b9e5,0.010958904109589041,0.001399999950081,3
38,a96b7003-2000-e811-9414-f0921c16b9e5,0.0136986301369863,0.002700000070035,4
38,a96b7003-2000-e811-9414-f0921c16b9e5,0.01643835616438356,0.005400000140071,5
38,a96b7003-2000-e811-9414-f0921c16b9e5,0.019178082191780823,0.01169999968261,6
38,a96b7003-2000-e811-9414-f0921c16b9e5,0.021917808219178082,0.02349999919534,7
38,a96b7003-2000-e811-9414-f0921c16b9e5,0.024657534246575342,0.04820000007749,8
38,a96b7003-2000-e811-9414-f0921c16b9e5,0.0273972602739726,0.09989999979734,9
38,a96b7003-2000-e811-9414-f0921c16b9e5,0.030136986301369864,0.1931000053883,10
38,a96b7003-2000-e811-9414-f0921c16b9e5,0.03287671232876712,0.3402000069618,11
38,a96b7003-2000-e811-9414-f0921c16b9e5,0.03561643835616438,0.5141000151634,12
38,a96b7003-2000-e811-9414-f0921c16b9e5,0.038356164383561646,0.6510999798775,13
38,a96b7003-2000-e811-9414-f0921c16b9e5,0.0410958904109589,0.6966999769211,14
38,a96b7003-2000-e811-9414-f0921c16b9e5,0.043835616438356165,0.6674000024796,15
38,a96b7003-2000-e811-9414-f0921c16b9e5,0.04657534246575343,0.6098999977112,16
38,a96b7003-2000-e811-9414-f0921c16b9e5,0.049315068493150684,0.5419999957085,17
38,a96b7003-2000-e811-9414-f0921c16b9e5,0.052054794520547946,0.4805000126362,18
38,a96b7003-2000-e811-9414-f0921c16b9e5,0.0547945205479452,0.4250999987125,19
38,a96b7003-2000-e811-9414-f0921c16b9e5,0.057534246575342465,0.3770000040531,20
38,a96b7003-2000-e811-9414-f0921c16b9e5,0.06027397260273973,0.3301999866962,21
38,a96b7003-2000-e811-9414-f0921c16b9e5,0.06301369863013699,0.2944000065327,22
38,a96b7003-2000-e811-9414-f0921c16b9e5,0.06575342465753424,0.2597000002861,23
38,a96b7003-2000-e811-9414-f0921c16b9e5,0.0684931506849315,0.2301999926567,24
38,a96b7003-2000-e811-9414-f0921c16b9e5,0.07123287671232877,0.2022999972105,25
38,a96b7003-2000-e811-9414-f0921c16b9e5,0.07397260273972603,0.1788000017405,26
38,a96b7003-2000-e811-9414-f0921c16b9e5,0.07671232876712329,0.1577000021935,27
38,a96b7003-2000-e811-9414-f0921c16b9e5,0.07945205479452055,0.1405999958515,28
38,a96b7003-2000-e811-9414-f0921c16b9e5,0.0821917808219178,0.1231999993324,29
38,a96b7003-2000-e811-9414-f0921c16b9e5,0.08493150684931507,0.1068999990821,30
38,a96b7003-2000-e811-9414-f0921c16b9e5,0.08767123287671233,0.09539999812841,31
38,a96b7003-2000-e811-9414-f0921c16b9e5,0.09041095890410959,0.08370000123978,32
38,a96b7003-2000-e811-9414-f0921c16b9e5,0.09315068493150686,0.0755999982357,33
38,a96b7003-2000-e811-9414-f0921c16b9e5,0.0958904109589041,0.06639999896288,34
38,a96b7003-2000-e811-9414-f0921c16b9e5,0.09863013698630137,0.05640000104904,35
38,a96b7003-2000-e811-9414-f0921c16b9e5,0.10136986301369863,0.04949999973178,36
38,a96b7003-2000-e811-9414-f0921c16b9e5,0.10410958904109589,0.0430999994278,37
38,a96b7003-2000-e811-9414-f0921c16b9e5,0.10684931506849316,0.03869999945164,38
38,a96b7003-2000-e811-9414-f0921c16b9e5,0.1095890410958904,0.03440000116825,39
38,a96b7003-2000-e811-9414-f0921c16b9e5,0.11232876712328767,0.02960000000894,40
38,a96b7003-2000-e811-9414-f0921c16b9e5,0.11506849315068493,0.02639999985695,41
38,a96b7003-2000-e811-9414-f0921c16b9e5,0.1178082191780822,0.02400000020862,42
38,a96b7003-2000-e811-9414-f0921c16b9e5,0.12054794520547946,0.02089999988675,43
38,a96b7003-2000-e811-9414-f0921c16b9e5,0.1232876712328767,0.01810000091791,44
38,a96b7003-2000-e811-9414-f0921c16b9e5,0.12602739726027398,0.01549999974668,45
38,a96b7003-2000-e811-9414-f0921c16b9e5,0.12876712328767123,0.01250000018626,46
38,a96b7003-2000-e811-9414-f0921c16b9e5,0.13150684931506848,0.0109999999404,47
38,a96b7003-2000-e811-9414-f0921c16b9e5,0.13424657534246576,0.009200000204146,48
38,a96b7003-2000-e811-9414-f0921c16b9e5,0.136986301369863,0.00789999961853,49
38,a96b7003-2000-e811-9414-f0921c16b9e5,0.13972602739726028,0.006899999920279,50
38,a96b7003-2000-e811-9414-f0921c16b9e5,0.14246575342465753,0.006200000178069,51
38,a96b7003-2000-e811-9414-f0921c16b9e5,0.14520547945205478,0.005799999926239,52
38,a96b7003-2000-e811-9414-f0921c16b9e5,0.14794520547945206,0.004800000227988,53
38,a96b7003-2000-e811-9414-f0921c16b9e5,0.1506849315068493,0.0046999999322,54
38,a96b7003-2000-e811-9414-f0921c16b9e5,0.15342465753424658,0.003899999894202,55
38,a96b7003-2000-e811-9414-f0921c16b9e5,0.15616438356164383,0.003700000001118,56
38,a96b7003-2000-e811-9414-f0921c16b9e5,0.1589041095890411,0.003299999982119,57
38,a96b7003-2000-e811-9414-f0921c16b9e5,0.16164383561643836,0.003100000089034,58
38,a96b7003-2000-e811-9414-f0921c16b9e5,0.1643835616438356,0.002700000070035,59
38,a96b7003-2000-e811-9414-f0921c16b9e5,0.16712328767123288,0.002499999944121,60
38,a96b7003-2000-e811-9414-f0921c16b9e5,0.16986301369863013,0.002199999988079,61
38,a96b7003-2000-e811-9414-f0921c16b9e5,0.1726027397260274,0.002099999925122,62
38,a96b7003-2000-e811-9414-f0921c16b9e5,0.17534246575342466,0.00179999996908,63
38,a96b7003-2000-e811-9414-f0921c16b9e5,0.1780821917808219,0.001300000003539,64
38,a96b7003-2000-e811-9414-f0921c16b9e5,0.18082191780821918,0.001200000056997,65
38,a96b7003-2000-e811-9414-f0921c16b9e5,0.18356164383561643,0.001000000047497,66
38,a96b7003-2000-e811-9414-f0921c16b9e5,0.1863013698630137,0.0007999999797903,67
38,a96b7003-2000-e811-9414-f0921c16b9e5,0.18904109589041096,0.0007999999797903,68
38,a96b7003-2000-e811-9414-f0921c16b9e5,0.1917808219178082,0.0006999999750406,69
38,a96b7003-2000-e811-9414-f0921c16b9e5,0.19452054794520549,0.0006000000284985,70
38,a96b7003-2000-e811-9414-f0921c16b9e5,0.19726027397260273,0.0006000000284985,71
38,a96b7003-2000-e811-9414-f0921c16b9e5,0.2,0.0005000000237487,72
38,a96b7003-2000-e811-9414-f0921c16b9e5,0.20273972602739726,0.0005000000237487,73
38,a96b7003-2000-e811-9414-f0921c16b9e5,0.2054794520547945,0.0005000000237487,74
38,a96b7003-2000-e811-9414-f0921c16b9e5,0.20821917808219179,0.0005000000237487,75
38,a96b7003-2000-e811-9414-f0921c16b9e5,0.21095890410958903,0.0005000000237487,76
38,a96b7003-2000-e811-9414-f0921c16b9e5,0.2136986301369863,0.0005000000237487,77
38,a96b7003-2000-e811-9414-f0921c16b9e5,0.21643835616438356,0.0005000000237487,78
38,a96b7003-2000-e811-9414-f0921c16b9e5,0.2191780821917808,0.0005000000237487,79
38,a96b7003-2000-e811-9414-f0921c16b9e5,0.2219178082191781,0.0003999999898952,80
38,a96b7003-2000-e811-9414-f0921c16b9e5,0.22465753424657534,0.0003999999898952,81
38,a96b7003-2000-e811-9414-f0921c16b9e5,0.2273972602739726,0.0003999999898952,82
38,a96b7003-2000-e811-9414-f0921c16b9e5,0.23013698630136986,0.0003999999898952,83
38,a96b7003-2000-e811-9414-f0921c16b9e5,0.2328767123287671,0.0003000000142492,84
38,a96b7003-2000-e811-9414-f0921c16b9e5,0.2356164383561644,0.0001999999949476,85
38,a96b7003-2000-e811-9414-f0921c16b9e5,0.23835616438356164,0.0001999999949476,86
38,a96b7003-2000-e811-9414-f0921c16b9e5,0.2410958904109589,9.999999747379e-05,87
38,a96b7003-2000-e811-9414-f0921c16b9e5,0.24383561643835616,9.999999747379e-05,88
38,a96b7003-2000-e811-9414-f0921c16b9e5,0.2465753424657534,0.0,89
39,a86b7003-2000-e811-9414-f0921c16b9e5,0.0027397260273972603,0.0,0
39,a86b7003-2000-e811-9414-f0921c16b9e5,0.005479452054794521,0.0003000000142492,1
39,a86b7003-2000-e811-9414-f0921c16b9e5,0.00821917808219178,0.0006999999750406,2
39,a86b7003-2000-e811-9414-f0921c16b9e5,0.010958904109589041,0.001399999950081,3
39,a86b7003-2000-e811-9414-f0921c16b9e5,0.0136986301369863,0.002300000051036,4
39,a86b7003-2000-e811-9414-f0921c16b9e5,0.01643835616438356,0.004300000146031,5
39,a86b7003-2000-e811-9414-f0921c16b9e5,0.019178082191780823,0.00760000012815,6
39,a86b7003-2000-e811-9414-f0921c16b9e5,0.021917808219178082,0.01600000075996,7
39,a86b7003-2000-e811-9414-f0921c16b9e5,0.024657534246575342,0.03009999915957,8
39,a86b7003-2000-e811-9414-f0921c16b9e5,0.0273972602739726,0.05590000003576,9
39,a86b7003-2000-e811-9414-f0921c16b9e5,0.030136986301369864,0.1008000001311,10
39,a86b7003-2000-e811-9414-f0921c16b9e5,0.03287671232876712,0.1759999990463,11
39,a86b7003-2000-e811-9414-f0921c16b9e5,0.03561643835616438,0.2922999858856,12
39,a86b7003-2000-e811-9414-f0921c16b9e5,0.038356164383561646,0.4293000102043,13
39,a86b7003-2000-e811-9414-f0921c16b9e5,0.0410958904109589,0.5515000224113,14
39,a86b7003-2000-e811-9414-f0921c16b9e5,0.043835616438356165,0.6205999851227,15
39,a86b7003-2000-e811-9414-f0921c16b9e5,0.04657534246575343,0.6322000026703,16
39,a86b7003-2000-e811-9414-f0921c16b9e5,0.049315068493150684,0.603600025177,17
39,a86b7003-2000-e811-9414-f0921c16b9e5,0.052054794520547946,0.5544999837875,18
39,a86b7003-2000-e811-9414-f0921c16b9e5,0.0547945205479452,0.4991999864578,19
39,a86b7003-2000-e811-9414-f0921c16b9e5,0.057534246575342465,0.4503000080585,20
39,a86b7003-2000-e811-9414-f0921c16b9e5,0.06027397260273973,0.4020000100136,21
39,a86b7003-2000-e811-9414-f0921c16b9e5,0.06301369863013699,0.3512000143528,22
39,a86b7003-2000-e811-9414-f0921c16b9e5,0.06575342465753424,0.3125999867916,23
39,a86b7003-2000-e811-9414-f0921c16b9e5,0.0684931506849315,0.2755999863148,24
39,a86b7003-2000-e811-9414-f0921c16b9e5,0.07123287671232877,0.243100002408,25
39,a86b7003-2000-e811-9414-f0921c16b9e5,0.07397260273972603,0.2134999930859,26
39,a86b7003-2000-e811-9414-f0921c16b9e5,0.07671232876712329,0.1880999952555,27
39,a86b7003-2000-e811-9414-f0921c16b9e5,0.07945205479452055,0.1670999974012,28
39,a86b7003-2000-e811-9414-f0921c16b9e5,0.0821917808219178,0.1474999934435,29
39,a86b7003-2000-e811-9414-f0921c16b9e5,0.08493150684931507,0.1313000023365,30
39,a86b7003-2000-e811-9414-f0921c16b9e5,0.08767123287671233,0.1154000014067,31
39,a86b7003-2000-e811-9414-f0921c16b9e5,0.09041095890410959,0.1014000028372,32
39,a86b7003-2000-e811-9414-f0921c16b9e5,0.09315068493150686,0.08980000019073,33
39,a86b7003-2000-e811-9414-f0921c16b9e5,0.0958904109589041,0.0802000015974,34
39,a86b7003-2000-e811-9414-f0921c16b9e5,0.09863013698630137,0.06939999759197,35
39,a86b7003-2000-e811-9414-f0921c16b9e5,0.10136986301369863,0.06100000068545,36
39,a86b7003-2000-e811-9414-f0921c16b9e5,0.10410958904109589,0.05420000106096,37
39,a86b7003-2000-e811-9414-f0921c16b9e5,0.10684931506849316,0.04859999939799,38
39,a86b7003-2000-e811-9414-f0921c16b9e5,0.1095890410958904,0.04230000078678,39
39,a86b7003-2000-e811-9414-f0921c16b9e5,0.11232876712328767,0.03720000013709,40
39,a86b7003-2000-e811-9414-f0921c16b9e5,0.11506849315068493,0.03249999880791,41
39,a86b7003-2000-e811-9414-f0921c16b9e5,0.1178082191780822,0.02879999950528,42
39,a86b7003-2000-e811-9414-f0921c16b9e5,0.12054794520547946,0.0262000001967,43
39,a86b7003-2000-e811-9414-f0921c16b9e5,0.1232876712328767,0.02270000055432,44
39,a86b7003-2000-e811-9414-f0921c16b9e5,0.12602739726027398,0.02050000056624,45
39,a86b7003-2000-e811-9414-f0921c16b9e5,0.12876712328767123,0.01720000058413,46
39,a86b7003-2000-e811-9414-f0921c16b9e5,0.13150684931506848,0.0148999998346,47
39,a86b7003-2000-e811-9414-f0921c16b9e5,0.13424657534246576,0.01319999992847,48
39,a86b7003-2000-e811-9414-f0921c16b9e5,0.136986301369863,0.01180000044405,49
39,a86b7003-2000-e811-9414-f0921c16b9e5,0.13972602739726028,0.01049999985844,50
39,a86b7003-2000-e811-9414-f0921c16b9e5,0.14246575342465753,0.009200000204146,51
39,a86b7003-2000-e811-9414-f0921c16b9e5,0.14520547945205478,0.00800000037998,52
39,a86b7003-2000-e811-9414-f0921c16b9e5,0.14794520547945206,0.006599999964237,53
39,a86b7003-2000-e811-9414-f0921c16b9e5,0.1506849315068493,0.006000000052154,54
39,a86b7003-2000-e811-9414-f0921c16b9e5,0.15342465753424658,0.005299999844283,55
39,a86b7003-2000-e811-9414-f0921c16b9e5,0.15616438356164383,0.004499999806285,56
39,a86b7003-2000-e811-9414-f0921c16b9e5,0.1589041095890411,0.003899999894202,57
39,a86b7003-2000-e811-9414-f0921c16b9e5,0.16164383561643836,0.003700000001118,58
39,a86b7003-2000-e811-9414-f0921c16b9e5,0.1643835616438356,0.003100000089034,59
39,a86b7003-2000-e811-9414-f0921c16b9e5,0.16712328767123288,0.002700000070035,60
39,a86b7003-2000-e811-9414-f0921c16b9e5,0.16986301369863013,0.002400000113994,61
39,a86b7003-2000-e811-9414-f0921c16b9e5,0.1726027397260274,0.002099999925122,62
39,a86b7003-2000-e811-9414-f0921c16b9e5,0.17534246575342466,0.00179999996908,63
39,a86b7003-2000-e811-9414-f0921c16b9e5,0.1780821917808219,0.001200000056997,64
39,a86b7003-2000-e811-9414-f0921c16b9e5,0.18082191780821918,0.00109999999404,65
39,a86b7003-2000-e811-9414-f0921c16b9e5,0.18356164383561643,0.001000000047497,66
39,a86b7003-2000-e811-9414-f0921c16b9e5,0.1863013698630137,0.0007999999797903,67
39,a86b7003-2000-e811-9414-f0921c16b9e5,0.18904109589041096,0.0007999999797903,68
39,a86b7003-2000-e811-9414-f0921c16b9e5,0.1917808219178082,0.0006999999750406,69
39,a86b7003-2000-e811-9414-f0921c16b9e5,0.19452054794520549,0.0006999999750406,70
39,a86b7003-2000-e811-9414-f0921c16b9e5,0.19726027397260273,0.0005000000237487,71
39,a86b7003-2000-e811-9414-f0921c16b9e5,0.2,0.0005000000237487,72
39,a86b7003-2000-e811-9414-f0921c16b9e5,0.20273972602739726,0.0001999999949476,73
39,a86b7003-2000-e811-9414-f0921c16b9e5,0.2054794520547945,0.0001999999949476,74
39,a86b7003-2000-e811-9414-f0921c16b9e5,0.20821917808219179,0.0001999999949476,75
39,a86b7003-2000-e811-9414-f0921c16b9e5,0.21095890410958903,0.0001999999949476,76
39,a86b7003-2000-e811-9414-f0921c16b9e5,0.2136986301369863,0.0001999999949476,77
39,a86b7003-2000-e811-9414-f0921c16b9e5,0.21643835616438356,0.0001999999949476,78
39,a86b7003-2000-e811-9414-f0921c16b9e5,0.2191780821917808,0.0001999999949476,79
39,a86b7003-2000-e811-9414-f0921c16b9e5,0.2219178082191781,0.0001999999949476,80
39,a86b7003-2000-e811-9414-f0921c16b9e5,0.22465753424657534,0.0001999999949476,81
39,a86b7003-2000-e811-9414-f0921c16b9e5,0.2273972602739726,0.0001999999949476,82
39,a86b7003-2000-e811-9414-f0921c16b9e5,0.23013698630136986,0.0001999999949476,83
39,a86b7003-2000-e811-9414-f0921c16b9e5,0.2328767123287671,0.0001999999949476,84
39,a86b7003-2000-e811-9414-f0921c16b9e5,0.2356164383561644,9.999999747379e-05,85
39,a86b7003-2000-e811-9414-f0921c16b9e5,0.23835616438356164,9.999999747379e-05,86
39,a86b7003-2000-e811-9414-f0921c16b9e5,0.2410958904109589,9.999999747379e-05,87
39,a86b7003-2000-e811-9414-f0921c16b9e5,0.24383561643835616,9.999999747379e-05,88
39,a86b7003-2000-e811-9414-f0921c16b9e5,0.2465753424657534,9.999999747379e-05,89
40,a76b7003-2000-e811-9414-f0921c16b9e5,0.0027397260273972603,0.0,0
40,a76b7003-2000-e811-9414-f0921c16b9e5,0.005479452054794521,0.0005000000237487,1
40,a76b7003-2000-e811-9414-f0921c16b9e5,0.00821917808219178,0.00109999999404,2
40,a76b7003-2000-e811-9414-f0921c16b9e5,0.010958904109589041,0.002199999988079,3
40,a76b7003-2000-e811-9414-f0921c16b9e5,0.0136986301369863,0.003000000026077,4
40,a76b7003-2000-e811-9414-f0921c16b9e5,0.01643835616438356,0.004499999806285,5
40,a76b7003-2000-e811-9414-f0921c16b9e5,0.019178082191780823,0.007000000216067,6
40,a76b7003-2000-e811-9414-f0921c16b9e5,0.021917808219178082,0.01140000019222,7
40,a76b7003-2000-e811-9414-f0921c16b9e5,0.024657534246575342,0.01830000057817,8
40,a76b7003-2000-e811-9414-f0921c16b9e5,0.0273972602739726,0.02930000051856,9
40,a76b7003-2000-e811-9414-f0921c16b9e5,0.030136986301369864,0.04879999905825,10
40,a76b7003-2000-e811-9414-f0921c16b9e5,0.03287671232876712,0.07500000298023,11
40,a76b7003-2000-e811-9414-f0921c16b9e5,0.03561643835616438,0.1137999966741,12
40,a76b7003-2000-e811-9414-f0921c16b9e5,0.038356164383561646,0.1714999973774,13
40,a76b7003-2000-e811-9414-f0921c16b9e5,0.0410958904109589,0.2412000000477,14
40,a76b7003-2000-e811-9414-f0921c16b9e5,0.043835616438356165,0.3151000142097,15
40,a76b7003-2000-e811-9414-f0921c16b9e5,0.04657534246575343,0.3808999955654,16
40,a76b7003-2000-e811-9414-f0921c16b9e5,0.049315068493150684,0.4307000041008,17
40,a76b7003-2000-e811-9414-f0921c16b9e5,0.052054794520547946,0.4478000104427,18
40,a76b7003-2000-e811-9414-f0921c16b9e5,0.0547945205479452,0.4381999969482,19
40,a76b7003-2000-e811-9414-f0921c16b9e5,0.057534246575342465,0.4117000102997,20
40,a76b7003-2000-e811-9414-f0921c16b9e5,0.06027397260273973,0.3740000128746,21
40,a76b7003-2000-e811-9414-f0921c16b9e5,0.06301369863013699,0.331200003624,22
40,a76b7003-2000-e811-9414-f0921c16b9e5,0.06575342465753424,0.2881000041962,23
40,a76b7003-2000-e811-9414-f0921c16b9e5,0.0684931506849315,0.2498999983072,24
40,a76b7003-2000-e811-9414-f0921c16b9e5,0.07123287671232877,0.2134000062943,25
40,a76b7003-2000-e811-9414-f0921c16b9e5,0.07397260273972603,0.1799000054598,26
40,a76b7003-2000-e811-9414-f0921c16b9e5,0.07671232876712329,0.1527999937534,27
40,a76b7003-2000-e811-9414-f0921c16b9e5,0.07945205479452055,0.1301999986172,28
40,a76b7003-2000-e811-9414-f0921c16b9e5,0.0821917808219178,0.1116999983788,29
40,a76b7003-2000-e811-9414-f0921c16b9e5,0.08493150684931507,0.09399999678135,30
40,a76b7003-2000-e811-9414-f0921c16b9e5,0.08767123287671233,0.0785999968648,31
40,a76b7003-2000-e811-9414-f0921c16b9e5,0.09041095890410959,0.06490000337362,32
40,a76b7003-2000-e811-9414-f0921c16b9e5,0.09315068493150686,0.05480000004172,33
40,a76b7003-2000-e811-9414-f0921c16b9e5,0.0958904109589041,0.04549999907613,34
40,a76b7003-2000-e811-9414-f0921c16b9e5,0.09863013698630137,0.03720000013709,35
40,a76b7003-2000-e811-9414-f0921c16b9e5,0.10136986301369863,0.03089999966323,36
40,a76b7003-2000-e811-9414-f0921c16b9e5,0.10410958904109589,0.02520000003278,37
40,a76b7003-2000-e811-9414-f0921c16b9e5,0.10684931506849316,0.02140000090003,38
40,a76b7003-2000-e811-9414-f0921c16b9e5,0.1095890410958904,0.01810000091791,39
40,a76b7003-2000-e811-9414-f0921c16b9e5,0.11232876712328767,0.01569999940693,40
40,a76b7003-2000-e811-9414-f0921c16b9e5,0.11506849315068493,0.01339999958873,41
40,a76b7003-2000-e811-9414-f0921c16b9e5,0.1178082191780822,0.01150000002235,42
40,a76b7003-2000-e811-9414-f0921c16b9e5,0.12054794520547946,0.009800000116229,43
40,a76b7003-2000-e811-9414-f0921c16b9e5,0.1232876712328767,0.008200000040233,44
40,a76b7003-2000-e811-9414-f0921c16b9e5,0.12602739726027398,0.006800000090152,45
40,a76b7003-2000-e811-9414-f0921c16b9e5,0.12876712328767123,0.005700000096112,46
40,a76b7003-2000-e811-9414-f0921c16b9e5,0.13150684931506848,0.004900000058115,47
40,a76b7003-2000-e811-9414-f0921c16b9e5,0.13424657534246576,0.004600000102073,48
40,a76b7003-2000-e811-9414-f0921c16b9e5,0.136986301369863,0.003299999982119,49
40,a76b7003-2000-e811-9414-f0921c16b9e5,0.13972602739726028,0.003000000026077,50
40,a76b7003-2000-e811-9414-f0921c16b9e5,0.14246575342465753,0.002400000113994,51
40,a76b7003-2000-e811-9414-f0921c16b9e5,0.14520547945205478,0.002000000094995,52
40,a76b7003-2000-e811-9414-f0921c16b9e5,0.14794520547945206,0.00179999996908,53
40,a76b7003-2000-e811-9414-f0921c16b9e5,0.1506849315068493,0.001500000013039,54
40,a76b7003-2000-e811-9414-f0921c16b9e5,0.15342465753424658,0.001200000056997,55
40,a76b7003-2000-e811-9414-f0921c16b9e5,0.15616438356164383,0.0006999999750406,56
40,a76b7003-2000-e811-9414-f0921c16b9e5,0.1589041095890411,0.0006000000284985,57
40,a76b7003-2000-e811-9414-f0921c16b9e5,0.16164383561643836,0.0006000000284985,58
40,a76b7003-2000-e811-9414-f0921c16b9e5,0.1643835616438356,0.0006000000284985,59
40,a76b7003-2000-e811-9414-f0921c16b9e5,0.16712328767123288,0.0003000000142492,60
40,a76b7003-2000-e811-9414-f0921c16b9e5,0.16986301369863013,0.0001999999949476,61
40,a76b7003-2000-e811-9414-f0921c16b9e5,0.1726027397260274,0.0001999999949476,62
40,a76b7003-2000-e811-9414-f0921c16b9e5,0.17534246575342466,9.999999747379e-05,63
40,a76b7003-2000-e811-9414-f0921c16b9e5,0.1780821917808219,9.999999747379e-05,64
40,a76b7003-2000-e811-9414-f0921c16b9e5,0.18082191780821918,9.999999747379e-05,65
40,a76b7003-2000-e811-9414-f0921c16b9e5,0.18356164383561643,9.999999747379e-05,66
40,a76b7003-2000-e811-9414-f0921c16b9e5,0.1863013698630137,9.999999747379e-05,67
40,a76b7003-2000-e811-9414-f0921c16b9e5,0.18904109589041096,0.0,68
40,a76b7003-2000-e811-9414-f0921c16b9e5,0.1917808219178082,0.0,69
40,a76b7003-2000-e811-9414-f0921c16b9e5,0.19452054794520549,0.0,70
40,a76b7003-2000-e811-9414-f0921c16b9e5,0.19726027397260273,0.0,71
40,a76b7003-2000-e811-9414-f0921c16b9e5,0.2,0.0,72
40,a76b7003-2000-e811-9414-f0921c16b9e5,0.20273972602739726,0.0,73
40,a76b7003-2000-e811-9414-f0921c16b9e5,0.2054794520547945,0.0,74
40,a76b7003-2000-e811-9414-f0921c16b9e5,0.20821917808219179,0.0,75
40,a76b7003-2000-e811-9414-f0921c16b9e5,0.21095890410958903,0.0,76
40,a76b7003-2000-e811-9414-f0921c16b9e5,0.2136986301369863,0.0,77
40,a76b7003-2000-e811-9414-f0921c16b9e5,0.21643835616438356,0.0,78
40,a76b7003-2000-e811-9414-f0921c16b9e5,0.2191780821917808,0.0,79
40,a76b7003-2000-e811-9414-f0921c16b9e5,0.2219178082191781,0.0,80
40,a76b7003-2000-e811-9414-f0921c16b9e5,0.22465753424657534,0.0,81
40,a76b7003-2000-e811-9414-f0921c16b9e5,0.2273972602739726,0.0,82
40,a76b7003-2000-e811-9414-f0921c16b9e5,0.23013698630136986,0.0,83
40,a76b7003-2000-e811-9414-f0921c16b9e5,0.2328767123287671,0.0,84
40,a76b7003-2000-e811-9414-f0921c16b9e5,0.2356164383561644,0.0,85
40,a76b7003-2000-e811-9414-f0921c16b9e5,0.23835616438356164,0.0,86
40,a76b7003-2000-e811-9414-f0921c16b9e5,0.2410958904109589,0.0,87
40,a76b7003-2000-e811-9414-f0921c16b9e5,0.24383561643835616,0.0,88
40,a76b7003-2000-e811-9414-f0921c16b9e5,0.2465753424657534,0.0,89
41,a66b7003-2000-e811-9414-f0921c16b9e5,0.0027397260273972603,0.0,0
41,a66b7003-2000-e811-9414-f0921c16b9e5,0.005479452054794521,0.0003999999898952,1
41,a66b7003-2000-e811-9414-f0921c16b9e5,0.00821917808219178,0.00089999998454,2
41,a66b7003-2000-e811-9414-f0921c16b9e5,0.010958904109589041,0.001599999959581,3
41,a66b7003-2000-e811-9414-f0921c16b9e5,0.0136986301369863,0.003400000045076,4
41,a66b7003-2000-e811-9414-f0921c16b9e5,0.01643835616438356,0.00719999987632,5
41,a66b7003-2000-e811-9414-f0921c16b9e5,0.019178082191780823,0.01420000009239,6
41,a66b7003-2000-e811-9414-f0921c16b9e5,0.021917808219178082,0.02910000085831,7
41,a66b7003-2000-e811-9414-f0921c16b9e5,0.024657534246575342,0.06030000001192,8
41,a66b7003-2000-e811-9414-f0921c16b9e5,0.0273972602739726,0.1203999966383,9
41,a66b7003-2000-e811-9414-f0921c16b9e5,0.030136986301369864,0.2240999937057,10
41,a66b7003-2000-e811-9414-f0921c16b9e5,0.03287671232876712,0.3709999918938,11
41,a66b7003-2000-e811-9414-f0921c16b9e5,0.03561643835616438,0.5435000061989,12
41,a66b7003-2000-e811-9414-f0921c16b9e5,0.038356164383561646,0.6625999808311,13
41,a66b7003-2000-e811-9414-f0921c16b9e5,0.0410958904109589,0.7024000287056,14
41,a66b7003-2000-e811-9414-f0921c16b9e5,0.043835616438356165,0.6837999820709,15
41,a66b7003-2000-e811-9414-f0921c16b9e5,0.04657534246575343,0.6446999907494,16
41,a66b7003-2000-e811-9414-f0921c16b9e5,0.049315068493150684,0.584900021553,17
41,a66b7003-2000-e811-9414-f0921c16b9e5,0.052054794520547946,0.5333999991417,18
41,a66b7003-2000-e811-9414-f0921c16b9e5,0.0547945205479452,0.4803000092506,19
41,a66b7003-2000-e811-9414-f0921c16b9e5,0.057534246575342465,0.431400001049,20
41,a66b7003-2000-e811-9414-f0921c16b9e5,0.06027397260273973,0.3855000138283,21
41,a66b7003-2000-e811-9414-f0921c16b9e5,0.06301369863013699,0.3486000001431,22
41,a66b7003-2000-e811-9414-f0921c16b9e5,0.06575342465753424,0.3131999969482,23
41,a66b7003-2000-e811-9414-f0921c16b9e5,0.0684931506849315,0.2808000147343,24
41,a66b7003-2000-e811-9414-f0921c16b9e5,0.07123287671232877,0.2529000043869,25
41,a66b7003-2000-e811-9414-f0921c16b9e5,0.07397260273972603,0.2276999950409,26
41,a66b7003-2000-e811-9414-f0921c16b9e5,0.07671232876712329,0.2034000009298,27
41,a66b7003-2000-e811-9414-f0921c16b9e5,0.07945205479452055,0.1821999996901,28
41,a66b7003-2000-e811-9414-f0921c16b9e5,0.0821917808219178,0.1626999974251,29
41,a66b7003-2000-e811-9414-f0921c16b9e5,0.08493150684931507,0.1474999934435,30
41,a66b7003-2000-e811-9414-f0921c16b9e5,0.08767123287671233,0.1316000074148,31
41,a66b7003-2000-e811-9414-f0921c16b9e5,0.09041095890410959,0.1177999973297,32
41,a66b7003-2000-e811-9414-f0921c16b9e5,0.09315068493150686,0.1067000031471,33
41,a66b7003-2000-e811-9414-f0921c16b9e5,0.0958904109589041,0.09560000151396,34
41,a66b7003-2000-e811-9414-f0921c16b9e5,0.09863013698630137,0.08590000122786,35
41,a66b7003-2000-e811-9414-f0921c16b9e5,0.10136986301369863,0.07639999687672,36
41,a66b7003-2000-e811-9414-f0921c16b9e5,0.10410958904109589,0.06800000369549,37
41,a66b7003-2000-e811-9414-f0921c16b9e5,0.10684931506849316,0.06019999831915,38
41,a66b7003-2000-e811-9414-f0921c16b9e5,0.1095890410958904,0.05409999936819,39
41,a66b7003-2000-e811-9414-f0921c16b9e5,0.11232876712328767,0.04820000007749,40
41,a66b7003-2000-e811-9414-f0921c16b9e5,0.11506849315068493,0.04320000112057,41
41,a66b7003-2000-e811-9414-f0921c16b9e5,0.1178082191780822,0.03900000080466,42
41,a66b7003-2000-e811-9414-f0921c16b9e5,0.12054794520547946,0.0346000008285,43
41,a66b7003-2000-e811-9414-f0921c16b9e5,0.1232876712328767,0.03079999983311,44
41,a66b7003-2000-e811-9414-f0921c16b9e5,0.12602739726027398,0.02740000002086,45
41,a66b7003-2000-e811-9414-f0921c16b9e5,0.12876712328767123,0.02520000003278,46
41,a66b7003-2000-e811-9414-f0921c16b9e5,0.13150684931506848,0.02180000022054,47
41,a66b7003-2000-e811-9414-f0921c16b9e5,0.13424657534246576,0.0194000005722,48
41,a66b7003-2000-e811-9414-f0921c16b9e5,0.136986301369863,0.01810000091791,49
41,a66b7003-2000-e811-9414-f0921c16b9e5,0.13972602739726028,0.01569999940693,50
41,a66b7003-2000-e811-9414-f0921c16b9e5,0.14246575342465753,0.01460000034422,51
41,a66b7003-2000-e811-9414-f0921c16b9e5,0.14520547945205478,0.01300000026822,52
41,a66b7003-2000-e811-9414-f0921c16b9e5,0.14794520547945206,0.01150000002235,53
41,a66b7003-2000-e811-9414-f0921c16b9e5,0.1506849315068493,0.01009999960661,54
41,a66b7003-2000-e811-9414-f0921c16b9e5,0.15342465753424658,0.009499999694526,55
41,a66b7003-2000-e811-9414-f0921c16b9e5,0.15616438356164383,0.00899999961257,56
41,a66b7003-2000-e811-9414-f0921c16b9e5,0.1589041095890411,0.008500000461936,57
41,a66b7003-2000-e811-9414-f0921c16b9e5,0.16164383561643836,0.008399999700487,58
41,a66b7003-2000-e811-9414-f0921c16b9e5,0.1643835616438356,0.00719999987632,59
41,a66b7003-2000-e811-9414-f0921c16b9e5,0.16712328767123288,0.006099999882281,60
41,a66b7003-2000-e811-9414-f0921c16b9e5,0.16986301369863013,0.005499999970198,61
41,a66b7003-2000-e811-9414-f0921c16b9e5,0.1726027397260274,0.004900000058115,62
41,a66b7003-2000-e811-9414-f0921c16b9e5,0.17534246575342466,0.0046999999322,63
41,a66b7003-2000-e811-9414-f0921c16b9e5,0.1780821917808219,0.004300000146031,64
41,a66b7003-2000-e811-9414-f0921c16b9e5,0.18082191780821918,0.003899999894202,65
41,a66b7003-2000-e811-9414-f0921c16b9e5,0.18356164383561643,0.003500000108033,66
41,a66b7003-2000-e811-9414-f0921c16b9e5,0.1863013698630137,0.00289999996312,67
41,a66b7003-2000-e811-9414-f0921c16b9e5,0.18904109589041096,0.002700000070035,68
41,a66b7003-2000-e811-9414-f0921c16b9e5,0.1917808219178082,0.002400000113994,69
41,a66b7003-2000-e811-9414-f0921c16b9e5,0.19452054794520549,0.002199999988079,70
41,a66b7003-2000-e811-9414-f0921c16b9e5,0.19726027397260273,0.001900000032037,71
41,a66b7003-2000-e811-9414-f0921c16b9e5,0.2,0.001500000013039,72
41,a66b7003-2000-e811-9414-f0921c16b9e5,0.20273972602739726,0.001200000056997,73
41,a66b7003-2000-e811-9414-f0921c16b9e5,0.2054794520547945,0.001200000056997,74
41,a66b7003-2000-e811-9414-f0921c16b9e5,0.20821917808219179,0.001200000056997,75
41,a66b7003-2000-e811-9414-f0921c16b9e5,0.21095890410958903,0.00109999999404,76
41,a66b7003-2000-e811-9414-f0921c16b9e5,0.2136986301369863,0.001000000047497,77
41,a66b7003-2000-e811-9414-f0921c16b9e5,0.21643835616438356,0.0007999999797903,78
41,a66b7003-2000-e811-9414-f0921c16b9e5,0.2191780821917808,0.0007999999797903,79
41,a66b7003-2000-e811-9414-f0921c16b9e5,0.2219178082191781,0.0007999999797903,80
41,a66b7003-2000-e811-9414-f0921c16b9e5,0.22465753424657534,0.0006000000284985,81
41,a66b7003-2000-e811-9414-f0921c16b9e5,0.2273972602739726,0.0006000000284985,82
41,a66b7003-2000-e811-9414-f0921c16b9e5,0.23013698630136986,0.0006000000284985,83
41,a66b7003-2000-e811-9414-f0921c16b9e5,0.2328767123287671,0.0006000000284985,84
41,a66b7003-2000-e811-9414-f0921c16b9e5,0.2356164383561644,0.0006000000284985,85
41,a66b7003-2000-e811-9414-f0921c16b9e5,0.23835616438356164,0.0006000000284985,86
41,a66b7003-2000-e811-9414-f0921c16b9e5,0.2410958904109589,0.0006000000284985,87
41,a66b7003-2000-e811-9414-f0921c16b9e5,0.24383561643835616,0.0006000000284985,88
41,a66b7003-2000-e811-9414-f0921c16b9e5,0.2465753424657534,0.0006000000284985,89
42,a56b7003-2000-e811-9414-f0921c16b9e5,0.0027397260273972603,0.0,0
42,a56b7003-2000-e811-9414-f0921c16b9e5,0.005479452054794521,0.0006000000284985,1
42,a56b7003-2000-e811-9414-f0921c16b9e5,0.00821917808219178,0.00089999998454,2
42,a56b7003-2000-e811-9414-f0921c16b9e5,0.010958904109589041,0.001300000003539,3
42,a56b7003-2000-e811-9414-f0921c16b9e5,0.0136986301369863,0.002499999944121,4
42,a56b7003-2000-e811-9414-f0921c16b9e5,0.01643835616438356,0.003500000108033,5
42,a56b7003-2000-e811-9414-f0921c16b9e5,0.019178082191780823,0.005200000014156,6
42,a56b7003-2000-e811-9414-f0921c16b9e5,0.021917808219178082,0.00789999961853,7
42,a56b7003-2000-e811-9414-f0921c16b9e5,0.024657534246575342,0.01370000001043,8
42,a56b7003-2000-e811-9414-f0921c16b9e5,0.0273972602739726,0.02150000073016,9
42,a56b7003-2000-e811-9414-f0921c16b9e5,0.030136986301369864,0.03530000150204,10
42,a56b7003-2000-e811-9414-f0921c16b9e5,0.03287671232876712,0.05499999970198,11
42,a56b7003-2000-e811-9414-f0921c16b9e5,0.03561643835616438,0.08449999988079,12
42,a56b7003-2000-e811-9414-f0921c16b9e5,0.038356164383561646,0.131500005722,13
42,a56b7003-2000-e811-9414-f0921c16b9e5,0.0410958904109589,0.195199996233,14
42,a56b7003-2000-e811-9414-f0921c16b9e5,0.043835616438356165,0.2732999920845,15
42,a56b7003-2000-e811-9414-f0921c16b9e5,0.04657534246575343,0.3601000010967,16
42,a56b7003-2000-e811-9414-f0921c16b9e5,0.049315068493150684,0.4532999992371,17
42,a56b7003-2000-e811-9414-f0921c16b9e5,0.052054794520547946,0.5243999958038,18
42,a56b7003-2000-e811-9414-f0921c16b9e5,0.0547945205479452,0.5648000240326,19
42,a56b7003-2000-e811-9414-f0921c16b9e5,0.057534246575342465,0.5752000212669,20
42,a56b7003-2000-e811-9414-f0921c16b9e5,0.06027397260273973,0.5648999810219,21
42,a56b7003-2000-e811-9414-f0921c16b9e5,0.06301369863013699,0.5381000041962,22
42,a56b7003-2000-e811-9414-f0921c16b9e5,0.06575342465753424,0.4981999993324,23
42,a56b7003-2000-e811-9414-f0921c16b9e5,0.0684931506849315,0.4591999948025,24
42,a56b7003-2000-e811-9414-f0921c16b9e5,0.07123287671232877,0.4167000055313,25
42,a56b7003-2000-e811-9414-f0921c16b9e5,0.07397260273972603,0.3763000071049,26
42,a56b7003-2000-e811-9414-f0921c16b9e5,0.07671232876712329,0.3411000072956,27
42,a56b7003-2000-e811-9414-f0921c16b9e5,0.07945205479452055,0.3073000013828,28
42,a56b7003-2000-e811-9414-f0921c16b9e5,0.0821917808219178,0.2736999988556,29
42,a56b7003-2000-e811-9414-f0921c16b9e5,0.08493150684931507,0.2469999939203,30
42,a56b7003-2000-e811-9414-f0921c16b9e5,0.08767123287671233,0.2247000038624,31
42,a56b7003-2000-e811-9414-f0921c16b9e5,0.09041095890410959,0.2029999941587,32
42,a56b7003-2000-e811-9414-f0921c16b9e5,0.09315068493150686,0.1800999939442,33
42,a56b7003-2000-e811-9414-f0921c16b9e5,0.0958904109589041,0.1631000041962,34
42,a56b7003-2000-e811-9414-f0921c16b9e5,0.09863013698630137,0.1457999944687,35
42,a56b7003-2000-e811-9414-f0921c16b9e5,0.10136986301369863,0.130700007081,36
42,a56b7003-2000-e811-9414-f0921c16b9e5,0.10410958904109589,0.1177999973297,37
42,a56b7003-2000-e811-9414-f0921c16b9e5,0.10684931506849316,0.1066000014544,38
42,a56b7003-2000-e811-9414-f0921c16b9e5,0.1095890410958904,0.09520000219345,39
42,a56b7003-2000-e811-9414-f0921c16b9e5,0.11232876712328767,0.08449999988079,40
42,a56b7003-2000-e811-9414-f0921c16b9e5,0.11506849315068493,0.07590000331402,41
42,a56b7003-2000-e811-9414-f0921c16b9e5,0.1178082191780822,0.06819999963045,42
42,a56b7003-2000-e811-9414-f0921c16b9e5,0.12054794520547946,0.05930000171065,43
42,a56b7003-2000-e811-9414-f0921c16b9e5,0.1232876712328767,0.05370000004768,44
42,a56b7003-2000-e811-9414-f0921c16b9e5,0.12602739726027398,0.04839999973774,45
42,a56b7003-2000-e811-9414-f0921c16b9e5,0.12876712328767123,0.04250000044703,46
42,a56b7003-2000-e811-9414-f0921c16b9e5,0.13150684931506848,0.03770000115037,47
42,a56b7003-2000-e811-9414-f0921c16b9e5,0.13424657534246576,0.0329000018537,48
42,a56b7003-2000-e811-9414-f0921c16b9e5,0.136986301369863,0.02940000034869,49
42,a56b7003-2000-e811-9414-f0921c16b9e5,0.13972602739726028,0.02610000036657,50
42,a56b7003-2000-e811-9414-f0921c16b9e5,0.14246575342465753,0.02360000088811,51
42,a56b7003-2000-e811-9414-f0921c16b9e5,0.14520547945205478,0.02099999971688,52
42,a56b7003-2000-e811-9414-f0921c16b9e5,0.14794520547945206,0.01730000041425,53
42,a56b7003-2000-e811-9414-f0921c16b9e5,0.1506849315068493,0.01579999923706,54
42,a56b7003-2000-e811-9414-f0921c16b9e5,0.15342465753424658,0.01389999967068,55
42,a56b7003-2000-e811-9414-f0921c16b9e5,0.15616438356164383,0.01260000001639,56
42,a56b7003-2000-e811-9414-f0921c16b9e5,0.1589041095890411,0.01180000044405,57
42,a56b7003-2000-e811-9414-f0921c16b9e5,0.16164383561643836,0.01070000045002,58
42,a56b7003-2000-e811-9414-f0921c16b9e5,0.1643835616438356,0.009100000374019,59
42,a56b7003-2000-e811-9414-f0921c16b9e5,0.16712328767123288,0.008600000292063,60
42,a56b7003-2000-e811-9414-f0921c16b9e5,0.16986301369863013,0.00789999961853,61
42,a56b7003-2000-e811-9414-f0921c16b9e5,0.1726027397260274,0.007100000046194,62
42,a56b7003-2000-e811-9414-f0921c16b9e5,0.17534246575342466,0.00650000013411,63
42,a56b7003-2000-e811-9414-f0921c16b9e5,0.1780821917808219,0.005799999926239,64
42,a56b7003-2000-e811-9414-f0921c16b9e5,0.18082191780821918,0.004999999888241,65
42,a56b7003-2000-e811-9414-f0921c16b9e5,0.18356164383561643,0.004900000058115,66
42,a56b7003-2000-e811-9414-f0921c16b9e5,0.1863013698630137,0.004800000227988,67
42,a56b7003-2000-e811-9414-f0921c16b9e5,0.18904109589041096,0.004300000146031,68
42,a56b7003-2000-e811-9414-f0921c16b9e5,0.1917808219178082,0.003899999894202,69
42,a56b7003-2000-e811-9414-f0921c16b9e5,0.19452054794520549,0.003899999894202,70
42,a56b7003-2000-e811-9414-f0921c16b9e5,0.19726027397260273,0.003700000001118,71
42,a56b7003-2000-e811-9414-f0921c16b9e5,0.2,0.003299999982119,72
42,a56b7003-2000-e811-9414-f0921c16b9e5,0.20273972602739726,0.002499999944121,73
42,a56b7003-2000-e811-9414-f0921c16b9e5,0.2054794520547945,0.002000000094995,74
42,a56b7003-2000-e811-9414-f0921c16b9e5,0.20821917808219179,0.00179999996908,75
42,a56b7003-2000-e811-9414-f0921c16b9e5,0.21095890410958903,0.001599999959581,76
42,a56b7003-2000-e811-9414-f0921c16b9e5,0.2136986301369863,0.001399999950081,77
42,a56b7003-2000-e811-9414-f0921c16b9e5,0.21643835616438356,0.001399999950081,78
42,a56b7003-2000-e811-9414-f0921c16b9e5,0.2191780821917808,0.001200000056997,79
42,a56b7003-2000-e811-9414-f0921c16b9e5,0.2219178082191781,0.0007999999797903,80
42,a56b7003-2000-e811-9414-f0921c16b9e5,0.22465753424657534,0.0006999999750406,81
42,a56b7003-2000-e811-9414-f0921c16b9e5,0.2273972602739726,0.0006999999750406,82
42,a56b7003-2000-e811-9414-f0921c16b9e5,0.23013698630136986,0.0006000000284985,83
42,a56b7003-2000-e811-9414-f0921c16b9e5,0.2328767123287671,0.0003999999898952,84
42,a56b7003-2000-e811-9414-f0921c16b9e5,0.2356164383561644,0.0003000000142492,85
42,a56b7003-2000-e811-9414-f0921c16b9e5,0.23835616438356164,0.0003000000142492,86
42,a56b7003-2000-e811-9414-f0921c16b9e5,0.2410958904109589,0.0001999999949476,87
42,a56b7003-2000-e811-9414-f0921c16b9e5,0.24383561643835616,0.0001999999949476,88
42,a56b7003-2000-e811-9414-f0921c16b9e5,0.2465753424657534,0.0001999999949476,89
43,a46b7003-2000-e811-9414-f0921c16b9e5,0.0027397260273972603,0.0,0
43,a46b7003-2000-e811-9414-f0921c16b9e5,0.005479452054794521,0.0007999999797903,1
43,a46b7003-2000-e811-9414-f0921c16b9e5,0.00821917808219178,0.001700000022538,2
43,a46b7003-2000-e811-9414-f0921c16b9e5,0.010958904109589041,0.003500000108033,3
43,a46b7003-2000-e811-9414-f0921c16b9e5,0.0136986301369863,0.00789999961853,4
43,a46b7003-2000-e811-9414-f0921c16b9e5,0.01643835616438356,0.01840000040829,5
43,a46b7003-2000-e811-9414-f0921c16b9e5,0.019178082191780823,0.03900000080466,6
43,a46b7003-2000-e811-9414-f0921c16b9e5,0.021917808219178082,0.08340000361204,7
43,a46b7003-2000-e811-9414-f0921c16b9e5,0.024657534246575342,0.1697999984026,8
43,a46b7003-2000-e811-9414-f0921c16b9e5,0.0273972602739726,0.3239000141621,9
43,a46b7003-2000-e811-9414-f0921c16b9e5,0.030136986301369864,0.5235000252724,10
43,a46b7003-2000-e811-9414-f0921c16b9e5,0.03287671232876712,0.6840000152588,11
43,a46b7003-2000-e811-9414-f0921c16b9e5,0.03561643835616438,0.7454000115395,12
43,a46b7003-2000-e811-9414-f0921c16b9e5,0.038356164383561646,0.7206000089645,13
43,a46b7003-2000-e811-9414-f0921c16b9e5,0.0410958904109589,0.6718999743462,14
43,a46b7003-2000-e811-9414-f0921c16b9e5,0.043835616438356165,0.6105999946594,15
43,a46b7003-2000-e811-9414-f0921c16b9e5,0.04657534246575343,0.5490000247955,16
43,a46b7003-2000-e811-9414-f0921c16b9e5,0.049315068493150684,0.498299986124,17
43,a46b7003-2000-e811-9414-f0921c16b9e5,0.052054794520547946,0.4507000148296,18
43,a46b7003-2000-e811-9414-f0921c16b9e5,0.0547945205479452,0.4077000021935,19
43,a46b7003-2000-e811-9414-f0921c16b9e5,0.057534246575342465,0.3677000105381,20
43,a46b7003-2000-e811-9414-f0921c16b9e5,0.06027397260273973,0.3283999860287,21
43,a46b7003-2000-e811-9414-f0921c16b9e5,0.06301369863013699,0.2933999896049,22
43,a46b7003-2000-e811-9414-f0921c16b9e5,0.06575342465753424,0.2658999860287,23
43,a46b7003-2000-e811-9414-f0921c16b9e5,0.0684931506849315,0.2377000004053,24
43,a46b7003-2000-e811-9414-f0921c16b9e5,0.07123287671232877,0.2110999971628,25
43,a46b7003-2000-e811-9414-f0921c16b9e5,0.07397260273972603,0.1891999989748,26
43,a46b7003-2000-e811-9414-f0921c16b9e5,0.07671232876712329,0.1706999987364,27
43,a46b7003-2000-e811-9414-f0921c16b9e5,0.07945205479452055,0.1539999991655,28
43,a46b7003-2000-e811-9414-f0921c16b9e5,0.0821917808219178,0.1369999945164,29
43,a46b7003-2000-e811-9414-f0921c16b9e5,0.08493150684931507,0.1256999969482,30
43,a46b7003-2000-e811-9414-f0921c16b9e5,0.08767123287671233,0.1146999970078,31
43,a46b7003-2000-e811-9414-f0921c16b9e5,0.09041095890410959,0.1042999997735,32
43,a46b7003-2000-e811-9414-f0921c16b9e5,0.09315068493150686,0.09430000185966,33
43,a46b7003-2000-e811-9414-f0921c16b9e5,0.0958904109589041,0.08330000191927,34
43,a46b7003-2000-e811-9414-f0921c16b9e5,0.09863013698630137,0.07490000128746,35
43,a46b7003-2000-e811-9414-f0921c16b9e5,0.10136986301369863,0.06800000369549,36
43,a46b7003-2000-e811-9414-f0921c16b9e5,0.10410958904109589,0.0608000010252,37
43,a46b7003-2000-e811-9414-f0921c16b9e5,0.10684931506849316,0.05420000106096,38
43,a46b7003-2000-e811-9414-f0921c16b9e5,0.1095890410958904,0.04809999838471,39
43,a46b7003-2000-e811-9414-f0921c16b9e5,0.11232876712328767,0.04239999875426,40
43,a46b7003-2000-e811-9414-f0921c16b9e5,0.11506849315068493,0.03860000148416,41
43,a46b7003-2000-e811-9414-f0921c16b9e5,0.1178082191780822,0.03539999946952,42
43,a46b7003-2000-e811-9414-f0921c16b9e5,0.12054794520547946,0.03220000118017,43
43,a46b7003-2000-e811-9414-f0921c16b9e5,0.1232876712328767,0.02920000068843,44
43,a46b7003-2000-e811-9414-f0921c16b9e5,0.12602739726027398,0.02669999934733,45
43,a46b7003-2000-e811-9414-f0921c16b9e5,0.12876712328767123,0.02439999952912,46
43,a46b7003-2000-e811-9414-f0921c16b9e5,0.13150684931506848,0.02170000039041,47
43,a46b7003-2000-e811-9414-f0921c16b9e5,0.13424657534246576,0.01960000023246,48
43,a46b7003-2000-e811-9414-f0921c16b9e5,0.136986301369863,0.01789999939501,49
43,a46b7003-2000-e811-9414-f0921c16b9e5,0.13972602739726028,0.01679999940097,50
43,a46b7003-2000-e811-9414-f0921c16b9e5,0.14246575342465753,0.01499999966472,51
43,a46b7003-2000-e811-9414-f0921c16b9e5,0.14520547945205478,0.0132999997586,52
43,a46b7003-2000-e811-9414-f0921c16b9e5,0.14794520547945206,0.01200000010431,53
43,a46b7003-2000-e811-9414-f0921c16b9e5,0.1506849315068493,0.01090000011027,54
43,a46b7003-2000-e811-9414-f0921c16b9e5,0.15342465753424658,0.009999999776483,55
43,a46b7003-2000-e811-9414-f0921c16b9e5,0.15616438356164383,0.009100000374019,56
43,a46b7003-2000-e811-9414-f0921c16b9e5,0.1589041095890411,0.008399999700487,57
43,a46b7003-2000-e811-9414-f0921c16b9e5,0.16164383561643836,0.007699999958277,58
43,a46b7003-2000-e811-9414-f0921c16b9e5,0.1643835616438356,0.007400000002235,59
43,a46b7003-2000-e811-9414-f0921c16b9e5,0.16712328767123288,0.006399999838322,60
43,a46b7003-2000-e811-9414-f0921c16b9e5,0.16986301369863013,0.005700000096112,61
43,a46b7003-2000-e811-9414-f0921c16b9e5,0.1726027397260274,0.005299999844283,62
43,a46b7003-2000-e811-9414-f0921c16b9e5,0.17534246575342466,0.0046999999322,63
43,a46b7003-2000-e811-9414-f0921c16b9e5,0.1780821917808219,0.004499999806285,64
43,a46b7003-2000-e811-9414-f0921c16b9e5,0.18082191780821918,0.003700000001118,65
43,a46b7003-2000-e811-9414-f0921c16b9e5,0.18356164383561643,0.003199999919161,66
43,a46b7003-2000-e811-9414-f0921c16b9e5,0.1863013698630137,0.003199999919161,67
43,a46b7003-2000-e811-9414-f0921c16b9e5,0.18904109589041096,0.003100000089034,68
43,a46b7003-2000-e811-9414-f0921c16b9e5,0.1917808219178082,0.002799999900162,69
43,a46b7003-2000-e811-9414-f0921c16b9e5,0.19452054794520549,0.002499999944121,70
43,a46b7003-2000-e811-9414-f0921c16b9e5,0.19726027397260273,0.002300000051036,71
43,a46b7003-2000-e811-9414-f0921c16b9e5,0.2,0.002099999925122,72
43,a46b7003-2000-e811-9414-f0921c16b9e5,0.20273972602739726,0.00179999996908,73
43,a46b7003-2000-e811-9414-f0921c16b9e5,0.2054794520547945,0.001700000022538,74
43,a46b7003-2000-e811-9414-f0921c16b9e5,0.20821917808219179,0.001599999959581,75
43,a46b7003-2000-e811-9414-f0921c16b9e5,0.21095890410958903,0.001500000013039,76
43,a46b7003-2000-e811-9414-f0921c16b9e5,0.2136986301369863,0.001200000056997,77
43,a46b7003-2000-e811-9414-f0921c16b9e5,0.21643835616438356,0.001200000056997,78
43,a46b7003-2000-e811-9414-f0921c16b9e5,0.2191780821917808,0.001200000056997,79
43,a46b7003-2000-e811-9414-f0921c16b9e5,0.2219178082191781,0.001200000056997,80
43,a46b7003-2000-e811-9414-f0921c16b9e5,0.22465753424657534,0.001000000047497,81
43,a46b7003-2000-e811-9414-f0921c16b9e5,0.2273972602739726,0.00089999998454,82
43,a46b7003-2000-e811-9414-f0921c16b9e5,0.23013698630136986,0.00089999998454,83
43,a46b7003-2000-e811-9414-f0921c16b9e5,0.2328767123287671,0.0006000000284985,84
43,a46b7003-2000-e811-9414-f0921c16b9e5,0.2356164383561644,0.0006000000284985,85
43,a46b7003-2000-e811-9414-f0921c16b9e5,0.23835616438356164,0.0006000000284985,86
43,a46b7003-2000-e811-9414-f0921c16b9e5,0.2410958904109589,0.0005000000237487,87
43,a46b7003-2000-e811-9414-f0921c16b9e5,0.24383561643835616,0.0003999999898952,88
43,a46b7003-2000-e811-9414-f0921c16b9e5,0.2465753424657534,0.0003999999898952,89
44,a36b7003-2000-e811-9414-f0921c16b9e5,0.0027397260273972603,0.0,0
44,a36b7003-2000-e811-9414-f0921c16b9e5,0.005479452054794521,0.0007999999797903,1
44,a36b7003-2000-e811-9414-f0921c16b9e5,0.00821917808219178,0.001399999950081,2
44,a36b7003-2000-e811-9414-f0921c16b9e5,0.010958904109589041,0.002000000094995,3
44,a36b7003-2000-e811-9414-f0921c16b9e5,0.0136986301369863,0.004399999976158,4
44,a36b7003-2000-e811-9414-f0921c16b9e5,0.01643835616438356,0.007799999788404,5
44,a36b7003-2000-e811-9414-f0921c16b9e5,0.019178082191780823,0.0136000001803,6
44,a36b7003-2000-e811-9414-f0921c16b9e5,0.021917808219178082,0.0226000007242,7
44,a36b7003-2000-e811-9414-f0921c16b9e5,0.024657534246575342,0.03889999911189,8
44,a36b7003-2000-e811-9414-f0921c16b9e5,0.0273972602739726,0.0658999979496,9
44,a36b7003-2000-e811-9414-f0921c16b9e5,0.030136986301369864,0.1019999980927,10
44,a36b7003-2000-e811-9414-f0921c16b9e5,0.03287671232876712,0.167199999094,11
44,a36b7003-2000-e811-9414-f0921c16b9e5,0.03561643835616438,0.2574999928474,12
44,a36b7003-2000-e811-9414-f0921c16b9e5,0.038356164383561646,0.3707999885082,13
44,a36b7003-2000-e811-9414-f0921c16b9e5,0.0410958904109589,0.4736000001431,14
44,a36b7003-2000-e811-9414-f0921c16b9e5,0.043835616438356165,0.559199988842,15
44,a36b7003-2000-e811-9414-f0921c16b9e5,0.04657534246575343,0.6032999753952,16
44,a36b7003-2000-e811-9414-f0921c16b9e5,0.049315068493150684,0.5989000201225,17
44,a36b7003-2000-e811-9414-f0921c16b9e5,0.052054794520547946,0.5716000199318,18
44,a36b7003-2000-e811-9414-f0921c16b9e5,0.0547945205479452,0.533999979496,19
44,a36b7003-2000-e811-9414-f0921c16b9e5,0.057534246575342465,0.487399995327,20
44,a36b7003-2000-e811-9414-f0921c16b9e5,0.06027397260273973,0.4404000043869,21
44,a36b7003-2000-e811-9414-f0921c16b9e5,0.06301369863013699,0.3975000083447,22
44,a36b7003-2000-e811-9414-f0921c16b9e5,0.06575342465753424,0.3535000085831,23
44,a36b7003-2000-e811-9414-f0921c16b9e5,0.0684931506849315,0.3188000023365,24
44,a36b7003-2000-e811-9414-f0921c16b9e5,0.07123287671232877,0.2847999930382,25
44,a36b7003-2000-e811-9414-f0921c16b9e5,0.07397260273972603,0.2522999942303,26
44,a36b7003-2000-e811-9414-f0921c16b9e5,0.07671232876712329,0.2266000062227,27
44,a36b7003-2000-e811-9414-f0921c16b9e5,0.07945205479452055,0.2023999989033,28
44,a36b7003-2000-e811-9414-f0921c16b9e5,0.0821917808219178,0.1817000061274,29
44,a36b7003-2000-e811-9414-f0921c16b9e5,0.08493150684931507,0.1622000038624,30
44,a36b7003-2000-e811-9414-f0921c16b9e5,0.08767123287671233,0.1471000015736,31
44,a36b7003-2000-e811-9414-f0921c16b9e5,0.09041095890410959,0.1316999942064,32
44,a36b7003-2000-e811-9414-f0921c16b9e5,0.09315068493150686,0.1184000000358,33
44,a36b7003-2000-e811-9414-f0921c16b9e5,0.0958904109589041,0.104699999094,34
44,a36b7003-2000-e811-9414-f0921c16b9e5,0.09863013698630137,0.09239999949932,35
44,a36b7003-2000-e811-9414-f0921c16b9e5,0.10136986301369863,0.08250000327826,36
44,a36b7003-2000-e811-9414-f0921c16b9e5,0.10410958904109589,0.07410000264645,37
44,a36b7003-2000-e811-9414-f0921c16b9e5,0.10684931506849316,0.06549999862909,38
44,a36b7003-2000-e811-9414-f0921c16b9e5,0.1095890410958904,0.05840000137687,39
44,a36b7003-2000-e811-9414-f0921c16b9e5,0.11232876712328767,0.05270000174642,40
44,a36b7003-2000-e811-9414-f0921c16b9e5,0.11506849315068493,0.04600000008941,41
44,a36b7003-2000-e811-9414-f0921c16b9e5,0.1178082191780822,0.04100000113249,42
44,a36b7003-2000-e811-9414-f0921c16b9e5,0.12054794520547946,0.03680000081658,43
44,a36b7003-2000-e811-9414-f0921c16b9e5,0.1232876712328767,0.03299999982119,44
44,a36b7003-2000-e811-9414-f0921c16b9e5,0.12602739726027398,0.02879999950528,45
44,a36b7003-2000-e811-9414-f0921c16b9e5,0.12876712328767123,0.02539999969304,46
44,a36b7003-2000-e811-9414-f0921c16b9e5,0.13150684931506848,0.02250000089407,47
44,a36b7003-2000-e811-9414-f0921c16b9e5,0.13424657534246576,0.01920000091195,48
44,a36b7003-2000-e811-9414-f0921c16b9e5,0.136986301369863,0.01720000058413,49
44,a36b7003-2000-e811-9414-f0921c16b9e5,0.13972602739726028,0.01579999923706,50
44,a36b7003-2000-e811-9414-f0921c16b9e5,0.14246575342465753,0.01420000009239,51
44,a36b7003-2000-e811-9414-f0921c16b9e5,0.14520547945205478,0.01269999984652,52
44,a36b7003-2000-e811-9414-f0921c16b9e5,0.14794520547945206,0.0113000003621,53
44,a36b7003-2000-e811-9414-f0921c16b9e5,0.1506849315068493,0.009899999946356,54
44,a36b7003-2000-e811-9414-f0921c16b9e5,0.15342465753424658,0.008399999700487,55
44,a36b7003-2000-e811-9414-f0921c16b9e5,0.15616438356164383,0.007499999832362,56
44,a36b7003-2000-e811-9414-f0921c16b9e5,0.1589041095890411,0.00719999987632,57
44,a36b7003-2000-e811-9414-f0921c16b9e5,0.16164383561643836,0.00650000013411,58
44,a36b7003-2000-e811-9414-f0921c16b9e5,0.1643835616438356,0.005700000096112,59
44,a36b7003-2000-e811-9414-f0921c16b9e5,0.16712328767123288,0.004999999888241,60
44,a36b7003-2000-e811-9414-f0921c16b9e5,0.16986301369863013,0.004600000102073,61
44,a36b7003-2000-e811-9414-f0921c16b9e5,0.1726027397260274,0.003899999894202,62
44,a36b7003-2000-e811-9414-f0921c16b9e5,0.17534246575342466,0.003100000089034,63
44,a36b7003-2000-e811-9414-f0921c16b9e5,0.1780821917808219,0.003000000026077,64
44,a36b7003-2000-e811-9414-f0921c16b9e5,0.18082191780821918,0.002600000007078,65
44,a36b7003-2000-e811-9414-f0921c16b9e5,0.18356164383561643,0.002499999944121,66
44,a36b7003-2000-e811-9414-f0921c16b9e5,0.1863013698630137,0.002499999944121,67
44,a36b7003-2000-e811-9414-f0921c16b9e5,0.18904109589041096,0.002400000113994,68
44,a36b7003-2000-e811-9414-f0921c16b9e5,0.1917808219178082,0.002199999988079,69
44,a36b7003-2000-e811-9414-f0921c16b9e5,0.19452054794520549,0.002099999925122,70
44,a36b7003-2000-e811-9414-f0921c16b9e5,0.19726027397260273,0.002000000094995,71
44,a36b7003-2000-e811-9414-f0921c16b9e5,0.2,0.001599999959581,72
44,a36b7003-2000-e811-9414-f0921c16b9e5,0.20273972602739726,0.001300000003539,73
44,a36b7003-2000-e811-9414-f0921c16b9e5,0.2054794520547945,0.001000000047497,74
44,a36b7003-2000-e811-9414-f0921c16b9e5,0.20821917808219179,0.00089999998454,75
44,a36b7003-2000-e811-9414-f0921c16b9e5,0.21095890410958903,0.00089999998454,76
44,a36b7003-2000-e811-9414-f0921c16b9e5,0.2136986301369863,0.0007999999797903,77
44,a36b7003-2000-e811-9414-f0921c16b9e5,0.21643835616438356,0.0005000000237487,78
44,a36b7003-2000-e811-9414-f0921c16b9e5,0.2191780821917808,0.0005000000237487,79
44,a36b7003-2000-e811-9414-f0921c16b9e5,0.2219178082191781,0.0005000000237487,80
44,a36b7003-2000-e811-9414-f0921c16b9e5,0.22465753424657534,0.0005000000237487,81
44,a36b7003-2000-e811-9414-f0921c16b9e5,0.2273972602739726,0.0005000000237487,82
44,a36b7003-2000-e811-9414-f0921c16b9e5,0.23013698630136986,0.0005000000237487,83
44,a36b7003-2000-e811-9414-f0921c16b9e5,0.2328767123287671,0.0003999999898952,84
44,a36b7003-2000-e811-9414-f0921c16b9e5,0.2356164383561644,0.0003999999898952,85
44,a36b7003-2000-e811-9414-f0921c16b9e5,0.23835616438356164,0.0003999999898952,86
44,a36b7003-2000-e811-9414-f0921c16b9e5,0.2410958904109589,0.0003999999898952,87
44,a36b7003-2000-e811-9414-f0921c16b9e5,0.24383561643835616,0.0001999999949476,88
44,a36b7003-2000-e811-9414-f0921c16b9e5,0.2465753424657534,0.0001999999949476,89
45,a26b7003-2000-e811-9414-f0921c16b9e5,0.0027397260273972603,0.0,0
45,a26b7003-2000-e811-9414-f0921c16b9e5,0.005479452054794521,9.999999747379e-05,1
45,a26b7003-2000-e811-9414-f0921c16b9e5,0.00821917808219178,0.0003000000142492,2
45,a26b7003-2000-e811-9414-f0921c16b9e5,0.010958904109589041,0.0007999999797903,3
45,a26b7003-2000-e811-9414-f0921c16b9e5,0.0136986301369863,0.001700000022538,4
45,a26b7003-2000-e811-9414-f0921c16b9e5,0.01643835616438356,0.003000000026077,5
45,a26b7003-2000-e811-9414-f0921c16b9e5,0.019178082191780823,0.006899999920279,6
45,a26b7003-2000-e811-9414-f0921c16b9e5,0.021917808219178082,0.01279999967664,7
45,a26b7003-2000-e811-9414-f0921c16b9e5,0.024657534246575342,0.0249000005424,8
45,a26b7003-2000-e811-9414-f0921c16b9e5,0.0273972602739726,0.04520000144839,9
45,a26b7003-2000-e811-9414-f0921c16b9e5,0.030136986301369864,0.08219999819994,10
45,a26b7003-2000-e811-9414-f0921c16b9e5,0.03287671232876712,0.1494999974966,11
45,a26b7003-2000-e811-9414-f0921c16b9e5,0.03561643835616438,0.2520000040531,12
45,a26b7003-2000-e811-9414-f0921c16b9e5,0.038356164383561646,0.3842000067234,13
45,a26b7003-2000-e811-9414-f0921c16b9e5,0.0410958904109589,0.521399974823,14
45,a26b7003-2000-e811-9414-f0921c16b9e5,0.043835616438356165,0.6103000044823,15
45,a26b7003-2000-e811-9414-f0921c16b9e5,0.04657534246575343,0.6341999769211,16
45,a26b7003-2000-e811-9414-f0921c16b9e5,0.049315068493150684,0.6072000265121,17
45,a26b7003-2000-e811-9414-f0921c16b9e5,0.052054794520547946,0.5551000237465,18
45,a26b7003-2000-e811-9414-f0921c16b9e5,0.0547945205479452,0.5006999969482,19
45,a26b7003-2000-e811-9414-f0921c16b9e5,0.057534246575342465,0.4458000063896,20
45,a26b7003-2000-e811-9414-f0921c16b9e5,0.06027397260273973,0.3946000039577,21
45,a26b7003-2000-e811-9414-f0921c16b9e5,0.06301369863013699,0.3467000126839,22
45,a26b7003-2000-e811-9414-f0921c16b9e5,0.06575342465753424,0.3043000102043,23
45,a26b7003-2000-e811-9414-f0921c16b9e5,0.0684931506849315,0.2675999999046,24
45,a26b7003-2000-e811-9414-f0921c16b9e5,0.07123287671232877,0.2314999997616,25
45,a26b7003-2000-e811-9414-f0921c16b9e5,0.07397260273972603,0.2022999972105,26
45,a26b7003-2000-e811-9414-f0921c16b9e5,0.07671232876712329,0.1781000047922,27
45,a26b7003-2000-e811-9414-f0921c16b9e5,0.07945205479452055,0.1543000042439,28
45,a26b7003-2000-e811-9414-f0921c16b9e5,0.0821917808219178,0.1356000006199,29
45,a26b7003-2000-e811-9414-f0921c16b9e5,0.08493150684931507,0.1202000007033,30
45,a26b7003-2000-e811-9414-f0921c16b9e5,0.08767123287671233,0.104500003159,31
45,a26b7003-2000-e811-9414-f0921c16b9e5,0.09041095890410959,0.09200000017881,32
45,a26b7003-2000-e811-9414-f0921c16b9e5,0.09315068493150686,0.0802000015974,33
45,a26b7003-2000-e811-9414-f0921c16b9e5,0.0958904109589041,0.06970000267029,34
45,a26b7003-2000-e811-9414-f0921c16b9e5,0.09863013698630137,0.06100000068545,35
45,a26b7003-2000-e811-9414-f0921c16b9e5,0.10136986301369863,0.05380000174046,36
45,a26b7003-2000-e811-9414-f0921c16b9e5,0.10410958904109589,0.04720000177622,37
45,a26b7003-2000-e811-9414-f0921c16b9e5,0.10684931506849316,0.04120000079274,38
45,a26b7003-2000-e811-9414-f0921c16b9e5,0.1095890410958904,0.03610000014305,39
45,a26b7003-2000-e811-9414-f0921c16b9e5,0.11232876712328767,0.03260000050068,40
45,a26b7003-2000-e811-9414-f0921c16b9e5,0.11506849315068493,0.02830000035465,41
45,a26b7003-2000-e811-9414-f0921c16b9e5,0.1178082191780822,0.02510000020266,42
45,a26b7003-2000-e811-9414-f0921c16b9e5,0.12054794520547946,0.02170000039041,43
45,a26b7003-2000-e811-9414-f0921c16b9e5,0.1232876712328767,0.01909999921918,44
45,a26b7003-2000-e811-9414-f0921c16b9e5,0.12602739726027398,0.01669999957085,45
45,a26b7003-2000-e811-9414-f0921c16b9e5,0.12876712328767123,0.01420000009239,46
45,a26b7003-2000-e811-9414-f0921c16b9e5,0.13150684931506848,0.01190000027418,47
45,a26b7003-2000-e811-9414-f0921c16b9e5,0.13424657534246576,0.01030000019819,48
45,a26b7003-2000-e811-9414-f0921c16b9e5,0.136986301369863,0.009100000374019,49
45,a26b7003-2000-e811-9414-f0921c16b9e5,0.13972602739726028,0.008200000040233,50
45,a26b7003-2000-e811-9414-f0921c16b9e5,0.14246575342465753,0.00719999987632,51
45,a26b7003-2000-e811-9414-f0921c16b9e5,0.14520547945205478,0.006000000052154,52
45,a26b7003-2000-e811-9414-f0921c16b9e5,0.14794520547945206,0.005400000140071,53
45,a26b7003-2000-e811-9414-f0921c16b9e5,0.1506849315068493,0.004800000227988,54
45,a26b7003-2000-e811-9414-f0921c16b9e5,0.15342465753424658,0.004300000146031,55
45,a26b7003-2000-e811-9414-f0921c16b9e5,0.15616438356164383,0.003899999894202,56
45,a26b7003-2000-e811-9414-f0921c16b9e5,0.1589041095890411,0.003700000001118,57
45,a26b7003-2000-e811-9414-f0921c16b9e5,0.16164383561643836,0.003299999982119,58
45,a26b7003-2000-e811-9414-f0921c16b9e5,0.1643835616438356,0.003000000026077,59
45,a26b7003-2000-e811-9414-f0921c16b9e5,0.16712328767123288,0.002199999988079,60
45,a26b7003-2000-e811-9414-f0921c16b9e5,0.16986301369863013,0.00179999996908,61
45,a26b7003-2000-e811-9414-f0921c16b9e5,0.1726027397260274,0.001500000013039,62
45,a26b7003-2000-e811-9414-f0921c16b9e5,0.17534246575342466,0.001300000003539,63
45,a26b7003-2000-e811-9414-f0921c16b9e5,0.1780821917808219,0.00089999998454,64
45,a26b7003-2000-e811-9414-f0921c16b9e5,0.18082191780821918,0.00089999998454,65
45,a26b7003-2000-e811-9414-f0921c16b9e5,0.18356164383561643,0.00089999998454,66
45,a26b7003-2000-e811-9414-f0921c16b9e5,0.1863013698630137,0.0007999999797903,67
45,a26b7003-2000-e811-9414-f0921c16b9e5,0.18904109589041096,0.0006999999750406,68
45,a26b7003-2000-e811-9414-f0921c16b9e5,0.1917808219178082,0.0005000000237487,69
45,a26b7003-2000-e811-9414-f0921c16b9e5,0.19452054794520549,0.0003999999898952,70
45,a26b7003-2000-e811-9414-f0921c16b9e5,0.19726027397260273,0.0003000000142492,71
45,a26b7003-2000-e811-9414-f0921c16b9e5,0.2,0.0003000000142492,72
45,a26b7003-2000-e811-9414-f0921c16b9e5,0.20273972602739726,0.0001999999949476,73
45,a26b7003-2000-e811-9414-f0921c16b9e5,0.2054794520547945,0.0001999999949476,74
45,a26b7003-2000-e811-9414-f0921c16b9e5,0.20821917808219179,0.0001999999949476,75
45,a26b7003-2000-e811-9414-f0921c16b9e5,0.21095890410958903,0.0001999999949476,76
45,a26b7003-2000-e811-9414-f0921c16b9e5,0.2136986301369863,0.0001999999949476,77
45,a26b7003-2000-e811-9414-f0921c16b9e5,0.21643835616438356,0.0001999999949476,78
45,a26b7003-2000-e811-9414-f0921c16b9e5,0.2191780821917808,0.0001999999949476,79
45,a26b7003-2000-e811-9414-f0921c16b9e5,0.2219178082191781,0.0001999999949476,80
45,a26b7003-2000-e811-9414-f0921c16b9e5,0.22465753424657534,9.999999747379e-05,81
45,a26b7003-2000-e811-9414-f0921c16b9e5,0.2273972602739726,9.999999747379e-05,82
45,a26b7003-2000-e811-9414-f0921c16b9e5,0.23013698630136986,9.999999747379e-05,83
45,a26b7003-2000-e811-9414-f0921c16b9e5,0.2328767123287671,9.999999747379e-05,84
45,a26b7003-2000-e811-9414-f0921c16b9e5,0.2356164383561644,9.999999747379e-05,85
45,a26b7003-2000-e811-9414-f0921c16b9e5,0.23835616438356164,9.999999747379e-05,86
45,a26b7003-2000-e811-9414-f0921c16b9e5,0.2410958904109589,9.999999747379e-05,87
45,a26b7003-2000-e811-9414-f0921c16b9e5,0.24383561643835616,9.999999747379e-05,88
45,a26b7003-2000-e811-9414-f0921c16b9e5,0.2465753424657534,0.0,89
46,a16b7003-2000-e811-9414-f0921c16b9e5,0.0027397260273972603,0.0,0
46,a16b7003-2000-e811-9414-f0921c16b9e5,0.005479452054794521,0.0003000000142492,1
46,a16b7003-2000-e811-9414-f0921c16b9e5,0.00821917808219178,0.0006000000284985,2
46,a16b7003-2000-e811-9414-f0921c16b9e5,0.010958904109589041,0.001500000013039,3
46,a16b7003-2000-e811-9414-f0921c16b9e5,0.0136986301369863,0.002799999900162,4
46,a16b7003-2000-e811-9414-f0921c16b9e5,0.01643835616438356,0.005499999970198,5
46,a16b7003-2000-e811-9414-f0921c16b9e5,0.019178082191780823,0.009499999694526,6
46,a16b7003-2000-e811-9414-f0921c16b9e5,0.021917808219178082,0.01569999940693,7
46,a16b7003-2000-e811-9414-f0921c16b9e5,0.024657534246575342,0.02649999968708,8
46,a16b7003-2000-e811-9414-f0921c16b9e5,0.0273972602739726,0.04820000007749,9
46,a16b7003-2000-e811-9414-f0921c16b9e5,0.030136986301369864,0.08669999986887,10
46,a16b7003-2000-e811-9414-f0921c16b9e5,0.03287671232876712,0.1464000046253,11
46,a16b7003-2000-e811-9414-f0921c16b9e5,0.03561643835616438,0.228100001812,12
46,a16b7003-2000-e811-9414-f0921c16b9e5,0.038356164383561646,0.3440999984741,13
46,a16b7003-2000-e811-9414-f0921c16b9e5,0.0410958904109589,0.4629000127316,14
46,a16b7003-2000-e811-9414-f0921c16b9e5,0.043835616438356165,0.5536000132561,15
46,a16b7003-2000-e811-9414-f0921c16b9e5,0.04657534246575343,0.6000000238419,16
46,a16b7003-2000-e811-9414-f0921c16b9e5,0.049315068493150684,0.6032000184059,17
46,a16b7003-2000-e811-9414-f0921c16b9e5,0.052054794520547946,0.577799975872,18
46,a16b7003-2000-e811-9414-f0921c16b9e5,0.0547945205479452,0.534600019455,19
46,a16b7003-2000-e811-9414-f0921c16b9e5,0.057534246575342465,0.4882000088692,20
46,a16b7003-2000-e811-9414-f0921c16b9e5,0.06027397260273973,0.4399999976158,21
46,a16b7003-2000-e811-9414-f0921c16b9e5,0.06301369863013699,0.3962000012398,22
46,a16b7003-2000-e811-9414-f0921c16b9e5,0.06575342465753424,0.3526999950409,23
46,a16b7003-2000-e811-9414-f0921c16b9e5,0.0684931506849315,0.3138000071049,24
46,a16b7003-2000-e811-9414-f0921c16b9e5,0.07123287671232877,0.2772000133991,25
46,a16b7003-2000-e811-9414-f0921c16b9e5,0.07397260273972603,0.2441000044346,26
46,a16b7003-2000-e811-9414-f0921c16b9e5,0.07671232876712329,0.2149000018835,27
46,a16b7003-2000-e811-9414-f0921c16b9e5,0.07945205479452055,0.1870999932289,28
46,a16b7003-2000-e811-9414-f0921c16b9e5,0.0821917808219178,0.1657000035048,29
46,a16b7003-2000-e811-9414-f0921c16b9e5,0.08493150684931507,0.1474999934435,30
46,a16b7003-2000-e811-9414-f0921c16b9e5,0.08767123287671233,0.1291999965906,31
46,a16b7003-2000-e811-9414-f0921c16b9e5,0.09041095890410959,0.1147999987006,32
46,a16b7003-2000-e811-9414-f0921c16b9e5,0.09315068493150686,0.1006999984384,33
46,a16b7003-2000-e811-9414-f0921c16b9e5,0.0958904109589041,0.08879999816418,34
46,a16b7003-2000-e811-9414-f0921c16b9e5,0.09863013698630137,0.08089999854565,35
46,a16b7003-2000-e811-9414-f0921c16b9e5,0.10136986301369863,0.07270000129938,36
46,a16b7003-2000-e811-9414-f0921c16b9e5,0.10410958904109589,0.06409999728203,37
46,a16b7003-2000-e811-9414-f0921c16b9e5,0.10684931506849316,0.05710000172257,38
46,a16b7003-2000-e811-9414-f0921c16b9e5,0.1095890410958904,0.05119999870658,39
46,a16b7003-2000-e811-9414-f0921c16b9e5,0.11232876712328767,0.04520000144839,40
46,a16b7003-2000-e811-9414-f0921c16b9e5,0.11506849315068493,0.04050000011921,41
46,a16b7003-2000-e811-9414-f0921c16b9e5,0.1178082191780822,0.03610000014305,42
46,a16b7003-2000-e811-9414-f0921c16b9e5,0.12054794520547946,0.03240000084043,43
46,a16b7003-2000-e811-9414-f0921c16b9e5,0.1232876712328767,0.03009999915957,44
46,a16b7003-2000-e811-9414-f0921c16b9e5,0.12602739726027398,0.02639999985695,45
46,a16b7003-2000-e811-9414-f0921c16b9e5,0.12876712328767123,0.02400000020862,46
46,a16b7003-2000-e811-9414-f0921c16b9e5,0.13150684931506848,0.02080000005662,47
46,a16b7003-2000-e811-9414-f0921c16b9e5,0.13424657534246576,0.01840000040829,48
46,a16b7003-2000-e811-9414-f0921c16b9e5,0.136986301369863,0.01559999957681,49
46,a16b7003-2000-e811-9414-f0921c16b9e5,0.13972602739726028,0.01339999958873,50
46,a16b7003-2000-e811-9414-f0921c16b9e5,0.14246575342465753,0.01229999959469,51
46,a16b7003-2000-e811-9414-f0921c16b9e5,0.14520547945205478,0.01040000002831,52
46,a16b7003-2000-e811-9414-f0921c16b9e5,0.14794520547945206,0.009700000286102,53
46,a16b7003-2000-e811-9414-f0921c16b9e5,0.1506849315068493,0.008899999782443,54
46,a16b7003-2000-e811-9414-f0921c16b9e5,0.15342465753424658,0.008200000040233,55
46,a16b7003-2000-e811-9414-f0921c16b9e5,0.15616438356164383,0.00719999987632,56
46,a16b7003-2000-e811-9414-f0921c16b9e5,0.1589041095890411,0.00650000013411,57
46,a16b7003-2000-e811-9414-f0921c16b9e5,0.16164383561643836,0.005499999970198,58
46,a16b7003-2000-e811-9414-f0921c16b9e5,0.1643835616438356,0.004900000058115,59
46,a16b7003-2000-e811-9414-f0921c16b9e5,0.16712328767123288,0.004300000146031,60
46,a16b7003-2000-e811-9414-f0921c16b9e5,0.16986301369863013,0.003299999982119,61
46,a16b7003-2000-e811-9414-f0921c16b9e5,0.1726027397260274,0.003000000026077,62
46,a16b7003-2000-e811-9414-f0921c16b9e5,0.17534246575342466,0.002799999900162,63
46,a16b7003-2000-e811-9414-f0921c16b9e5,0.1780821917808219,0.002499999944121,64
46,a16b7003-2000-e811-9414-f0921c16b9e5,0.18082191780821918,0.002199999988079,65
46,a16b7003-2000-e811-9414-f0921c16b9e5,0.18356164383561643,0.002000000094995,66
46,a16b7003-2000-e811-9414-f0921c16b9e5,0.1863013698630137,0.001599999959581,67
46,a16b7003-2000-e811-9414-f0921c16b9e5,0.18904109589041096,0.001300000003539,68
46,a16b7003-2000-e811-9414-f0921c16b9e5,0.1917808219178082,0.001200000056997,69
46,a16b7003-2000-e811-9414-f0921c16b9e5,0.19452054794520549,0.00109999999404,70
46,a16b7003-2000-e811-9414-f0921c16b9e5,0.19726027397260273,0.0007999999797903,71
46,a16b7003-2000-e811-9414-f0921c16b9e5,0.2,0.0007999999797903,72
46,a16b7003-2000-e811-9414-f0921c16b9e5,0.20273972602739726,0.0007999999797903,73
46,a16b7003-2000-e811-9414-f0921c16b9e5,0.2054794520547945,0.0007999999797903,74
46,a16b7003-2000-e811-9414-f0921c16b9e5,0.20821917808219179,0.0006000000284985,75
46,a16b7003-2000-e811-9414-f0921c16b9e5,0.21095890410958903,0.0006000000284985,76
46,a16b7003-2000-e811-9414-f0921c16b9e5,0.2136986301369863,0.0003999999898952,77
46,a16b7003-2000-e811-9414-f0921c16b9e5,0.21643835616438356,0.0003999999898952,78
46,a16b7003-2000-e811-9414-f0921c16b9e5,0.2191780821917808,0.0003999999898952,79
46,a16b7003-2000-e811-9414-f0921c16b9e5,0.2219178082191781,0.0003999999898952,80
46,a16b7003-2000-e811-9414-f0921c16b9e5,0.22465753424657534,0.0003000000142492,81
46,a16b7003-2000-e811-9414-f0921c16b9e5,0.2273972602739726,0.0001999999949476,82
46,a16b7003-2000-e811-9414-f0921c16b9e5,0.23013698630136986,9.999999747379e-05,83
46,a16b7003-2000-e811-9414-f0921c16b9e5,0.2328767123287671,9.999999747379e-05,84
46,a16b7003-2000-e811-9414-f0921c16b9e5,0.2356164383561644,9.999999747379e-05,85
46,a16b7003-2000-e811-9414-f0921c16b9e5,0.23835616438356164,9.999999747379e-05,86
46,a16b7003-2000-e811-9414-f0921c16b9e5,0.2410958904109589,9.999999747379e-05,87
46,a16b7003-2000-e811-9414-f0921c16b9e5,0.24383561643835616,0.0,88
46,a16b7003-2000-e811-9414-f0921c16b9e5,0.2465753424657534,0.0,89
47,a06b7003-2000-e811-9414-f0921c16b9e5,0.0027397260273972603,0.0,0
47,a06b7003-2000-e811-9414-f0921c16b9e5,0.005479452054794521,0.0006999999750406,1
47,a06b7003-2000-e811-9414-f0921c16b9e5,0.00821917808219178,0.00089999998454,2
47,a06b7003-2000-e811-9414-f0921c16b9e5,0.010958904109589041,0.001399999950081,3
47,a06b7003-2000-e811-9414-f0921c16b9e5,0.0136986301369863,0.002700000070035,4
47,a06b7003-2000-e811-9414-f0921c16b9e5,0.01643835616438356,0.004300000146031,5
47,a06b7003-2000-e811-9414-f0921c16b9e5,0.019178082191780823,0.006300000008196,6
47,a06b7003-2000-e811-9414-f0921c16b9e5,0.021917808219178082,0.01009999960661,7
47,a06b7003-2000-e811-9414-f0921c16b9e5,0.024657534246575342,0.01590000092983,8
47,a06b7003-2000-e811-9414-f0921c16b9e5,0.0273972602739726,0.02529999986291,9
47,a06b7003-2000-e811-9414-f0921c16b9e5,0.030136986301369864,0.04109999909997,10
47,a06b7003-2000-e811-9414-f0921c16b9e5,0.03287671232876712,0.06430000066757,11
47,a06b7003-2000-e811-9414-f0921c16b9e5,0.03561643835616438,0.09340000152588,12
47,a06b7003-2000-e811-9414-f0921c16b9e5,0.038356164383561646,0.1416999995708,13
47,a06b7003-2000-e811-9414-f0921c16b9e5,0.0410958904109589,0.2032999992371,14
47,a06b7003-2000-e811-9414-f0921c16b9e5,0.043835616438356165,0.2849999964237,15
47,a06b7003-2000-e811-9414-f0921c16b9e5,0.04657534246575343,0.3691999912262,16
47,a06b7003-2000-e811-9414-f0921c16b9e5,0.049315068493150684,0.4519000053406,17
47,a06b7003-2000-e811-9414-f0921c16b9e5,0.052054794520547946,0.5091000199318,18
47,a06b7003-2000-e811-9414-f0921c16b9e5,0.0547945205479452,0.5356000065804,19
47,a06b7003-2000-e811-9414-f0921c16b9e5,0.057534246575342465,0.5436999797821,20
47,a06b7003-2000-e811-9414-f0921c16b9e5,0.06027397260273973,0.5286999940872,21
47,a06b7003-2000-e811-9414-f0921c16b9e5,0.06301369863013699,0.4991999864578,22
47,a06b7003-2000-e811-9414-f0921c16b9e5,0.06575342465753424,0.4634000062943,23
47,a06b7003-2000-e811-9414-f0921c16b9e5,0.0684931506849315,0.4246000051498,24
47,a06b7003-2000-e811-9414-f0921c16b9e5,0.07123287671232877,0.3837999999523,25
47,a06b7003-2000-e811-9414-f0921c16b9e5,0.07397260273972603,0.3458999991417,26
47,a06b7003-2000-e811-9414-f0921c16b9e5,0.07671232876712329,0.3120000064373,27
47,a06b7003-2000-e811-9414-f0921c16b9e5,0.07945205479452055,0.2806000113487,28
47,a06b7003-2000-e811-9414-f0921c16b9e5,0.0821917808219178,0.2552999854088,29
47,a06b7003-2000-e811-9414-f0921c16b9e5,0.08493150684931507,0.2266999930143,30
47,a06b7003-2000-e811-9414-f0921c16b9e5,0.08767123287671233,0.2021999955177,31
47,a06b7003-2000-e811-9414-f0921c16b9e5,0.09041095890410959,0.1791000068188,32
47,a06b7003-2000-e811-9414-f0921c16b9e5,0.09315068493150686,0.1586000025272,33
47,a06b7003-2000-e811-9414-f0921c16b9e5,0.0958904109589041,0.1427000015974,34
47,a06b7003-2000-e811-9414-f0921c16b9e5,0.09863013698630137,0.1282999962568,35
47,a06b7003-2000-e811-9414-f0921c16b9e5,0.10136986301369863,0.1140000000596,36
47,a06b7003-2000-e811-9414-f0921c16b9e5,0.10410958904109589,0.1018000021577,37
47,a06b7003-2000-e811-9414-f0921c16b9e5,0.10684931506849316,0.09040000289679,38
47,a06b7003-2000-e811-9414-f0921c16b9e5,0.1095890410958904,0.07949999719858,39
47,a06b7003-2000-e811-9414-f0921c16b9e5,0.11232876712328767,0.07000000029802,40
47,a06b7003-2000-e811-9414-f0921c16b9e5,0.11506849315068493,0.06089999899268,41
47,a06b7003-2000-e811-9414-f0921c16b9e5,0.1178082191780822,0.05370000004768,42
47,a06b7003-2000-e811-9414-f0921c16b9e5,0.12054794520547946,0.04830000177026,43
47,a06b7003-2000-e811-9414-f0921c16b9e5,0.1232876712328767,0.04210000112653,44
47,a06b7003-2000-e811-9414-f0921c16b9e5,0.12602739726027398,0.03689999878407,45
47,a06b7003-2000-e811-9414-f0921c16b9e5,0.12876712328767123,0.03240000084043,46
47,a06b7003-2000-e811-9414-f0921c16b9e5,0.13150684931506848,0.02879999950528,47
47,a06b7003-2000-e811-9414-f0921c16b9e5,0.13424657534246576,0.02470000088215,48
47,a06b7003-2000-e811-9414-f0921c16b9e5,0.136986301369863,0.02180000022054,49
47,a06b7003-2000-e811-9414-f0921c16b9e5,0.13972602739726028,0.01920000091195,50
47,a06b7003-2000-e811-9414-f0921c16b9e5,0.14246575342465753,0.01759999990463,51
47,a06b7003-2000-e811-9414-f0921c16b9e5,0.14520547945205478,0.01559999957681,52
47,a06b7003-2000-e811-9414-f0921c16b9e5,0.14794520547945206,0.01370000001043,53
47,a06b7003-2000-e811-9414-f0921c16b9e5,0.1506849315068493,0.01209999993443,54
47,a06b7003-2000-e811-9414-f0921c16b9e5,0.15342465753424658,0.01090000011027,55
47,a06b7003-2000-e811-9414-f0921c16b9e5,0.15616438356164383,0.009300000034273,56
47,a06b7003-2000-e811-9414-f0921c16b9e5,0.1589041095890411,0.008399999700487,57
47,a06b7003-2000-e811-9414-f0921c16b9e5,0.16164383561643836,0.007699999958277,58
47,a06b7003-2000-e811-9414-f0921c16b9e5,0.1643835616438356,0.00650000013411,59
47,a06b7003-2000-e811-9414-f0921c16b9e5,0.16712328767123288,0.005700000096112,60
47,a06b7003-2000-e811-9414-f0921c16b9e5,0.16986301369863013,0.005100000184029,61
47,a06b7003-2000-e811-9414-f0921c16b9e5,0.1726027397260274,0.004199999850243,62
47,a06b7003-2000-e811-9414-f0921c16b9e5,0.17534246575342466,0.003800000064075,63
47,a06b7003-2000-e811-9414-f0921c16b9e5,0.1780821917808219,0.003400000045076,64
47,a06b7003-2000-e811-9414-f0921c16b9e5,0.18082191780821918,0.003299999982119,65
47,a06b7003-2000-e811-9414-f0921c16b9e5,0.18356164383561643,0.002600000007078,66
47,a06b7003-2000-e811-9414-f0921c16b9e5,0.1863013698630137,0.002499999944121,67
47,a06b7003-2000-e811-9414-f0921c16b9e5,0.18904109589041096,0.002099999925122,68
47,a06b7003-2000-e811-9414-f0921c16b9e5,0.1917808219178082,0.001900000032037,69
47,a06b7003-2000-e811-9414-f0921c16b9e5,0.19452054794520549,0.001500000013039,70
47,a06b7003-2000-e811-9414-f0921c16b9e5,0.19726027397260273,0.001200000056997,71
47,a06b7003-2000-e811-9414-f0921c16b9e5,0.2,0.001000000047497,72
47,a06b7003-2000-e811-9414-f0921c16b9e5,0.20273972602739726,0.0007999999797903,73
47,a06b7003-2000-e811-9414-f0921c16b9e5,0.2054794520547945,0.0007999999797903,74
47,a06b7003-2000-e811-9414-f0921c16b9e5,0.20821917808219179,0.0006999999750406,75
47,a06b7003-2000-e811-9414-f0921c16b9e5,0.21095890410958903,0.0006999999750406,76
47,a06b7003-2000-e811-9414-f0921c16b9e5,0.2136986301369863,0.0006999999750406,77
47,a06b7003-2000-e811-9414-f0921c16b9e5,0.21643835616438356,0.0006000000284985,78
47,a06b7003-2000-e811-9414-f0921c16b9e5,0.2191780821917808,0.0006000000284985,79
47,a06b7003-2000-e811-9414-f0921c16b9e5,0.2219178082191781,0.0006000000284985,80
47,a06b7003-2000-e811-9414-f0921c16b9e5,0.22465753424657534,0.0006000000284985,81
47,a06b7003-2000-e811-9414-f0921c16b9e5,0.2273972602739726,0.0006000000284985,82
47,a06b7003-2000-e811-9414-f0921c16b9e5,0.23013698630136986,0.0005000000237487,83
47,a06b7003-2000-e811-9414-f0921c16b9e5,0.2328767123287671,0.0005000000237487,84
47,a06b7003-2000-e811-9414-f0921c16b9e5,0.2356164383561644,0.0003999999898952,85
47,a06b7003-2000-e811-9414-f0921c16b9e5,0.23835616438356164,0.0003999999898952,86
47,a06b7003-2000-e811-9414-f0921c16b9e5,0.2410958904109589,0.0003999999898952,87
47,a06b7003-2000-e811-9414-f0921c16b9e5,0.24383561643835616,0.0001999999949476,88
47,a06b7003-2000-e811-9414-f0921c16b9e5,0.2465753424657534,9.999999747379e-05,89
48,9f6b7003-2000-e811-9414-f0921c16b9e5,0.0027397260273972603,0.0,0
48,9f6b7003-2000-e811-9414-f0921c16b9e5,0.005479452054794521,0.0006000000284985,1
48,9f6b7003-2000-e811-9414-f0921c16b9e5,0.00821917808219178,0.00109999999404,2
48,9f6b7003-2000-e811-9414-f0921c16b9e5,0.010958904109589041,0.002400000113994,3
48,9f6b7003-2000-e811-9414-f0921c16b9e5,0.0136986301369863,0.0046999999322,4
48,9f6b7003-2000-e811-9414-f0921c16b9e5,0.01643835616438356,0.009499999694526,5
48,9f6b7003-2000-e811-9414-f0921c16b9e5,0.019178082191780823,0.01840000040829,6
48,9f6b7003-2000-e811-9414-f0921c16b9e5,0.021917808219178082,0.03860000148416,7
48,9f6b7003-2000-e811-9414-f0921c16b9e5,0.024657534246575342,0.07590000331402,8
48,9f6b7003-2000-e811-9414-f0921c16b9e5,0.0273972602739726,0.1449999958277,9
48,9f6b7003-2000-e811-9414-f0921c16b9e5,0.030136986301369864,0.2542999982834,10
48,9f6b7003-2000-e811-9414-f0921c16b9e5,0.03287671232876712,0.3962000012398,11
48,9f6b7003-2000-e811-9414-f0921c16b9e5,0.03561643835616438,0.5292000174522,12
48,9f6b7003-2000-e811-9414-f0921c16b9e5,0.038356164383561646,0.6058999896049,13
48,9f6b7003-2000-e811-9414-f0921c16b9e5,0.0410958904109589,0.6086000204086,14
48,9f6b7003-2000-e811-9414-f0921c16b9e5,0.043835616438356165,0.5594000220299,15
48,9f6b7003-2000-e811-9414-f0921c16b9e5,0.04657534246575343,0.4948000013828,16
48,9f6b7003-2000-e811-9414-f0921c16b9e5,0.049315068493150684,0.4316999912262,17
48,9f6b7003-2000-e811-9414-f0921c16b9e5,0.052054794520547946,0.3702000081539,18
48,9f6b7003-2000-e811-9414-f0921c16b9e5,0.0547945205479452,0.3181999921799,19
48,9f6b7003-2000-e811-9414-f0921c16b9e5,0.057534246575342465,0.2721000015736,20
48,9f6b7003-2000-e811-9414-f0921c16b9e5,0.06027397260273973,0.2286999970675,21
48,9f6b7003-2000-e811-9414-f0921c16b9e5,0.06301369863013699,0.1934999972582,22
48,9f6b7003-2000-e811-9414-f0921c16b9e5,0.06575342465753424,0.1650999933481,23
48,9f6b7003-2000-e811-9414-f0921c16b9e5,0.0684931506849315,0.1397999972105,24
48,9f6b7003-2000-e811-9414-f0921c16b9e5,0.07123287671232877,0.1196999996901,25
48,9f6b7003-2000-e811-9414-f0921c16b9e5,0.07397260273972603,0.1005000025034,26
48,9f6b7003-2000-e811-9414-f0921c16b9e5,0.07671232876712329,0.08410000056028,27
48,9f6b7003-2000-e811-9414-f0921c16b9e5,0.07945205479452055,0.07230000197887,28
48,9f6b7003-2000-e811-9414-f0921c16b9e5,0.0821917808219178,0.06140000000596,29
48,9f6b7003-2000-e811-9414-f0921c16b9e5,0.08493150684931507,0.05299999937415,30
48,9f6b7003-2000-e811-9414-f0921c16b9e5,0.08767123287671233,0.04360000044107,31
48,9f6b7003-2000-e811-9414-f0921c16b9e5,0.09041095890410959,0.03620000183582,32
48,9f6b7003-2000-e811-9414-f0921c16b9e5,0.09315068493150686,0.03139999881387,33
48,9f6b7003-2000-e811-9414-f0921c16b9e5,0.0958904109589041,0.02700000070035,34
48,9f6b7003-2000-e811-9414-f0921c16b9e5,0.09863013698630137,0.02410000003874,35
48,9f6b7003-2000-e811-9414-f0921c16b9e5,0.10136986301369863,0.0207000002265,36
48,9f6b7003-2000-e811-9414-f0921c16b9e5,0.10410958904109589,0.01820000074804,37
48,9f6b7003-2000-e811-9414-f0921c16b9e5,0.10684931506849316,0.01600000075996,38
48,9f6b7003-2000-e811-9414-f0921c16b9e5,0.1095890410958904,0.01319999992847,39
48,9f6b7003-2000-e811-9414-f0921c16b9e5,0.11232876712328767,0.01070000045002,40
48,9f6b7003-2000-e811-9414-f0921c16b9e5,0.11506849315068493,0.008799999952316,41
48,9f6b7003-2000-e811-9414-f0921c16b9e5,0.1178082191780822,0.007100000046194,42
48,9f6b7003-2000-e811-9414-f0921c16b9e5,0.12054794520547946,0.006099999882281,43
48,9f6b7003-2000-e811-9414-f0921c16b9e5,0.1232876712328767,0.004900000058115,44
48,9f6b7003-2000-e811-9414-f0921c16b9e5,0.12602739726027398,0.004100000020117,45
48,9f6b7003-2000-e811-9414-f0921c16b9e5,0.12876712328767123,0.003199999919161,46
48,9f6b7003-2000-e811-9414-f0921c16b9e5,0.13150684931506848,0.002300000051036,47
48,9f6b7003-2000-e811-9414-f0921c16b9e5,0.13424657534246576,0.002000000094995,48
48,9f6b7003-2000-e811-9414-f0921c16b9e5,0.136986301369863,0.002000000094995,49
48,9f6b7003-2000-e811-9414-f0921c16b9e5,0.13972602739726028,0.00179999996908,50
48,9f6b7003-2000-e811-9414-f0921c16b9e5,0.14246575342465753,0.001700000022538,51
48,9f6b7003-2000-e811-9414-f0921c16b9e5,0.14520547945205478,0.001700000022538,52
48,9f6b7003-2000-e811-9414-f0921c16b9e5,0.14794520547945206,0.001500000013039,53
48,9f6b7003-2000-e811-9414-f0921c16b9e5,0.1506849315068493,0.001399999950081,54
48,9f6b7003-2000-e811-9414-f0921c16b9e5,0.15342465753424658,0.001000000047497,55
48,9f6b7003-2000-e811-9414-f0921c16b9e5,0.15616438356164383,0.0006999999750406,56
48,9f6b7003-2000-e811-9414-f0921c16b9e5,0.1589041095890411,0.0005000000237487,57
48,9f6b7003-2000-e811-9414-f0921c16b9e5,0.16164383561643836,0.0003000000142492,58
48,9f6b7003-2000-e811-9414-f0921c16b9e5,0.1643835616438356,0.0001999999949476,59
48,9f6b7003-2000-e811-9414-f0921c16b9e5,0.16712328767123288,0.0001999999949476,60
48,9f6b7003-2000-e811-9414-f0921c16b9e5,0.16986301369863013,9.999999747379e-05,61
48,9f6b7003-2000-e811-9414-f0921c16b9e5,0.1726027397260274,0.0,62
48,9f6b7003-2000-e811-9414-f0921c16b9e5,0.17534246575342466,0.0,63
48,9f6b7003-2000-e811-9414-f0921c16b9e5,0.1780821917808219,0.0,64
48,9f6b7003-2000-e811-9414-f0921c16b9e5,0.18082191780821918,0.0,65
48,9f6b7003-2000-e811-9414-f0921c16b9e5,0.18356164383561643,0.0,66
48,9f6b7003-2000-e811-9414-f0921c16b9e5,0.1863013698630137,0.0,67
48,9f6b7003-2000-e811-9414-f0921c16b9e5,0.18904109589041096,0.0,68
48,9f6b7003-2000-e811-9414-f0921c16b9e5,0.1917808219178082,0.0,69
48,9f6b7003-2000-e811-9414-f0921c16b9e5,0.19452054794520549,0.0,70
48,9f6b7003-2000-e811-9414-f0921c16b9e5,0.19726027397260273,0.0,71
48,9f6b7003-2000-e811-9414-f0921c16b9e5,0.2,0.0,72
48,9f6b7003-2000-e811-9414-f0921c16b9e5,0.20273972602739726,0.0,73
48,9f6b7003-2000-e811-9414-f0921c16b9e5,0.2054794520547945,0.0,74
48,9f6b7003-2000-e811-9414-f0921c16b9e5,0.20821917808219179,0.0,75
48,9f6b7003-2000-e811-9414-f0921c16b9e5,0.21095890410958903,0.0,76
48,9f6b7003-2000-e811-9414-f0921c16b9e5,0.2136986301369863,0.0,77
48,9f6b7003-2000-e811-9414-f0921c16b9e5,0.21643835616438356,0.0,78
48,9f6b7003-2000-e811-9414-f0921c16b9e5,0.2191780821917808,0.0,79
48,9f6b7003-2000-e811-9414-f0921c16b9e5,0.2219178082191781,0.0,80
48,9f6b7003-2000-e811-9414-f0921c16b9e5,0.22465753424657534,0.0,81
48,9f6b7003-2000-e811-9414-f0921c16b9e5,0.2273972602739726,0.0,82
48,9f6b7003-2000-e811-9414-f0921c16b9e5,0.23013698630136986,0.0,83
48,9f6b7003-2000-e811-9414-f0921c16b9e5,0.2328767123287671,0.0,84
48,9f6b7003-2000-e811-9414-f0921c16b9e5,0.2356164383561644,0.0,85
48,9f6b7003-2000-e811-9414-f0921c16b9e5,0.23835616438356164,0.0,86
48,9f6b7003-2000-e811-9414-f0921c16b9e5,0.2410958904109589,0.0,87
48,9f6b7003-2000-e811-9414-f0921c16b9e5,0.24383561643835616,0.0,88
48,9f6b7003-2000-e811-9414-f0921c16b9e5,0.2465753424657534,0.0,89
49,9e6b7003-2000-e811-9414-f0921c16b9e5,0.0027397260273972603,0.0,0
49,9e6b7003-2000-e811-9414-f0921c16b9e5,0.005479452054794521,0.0003999999898952,1
49,9e6b7003-2000-e811-9414-f0921c16b9e5,0.00821917808219178,0.0006999999750406,2
49,9e6b7003-2000-e811-9414-f0921c16b9e5,0.010958904109589041,0.00089999998454,3
49,9e6b7003-2000-e811-9414-f0921c16b9e5,0.0136986301369863,0.001200000056997,4
49,9e6b7003-2000-e811-9414-f0921c16b9e5,0.01643835616438356,0.002199999988079,5
49,9e6b7003-2000-e811-9414-f0921c16b9e5,0.019178082191780823,0.003400000045076,6
49,9e6b7003-2000-e811-9414-f0921c16b9e5,0.021917808219178082,0.006800000090152,7
49,9e6b7003-2000-e811-9414-f0921c16b9e5,0.024657534246575342,0.01109999977052,8
49,9e6b7003-2000-e811-9414-f0921c16b9e5,0.0273972602739726,0.017100000754,9
49,9e6b7003-2000-e811-9414-f0921c16b9e5,0.030136986301369864,0.02480000071228,10
49,9e6b7003-2000-e811-9414-f0921c16b9e5,0.03287671232876712,0.0362999998033,11
49,9e6b7003-2000-e811-9414-f0921c16b9e5,0.03561643835616438,0.0549000017345,12
49,9e6b7003-2000-e811-9414-f0921c16b9e5,0.038356164383561646,0.08200000226498,13
49,9e6b7003-2000-e811-9414-f0921c16b9e5,0.0410958904109589,0.1164000034332,14
49,9e6b7003-2000-e811-9414-f0921c16b9e5,0.043835616438356165,0.1644999980927,15
49,9e6b7003-2000-e811-9414-f0921c16b9e5,0.04657534246575343,0.2221000045538,16
49,9e6b7003-2000-e811-9414-f0921c16b9e5,0.049315068493150684,0.2892000079155,17
49,9e6b7003-2000-e811-9414-f0921c16b9e5,0.052054794520547946,0.3477999866009,18
49,9e6b7003-2000-e811-9414-f0921c16b9e5,0.0547945205479452,0.3966000080109,19
49,9e6b7003-2000-e811-9414-f0921c16b9e5,0.057534246575342465,0.4221999943256,20
49,9e6b7003-2000-e811-9414-f0921c16b9e5,0.06027397260273973,0.4275999963284,21
49,9e6b7003-2000-e811-9414-f0921c16b9e5,0.06301369863013699,0.4113000035286,22
49,9e6b7003-2000-e811-9414-f0921c16b9e5,0.06575342465753424,0.3819999992847,23
49,9e6b7003-2000-e811-9414-f0921c16b9e5,0.0684931506849315,0.3477999866009,24
49,9e6b7003-2000-e811-9414-f0921c16b9e5,0.07123287671232877,0.3127999901772,25
49,9e6b7003-2000-e811-9414-f0921c16b9e5,0.07397260273972603,0.2685000002384,26
49,9e6b7003-2000-e811-9414-f0921c16b9e5,0.07671232876712329,0.2363999933004,27
49,9e6b7003-2000-e811-9414-f0921c16b9e5,0.07945205479452055,0.2073999941349,28
49,9e6b7003-2000-e811-9414-f0921c16b9e5,0.0821917808219178,0.1754000037909,29
49,9e6b7003-2000-e811-9414-f0921c16b9e5,0.08493150684931507,0.1500999927521,30
49,9e6b7003-2000-e811-9414-f0921c16b9e5,0.08767123287671233,0.1298999935389,31
49,9e6b7003-2000-e811-9414-f0921c16b9e5,0.09041095890410959,0.111400000751,32
49,9e6b7003-2000-e811-9414-f0921c16b9e5,0.09315068493150686,0.09489999711514,33
49,9e6b7003-2000-e811-9414-f0921c16b9e5,0.0958904109589041,0.08079999685287,34
49,9e6b7003-2000-e811-9414-f0921c16b9e5,0.09863013698630137,0.07039999961853,35
49,9e6b7003-2000-e811-9414-f0921c16b9e5,0.10136986301369863,0.05860000103712,36
49,9e6b7003-2000-e811-9414-f0921c16b9e5,0.10410958904109589,0.04710000008345,37
49,9e6b7003-2000-e811-9414-f0921c16b9e5,0.10684931506849316,0.03920000046492,38
49,9e6b7003-2000-e811-9414-f0921c16b9e5,0.1095890410958904,0.03350000083447,39
49,9e6b7003-2000-e811-9414-f0921c16b9e5,0.11232876712328767,0.02800000086427,40
49,9e6b7003-2000-e811-9414-f0921c16b9e5,0.11506849315068493,0.02390000037849,41
49,9e6b7003-2000-e811-9414-f0921c16b9e5,0.1178082191780822,0.01970000006258,42
49,9e6b7003-2000-e811-9414-f0921c16b9e5,0.12054794520547946,0.01740000024438,43
49,9e6b7003-2000-e811-9414-f0921c16b9e5,0.1232876712328767,0.01539999991655,44
49,9e6b7003-2000-e811-9414-f0921c16b9e5,0.12602739726027398,0.01370000001043,45
49,9e6b7003-2000-e811-9414-f0921c16b9e5,0.12876712328767123,0.01190000027418,46
49,9e6b7003-2000-e811-9414-f0921c16b9e5,0.13150684931506848,0.009300000034273,47
49,9e6b7003-2000-e811-9414-f0921c16b9e5,0.13424657534246576,0.00829999987036,48
49,9e6b7003-2000-e811-9414-f0921c16b9e5,0.136986301369863,0.00650000013411,49
49,9e6b7003-2000-e811-9414-f0921c16b9e5,0.13972602739726028,0.005200000014156,50
49,9e6b7003-2000-e811-9414-f0921c16b9e5,0.14246575342465753,0.004100000020117,51
49,9e6b7003-2000-e811-9414-f0921c16b9e5,0.14520547945205478,0.003000000026077,52
49,9e6b7003-2000-e811-9414-f0921c16b9e5,0.14794520547945206,0.002400000113994,53
49,9e6b7003-2000-e811-9414-f0921c16b9e5,0.1506849315068493,0.00179999996908,54
49,9e6b7003-2000-e811-9414-f0921c16b9e5,0.15342465753424658,0.001599999959581,55
49,9e6b7003-2000-e811-9414-f0921c16b9e5,0.15616438356164383,0.001399999950081,56
49,9e6b7003-2000-e811-9414-f0921c16b9e5,0.1589041095890411,0.001300000003539,57
49,9e6b7003-2000-e811-9414-f0921c16b9e5,0.16164383561643836,0.0007999999797903,58
49,9e6b7003-2000-e811-9414-f0921c16b9e5,0.1643835616438356,0.0006000000284985,59
49,9e6b7003-2000-e811-9414-f0921c16b9e5,0.16712328767123288,0.0005000000237487,60
49,9e6b7003-2000-e811-9414-f0921c16b9e5,0.16986301369863013,0.0005000000237487,61
49,9e6b7003-2000-e811-9414-f0921c16b9e5,0.1726027397260274,0.0005000000237487,62
49,9e6b7003-2000-e811-9414-f0921c16b9e5,0.17534246575342466,0.0003999999898952,63
49,9e6b7003-2000-e811-9414-f0921c16b9e5,0.1780821917808219,0.0003999999898952,64
49,9e6b7003-2000-e811-9414-f0921c16b9e5,0.18082191780821918,0.0001999999949476,65
49,9e6b7003-2000-e811-9414-f0921c16b9e5,0.18356164383561643,0.0001999999949476,66
49,9e6b7003-2000-e811-9414-f0921c16b9e5,0.1863013698630137,0.0001999999949476,67
49,9e6b7003-2000-e811-9414-f0921c16b9e5,0.18904109589041096,0.0001999999949476,68
49,9e6b7003-2000-e811-9414-f0921c16b9e5,0.1917808219178082,0.0001999999949476,69
49,9e6b7003-2000-e811-9414-f0921c16b9e5,0.19452054794520549,0.0,70
49,9e6b7003-2000-e811-9414-f0921c16b9e5,0.19726027397260273,0.0,71
49,9e6b7003-2000-e811-9414-f0921c16b9e5,0.2,0.0,72
49,9e6b7003-2000-e811-9414-f0921c16b9e5,0.20273972602739726,0.0,73
49,9e6b7003-2000-e811-9414-f0921c16b9e5,0.2054794520547945,0.0,74
49,9e6b7003-2000-e811-9414-f0921c16b9e5,0.20821917808219179,0.0,75
49,9e6b7003-2000-e811-9414-f0921c16b9e5,0.21095890410958903,0.0,76
49,9e6b7003-2000-e811-9414-f0921c16b9e5,0.2136986301369863,0.0,77
49,9e6b7003-2000-e811-9414-f0921c16b9e5,0.21643835616438356,0.0,78
49,9e6b7003-2000-e811-9414-f0921c16b9e5,0.2191780821917808,0.0,79
49,9e6b7003-2000-e811-9414-f0921c16b9e5,0.2219178082191781,0.0,80
49,9e6b7003-2000-e811-9414-f0921c16b9e5,0.22465753424657534,0.0,81
49,9e6b7003-2000-e811-9414-f0921c16b9e5,0.2273972602739726,0.0,82
49,9e6b7003-2000-e811-9414-f0921c16b9e5,0.23013698630136986,0.0,83
49,9e6b7003-2000-e811-9414-f0921c16b9e5,0.2328767123287671,0.0,84
49,9e6b7003-2000-e811-9414-f0921c16b9e5,0.2356164383561644,0.0,85
49,9e6b7003-2000-e811-9414-f0921c16b9e5,0.23835616438356164,0.0,86
49,9e6b7003-2000-e811-9414-f0921c16b9e5,0.2410958904109589,0.0,87
49,9e6b7003-2000-e811-9414-f0921c16b9e5,0.24383561643835616,0.0,88
49,9e6b7003-2000-e811-9414-f0921c16b9e5,0.2465753424657534,0.0,89
