Sample,Sim_Id,Year,Prevalence,Timestep
0,2dc9ed6d-2200-e811-9414-f0921c16b9e5,0.0027397260273972603,0.0,0
0,2dc9ed6d-2200-e811-9414-f0921c16b9e5,0.005479452054794521,0.0007999999797903,1
0,2dc9ed6d-2200-e811-9414-f0921c16b9e5,0.00821917808219178,0.00109999999404,2
0,2dc9ed6d-2200-e811-9414-f0921c16b9e5,0.010958904109589041,0.00179999996908,3
0,2dc9ed6d-2200-e811-9414-f0921c16b9e5,0.0136986301369863,0.003000000026077,4
0,2dc9ed6d-2200-e811-9414-f0921c16b9e5,0.01643835616438356,0.004100000020117,5
0,2dc9ed6d-2200-e811-9414-f0921c16b9e5,0.019178082191780823,0.006899999920279,6
0,2dc9ed6d-2200-e811-9414-f0921c16b9e5,0.021917808219178082,0.01180000044405,7
0,2dc9ed6d-2200-e811-9414-f0921c16b9e5,0.024657534246575342,0.01700000092387,8
0,2dc9ed6d-2200-e811-9414-f0921c16b9e5,0.0273972602739726,0.02569999918342,9
0,2dc9ed6d-2200-e811-9414-f0921c16b9e5,0.030136986301369864,0.03889999911189,10
0,2dc9ed6d-2200-e811-9414-f0921c16b9e5,0.03287671232876712,0.05730000138283,11
0,2dc9ed6d-2200-e811-9414-f0921c16b9e5,0.03561643835616438,0.08749999850988,12
0,2dc9ed6d-2200-e811-9414-f0921c16b9e5,0.038356164383561646,0.1296000033617,13
0,2dc9ed6d-2200-e811-9414-f0921c16b9e5,0.0410958904109589,0.1849000006914,14
0,2dc9ed6d-2200-e811-9414-f0921c16b9e5,0.043835616438356165,0.2437999993563,15
0,2dc9ed6d-2200-e811-9414-f0921c16b9e5,0.04657534246575343,0.2982000112534,16
0,2dc9ed6d-2200-e811-9414-f0921c16b9e5,0.049315068493150684,0.351900011301,17
0,2dc9ed6d-2200-e811-9414-f0921c16b9e5,0.052054794520547946,0.3799999952316,18
0,2dc9ed6d-2200-e811-9414-f0921c16b9e5,0.0547945205479452,0.3831000030041,19
0,2dc9ed6d-2200-e811-9414-f0921c16b9e5,0.057534246575342465,0.3617999851704,20
0,2dc9ed6d-2200-e811-9414-f0921c16b9e5,0.06027397260273973,0.331200003624,21
0,2dc9ed6d-2200-e811-9414-f0921c16b9e5,0.06301369863013699,0.2919000089169,22
0,2dc9ed6d-2200-e811-9414-f0921c16b9e5,0.06575342465753424,0.2545000016689,23
0,2dc9ed6d-2200-e811-9414-f0921c16b9e5,0.0684931506849315,0.2151000052691,24
0,2dc9ed6d-2200-e811-9414-f0921c16b9e5,0.07123287671232877,0.1864999979734,25
0,2dc9ed6d-2200-e811-9414-f0921c16b9e5,0.07397260273972603,0.1539999991655,26
0,2dc9ed6d-2200-e811-9414-f0921c16b9e5,0.07671232876712329,0.1264999955893,27
0,2dc9ed6d-2200-e811-9414-f0921c16b9e5,0.07945205479452055,0.1027999967337,28
0,2dc9ed6d-2200-e811-9414-f0921c16b9e5,0.0821917808219178,0.083599999547,29
0,2dc9ed6d-2200-e811-9414-f0921c16b9e5,0.08493150684931507,0.06920000165701,30
0,2dc9ed6d-2200-e811-9414-f0921c16b9e5,0.08767123287671233,0.05739999935031,31
0,2dc9ed6d-2200-e811-9414-f0921c16b9e5,0.09041095890410959,0.04589999839664,32
0,2dc9ed6d-2200-e811-9414-f0921c16b9e5,0.09315068493150686,0.03720000013709,33
0,2dc9ed6d-2200-e811-9414-f0921c16b9e5,0.0958904109589041,0.03060000017285,34
0,2dc9ed6d-2200-e811-9414-f0921c16b9e5,0.09863013698630137,0.02380000054836,35
0,2dc9ed6d-2200-e811-9414-f0921c16b9e5,0.10136986301369863,0.01970000006258,36
0,2dc9ed6d-2200-e811-9414-f0921c16b9e5,0.10410958904109589,0.01620000042021,37
0,2dc9ed6d-2200-e811-9414-f0921c16b9e5,0.10684931506849316,0.01319999992847,38
0,2dc9ed6d-2200-e811-9414-f0921c16b9e5,0.1095890410958904,0.01119999960065,39
0,2dc9ed6d-2200-e811-9414-f0921c16b9e5,0.11232876712328767,0.009300000034273,40
0,2dc9ed6d-2200-e811-9414-f0921c16b9e5,0.11506849315068493,0.008500000461936,41
0,2dc9ed6d-2200-e811-9414-f0921c16b9e5,0.1178082191780822,0.006399999838322,42
0,2dc9ed6d-2200-e811-9414-f0921c16b9e5,0.12054794520547946,0.005200000014156,43
0,2dc9ed6d-2200-e811-9414-f0921c16b9e5,0.1232876712328767,0.004399999976158,44
0,2dc9ed6d-2200-e811-9414-f0921c16b9e5,0.12602739726027398,0.003400000045076,45
0,2dc9ed6d-2200-e811-9414-f0921c16b9e5,0.12876712328767123,0.002400000113994,46
0,2dc9ed6d-2200-e811-9414-f0921c16b9e5,0.13150684931506848,0.002000000094995,47
0,2dc9ed6d-2200-e811-9414-f0921c16b9e5,0.13424657534246576,0.001500000013039,48
0,2dc9ed6d-2200-e811-9414-f0921c16b9e5,0.136986301369863,0.001200000056997,49
0,2dc9ed6d-2200-e811-9414-f0921c16b9e5,0.13972602739726028,0.001200000056997,50
0,2dc9ed6d-2200-e811-9414-f0921c16b9e5,0.14246575342465753,0.001000000047497,51
0,2dc9ed6d-2200-e811-9414-f0921c16b9e5,0.14520547945205478,0.0007999999797903,52
0,2dc9ed6d-2200-e811-9414-f0921c16b9e5,0.14794520547945206,0.0006000000284985,53
0,2dc9ed6d-2200-e811-9414-f0921c16b9e5,0.1506849315068493,0.0003000000142492,54
0,2dc9ed6d-2200-e811-9414-f0921c16b9e5,0.15342465753424658,0.0003000000142492,55
0,2dc9ed6d-2200-e811-9414-f0921c16b9e5,0.15616438356164383,0.0003000000142492,56
0,2dc9ed6d-2200-e811-9414-f0921c16b9e5,0.1589041095890411,0.0003000000142492,57
0,2dc9ed6d-2200-e811-9414-f0921c16b9e5,0.16164383561643836,0.0003000000142492,58
0,2dc9ed6d-2200-e811-9414-f0921c16b9e5,0.1643835616438356,0.0001999999949476,59
0,2dc9ed6d-2200-e811-9414-f0921c16b9e5,0.16712328767123288,9.999999747379e-05,60
0,2dc9ed6d-2200-e811-9414-f0921c16b9e5,0.16986301369863013,9.999999747379e-05,61
0,2dc9ed6d-2200-e811-9414-f0921c16b9e5,0.1726027397260274,0.0,62
0,2dc9ed6d-2200-e811-9414-f0921c16b9e5,0.17534246575342466,0.0,63
0,2dc9ed6d-2200-e811-9414-f0921c16b9e5,0.1780821917808219,0.0,64
0,2dc9ed6d-2200-e811-9414-f0921c16b9e5,0.18082191780821918,0.0,65
0,2dc9ed6d-2200-e811-9414-f0921c16b9e5,0.18356164383561643,0.0,66
0,2dc9ed6d-2200-e811-9414-f0921c16b9e5,0.1863013698630137,0.0,67
0,2dc9ed6d-2200-e811-9414-f0921c16b9e5,0.18904109589041096,0.0,68
0,2dc9ed6d-2200-e811-9414-f0921c16b9e5,0.1917808219178082,0.0,69
0,2dc9ed6d-2200-e811-9414-f0921c16b9e5,0.19452054794520549,0.0,70
0,2dc9ed6d-2200-e811-9414-f0921c16b9e5,0.19726027397260273,0.0,71
0,2dc9ed6d-2200-e811-9414-f0921c16b9e5,0.2,0.0,72
0,2dc9ed6d-2200-e811-9414-f0921c16b9e5,0.20273972602739726,0.0,73
0,2dc9ed6d-2200-e811-9414-f0921c16b9e5,0.2054794520547945,0.0,74
0,2dc9ed6d-2200-e811-9414-f0921c16b9e5,0.20821917808219179,0.0,75
0,2dc9ed6d-2200-e811-9414-f0921c16b9e5,0.21095890410958903,0.0,76
0,2dc9ed6d-2200-e811-9414-f0921c16b9e5,0.2136986301369863,0.0,77
0,2dc9ed6d-2200-e811-9414-f0921c16b9e5,0.21643835616438356,0.0,78
0,2dc9ed6d-2200-e811-9414-f0921c16b9e5,0.2191780821917808,0.0,79
0,2dc9ed6d-2200-e811-9414-f0921c16b9e5,0.2219178082191781,0.0,80
0,2dc9ed6d-2200-e811-9414-f0921c16b9e5,0.22465753424657534,0.0,81
0,2dc9ed6d-2200-e811-9414-f0921c16b9e5,0.2273972602739726,0.0,82
0,2dc9ed6d-2200-e811-9414-f0921c16b9e5,0.23013698630136986,0.0,83
0,2dc9ed6d-2200-e811-9414-f0921c16b9e5,0.2328767123287671,0.0,84
0,2dc9ed6d-2200-e811-9414-f0921c16b9e5,0.2356164383561644,0.0,85
0,2dc9ed6d-2200-e811-9414-f0921c16b9e5,0.23835616438356164,0.0,86
0,2dc9ed6d-2200-e811-9414-f0921c16b9e5,0.2410958904109589,0.0,87
0,2dc9ed6d-2200-e811-9414-f0921c16b9e5,0.24383561643835616,0.0,88
0,2dc9ed6d-2200-e811-9414-f0921c16b9e5,0.2465753424657534,0.0,89
1,2cc9ed6d-2200-e811-9414-f0921c16b9e5,0.0027397260273972603,0.0,0
1,2cc9ed6d-2200-e811-9414-f0921c16b9e5,0.005479452054794521,0.0005000000237487,1
1,2cc9ed6d-2200-e811-9414-f0921c16b9e5,0.00821917808219178,0.0006000000284985,2
1,2cc9ed6d-2200-e811-9414-f0921c16b9e5,0.010958904109589041,0.001300000003539,3
1,2cc9ed6d-2200-e811-9414-f0921c16b9e5,0.0136986301369863,0.002000000094995,4
1,2cc9ed6d-2200-e811-9414-f0921c16b9e5,0.01643835616438356,0.004100000020117,5
1,2cc9ed6d-2200-e811-9414-f0921c16b9e5,0.019178082191780823,0.00719999987632,6
1,2cc9ed6d-2200-e811-9414-f0921c16b9e5,0.021917808219178082,0.01109999977052,7
1,2cc9ed6d-2200-e811-9414-f0921c16b9e5,0.024657534246575342,0.01759999990463,8
1,2cc9ed6d-2200-e811-9414-f0921c16b9e5,0.0273972602739726,0.02889999933541,9
1,2cc9ed6d-2200-e811-9414-f0921c16b9e5,0.030136986301369864,0.04670000076294,10
1,2cc9ed6d-2200-e811-9414-f0921c16b9e5,0.03287671232876712,0.07020000368357,11
1,2cc9ed6d-2200-e811-9414-f0921c16b9e5,0.03561643835616438,0.1028999984264,12
1,2cc9ed6d-2200-e811-9414-f0921c16b9e5,0.038356164383561646,0.1501999944448,13
1,2cc9ed6d-2200-e811-9414-f0921c16b9e5,0.0410958904109589,0.2072000056505,14
1,2cc9ed6d-2200-e811-9414-f0921c16b9e5,0.043835616438356165,0.2788000106812,15
1,2cc9ed6d-2200-e811-9414-f0921c16b9e5,0.04657534246575343,0.3504999876022,16
1,2cc9ed6d-2200-e811-9414-f0921c16b9e5,0.049315068493150684,0.4117000102997,17
1,2cc9ed6d-2200-e811-9414-f0921c16b9e5,0.052054794520547946,0.4490000009537,18
1,2cc9ed6d-2200-e811-9414-f0921c16b9e5,0.0547945205479452,0.4562999904156,19
1,2cc9ed6d-2200-e811-9414-f0921c16b9e5,0.057534246575342465,0.4384999871254,20
1,2cc9ed6d-2200-e811-9414-f0921c16b9e5,0.06027397260273973,0.4135999977589,21
1,2cc9ed6d-2200-e811-9414-f0921c16b9e5,0.06301369863013699,0.373299986124,22
1,2cc9ed6d-2200-e811-9414-f0921c16b9e5,0.06575342465753424,0.3262000083923,23
1,2cc9ed6d-2200-e811-9414-f0921c16b9e5,0.0684931506849315,0.2885999977589,24
1,2cc9ed6d-2200-e811-9414-f0921c16b9e5,0.07123287671232877,0.2481999993324,25
1,2cc9ed6d-2200-e811-9414-f0921c16b9e5,0.07397260273972603,0.2152000069618,26
1,2cc9ed6d-2200-e811-9414-f0921c16b9e5,0.07671232876712329,0.1861000061035,27
1,2cc9ed6d-2200-e811-9414-f0921c16b9e5,0.07945205479452055,0.1618999987841,28
1,2cc9ed6d-2200-e811-9414-f0921c16b9e5,0.0821917808219178,0.1380999982357,29
1,2cc9ed6d-2200-e811-9414-f0921c16b9e5,0.08493150684931507,0.117499999702,30
1,2cc9ed6d-2200-e811-9414-f0921c16b9e5,0.08767123287671233,0.1004000008106,31
1,2cc9ed6d-2200-e811-9414-f0921c16b9e5,0.09041095890410959,0.08500000089407,32
1,2cc9ed6d-2200-e811-9414-f0921c16b9e5,0.09315068493150686,0.07140000164509,33
1,2cc9ed6d-2200-e811-9414-f0921c16b9e5,0.0958904109589041,0.06089999899268,34
1,2cc9ed6d-2200-e811-9414-f0921c16b9e5,0.09863013698630137,0.05229999870062,35
1,2cc9ed6d-2200-e811-9414-f0921c16b9e5,0.10136986301369863,0.04380000010133,36
1,2cc9ed6d-2200-e811-9414-f0921c16b9e5,0.10410958904109589,0.0375999994576,37
1,2cc9ed6d-2200-e811-9414-f0921c16b9e5,0.10684931506849316,0.03249999880791,38
1,2cc9ed6d-2200-e811-9414-f0921c16b9e5,0.1095890410958904,0.02590000070632,39
1,2cc9ed6d-2200-e811-9414-f0921c16b9e5,0.11232876712328767,0.02199999988079,40
1,2cc9ed6d-2200-e811-9414-f0921c16b9e5,0.11506849315068493,0.01930000074208,41
1,2cc9ed6d-2200-e811-9414-f0921c16b9e5,0.1178082191780822,0.01640000008047,42
1,2cc9ed6d-2200-e811-9414-f0921c16b9e5,0.12054794520547946,0.01350000035018,43
1,2cc9ed6d-2200-e811-9414-f0921c16b9e5,0.1232876712328767,0.01190000027418,44
1,2cc9ed6d-2200-e811-9414-f0921c16b9e5,0.12602739726027398,0.009600000455976,45
1,2cc9ed6d-2200-e811-9414-f0921c16b9e5,0.12876712328767123,0.008399999700487,46
1,2cc9ed6d-2200-e811-9414-f0921c16b9e5,0.13150684931506848,0.006300000008196,47
1,2cc9ed6d-2200-e811-9414-f0921c16b9e5,0.13424657534246576,0.004900000058115,48
1,2cc9ed6d-2200-e811-9414-f0921c16b9e5,0.136986301369863,0.004199999850243,49
1,2cc9ed6d-2200-e811-9414-f0921c16b9e5,0.13972602739726028,0.003000000026077,50
1,2cc9ed6d-2200-e811-9414-f0921c16b9e5,0.14246575342465753,0.002499999944121,51
1,2cc9ed6d-2200-e811-9414-f0921c16b9e5,0.14520547945205478,0.002099999925122,52
1,2cc9ed6d-2200-e811-9414-f0921c16b9e5,0.14794520547945206,0.00179999996908,53
1,2cc9ed6d-2200-e811-9414-f0921c16b9e5,0.1506849315068493,0.001399999950081,54
1,2cc9ed6d-2200-e811-9414-f0921c16b9e5,0.15342465753424658,0.00109999999404,55
1,2cc9ed6d-2200-e811-9414-f0921c16b9e5,0.15616438356164383,0.001000000047497,56
1,2cc9ed6d-2200-e811-9414-f0921c16b9e5,0.1589041095890411,0.00089999998454,57
1,2cc9ed6d-2200-e811-9414-f0921c16b9e5,0.16164383561643836,0.0005000000237487,58
1,2cc9ed6d-2200-e811-9414-f0921c16b9e5,0.1643835616438356,0.0003999999898952,59
1,2cc9ed6d-2200-e811-9414-f0921c16b9e5,0.16712328767123288,0.0003999999898952,60
1,2cc9ed6d-2200-e811-9414-f0921c16b9e5,0.16986301369863013,0.0003000000142492,61
1,2cc9ed6d-2200-e811-9414-f0921c16b9e5,0.1726027397260274,0.0003000000142492,62
1,2cc9ed6d-2200-e811-9414-f0921c16b9e5,0.17534246575342466,0.0003000000142492,63
1,2cc9ed6d-2200-e811-9414-f0921c16b9e5,0.1780821917808219,0.0003000000142492,64
1,2cc9ed6d-2200-e811-9414-f0921c16b9e5,0.18082191780821918,0.0001999999949476,65
1,2cc9ed6d-2200-e811-9414-f0921c16b9e5,0.18356164383561643,0.0001999999949476,66
1,2cc9ed6d-2200-e811-9414-f0921c16b9e5,0.1863013698630137,0.0001999999949476,67
1,2cc9ed6d-2200-e811-9414-f0921c16b9e5,0.18904109589041096,0.0001999999949476,68
1,2cc9ed6d-2200-e811-9414-f0921c16b9e5,0.1917808219178082,0.0001999999949476,69
1,2cc9ed6d-2200-e811-9414-f0921c16b9e5,0.19452054794520549,0.0001999999949476,70
1,2cc9ed6d-2200-e811-9414-f0921c16b9e5,0.19726027397260273,9.999999747379e-05,71
1,2cc9ed6d-2200-e811-9414-f0921c16b9e5,0.2,9.999999747379e-05,72
1,2cc9ed6d-2200-e811-9414-f0921c16b9e5,0.20273972602739726,9.999999747379e-05,73
1,2cc9ed6d-2200-e811-9414-f0921c16b9e5,0.2054794520547945,9.999999747379e-05,74
1,2cc9ed6d-2200-e811-9414-f0921c16b9e5,0.20821917808219179,9.999999747379e-05,75
1,2cc9ed6d-2200-e811-9414-f0921c16b9e5,0.21095890410958903,9.999999747379e-05,76
1,2cc9ed6d-2200-e811-9414-f0921c16b9e5,0.2136986301369863,9.999999747379e-05,77
1,2cc9ed6d-2200-e811-9414-f0921c16b9e5,0.21643835616438356,0.0,78
1,2cc9ed6d-2200-e811-9414-f0921c16b9e5,0.2191780821917808,0.0,79
1,2cc9ed6d-2200-e811-9414-f0921c16b9e5,0.2219178082191781,0.0,80
1,2cc9ed6d-2200-e811-9414-f0921c16b9e5,0.22465753424657534,0.0,81
1,2cc9ed6d-2200-e811-9414-f0921c16b9e5,0.2273972602739726,0.0,82
1,2cc9ed6d-2200-e811-9414-f0921c16b9e5,0.23013698630136986,0.0,83
1,2cc9ed6d-2200-e811-9414-f0921c16b9e5,0.2328767123287671,0.0,84
1,2cc9ed6d-2200-e811-9414-f0921c16b9e5,0.2356164383561644,0.0,85
1,2cc9ed6d-2200-e811-9414-f0921c16b9e5,0.23835616438356164,0.0,86
1,2cc9ed6d-2200-e811-9414-f0921c16b9e5,0.2410958904109589,0.0,87
1,2cc9ed6d-2200-e811-9414-f0921c16b9e5,0.24383561643835616,0.0,88
1,2cc9ed6d-2200-e811-9414-f0921c16b9e5,0.2465753424657534,0.0,89
2,2bc9ed6d-2200-e811-9414-f0921c16b9e5,0.0027397260273972603,0.0,0
2,2bc9ed6d-2200-e811-9414-f0921c16b9e5,0.005479452054794521,0.0006000000284985,1
2,2bc9ed6d-2200-e811-9414-f0921c16b9e5,0.00821917808219178,0.001000000047497,2
2,2bc9ed6d-2200-e811-9414-f0921c16b9e5,0.010958904109589041,0.001300000003539,3
2,2bc9ed6d-2200-e811-9414-f0921c16b9e5,0.0136986301369863,0.002099999925122,4
2,2bc9ed6d-2200-e811-9414-f0921c16b9e5,0.01643835616438356,0.00359999993816,5
2,2bc9ed6d-2200-e811-9414-f0921c16b9e5,0.019178082191780823,0.005799999926239,6
2,2bc9ed6d-2200-e811-9414-f0921c16b9e5,0.021917808219178082,0.00800000037998,7
2,2bc9ed6d-2200-e811-9414-f0921c16b9e5,0.024657534246575342,0.01190000027418,8
2,2bc9ed6d-2200-e811-9414-f0921c16b9e5,0.0273972602739726,0.01820000074804,9
2,2bc9ed6d-2200-e811-9414-f0921c16b9e5,0.030136986301369864,0.02649999968708,10
2,2bc9ed6d-2200-e811-9414-f0921c16b9e5,0.03287671232876712,0.03889999911189,11
2,2bc9ed6d-2200-e811-9414-f0921c16b9e5,0.03561643835616438,0.05629999935627,12
2,2bc9ed6d-2200-e811-9414-f0921c16b9e5,0.038356164383561646,0.08470000326633,13
2,2bc9ed6d-2200-e811-9414-f0921c16b9e5,0.0410958904109589,0.118900001049,14
2,2bc9ed6d-2200-e811-9414-f0921c16b9e5,0.043835616438356165,0.1709000021219,15
2,2bc9ed6d-2200-e811-9414-f0921c16b9e5,0.04657534246575343,0.2321999967098,16
2,2bc9ed6d-2200-e811-9414-f0921c16b9e5,0.049315068493150684,0.3005999922752,17
2,2bc9ed6d-2200-e811-9414-f0921c16b9e5,0.052054794520547946,0.367300003767,18
2,2bc9ed6d-2200-e811-9414-f0921c16b9e5,0.0547945205479452,0.4244000017643,19
2,2bc9ed6d-2200-e811-9414-f0921c16b9e5,0.057534246575342465,0.4524999856949,20
2,2bc9ed6d-2200-e811-9414-f0921c16b9e5,0.06027397260273973,0.4718999862671,21
2,2bc9ed6d-2200-e811-9414-f0921c16b9e5,0.06301369863013699,0.4733000099659,22
2,2bc9ed6d-2200-e811-9414-f0921c16b9e5,0.06575342465753424,0.4580999910831,23
2,2bc9ed6d-2200-e811-9414-f0921c16b9e5,0.0684931506849315,0.4307999908924,24
2,2bc9ed6d-2200-e811-9414-f0921c16b9e5,0.07123287671232877,0.4023999869823,25
2,2bc9ed6d-2200-e811-9414-f0921c16b9e5,0.07397260273972603,0.3630999922752,26
2,2bc9ed6d-2200-e811-9414-f0921c16b9e5,0.07671232876712329,0.3264000117779,27
2,2bc9ed6d-2200-e811-9414-f0921c16b9e5,0.07945205479452055,0.2975000143051,28
2,2bc9ed6d-2200-e811-9414-f0921c16b9e5,0.0821917808219178,0.2703999876976,29
2,2bc9ed6d-2200-e811-9414-f0921c16b9e5,0.08493150684931507,0.2391999959946,30
2,2bc9ed6d-2200-e811-9414-f0921c16b9e5,0.08767123287671233,0.2100999951363,31
2,2bc9ed6d-2200-e811-9414-f0921c16b9e5,0.09041095890410959,0.1868000030518,32
2,2bc9ed6d-2200-e811-9414-f0921c16b9e5,0.09315068493150686,0.1645999997854,33
2,2bc9ed6d-2200-e811-9414-f0921c16b9e5,0.0958904109589041,0.1444000005722,34
2,2bc9ed6d-2200-e811-9414-f0921c16b9e5,0.09863013698630137,0.1278000026941,35
2,2bc9ed6d-2200-e811-9414-f0921c16b9e5,0.10136986301369863,0.1128999963403,36
2,2bc9ed6d-2200-e811-9414-f0921c16b9e5,0.10410958904109589,0.0992000028491,37
2,2bc9ed6d-2200-e811-9414-f0921c16b9e5,0.10684931506849316,0.08569999784231,38
2,2bc9ed6d-2200-e811-9414-f0921c16b9e5,0.1095890410958904,0.07310000061989,39
2,2bc9ed6d-2200-e811-9414-f0921c16b9e5,0.11232876712328767,0.06490000337362,40
2,2bc9ed6d-2200-e811-9414-f0921c16b9e5,0.11506849315068493,0.05640000104904,41
2,2bc9ed6d-2200-e811-9414-f0921c16b9e5,0.1178082191780822,0.05029999837279,42
2,2bc9ed6d-2200-e811-9414-f0921c16b9e5,0.12054794520547946,0.04529999941587,43
2,2bc9ed6d-2200-e811-9414-f0921c16b9e5,0.1232876712328767,0.04120000079274,44
2,2bc9ed6d-2200-e811-9414-f0921c16b9e5,0.12602739726027398,0.0359000004828,45
2,2bc9ed6d-2200-e811-9414-f0921c16b9e5,0.12876712328767123,0.03240000084043,46
2,2bc9ed6d-2200-e811-9414-f0921c16b9e5,0.13150684931506848,0.02740000002086,47
2,2bc9ed6d-2200-e811-9414-f0921c16b9e5,0.13424657534246576,0.02470000088215,48
2,2bc9ed6d-2200-e811-9414-f0921c16b9e5,0.136986301369863,0.021099999547,49
2,2bc9ed6d-2200-e811-9414-f0921c16b9e5,0.13972602739726028,0.01810000091791,50
2,2bc9ed6d-2200-e811-9414-f0921c16b9e5,0.14246575342465753,0.01600000075996,51
2,2bc9ed6d-2200-e811-9414-f0921c16b9e5,0.14520547945205478,0.01379999984056,52
2,2bc9ed6d-2200-e811-9414-f0921c16b9e5,0.14794520547945206,0.01219999976456,53
2,2bc9ed6d-2200-e811-9414-f0921c16b9e5,0.1506849315068493,0.01109999977052,54
2,2bc9ed6d-2200-e811-9414-f0921c16b9e5,0.15342465753424658,0.009800000116229,55
2,2bc9ed6d-2200-e811-9414-f0921c16b9e5,0.15616438356164383,0.00899999961257,56
2,2bc9ed6d-2200-e811-9414-f0921c16b9e5,0.1589041095890411,0.007799999788404,57
2,2bc9ed6d-2200-e811-9414-f0921c16b9e5,0.16164383561643836,0.006800000090152,58
2,2bc9ed6d-2200-e811-9414-f0921c16b9e5,0.1643835616438356,0.00650000013411,59
2,2bc9ed6d-2200-e811-9414-f0921c16b9e5,0.16712328767123288,0.006000000052154,60
2,2bc9ed6d-2200-e811-9414-f0921c16b9e5,0.16986301369863013,0.005599999800324,61
2,2bc9ed6d-2200-e811-9414-f0921c16b9e5,0.1726027397260274,0.004900000058115,62
2,2bc9ed6d-2200-e811-9414-f0921c16b9e5,0.17534246575342466,0.004600000102073,63
2,2bc9ed6d-2200-e811-9414-f0921c16b9e5,0.1780821917808219,0.004399999976158,64
2,2bc9ed6d-2200-e811-9414-f0921c16b9e5,0.18082191780821918,0.003700000001118,65
2,2bc9ed6d-2200-e811-9414-f0921c16b9e5,0.18356164383561643,0.002799999900162,66
2,2bc9ed6d-2200-e811-9414-f0921c16b9e5,0.1863013698630137,0.002400000113994,67
2,2bc9ed6d-2200-e811-9414-f0921c16b9e5,0.18904109589041096,0.002199999988079,68
2,2bc9ed6d-2200-e811-9414-f0921c16b9e5,0.1917808219178082,0.002099999925122,69
2,2bc9ed6d-2200-e811-9414-f0921c16b9e5,0.19452054794520549,0.001900000032037,70
2,2bc9ed6d-2200-e811-9414-f0921c16b9e5,0.19726027397260273,0.001700000022538,71
2,2bc9ed6d-2200-e811-9414-f0921c16b9e5,0.2,0.001200000056997,72
2,2bc9ed6d-2200-e811-9414-f0921c16b9e5,0.20273972602739726,0.001000000047497,73
2,2bc9ed6d-2200-e811-9414-f0921c16b9e5,0.2054794520547945,0.0007999999797903,74
2,2bc9ed6d-2200-e811-9414-f0921c16b9e5,0.20821917808219179,0.0007999999797903,75
2,2bc9ed6d-2200-e811-9414-f0921c16b9e5,0.21095890410958903,0.0006999999750406,76
2,2bc9ed6d-2200-e811-9414-f0921c16b9e5,0.2136986301369863,0.0006000000284985,77
2,2bc9ed6d-2200-e811-9414-f0921c16b9e5,0.21643835616438356,0.0006000000284985,78
2,2bc9ed6d-2200-e811-9414-f0921c16b9e5,0.2191780821917808,0.0005000000237487,79
2,2bc9ed6d-2200-e811-9414-f0921c16b9e5,0.2219178082191781,0.0006000000284985,80
2,2bc9ed6d-2200-e811-9414-f0921c16b9e5,0.22465753424657534,0.0006000000284985,81
2,2bc9ed6d-2200-e811-9414-f0921c16b9e5,0.2273972602739726,0.0006000000284985,82
2,2bc9ed6d-2200-e811-9414-f0921c16b9e5,0.23013698630136986,0.0003999999898952,83
2,2bc9ed6d-2200-e811-9414-f0921c16b9e5,0.2328767123287671,0.0003999999898952,84
2,2bc9ed6d-2200-e811-9414-f0921c16b9e5,0.2356164383561644,0.0003999999898952,85
2,2bc9ed6d-2200-e811-9414-f0921c16b9e5,0.23835616438356164,0.0003000000142492,86
2,2bc9ed6d-2200-e811-9414-f0921c16b9e5,0.2410958904109589,0.0001999999949476,87
2,2bc9ed6d-2200-e811-9414-f0921c16b9e5,0.24383561643835616,9.999999747379e-05,88
2,2bc9ed6d-2200-e811-9414-f0921c16b9e5,0.2465753424657534,9.999999747379e-05,89
3,2ac9ed6d-2200-e811-9414-f0921c16b9e5,0.0027397260273972603,0.0,0
3,2ac9ed6d-2200-e811-9414-f0921c16b9e5,0.005479452054794521,0.0005000000237487,1
3,2ac9ed6d-2200-e811-9414-f0921c16b9e5,0.00821917808219178,0.0007999999797903,2
3,2ac9ed6d-2200-e811-9414-f0921c16b9e5,0.010958904109589041,0.001599999959581,3
3,2ac9ed6d-2200-e811-9414-f0921c16b9e5,0.0136986301369863,0.003199999919161,4
3,2ac9ed6d-2200-e811-9414-f0921c16b9e5,0.01643835616438356,0.004800000227988,5
3,2ac9ed6d-2200-e811-9414-f0921c16b9e5,0.019178082191780823,0.009600000455976,6
3,2ac9ed6d-2200-e811-9414-f0921c16b9e5,0.021917808219178082,0.0194000005722,7
3,2ac9ed6d-2200-e811-9414-f0921c16b9e5,0.024657534246575342,0.03720000013709,8
3,2ac9ed6d-2200-e811-9414-f0921c16b9e5,0.0273972602739726,0.06909999996424,9
3,2ac9ed6d-2200-e811-9414-f0921c16b9e5,0.030136986301369864,0.1212000027299,10
3,2ac9ed6d-2200-e811-9414-f0921c16b9e5,0.03287671232876712,0.2044000029564,11
3,2ac9ed6d-2200-e811-9414-f0921c16b9e5,0.03561643835616438,0.3185000121593,12
3,2ac9ed6d-2200-e811-9414-f0921c16b9e5,0.038356164383561646,0.4614999890327,13
3,2ac9ed6d-2200-e811-9414-f0921c16b9e5,0.0410958904109589,0.5860000252724,14
3,2ac9ed6d-2200-e811-9414-f0921c16b9e5,0.043835616438356165,0.6582000255585,15
3,2ac9ed6d-2200-e811-9414-f0921c16b9e5,0.04657534246575343,0.6703000068665,16
3,2ac9ed6d-2200-e811-9414-f0921c16b9e5,0.049315068493150684,0.6424000263214,17
3,2ac9ed6d-2200-e811-9414-f0921c16b9e5,0.052054794520547946,0.6000999808311,18
3,2ac9ed6d-2200-e811-9414-f0921c16b9e5,0.0547945205479452,0.5509999990463,19
3,2ac9ed6d-2200-e811-9414-f0921c16b9e5,0.057534246575342465,0.4999000132084,20
3,2ac9ed6d-2200-e811-9414-f0921c16b9e5,0.06027397260273973,0.4535999894142,21
3,2ac9ed6d-2200-e811-9414-f0921c16b9e5,0.06301369863013699,0.4068000018597,22
3,2ac9ed6d-2200-e811-9414-f0921c16b9e5,0.06575342465753424,0.3671999871731,23
3,2ac9ed6d-2200-e811-9414-f0921c16b9e5,0.0684931506849315,0.3330000042915,24
3,2ac9ed6d-2200-e811-9414-f0921c16b9e5,0.07123287671232877,0.2994000017643,25
3,2ac9ed6d-2200-e811-9414-f0921c16b9e5,0.07397260273972603,0.26859998703,26
3,2ac9ed6d-2200-e811-9414-f0921c16b9e5,0.07671232876712329,0.2430000007153,27
3,2ac9ed6d-2200-e811-9414-f0921c16b9e5,0.07945205479452055,0.2188999950886,28
3,2ac9ed6d-2200-e811-9414-f0921c16b9e5,0.0821917808219178,0.1976999938488,29
3,2ac9ed6d-2200-e811-9414-f0921c16b9e5,0.08493150684931507,0.1761000007391,30
3,2ac9ed6d-2200-e811-9414-f0921c16b9e5,0.08767123287671233,0.1578000038862,31
3,2ac9ed6d-2200-e811-9414-f0921c16b9e5,0.09041095890410959,0.1422999948263,32
3,2ac9ed6d-2200-e811-9414-f0921c16b9e5,0.09315068493150686,0.1297000050545,33
3,2ac9ed6d-2200-e811-9414-f0921c16b9e5,0.0958904109589041,0.1173999980092,34
3,2ac9ed6d-2200-e811-9414-f0921c16b9e5,0.09863013698630137,0.1052000001073,35
3,2ac9ed6d-2200-e811-9414-f0921c16b9e5,0.10136986301369863,0.09449999779463,36
3,2ac9ed6d-2200-e811-9414-f0921c16b9e5,0.10410958904109589,0.08449999988079,37
3,2ac9ed6d-2200-e811-9414-f0921c16b9e5,0.10684931506849316,0.07569999992847,38
3,2ac9ed6d-2200-e811-9414-f0921c16b9e5,0.1095890410958904,0.06819999963045,39
3,2ac9ed6d-2200-e811-9414-f0921c16b9e5,0.11232876712328767,0.06179999932647,40
3,2ac9ed6d-2200-e811-9414-f0921c16b9e5,0.11506849315068493,0.05600000172853,41
3,2ac9ed6d-2200-e811-9414-f0921c16b9e5,0.1178082191780822,0.05050000175834,42
3,2ac9ed6d-2200-e811-9414-f0921c16b9e5,0.12054794520547946,0.04520000144839,43
3,2ac9ed6d-2200-e811-9414-f0921c16b9e5,0.1232876712328767,0.04080000147223,44
3,2ac9ed6d-2200-e811-9414-f0921c16b9e5,0.12602739726027398,0.0375999994576,45
3,2ac9ed6d-2200-e811-9414-f0921c16b9e5,0.12876712328767123,0.03429999947548,46
3,2ac9ed6d-2200-e811-9414-f0921c16b9e5,0.13150684931506848,0.03099999949336,47
3,2ac9ed6d-2200-e811-9414-f0921c16b9e5,0.13424657534246576,0.02800000086427,48
3,2ac9ed6d-2200-e811-9414-f0921c16b9e5,0.136986301369863,0.024299999699,49
3,2ac9ed6d-2200-e811-9414-f0921c16b9e5,0.13972602739726028,0.02140000090003,50
3,2ac9ed6d-2200-e811-9414-f0921c16b9e5,0.14246575342465753,0.01989999972284,51
3,2ac9ed6d-2200-e811-9414-f0921c16b9e5,0.14520547945205478,0.01830000057817,52
3,2ac9ed6d-2200-e811-9414-f0921c16b9e5,0.14794520547945206,0.01649999991059,53
3,2ac9ed6d-2200-e811-9414-f0921c16b9e5,0.1506849315068493,0.01429999992251,54
3,2ac9ed6d-2200-e811-9414-f0921c16b9e5,0.15342465753424658,0.01250000018626,55
3,2ac9ed6d-2200-e811-9414-f0921c16b9e5,0.15616438356164383,0.0109999999404,56
3,2ac9ed6d-2200-e811-9414-f0921c16b9e5,0.1589041095890411,0.01030000019819,57
3,2ac9ed6d-2200-e811-9414-f0921c16b9e5,0.16164383561643836,0.009800000116229,58
3,2ac9ed6d-2200-e811-9414-f0921c16b9e5,0.1643835616438356,0.008500000461936,59
3,2ac9ed6d-2200-e811-9414-f0921c16b9e5,0.16712328767123288,0.00800000037998,60
3,2ac9ed6d-2200-e811-9414-f0921c16b9e5,0.16986301369863013,0.006899999920279,61
3,2ac9ed6d-2200-e811-9414-f0921c16b9e5,0.1726027397260274,0.006300000008196,62
3,2ac9ed6d-2200-e811-9414-f0921c16b9e5,0.17534246575342466,0.005900000222027,63
3,2ac9ed6d-2200-e811-9414-f0921c16b9e5,0.1780821917808219,0.005400000140071,64
3,2ac9ed6d-2200-e811-9414-f0921c16b9e5,0.18082191780821918,0.004900000058115,65
3,2ac9ed6d-2200-e811-9414-f0921c16b9e5,0.18356164383561643,0.004300000146031,66
3,2ac9ed6d-2200-e811-9414-f0921c16b9e5,0.1863013698630137,0.003700000001118,67
3,2ac9ed6d-2200-e811-9414-f0921c16b9e5,0.18904109589041096,0.003299999982119,68
3,2ac9ed6d-2200-e811-9414-f0921c16b9e5,0.1917808219178082,0.003199999919161,69
3,2ac9ed6d-2200-e811-9414-f0921c16b9e5,0.19452054794520549,0.002700000070035,70
3,2ac9ed6d-2200-e811-9414-f0921c16b9e5,0.19726027397260273,0.002400000113994,71
3,2ac9ed6d-2200-e811-9414-f0921c16b9e5,0.2,0.002300000051036,72
3,2ac9ed6d-2200-e811-9414-f0921c16b9e5,0.20273972602739726,0.002099999925122,73
3,2ac9ed6d-2200-e811-9414-f0921c16b9e5,0.2054794520547945,0.001900000032037,74
3,2ac9ed6d-2200-e811-9414-f0921c16b9e5,0.20821917808219179,0.001399999950081,75
3,2ac9ed6d-2200-e811-9414-f0921c16b9e5,0.21095890410958903,0.00109999999404,76
3,2ac9ed6d-2200-e811-9414-f0921c16b9e5,0.2136986301369863,0.001000000047497,77
3,2ac9ed6d-2200-e811-9414-f0921c16b9e5,0.21643835616438356,0.0006999999750406,78
3,2ac9ed6d-2200-e811-9414-f0921c16b9e5,0.2191780821917808,0.0006999999750406,79
3,2ac9ed6d-2200-e811-9414-f0921c16b9e5,0.2219178082191781,0.0006999999750406,80
3,2ac9ed6d-2200-e811-9414-f0921c16b9e5,0.22465753424657534,0.0006999999750406,81
3,2ac9ed6d-2200-e811-9414-f0921c16b9e5,0.2273972602739726,0.0006000000284985,82
3,2ac9ed6d-2200-e811-9414-f0921c16b9e5,0.23013698630136986,0.0006000000284985,83
3,2ac9ed6d-2200-e811-9414-f0921c16b9e5,0.2328767123287671,0.0005000000237487,84
3,2ac9ed6d-2200-e811-9414-f0921c16b9e5,0.2356164383561644,0.0005000000237487,85
3,2ac9ed6d-2200-e811-9414-f0921c16b9e5,0.23835616438356164,0.0005000000237487,86
3,2ac9ed6d-2200-e811-9414-f0921c16b9e5,0.2410958904109589,0.0005000000237487,87
3,2ac9ed6d-2200-e811-9414-f0921c16b9e5,0.24383561643835616,0.0005000000237487,88
3,2ac9ed6d-2200-e811-9414-f0921c16b9e5,0.2465753424657534,0.0005000000237487,89
4,29c9ed6d-2200-e811-9414-f0921c16b9e5,0.0027397260273972603,0.0,0
4,29c9ed6d-2200-e811-9414-f0921c16b9e5,0.005479452054794521,9.999999747379e-05,1
4,29c9ed6d-2200-e811-9414-f0921c16b9e5,0.00821917808219178,9.999999747379e-05,2
4,29c9ed6d-2200-e811-9414-f0921c16b9e5,0.010958904109589041,0.0,3
4,29c9ed6d-2200-e811-9414-f0921c16b9e5,0.0136986301369863,0.0,4
4,29c9ed6d-2200-e811-9414-f0921c16b9e5,0.01643835616438356,0.0,5
4,29c9ed6d-2200-e811-9414-f0921c16b9e5,0.019178082191780823,0.0,6
4,29c9ed6d-2200-e811-9414-f0921c16b9e5,0.021917808219178082,0.0,7
4,29c9ed6d-2200-e811-9414-f0921c16b9e5,0.024657534246575342,0.0,8
4,29c9ed6d-2200-e811-9414-f0921c16b9e5,0.0273972602739726,0.0,9
4,29c9ed6d-2200-e811-9414-f0921c16b9e5,0.030136986301369864,0.0,10
4,29c9ed6d-2200-e811-9414-f0921c16b9e5,0.03287671232876712,0.0,11
4,29c9ed6d-2200-e811-9414-f0921c16b9e5,0.03561643835616438,0.0,12
4,29c9ed6d-2200-e811-9414-f0921c16b9e5,0.038356164383561646,0.0,13
4,29c9ed6d-2200-e811-9414-f0921c16b9e5,0.0410958904109589,0.0,14
4,29c9ed6d-2200-e811-9414-f0921c16b9e5,0.043835616438356165,0.0,15
4,29c9ed6d-2200-e811-9414-f0921c16b9e5,0.04657534246575343,0.0,16
4,29c9ed6d-2200-e811-9414-f0921c16b9e5,0.049315068493150684,0.0,17
4,29c9ed6d-2200-e811-9414-f0921c16b9e5,0.052054794520547946,0.0,18
4,29c9ed6d-2200-e811-9414-f0921c16b9e5,0.0547945205479452,0.0,19
4,29c9ed6d-2200-e811-9414-f0921c16b9e5,0.057534246575342465,0.0,20
4,29c9ed6d-2200-e811-9414-f0921c16b9e5,0.06027397260273973,0.0,21
4,29c9ed6d-2200-e811-9414-f0921c16b9e5,0.06301369863013699,0.0,22
4,29c9ed6d-2200-e811-9414-f0921c16b9e5,0.06575342465753424,0.0,23
4,29c9ed6d-2200-e811-9414-f0921c16b9e5,0.0684931506849315,0.0,24
4,29c9ed6d-2200-e811-9414-f0921c16b9e5,0.07123287671232877,0.0,25
4,29c9ed6d-2200-e811-9414-f0921c16b9e5,0.07397260273972603,0.0,26
4,29c9ed6d-2200-e811-9414-f0921c16b9e5,0.07671232876712329,0.0,27
4,29c9ed6d-2200-e811-9414-f0921c16b9e5,0.07945205479452055,0.0,28
4,29c9ed6d-2200-e811-9414-f0921c16b9e5,0.0821917808219178,0.0,29
4,29c9ed6d-2200-e811-9414-f0921c16b9e5,0.08493150684931507,0.0,30
4,29c9ed6d-2200-e811-9414-f0921c16b9e5,0.08767123287671233,0.0,31
4,29c9ed6d-2200-e811-9414-f0921c16b9e5,0.09041095890410959,0.0,32
4,29c9ed6d-2200-e811-9414-f0921c16b9e5,0.09315068493150686,0.0,33
4,29c9ed6d-2200-e811-9414-f0921c16b9e5,0.0958904109589041,0.0,34
4,29c9ed6d-2200-e811-9414-f0921c16b9e5,0.09863013698630137,0.0,35
4,29c9ed6d-2200-e811-9414-f0921c16b9e5,0.10136986301369863,0.0,36
4,29c9ed6d-2200-e811-9414-f0921c16b9e5,0.10410958904109589,0.0,37
4,29c9ed6d-2200-e811-9414-f0921c16b9e5,0.10684931506849316,0.0,38
4,29c9ed6d-2200-e811-9414-f0921c16b9e5,0.1095890410958904,0.0,39
4,29c9ed6d-2200-e811-9414-f0921c16b9e5,0.11232876712328767,0.0,40
4,29c9ed6d-2200-e811-9414-f0921c16b9e5,0.11506849315068493,0.0,41
4,29c9ed6d-2200-e811-9414-f0921c16b9e5,0.1178082191780822,0.0,42
4,29c9ed6d-2200-e811-9414-f0921c16b9e5,0.12054794520547946,0.0,43
4,29c9ed6d-2200-e811-9414-f0921c16b9e5,0.1232876712328767,0.0,44
4,29c9ed6d-2200-e811-9414-f0921c16b9e5,0.12602739726027398,0.0,45
4,29c9ed6d-2200-e811-9414-f0921c16b9e5,0.12876712328767123,0.0,46
4,29c9ed6d-2200-e811-9414-f0921c16b9e5,0.13150684931506848,0.0,47
4,29c9ed6d-2200-e811-9414-f0921c16b9e5,0.13424657534246576,0.0,48
4,29c9ed6d-2200-e811-9414-f0921c16b9e5,0.136986301369863,0.0,49
4,29c9ed6d-2200-e811-9414-f0921c16b9e5,0.13972602739726028,0.0,50
4,29c9ed6d-2200-e811-9414-f0921c16b9e5,0.14246575342465753,0.0,51
4,29c9ed6d-2200-e811-9414-f0921c16b9e5,0.14520547945205478,0.0,52
4,29c9ed6d-2200-e811-9414-f0921c16b9e5,0.14794520547945206,0.0,53
4,29c9ed6d-2200-e811-9414-f0921c16b9e5,0.1506849315068493,0.0,54
4,29c9ed6d-2200-e811-9414-f0921c16b9e5,0.15342465753424658,0.0,55
4,29c9ed6d-2200-e811-9414-f0921c16b9e5,0.15616438356164383,0.0,56
4,29c9ed6d-2200-e811-9414-f0921c16b9e5,0.1589041095890411,0.0,57
4,29c9ed6d-2200-e811-9414-f0921c16b9e5,0.16164383561643836,0.0,58
4,29c9ed6d-2200-e811-9414-f0921c16b9e5,0.1643835616438356,0.0,59
4,29c9ed6d-2200-e811-9414-f0921c16b9e5,0.16712328767123288,0.0,60
4,29c9ed6d-2200-e811-9414-f0921c16b9e5,0.16986301369863013,0.0,61
4,29c9ed6d-2200-e811-9414-f0921c16b9e5,0.1726027397260274,0.0,62
4,29c9ed6d-2200-e811-9414-f0921c16b9e5,0.17534246575342466,0.0,63
4,29c9ed6d-2200-e811-9414-f0921c16b9e5,0.1780821917808219,0.0,64
4,29c9ed6d-2200-e811-9414-f0921c16b9e5,0.18082191780821918,0.0,65
4,29c9ed6d-2200-e811-9414-f0921c16b9e5,0.18356164383561643,0.0,66
4,29c9ed6d-2200-e811-9414-f0921c16b9e5,0.1863013698630137,0.0,67
4,29c9ed6d-2200-e811-9414-f0921c16b9e5,0.18904109589041096,0.0,68
4,29c9ed6d-2200-e811-9414-f0921c16b9e5,0.1917808219178082,0.0,69
4,29c9ed6d-2200-e811-9414-f0921c16b9e5,0.19452054794520549,0.0,70
4,29c9ed6d-2200-e811-9414-f0921c16b9e5,0.19726027397260273,0.0,71
4,29c9ed6d-2200-e811-9414-f0921c16b9e5,0.2,0.0,72
4,29c9ed6d-2200-e811-9414-f0921c16b9e5,0.20273972602739726,0.0,73
4,29c9ed6d-2200-e811-9414-f0921c16b9e5,0.2054794520547945,0.0,74
4,29c9ed6d-2200-e811-9414-f0921c16b9e5,0.20821917808219179,0.0,75
4,29c9ed6d-2200-e811-9414-f0921c16b9e5,0.21095890410958903,0.0,76
4,29c9ed6d-2200-e811-9414-f0921c16b9e5,0.2136986301369863,0.0,77
4,29c9ed6d-2200-e811-9414-f0921c16b9e5,0.21643835616438356,0.0,78
4,29c9ed6d-2200-e811-9414-f0921c16b9e5,0.2191780821917808,0.0,79
4,29c9ed6d-2200-e811-9414-f0921c16b9e5,0.2219178082191781,0.0,80
4,29c9ed6d-2200-e811-9414-f0921c16b9e5,0.22465753424657534,0.0,81
4,29c9ed6d-2200-e811-9414-f0921c16b9e5,0.2273972602739726,0.0,82
4,29c9ed6d-2200-e811-9414-f0921c16b9e5,0.23013698630136986,0.0,83
4,29c9ed6d-2200-e811-9414-f0921c16b9e5,0.2328767123287671,0.0,84
4,29c9ed6d-2200-e811-9414-f0921c16b9e5,0.2356164383561644,0.0,85
4,29c9ed6d-2200-e811-9414-f0921c16b9e5,0.23835616438356164,0.0,86
4,29c9ed6d-2200-e811-9414-f0921c16b9e5,0.2410958904109589,0.0,87
4,29c9ed6d-2200-e811-9414-f0921c16b9e5,0.24383561643835616,0.0,88
4,29c9ed6d-2200-e811-9414-f0921c16b9e5,0.2465753424657534,0.0,89
5,28c9ed6d-2200-e811-9414-f0921c16b9e5,0.0027397260273972603,0.0,0
5,28c9ed6d-2200-e811-9414-f0921c16b9e5,0.005479452054794521,0.0006000000284985,1
5,28c9ed6d-2200-e811-9414-f0921c16b9e5,0.00821917808219178,0.001300000003539,2
5,28c9ed6d-2200-e811-9414-f0921c16b9e5,0.010958904109589041,0.00179999996908,3
5,28c9ed6d-2200-e811-9414-f0921c16b9e5,0.0136986301369863,0.003299999982119,4
5,28c9ed6d-2200-e811-9414-f0921c16b9e5,0.01643835616438356,0.005799999926239,5
5,28c9ed6d-2200-e811-9414-f0921c16b9e5,0.019178082191780823,0.01169999968261,6
5,28c9ed6d-2200-e811-9414-f0921c16b9e5,0.021917808219178082,0.02150000073016,7
5,28c9ed6d-2200-e811-9414-f0921c16b9e5,0.024657534246575342,0.04199999943376,8
5,28c9ed6d-2200-e811-9414-f0921c16b9e5,0.0273972602739726,0.07639999687672,9
5,28c9ed6d-2200-e811-9414-f0921c16b9e5,0.030136986301369864,0.1379999965429,10
5,28c9ed6d-2200-e811-9414-f0921c16b9e5,0.03287671232876712,0.2348999977112,11
5,28c9ed6d-2200-e811-9414-f0921c16b9e5,0.03561643835616438,0.3592999875546,12
5,28c9ed6d-2200-e811-9414-f0921c16b9e5,0.038356164383561646,0.4832000136375,13
5,28c9ed6d-2200-e811-9414-f0921c16b9e5,0.0410958904109589,0.5641999840736,14
5,28c9ed6d-2200-e811-9414-f0921c16b9e5,0.043835616438356165,0.5774999856949,15
5,28c9ed6d-2200-e811-9414-f0921c16b9e5,0.04657534246575343,0.5501000285149,16
5,28c9ed6d-2200-e811-9414-f0921c16b9e5,0.049315068493150684,0.4961999952793,17
5,28c9ed6d-2200-e811-9414-f0921c16b9e5,0.052054794520547946,0.4436999857426,18
5,28c9ed6d-2200-e811-9414-f0921c16b9e5,0.0547945205479452,0.3822000026703,19
5,28c9ed6d-2200-e811-9414-f0921c16b9e5,0.057534246575342465,0.3282999992371,20
5,28c9ed6d-2200-e811-9414-f0921c16b9e5,0.06027397260273973,0.2781000137329,21
5,28c9ed6d-2200-e811-9414-f0921c16b9e5,0.06301369863013699,0.2372999936342,22
5,28c9ed6d-2200-e811-9414-f0921c16b9e5,0.06575342465753424,0.2019000053406,23
5,28c9ed6d-2200-e811-9414-f0921c16b9e5,0.0684931506849315,0.1714999973774,24
5,28c9ed6d-2200-e811-9414-f0921c16b9e5,0.07123287671232877,0.1463000029325,25
5,28c9ed6d-2200-e811-9414-f0921c16b9e5,0.07397260273972603,0.1221000030637,26
5,28c9ed6d-2200-e811-9414-f0921c16b9e5,0.07671232876712329,0.1042999997735,27
5,28c9ed6d-2200-e811-9414-f0921c16b9e5,0.07945205479452055,0.08959999680519,28
5,28c9ed6d-2200-e811-9414-f0921c16b9e5,0.0821917808219178,0.07450000196695,29
5,28c9ed6d-2200-e811-9414-f0921c16b9e5,0.08493150684931507,0.06129999831319,30
5,28c9ed6d-2200-e811-9414-f0921c16b9e5,0.08767123287671233,0.05249999836087,31
5,28c9ed6d-2200-e811-9414-f0921c16b9e5,0.09041095890410959,0.04520000144839,32
5,28c9ed6d-2200-e811-9414-f0921c16b9e5,0.09315068493150686,0.03819999843836,33
5,28c9ed6d-2200-e811-9414-f0921c16b9e5,0.0958904109589041,0.03109999932349,34
5,28c9ed6d-2200-e811-9414-f0921c16b9e5,0.09863013698630137,0.02710000053048,35
5,28c9ed6d-2200-e811-9414-f0921c16b9e5,0.10136986301369863,0.02309999987483,36
5,28c9ed6d-2200-e811-9414-f0921c16b9e5,0.10410958904109589,0.01999999955297,37
5,28c9ed6d-2200-e811-9414-f0921c16b9e5,0.10684931506849316,0.01759999990463,38
5,28c9ed6d-2200-e811-9414-f0921c16b9e5,0.1095890410958904,0.0136000001803,39
5,28c9ed6d-2200-e811-9414-f0921c16b9e5,0.11232876712328767,0.01200000010431,40
5,28c9ed6d-2200-e811-9414-f0921c16b9e5,0.11506849315068493,0.01020000036806,41
5,28c9ed6d-2200-e811-9414-f0921c16b9e5,0.1178082191780822,0.009300000034273,42
5,28c9ed6d-2200-e811-9414-f0921c16b9e5,0.12054794520547946,0.007499999832362,43
5,28c9ed6d-2200-e811-9414-f0921c16b9e5,0.1232876712328767,0.006800000090152,44
5,28c9ed6d-2200-e811-9414-f0921c16b9e5,0.12602739726027398,0.006300000008196,45
5,28c9ed6d-2200-e811-9414-f0921c16b9e5,0.12876712328767123,0.005100000184029,46
5,28c9ed6d-2200-e811-9414-f0921c16b9e5,0.13150684931506848,0.004399999976158,47
5,28c9ed6d-2200-e811-9414-f0921c16b9e5,0.13424657534246576,0.003800000064075,48
5,28c9ed6d-2200-e811-9414-f0921c16b9e5,0.136986301369863,0.003100000089034,49
5,28c9ed6d-2200-e811-9414-f0921c16b9e5,0.13972602739726028,0.002700000070035,50
5,28c9ed6d-2200-e811-9414-f0921c16b9e5,0.14246575342465753,0.002300000051036,51
5,28c9ed6d-2200-e811-9414-f0921c16b9e5,0.14520547945205478,0.002099999925122,52
5,28c9ed6d-2200-e811-9414-f0921c16b9e5,0.14794520547945206,0.001399999950081,53
5,28c9ed6d-2200-e811-9414-f0921c16b9e5,0.1506849315068493,0.001300000003539,54
5,28c9ed6d-2200-e811-9414-f0921c16b9e5,0.15342465753424658,0.001200000056997,55
5,28c9ed6d-2200-e811-9414-f0921c16b9e5,0.15616438356164383,0.001200000056997,56
5,28c9ed6d-2200-e811-9414-f0921c16b9e5,0.1589041095890411,0.00109999999404,57
5,28c9ed6d-2200-e811-9414-f0921c16b9e5,0.16164383561643836,0.00109999999404,58
5,28c9ed6d-2200-e811-9414-f0921c16b9e5,0.1643835616438356,0.0007999999797903,59
5,28c9ed6d-2200-e811-9414-f0921c16b9e5,0.16712328767123288,0.0006000000284985,60
5,28c9ed6d-2200-e811-9414-f0921c16b9e5,0.16986301369863013,0.0006000000284985,61
5,28c9ed6d-2200-e811-9414-f0921c16b9e5,0.1726027397260274,0.0003999999898952,62
5,28c9ed6d-2200-e811-9414-f0921c16b9e5,0.17534246575342466,0.0003000000142492,63
5,28c9ed6d-2200-e811-9414-f0921c16b9e5,0.1780821917808219,0.0003000000142492,64
5,28c9ed6d-2200-e811-9414-f0921c16b9e5,0.18082191780821918,0.0003000000142492,65
5,28c9ed6d-2200-e811-9414-f0921c16b9e5,0.18356164383561643,0.0001999999949476,66
5,28c9ed6d-2200-e811-9414-f0921c16b9e5,0.1863013698630137,9.999999747379e-05,67
5,28c9ed6d-2200-e811-9414-f0921c16b9e5,0.18904109589041096,9.999999747379e-05,68
5,28c9ed6d-2200-e811-9414-f0921c16b9e5,0.1917808219178082,9.999999747379e-05,69
5,28c9ed6d-2200-e811-9414-f0921c16b9e5,0.19452054794520549,0.0,70
5,28c9ed6d-2200-e811-9414-f0921c16b9e5,0.19726027397260273,0.0,71
5,28c9ed6d-2200-e811-9414-f0921c16b9e5,0.2,0.0,72
5,28c9ed6d-2200-e811-9414-f0921c16b9e5,0.20273972602739726,0.0,73
5,28c9ed6d-2200-e811-9414-f0921c16b9e5,0.2054794520547945,0.0,74
5,28c9ed6d-2200-e811-9414-f0921c16b9e5,0.20821917808219179,0.0,75
5,28c9ed6d-2200-e811-9414-f0921c16b9e5,0.21095890410958903,0.0,76
5,28c9ed6d-2200-e811-9414-f0921c16b9e5,0.2136986301369863,0.0,77
5,28c9ed6d-2200-e811-9414-f0921c16b9e5,0.21643835616438356,0.0,78
5,28c9ed6d-2200-e811-9414-f0921c16b9e5,0.2191780821917808,0.0,79
5,28c9ed6d-2200-e811-9414-f0921c16b9e5,0.2219178082191781,0.0,80
5,28c9ed6d-2200-e811-9414-f0921c16b9e5,0.22465753424657534,0.0,81
5,28c9ed6d-2200-e811-9414-f0921c16b9e5,0.2273972602739726,0.0,82
5,28c9ed6d-2200-e811-9414-f0921c16b9e5,0.23013698630136986,0.0,83
5,28c9ed6d-2200-e811-9414-f0921c16b9e5,0.2328767123287671,0.0,84
5,28c9ed6d-2200-e811-9414-f0921c16b9e5,0.2356164383561644,0.0,85
5,28c9ed6d-2200-e811-9414-f0921c16b9e5,0.23835616438356164,0.0,86
5,28c9ed6d-2200-e811-9414-f0921c16b9e5,0.2410958904109589,0.0,87
5,28c9ed6d-2200-e811-9414-f0921c16b9e5,0.24383561643835616,0.0,88
5,28c9ed6d-2200-e811-9414-f0921c16b9e5,0.2465753424657534,0.0,89
6,27c9ed6d-2200-e811-9414-f0921c16b9e5,0.0027397260273972603,0.0,0
6,27c9ed6d-2200-e811-9414-f0921c16b9e5,0.005479452054794521,0.00089999998454,1
6,27c9ed6d-2200-e811-9414-f0921c16b9e5,0.00821917808219178,0.001599999959581,2
6,27c9ed6d-2200-e811-9414-f0921c16b9e5,0.010958904109589041,0.002400000113994,3
6,27c9ed6d-2200-e811-9414-f0921c16b9e5,0.0136986301369863,0.004800000227988,4
6,27c9ed6d-2200-e811-9414-f0921c16b9e5,0.01643835616438356,0.008399999700487,5
6,27c9ed6d-2200-e811-9414-f0921c16b9e5,0.019178082191780823,0.0152000002563,6
6,27c9ed6d-2200-e811-9414-f0921c16b9e5,0.021917808219178082,0.02580000087619,7
6,27c9ed6d-2200-e811-9414-f0921c16b9e5,0.024657534246575342,0.04859999939799,8
6,27c9ed6d-2200-e811-9414-f0921c16b9e5,0.0273972602739726,0.08680000156164,9
6,27c9ed6d-2200-e811-9414-f0921c16b9e5,0.030136986301369864,0.1433999985456,10
6,27c9ed6d-2200-e811-9414-f0921c16b9e5,0.03287671232876712,0.2331999987364,11
6,27c9ed6d-2200-e811-9414-f0921c16b9e5,0.03561643835616438,0.3504000008106,12
6,27c9ed6d-2200-e811-9414-f0921c16b9e5,0.038356164383561646,0.4722999930382,13
6,27c9ed6d-2200-e811-9414-f0921c16b9e5,0.0410958904109589,0.5533999800682,14
6,27c9ed6d-2200-e811-9414-f0921c16b9e5,0.043835616438356165,0.5813999772072,15
6,27c9ed6d-2200-e811-9414-f0921c16b9e5,0.04657534246575343,0.5627999901772,16
6,27c9ed6d-2200-e811-9414-f0921c16b9e5,0.049315068493150684,0.5212000012398,17
6,27c9ed6d-2200-e811-9414-f0921c16b9e5,0.052054794520547946,0.4697999954224,18
6,27c9ed6d-2200-e811-9414-f0921c16b9e5,0.0547945205479452,0.4172999858856,19
6,27c9ed6d-2200-e811-9414-f0921c16b9e5,0.057534246575342465,0.3628000020981,20
6,27c9ed6d-2200-e811-9414-f0921c16b9e5,0.06027397260273973,0.3156000077724,21
6,27c9ed6d-2200-e811-9414-f0921c16b9e5,0.06301369863013699,0.2723999917507,22
6,27c9ed6d-2200-e811-9414-f0921c16b9e5,0.06575342465753424,0.2390999943018,23
6,27c9ed6d-2200-e811-9414-f0921c16b9e5,0.0684931506849315,0.2072000056505,24
6,27c9ed6d-2200-e811-9414-f0921c16b9e5,0.07123287671232877,0.1781000047922,25
6,27c9ed6d-2200-e811-9414-f0921c16b9e5,0.07397260273972603,0.1551000028849,26
6,27c9ed6d-2200-e811-9414-f0921c16b9e5,0.07671232876712329,0.1348000019789,27
6,27c9ed6d-2200-e811-9414-f0921c16b9e5,0.07945205479452055,0.1178999990225,28
6,27c9ed6d-2200-e811-9414-f0921c16b9e5,0.0821917808219178,0.1014000028372,29
6,27c9ed6d-2200-e811-9414-f0921c16b9e5,0.08493150684931507,0.0852999985218,30
6,27c9ed6d-2200-e811-9414-f0921c16b9e5,0.08767123287671233,0.07299999892712,31
6,27c9ed6d-2200-e811-9414-f0921c16b9e5,0.09041095890410959,0.06300000101328,32
6,27c9ed6d-2200-e811-9414-f0921c16b9e5,0.09315068493150686,0.0549000017345,33
6,27c9ed6d-2200-e811-9414-f0921c16b9e5,0.0958904109589041,0.04780000075698,34
6,27c9ed6d-2200-e811-9414-f0921c16b9e5,0.09863013698630137,0.04199999943376,35
6,27c9ed6d-2200-e811-9414-f0921c16b9e5,0.10136986301369863,0.03510000184178,36
6,27c9ed6d-2200-e811-9414-f0921c16b9e5,0.10410958904109589,0.03070000000298,37
6,27c9ed6d-2200-e811-9414-f0921c16b9e5,0.10684931506849316,0.02679999917746,38
6,27c9ed6d-2200-e811-9414-f0921c16b9e5,0.1095890410958904,0.02290000021458,39
6,27c9ed6d-2200-e811-9414-f0921c16b9e5,0.11232876712328767,0.01950000040233,40
6,27c9ed6d-2200-e811-9414-f0921c16b9e5,0.11506849315068493,0.01659999974072,41
6,27c9ed6d-2200-e811-9414-f0921c16b9e5,0.1178082191780822,0.0148999998346,42
6,27c9ed6d-2200-e811-9414-f0921c16b9e5,0.12054794520547946,0.01379999984056,43
6,27c9ed6d-2200-e811-9414-f0921c16b9e5,0.1232876712328767,0.01240000035614,44
6,27c9ed6d-2200-e811-9414-f0921c16b9e5,0.12602739726027398,0.01009999960661,45
6,27c9ed6d-2200-e811-9414-f0921c16b9e5,0.12876712328767123,0.008399999700487,46
6,27c9ed6d-2200-e811-9414-f0921c16b9e5,0.13150684931506848,0.007400000002235,47
6,27c9ed6d-2200-e811-9414-f0921c16b9e5,0.13424657534246576,0.006300000008196,48
6,27c9ed6d-2200-e811-9414-f0921c16b9e5,0.136986301369863,0.005700000096112,49
6,27c9ed6d-2200-e811-9414-f0921c16b9e5,0.13972602739726028,0.004800000227988,50
6,27c9ed6d-2200-e811-9414-f0921c16b9e5,0.14246575342465753,0.004300000146031,51
6,27c9ed6d-2200-e811-9414-f0921c16b9e5,0.14520547945205478,0.003899999894202,52
6,27c9ed6d-2200-e811-9414-f0921c16b9e5,0.14794520547945206,0.003400000045076,53
6,27c9ed6d-2200-e811-9414-f0921c16b9e5,0.1506849315068493,0.002700000070035,54
6,27c9ed6d-2200-e811-9414-f0921c16b9e5,0.15342465753424658,0.002499999944121,55
6,27c9ed6d-2200-e811-9414-f0921c16b9e5,0.15616438356164383,0.002099999925122,56
6,27c9ed6d-2200-e811-9414-f0921c16b9e5,0.1589041095890411,0.002000000094995,57
6,27c9ed6d-2200-e811-9414-f0921c16b9e5,0.16164383561643836,0.00179999996908,58
6,27c9ed6d-2200-e811-9414-f0921c16b9e5,0.1643835616438356,0.001700000022538,59
6,27c9ed6d-2200-e811-9414-f0921c16b9e5,0.16712328767123288,0.001500000013039,60
6,27c9ed6d-2200-e811-9414-f0921c16b9e5,0.16986301369863013,0.001200000056997,61
6,27c9ed6d-2200-e811-9414-f0921c16b9e5,0.1726027397260274,0.001000000047497,62
6,27c9ed6d-2200-e811-9414-f0921c16b9e5,0.17534246575342466,0.00089999998454,63
6,27c9ed6d-2200-e811-9414-f0921c16b9e5,0.1780821917808219,0.0007999999797903,64
6,27c9ed6d-2200-e811-9414-f0921c16b9e5,0.18082191780821918,0.0006999999750406,65
6,27c9ed6d-2200-e811-9414-f0921c16b9e5,0.18356164383561643,0.0006000000284985,66
6,27c9ed6d-2200-e811-9414-f0921c16b9e5,0.1863013698630137,0.0005000000237487,67
6,27c9ed6d-2200-e811-9414-f0921c16b9e5,0.18904109589041096,0.0005000000237487,68
6,27c9ed6d-2200-e811-9414-f0921c16b9e5,0.1917808219178082,0.0003999999898952,69
6,27c9ed6d-2200-e811-9414-f0921c16b9e5,0.19452054794520549,0.0003999999898952,70
6,27c9ed6d-2200-e811-9414-f0921c16b9e5,0.19726027397260273,0.0003999999898952,71
6,27c9ed6d-2200-e811-9414-f0921c16b9e5,0.2,0.0003999999898952,72
6,27c9ed6d-2200-e811-9414-f0921c16b9e5,0.20273972602739726,0.0003000000142492,73
6,27c9ed6d-2200-e811-9414-f0921c16b9e5,0.2054794520547945,0.0003000000142492,74
6,27c9ed6d-2200-e811-9414-f0921c16b9e5,0.20821917808219179,0.0003000000142492,75
6,27c9ed6d-2200-e811-9414-f0921c16b9e5,0.21095890410958903,0.0001999999949476,76
6,27c9ed6d-2200-e811-9414-f0921c16b9e5,0.2136986301369863,9.999999747379e-05,77
6,27c9ed6d-2200-e811-9414-f0921c16b9e5,0.21643835616438356,9.999999747379e-05,78
6,27c9ed6d-2200-e811-9414-f0921c16b9e5,0.2191780821917808,9.999999747379e-05,79
6,27c9ed6d-2200-e811-9414-f0921c16b9e5,0.2219178082191781,9.999999747379e-05,80
6,27c9ed6d-2200-e811-9414-f0921c16b9e5,0.22465753424657534,9.999999747379e-05,81
6,27c9ed6d-2200-e811-9414-f0921c16b9e5,0.2273972602739726,9.999999747379e-05,82
6,27c9ed6d-2200-e811-9414-f0921c16b9e5,0.23013698630136986,0.0,83
6,27c9ed6d-2200-e811-9414-f0921c16b9e5,0.2328767123287671,0.0,84
6,27c9ed6d-2200-e811-9414-f0921c16b9e5,0.2356164383561644,0.0,85
6,27c9ed6d-2200-e811-9414-f0921c16b9e5,0.23835616438356164,0.0,86
6,27c9ed6d-2200-e811-9414-f0921c16b9e5,0.2410958904109589,0.0,87
6,27c9ed6d-2200-e811-9414-f0921c16b9e5,0.24383561643835616,0.0,88
6,27c9ed6d-2200-e811-9414-f0921c16b9e5,0.2465753424657534,0.0,89
7,26c9ed6d-2200-e811-9414-f0921c16b9e5,0.0027397260273972603,0.0,0
7,26c9ed6d-2200-e811-9414-f0921c16b9e5,0.005479452054794521,0.0006000000284985,1
7,26c9ed6d-2200-e811-9414-f0921c16b9e5,0.00821917808219178,0.00109999999404,2
7,26c9ed6d-2200-e811-9414-f0921c16b9e5,0.010958904109589041,0.002499999944121,3
7,26c9ed6d-2200-e811-9414-f0921c16b9e5,0.0136986301369863,0.005499999970198,4
7,26c9ed6d-2200-e811-9414-f0921c16b9e5,0.01643835616438356,0.0109999999404,5
7,26c9ed6d-2200-e811-9414-f0921c16b9e5,0.019178082191780823,0.02209999971092,6
7,26c9ed6d-2200-e811-9414-f0921c16b9e5,0.021917808219178082,0.0417999997735,7
7,26c9ed6d-2200-e811-9414-f0921c16b9e5,0.024657534246575342,0.07940000295639,8
7,26c9ed6d-2200-e811-9414-f0921c16b9e5,0.0273972602739726,0.1428000032902,9
7,26c9ed6d-2200-e811-9414-f0921c16b9e5,0.030136986301369864,0.2444999963045,10
7,26c9ed6d-2200-e811-9414-f0921c16b9e5,0.03287671232876712,0.3777000010014,11
7,26c9ed6d-2200-e811-9414-f0921c16b9e5,0.03561643835616438,0.5120000243187,12
7,26c9ed6d-2200-e811-9414-f0921c16b9e5,0.038356164383561646,0.6083999872208,13
7,26c9ed6d-2200-e811-9414-f0921c16b9e5,0.0410958904109589,0.6312000155449,14
7,26c9ed6d-2200-e811-9414-f0921c16b9e5,0.043835616438356165,0.6001999974251,15
7,26c9ed6d-2200-e811-9414-f0921c16b9e5,0.04657534246575343,0.5540999770164,16
7,26c9ed6d-2200-e811-9414-f0921c16b9e5,0.049315068493150684,0.4970999956131,17
7,26c9ed6d-2200-e811-9414-f0921c16b9e5,0.052054794520547946,0.4410000145435,18
7,26c9ed6d-2200-e811-9414-f0921c16b9e5,0.0547945205479452,0.3865999877453,19
7,26c9ed6d-2200-e811-9414-f0921c16b9e5,0.057534246575342465,0.3416000008583,20
7,26c9ed6d-2200-e811-9414-f0921c16b9e5,0.06027397260273973,0.2985999882221,21
7,26c9ed6d-2200-e811-9414-f0921c16b9e5,0.06301369863013699,0.2617000043392,22
7,26c9ed6d-2200-e811-9414-f0921c16b9e5,0.06575342465753424,0.2241999953985,23
7,26c9ed6d-2200-e811-9414-f0921c16b9e5,0.0684931506849315,0.1966000050306,24
7,26c9ed6d-2200-e811-9414-f0921c16b9e5,0.07123287671232877,0.1718000024557,25
7,26c9ed6d-2200-e811-9414-f0921c16b9e5,0.07397260273972603,0.1515000015497,26
7,26c9ed6d-2200-e811-9414-f0921c16b9e5,0.07671232876712329,0.1304000020027,27
7,26c9ed6d-2200-e811-9414-f0921c16b9e5,0.07945205479452055,0.1132000014186,28
7,26c9ed6d-2200-e811-9414-f0921c16b9e5,0.0821917808219178,0.1001000031829,29
7,26c9ed6d-2200-e811-9414-f0921c16b9e5,0.08493150684931507,0.08770000189543,30
7,26c9ed6d-2200-e811-9414-f0921c16b9e5,0.08767123287671233,0.07689999789,31
7,26c9ed6d-2200-e811-9414-f0921c16b9e5,0.09041095890410959,0.06750000268221,32
7,26c9ed6d-2200-e811-9414-f0921c16b9e5,0.09315068493150686,0.05860000103712,33
7,26c9ed6d-2200-e811-9414-f0921c16b9e5,0.0958904109589041,0.05200000107288,34
7,26c9ed6d-2200-e811-9414-f0921c16b9e5,0.09863013698630137,0.04610000178218,35
7,26c9ed6d-2200-e811-9414-f0921c16b9e5,0.10136986301369863,0.04089999943972,36
7,26c9ed6d-2200-e811-9414-f0921c16b9e5,0.10410958904109589,0.03579999879003,37
7,26c9ed6d-2200-e811-9414-f0921c16b9e5,0.10684931506849316,0.0304000005126,38
7,26c9ed6d-2200-e811-9414-f0921c16b9e5,0.1095890410958904,0.02679999917746,39
7,26c9ed6d-2200-e811-9414-f0921c16b9e5,0.11232876712328767,0.02270000055432,40
7,26c9ed6d-2200-e811-9414-f0921c16b9e5,0.11506849315068493,0.01920000091195,41
7,26c9ed6d-2200-e811-9414-f0921c16b9e5,0.1178082191780822,0.01740000024438,42
7,26c9ed6d-2200-e811-9414-f0921c16b9e5,0.12054794520547946,0.01499999966472,43
7,26c9ed6d-2200-e811-9414-f0921c16b9e5,0.1232876712328767,0.01200000010431,44
7,26c9ed6d-2200-e811-9414-f0921c16b9e5,0.12602739726027398,0.01009999960661,45
7,26c9ed6d-2200-e811-9414-f0921c16b9e5,0.12876712328767123,0.008500000461936,46
7,26c9ed6d-2200-e811-9414-f0921c16b9e5,0.13150684931506848,0.007400000002235,47
7,26c9ed6d-2200-e811-9414-f0921c16b9e5,0.13424657534246576,0.007000000216067,48
7,26c9ed6d-2200-e811-9414-f0921c16b9e5,0.136986301369863,0.006699999794364,49
7,26c9ed6d-2200-e811-9414-f0921c16b9e5,0.13972602739726028,0.005700000096112,50
7,26c9ed6d-2200-e811-9414-f0921c16b9e5,0.14246575342465753,0.005299999844283,51
7,26c9ed6d-2200-e811-9414-f0921c16b9e5,0.14520547945205478,0.004499999806285,52
7,26c9ed6d-2200-e811-9414-f0921c16b9e5,0.14794520547945206,0.003299999982119,53
7,26c9ed6d-2200-e811-9414-f0921c16b9e5,0.1506849315068493,0.003000000026077,54
7,26c9ed6d-2200-e811-9414-f0921c16b9e5,0.15342465753424658,0.002600000007078,55
7,26c9ed6d-2200-e811-9414-f0921c16b9e5,0.15616438356164383,0.002000000094995,56
7,26c9ed6d-2200-e811-9414-f0921c16b9e5,0.1589041095890411,0.001599999959581,57
7,26c9ed6d-2200-e811-9414-f0921c16b9e5,0.16164383561643836,0.001399999950081,58
7,26c9ed6d-2200-e811-9414-f0921c16b9e5,0.1643835616438356,0.001300000003539,59
7,26c9ed6d-2200-e811-9414-f0921c16b9e5,0.16712328767123288,0.001000000047497,60
7,26c9ed6d-2200-e811-9414-f0921c16b9e5,0.16986301369863013,0.001000000047497,61
7,26c9ed6d-2200-e811-9414-f0921c16b9e5,0.1726027397260274,0.0007999999797903,62
7,26c9ed6d-2200-e811-9414-f0921c16b9e5,0.17534246575342466,0.0006999999750406,63
7,26c9ed6d-2200-e811-9414-f0921c16b9e5,0.1780821917808219,0.0006000000284985,64
7,26c9ed6d-2200-e811-9414-f0921c16b9e5,0.18082191780821918,0.0006000000284985,65
7,26c9ed6d-2200-e811-9414-f0921c16b9e5,0.18356164383561643,0.0006000000284985,66
7,26c9ed6d-2200-e811-9414-f0921c16b9e5,0.1863013698630137,0.0006000000284985,67
7,26c9ed6d-2200-e811-9414-f0921c16b9e5,0.18904109589041096,0.0005000000237487,68
7,26c9ed6d-2200-e811-9414-f0921c16b9e5,0.1917808219178082,0.0005000000237487,69
7,26c9ed6d-2200-e811-9414-f0921c16b9e5,0.19452054794520549,0.0005000000237487,70
7,26c9ed6d-2200-e811-9414-f0921c16b9e5,0.19726027397260273,0.0005000000237487,71
7,26c9ed6d-2200-e811-9414-f0921c16b9e5,0.2,0.0005000000237487,72
7,26c9ed6d-2200-e811-9414-f0921c16b9e5,0.20273972602739726,0.0005000000237487,73
7,26c9ed6d-2200-e811-9414-f0921c16b9e5,0.2054794520547945,0.0005000000237487,74
7,26c9ed6d-2200-e811-9414-f0921c16b9e5,0.20821917808219179,0.0003999999898952,75
7,26c9ed6d-2200-e811-9414-f0921c16b9e5,0.21095890410958903,0.0001999999949476,76
7,26c9ed6d-2200-e811-9414-f0921c16b9e5,0.2136986301369863,0.0001999999949476,77
7,26c9ed6d-2200-e811-9414-f0921c16b9e5,0.21643835616438356,0.0001999999949476,78
7,26c9ed6d-2200-e811-9414-f0921c16b9e5,0.2191780821917808,0.0001999999949476,79
7,26c9ed6d-2200-e811-9414-f0921c16b9e5,0.2219178082191781,0.0001999999949476,80
7,26c9ed6d-2200-e811-9414-f0921c16b9e5,0.22465753424657534,0.0001999999949476,81
7,26c9ed6d-2200-e811-9414-f0921c16b9e5,0.2273972602739726,9.999999747379e-05,82
7,26c9ed6d-2200-e811-9414-f0921c16b9e5,0.23013698630136986,9.999999747379e-05,83
7,26c9ed6d-2200-e811-9414-f0921c16b9e5,0.2328767123287671,9.999999747379e-05,84
7,26c9ed6d-2200-e811-9414-f0921c16b9e5,0.2356164383561644,0.0,85
7,26c9ed6d-2200-e811-9414-f0921c16b9e5,0.23835616438356164,0.0,86
7,26c9ed6d-2200-e811-9414-f0921c16b9e5,0.2410958904109589,0.0,87
7,26c9ed6d-2200-e811-9414-f0921c16b9e5,0.24383561643835616,0.0,88
7,26c9ed6d-2200-e811-9414-f0921c16b9e5,0.2465753424657534,0.0,89
8,25c9ed6d-2200-e811-9414-f0921c16b9e5,0.0027397260273972603,0.0,0
8,25c9ed6d-2200-e811-9414-f0921c16b9e5,0.005479452054794521,0.0005000000237487,1
8,25c9ed6d-2200-e811-9414-f0921c16b9e5,0.00821917808219178,0.0006999999750406,2
8,25c9ed6d-2200-e811-9414-f0921c16b9e5,0.010958904109589041,0.00109999999404,3
8,25c9ed6d-2200-e811-9414-f0921c16b9e5,0.0136986301369863,0.001500000013039,4
8,25c9ed6d-2200-e811-9414-f0921c16b9e5,0.01643835616438356,0.002700000070035,5
8,25c9ed6d-2200-e811-9414-f0921c16b9e5,0.019178082191780823,0.0046999999322,6
8,25c9ed6d-2200-e811-9414-f0921c16b9e5,0.021917808219178082,0.006599999964237,7
8,25c9ed6d-2200-e811-9414-f0921c16b9e5,0.024657534246575342,0.01080000028014,8
8,25c9ed6d-2200-e811-9414-f0921c16b9e5,0.0273972602739726,0.01700000092387,9
8,25c9ed6d-2200-e811-9414-f0921c16b9e5,0.030136986301369864,0.02630000002682,10
8,25c9ed6d-2200-e811-9414-f0921c16b9e5,0.03287671232876712,0.04100000113249,11
8,25c9ed6d-2200-e811-9414-f0921c16b9e5,0.03561643835616438,0.06150000169873,12
8,25c9ed6d-2200-e811-9414-f0921c16b9e5,0.038356164383561646,0.08739999681711,13
8,25c9ed6d-2200-e811-9414-f0921c16b9e5,0.0410958904109589,0.1282999962568,14
8,25c9ed6d-2200-e811-9414-f0921c16b9e5,0.043835616438356165,0.1808999925852,15
8,25c9ed6d-2200-e811-9414-f0921c16b9e5,0.04657534246575343,0.2452999949455,16
8,25c9ed6d-2200-e811-9414-f0921c16b9e5,0.049315068493150684,0.315800011158,17
8,25c9ed6d-2200-e811-9414-f0921c16b9e5,0.052054794520547946,0.3768000006676,18
8,25c9ed6d-2200-e811-9414-f0921c16b9e5,0.0547945205479452,0.4408999979496,19
8,25c9ed6d-2200-e811-9414-f0921c16b9e5,0.057534246575342465,0.4810000061989,20
8,25c9ed6d-2200-e811-9414-f0921c16b9e5,0.06027397260273973,0.4943000078201,21
8,25c9ed6d-2200-e811-9414-f0921c16b9e5,0.06301369863013699,0.4972999989986,22
8,25c9ed6d-2200-e811-9414-f0921c16b9e5,0.06575342465753424,0.4767000079155,23
8,25c9ed6d-2200-e811-9414-f0921c16b9e5,0.0684931506849315,0.4442999958992,24
8,25c9ed6d-2200-e811-9414-f0921c16b9e5,0.07123287671232877,0.4097999930382,25
8,25c9ed6d-2200-e811-9414-f0921c16b9e5,0.07397260273972603,0.3711999952793,26
8,25c9ed6d-2200-e811-9414-f0921c16b9e5,0.07671232876712329,0.3348999917507,27
8,25c9ed6d-2200-e811-9414-f0921c16b9e5,0.07945205479452055,0.3005000054836,28
8,25c9ed6d-2200-e811-9414-f0921c16b9e5,0.0821917808219178,0.2680999934673,29
8,25c9ed6d-2200-e811-9414-f0921c16b9e5,0.08493150684931507,0.2393999993801,30
8,25c9ed6d-2200-e811-9414-f0921c16b9e5,0.08767123287671233,0.2123000025749,31
8,25c9ed6d-2200-e811-9414-f0921c16b9e5,0.09041095890410959,0.188299998641,32
8,25c9ed6d-2200-e811-9414-f0921c16b9e5,0.09315068493150686,0.167199999094,33
8,25c9ed6d-2200-e811-9414-f0921c16b9e5,0.0958904109589041,0.1474999934435,34
8,25c9ed6d-2200-e811-9414-f0921c16b9e5,0.09863013698630137,0.1324999928474,35
8,25c9ed6d-2200-e811-9414-f0921c16b9e5,0.10136986301369863,0.118100002408,36
8,25c9ed6d-2200-e811-9414-f0921c16b9e5,0.10410958904109589,0.1032999977469,37
8,25c9ed6d-2200-e811-9414-f0921c16b9e5,0.10684931506849316,0.09210000187159,38
8,25c9ed6d-2200-e811-9414-f0921c16b9e5,0.1095890410958904,0.08089999854565,39
8,25c9ed6d-2200-e811-9414-f0921c16b9e5,0.11232876712328767,0.07400000095367,40
8,25c9ed6d-2200-e811-9414-f0921c16b9e5,0.11506849315068493,0.06459999829531,41
8,25c9ed6d-2200-e811-9414-f0921c16b9e5,0.1178082191780822,0.05669999867678,42
8,25c9ed6d-2200-e811-9414-f0921c16b9e5,0.12054794520547946,0.05059999972582,43
8,25c9ed6d-2200-e811-9414-f0921c16b9e5,0.1232876712328767,0.04470000043511,44
8,25c9ed6d-2200-e811-9414-f0921c16b9e5,0.12602739726027398,0.03990000113845,45
8,25c9ed6d-2200-e811-9414-f0921c16b9e5,0.12876712328767123,0.03440000116825,46
8,25c9ed6d-2200-e811-9414-f0921c16b9e5,0.13150684931506848,0.02989999949932,47
8,25c9ed6d-2200-e811-9414-f0921c16b9e5,0.13424657534246576,0.02580000087619,48
8,25c9ed6d-2200-e811-9414-f0921c16b9e5,0.136986301369863,0.0226000007242,49
8,25c9ed6d-2200-e811-9414-f0921c16b9e5,0.13972602739726028,0.01960000023246,50
8,25c9ed6d-2200-e811-9414-f0921c16b9e5,0.14246575342465753,0.01590000092983,51
8,25c9ed6d-2200-e811-9414-f0921c16b9e5,0.14520547945205478,0.01420000009239,52
8,25c9ed6d-2200-e811-9414-f0921c16b9e5,0.14794520547945206,0.01229999959469,53
8,25c9ed6d-2200-e811-9414-f0921c16b9e5,0.1506849315068493,0.01090000011027,54
8,25c9ed6d-2200-e811-9414-f0921c16b9e5,0.15342465753424658,0.009600000455976,55
8,25c9ed6d-2200-e811-9414-f0921c16b9e5,0.15616438356164383,0.008100000210106,56
8,25c9ed6d-2200-e811-9414-f0921c16b9e5,0.1589041095890411,0.00719999987632,57
8,25c9ed6d-2200-e811-9414-f0921c16b9e5,0.16164383561643836,0.00650000013411,58
8,25c9ed6d-2200-e811-9414-f0921c16b9e5,0.1643835616438356,0.006200000178069,59
8,25c9ed6d-2200-e811-9414-f0921c16b9e5,0.16712328767123288,0.005700000096112,60
8,25c9ed6d-2200-e811-9414-f0921c16b9e5,0.16986301369863013,0.005299999844283,61
8,25c9ed6d-2200-e811-9414-f0921c16b9e5,0.1726027397260274,0.004800000227988,62
8,25c9ed6d-2200-e811-9414-f0921c16b9e5,0.17534246575342466,0.004199999850243,63
8,25c9ed6d-2200-e811-9414-f0921c16b9e5,0.1780821917808219,0.004100000020117,64
8,25c9ed6d-2200-e811-9414-f0921c16b9e5,0.18082191780821918,0.003899999894202,65
8,25c9ed6d-2200-e811-9414-f0921c16b9e5,0.18356164383561643,0.003299999982119,66
8,25c9ed6d-2200-e811-9414-f0921c16b9e5,0.1863013698630137,0.002600000007078,67
8,25c9ed6d-2200-e811-9414-f0921c16b9e5,0.18904109589041096,0.002400000113994,68
8,25c9ed6d-2200-e811-9414-f0921c16b9e5,0.1917808219178082,0.002099999925122,69
8,25c9ed6d-2200-e811-9414-f0921c16b9e5,0.19452054794520549,0.002000000094995,70
8,25c9ed6d-2200-e811-9414-f0921c16b9e5,0.19726027397260273,0.00179999996908,71
8,25c9ed6d-2200-e811-9414-f0921c16b9e5,0.2,0.00109999999404,72
8,25c9ed6d-2200-e811-9414-f0921c16b9e5,0.20273972602739726,0.00109999999404,73
8,25c9ed6d-2200-e811-9414-f0921c16b9e5,0.2054794520547945,0.00109999999404,74
8,25c9ed6d-2200-e811-9414-f0921c16b9e5,0.20821917808219179,0.001000000047497,75
8,25c9ed6d-2200-e811-9414-f0921c16b9e5,0.21095890410958903,0.001000000047497,76
8,25c9ed6d-2200-e811-9414-f0921c16b9e5,0.2136986301369863,0.001000000047497,77
8,25c9ed6d-2200-e811-9414-f0921c16b9e5,0.21643835616438356,0.001000000047497,78
8,25c9ed6d-2200-e811-9414-f0921c16b9e5,0.2191780821917808,0.00089999998454,79
8,25c9ed6d-2200-e811-9414-f0921c16b9e5,0.2219178082191781,0.0007999999797903,80
8,25c9ed6d-2200-e811-9414-f0921c16b9e5,0.22465753424657534,0.0007999999797903,81
8,25c9ed6d-2200-e811-9414-f0921c16b9e5,0.2273972602739726,0.0007999999797903,82
8,25c9ed6d-2200-e811-9414-f0921c16b9e5,0.23013698630136986,0.0007999999797903,83
8,25c9ed6d-2200-e811-9414-f0921c16b9e5,0.2328767123287671,0.0007999999797903,84
8,25c9ed6d-2200-e811-9414-f0921c16b9e5,0.2356164383561644,0.0005000000237487,85
8,25c9ed6d-2200-e811-9414-f0921c16b9e5,0.23835616438356164,0.0003999999898952,86
8,25c9ed6d-2200-e811-9414-f0921c16b9e5,0.2410958904109589,0.0003999999898952,87
8,25c9ed6d-2200-e811-9414-f0921c16b9e5,0.24383561643835616,0.0003999999898952,88
8,25c9ed6d-2200-e811-9414-f0921c16b9e5,0.2465753424657534,0.0003000000142492,89
9,24c9ed6d-2200-e811-9414-f0921c16b9e5,0.0027397260273972603,0.0,0
9,24c9ed6d-2200-e811-9414-f0921c16b9e5,0.005479452054794521,0.00089999998454,1
9,24c9ed6d-2200-e811-9414-f0921c16b9e5,0.00821917808219178,0.002000000094995,2
9,24c9ed6d-2200-e811-9414-f0921c16b9e5,0.010958904109589041,0.003000000026077,3
9,24c9ed6d-2200-e811-9414-f0921c16b9e5,0.0136986301369863,0.0046999999322,4
9,24c9ed6d-2200-e811-9414-f0921c16b9e5,0.01643835616438356,0.007100000046194,5
9,24c9ed6d-2200-e811-9414-f0921c16b9e5,0.019178082191780823,0.01159999985248,6
9,24c9ed6d-2200-e811-9414-f0921c16b9e5,0.021917808219178082,0.02060000039637,7
9,24c9ed6d-2200-e811-9414-f0921c16b9e5,0.024657534246575342,0.03539999946952,8
9,24c9ed6d-2200-e811-9414-f0921c16b9e5,0.0273972602739726,0.06040000170469,9
9,24c9ed6d-2200-e811-9414-f0921c16b9e5,0.030136986301369864,0.09870000183582,10
9,24c9ed6d-2200-e811-9414-f0921c16b9e5,0.03287671232876712,0.1580999940634,11
9,24c9ed6d-2200-e811-9414-f0921c16b9e5,0.03561643835616438,0.2413000017405,12
9,24c9ed6d-2200-e811-9414-f0921c16b9e5,0.038356164383561646,0.339300006628,13
9,24c9ed6d-2200-e811-9414-f0921c16b9e5,0.0410958904109589,0.4320000112057,14
9,24c9ed6d-2200-e811-9414-f0921c16b9e5,0.043835616438356165,0.4945999979973,15
9,24c9ed6d-2200-e811-9414-f0921c16b9e5,0.04657534246575343,0.5257999897003,16
9,24c9ed6d-2200-e811-9414-f0921c16b9e5,0.049315068493150684,0.5163000226021,17
9,24c9ed6d-2200-e811-9414-f0921c16b9e5,0.052054794520547946,0.4828000068665,18
9,24c9ed6d-2200-e811-9414-f0921c16b9e5,0.0547945205479452,0.4415000081062,19
9,24c9ed6d-2200-e811-9414-f0921c16b9e5,0.057534246575342465,0.3907999992371,20
9,24c9ed6d-2200-e811-9414-f0921c16b9e5,0.06027397260273973,0.3443000018597,21
9,24c9ed6d-2200-e811-9414-f0921c16b9e5,0.06301369863013699,0.2973000109196,22
9,24c9ed6d-2200-e811-9414-f0921c16b9e5,0.06575342465753424,0.2592000067234,23
9,24c9ed6d-2200-e811-9414-f0921c16b9e5,0.0684931506849315,0.2248000055552,24
9,24c9ed6d-2200-e811-9414-f0921c16b9e5,0.07123287671232877,0.193599998951,25
9,24c9ed6d-2200-e811-9414-f0921c16b9e5,0.07397260273972603,0.1676000058651,26
9,24c9ed6d-2200-e811-9414-f0921c16b9e5,0.07671232876712329,0.1432999968529,27
9,24c9ed6d-2200-e811-9414-f0921c16b9e5,0.07945205479452055,0.1239999979734,28
9,24c9ed6d-2200-e811-9414-f0921c16b9e5,0.0821917808219178,0.1054000034928,29
9,24c9ed6d-2200-e811-9414-f0921c16b9e5,0.08493150684931507,0.09070000052452,30
9,24c9ed6d-2200-e811-9414-f0921c16b9e5,0.08767123287671233,0.07760000228882,31
9,24c9ed6d-2200-e811-9414-f0921c16b9e5,0.09041095890410959,0.06499999761581,32
9,24c9ed6d-2200-e811-9414-f0921c16b9e5,0.09315068493150686,0.05559999868274,33
9,24c9ed6d-2200-e811-9414-f0921c16b9e5,0.0958904109589041,0.04569999873638,34
9,24c9ed6d-2200-e811-9414-f0921c16b9e5,0.09863013698630137,0.03830000013113,35
9,24c9ed6d-2200-e811-9414-f0921c16b9e5,0.10136986301369863,0.03200000151992,36
9,24c9ed6d-2200-e811-9414-f0921c16b9e5,0.10410958904109589,0.02710000053048,37
9,24c9ed6d-2200-e811-9414-f0921c16b9e5,0.10684931506849316,0.0226000007242,38
9,24c9ed6d-2200-e811-9414-f0921c16b9e5,0.1095890410958904,0.01909999921918,39
9,24c9ed6d-2200-e811-9414-f0921c16b9e5,0.11232876712328767,0.01630000025034,40
9,24c9ed6d-2200-e811-9414-f0921c16b9e5,0.11506849315068493,0.01429999992251,41
9,24c9ed6d-2200-e811-9414-f0921c16b9e5,0.1178082191780822,0.01169999968261,42
9,24c9ed6d-2200-e811-9414-f0921c16b9e5,0.12054794520547946,0.01070000045002,43
9,24c9ed6d-2200-e811-9414-f0921c16b9e5,0.1232876712328767,0.009499999694526,44
9,24c9ed6d-2200-e811-9414-f0921c16b9e5,0.12602739726027398,0.00800000037998,45
9,24c9ed6d-2200-e811-9414-f0921c16b9e5,0.12876712328767123,0.006099999882281,46
9,24c9ed6d-2200-e811-9414-f0921c16b9e5,0.13150684931506848,0.005299999844283,47
9,24c9ed6d-2200-e811-9414-f0921c16b9e5,0.13424657534246576,0.004300000146031,48
9,24c9ed6d-2200-e811-9414-f0921c16b9e5,0.136986301369863,0.003700000001118,49
9,24c9ed6d-2200-e811-9414-f0921c16b9e5,0.13972602739726028,0.003100000089034,50
9,24c9ed6d-2200-e811-9414-f0921c16b9e5,0.14246575342465753,0.002700000070035,51
9,24c9ed6d-2200-e811-9414-f0921c16b9e5,0.14520547945205478,0.002300000051036,52
9,24c9ed6d-2200-e811-9414-f0921c16b9e5,0.14794520547945206,0.002099999925122,53
9,24c9ed6d-2200-e811-9414-f0921c16b9e5,0.1506849315068493,0.001900000032037,54
9,24c9ed6d-2200-e811-9414-f0921c16b9e5,0.15342465753424658,0.001900000032037,55
9,24c9ed6d-2200-e811-9414-f0921c16b9e5,0.15616438356164383,0.00179999996908,56
9,24c9ed6d-2200-e811-9414-f0921c16b9e5,0.1589041095890411,0.001399999950081,57
9,24c9ed6d-2200-e811-9414-f0921c16b9e5,0.16164383561643836,0.001300000003539,58
9,24c9ed6d-2200-e811-9414-f0921c16b9e5,0.1643835616438356,0.001200000056997,59
9,24c9ed6d-2200-e811-9414-f0921c16b9e5,0.16712328767123288,0.001000000047497,60
9,24c9ed6d-2200-e811-9414-f0921c16b9e5,0.16986301369863013,0.00089999998454,61
9,24c9ed6d-2200-e811-9414-f0921c16b9e5,0.1726027397260274,0.0007999999797903,62
9,24c9ed6d-2200-e811-9414-f0921c16b9e5,0.17534246575342466,0.0006999999750406,63
9,24c9ed6d-2200-e811-9414-f0921c16b9e5,0.1780821917808219,0.0006000000284985,64
9,24c9ed6d-2200-e811-9414-f0921c16b9e5,0.18082191780821918,0.0003999999898952,65
9,24c9ed6d-2200-e811-9414-f0921c16b9e5,0.18356164383561643,0.0003000000142492,66
9,24c9ed6d-2200-e811-9414-f0921c16b9e5,0.1863013698630137,0.0001999999949476,67
9,24c9ed6d-2200-e811-9414-f0921c16b9e5,0.18904109589041096,0.0,68
9,24c9ed6d-2200-e811-9414-f0921c16b9e5,0.1917808219178082,0.0,69
9,24c9ed6d-2200-e811-9414-f0921c16b9e5,0.19452054794520549,0.0,70
9,24c9ed6d-2200-e811-9414-f0921c16b9e5,0.19726027397260273,0.0,71
9,24c9ed6d-2200-e811-9414-f0921c16b9e5,0.2,0.0,72
9,24c9ed6d-2200-e811-9414-f0921c16b9e5,0.20273972602739726,0.0,73
9,24c9ed6d-2200-e811-9414-f0921c16b9e5,0.2054794520547945,0.0,74
9,24c9ed6d-2200-e811-9414-f0921c16b9e5,0.20821917808219179,0.0,75
9,24c9ed6d-2200-e811-9414-f0921c16b9e5,0.21095890410958903,0.0,76
9,24c9ed6d-2200-e811-9414-f0921c16b9e5,0.2136986301369863,0.0,77
9,24c9ed6d-2200-e811-9414-f0921c16b9e5,0.21643835616438356,0.0,78
9,24c9ed6d-2200-e811-9414-f0921c16b9e5,0.2191780821917808,0.0,79
9,24c9ed6d-2200-e811-9414-f0921c16b9e5,0.2219178082191781,0.0,80
9,24c9ed6d-2200-e811-9414-f0921c16b9e5,0.22465753424657534,0.0,81
9,24c9ed6d-2200-e811-9414-f0921c16b9e5,0.2273972602739726,0.0,82
9,24c9ed6d-2200-e811-9414-f0921c16b9e5,0.23013698630136986,0.0,83
9,24c9ed6d-2200-e811-9414-f0921c16b9e5,0.2328767123287671,0.0,84
9,24c9ed6d-2200-e811-9414-f0921c16b9e5,0.2356164383561644,0.0,85
9,24c9ed6d-2200-e811-9414-f0921c16b9e5,0.23835616438356164,0.0,86
9,24c9ed6d-2200-e811-9414-f0921c16b9e5,0.2410958904109589,0.0,87
9,24c9ed6d-2200-e811-9414-f0921c16b9e5,0.24383561643835616,0.0,88
9,24c9ed6d-2200-e811-9414-f0921c16b9e5,0.2465753424657534,0.0,89
10,6408bf63-2200-e811-9414-f0921c16b9e5,0.0027397260273972603,0.0,0
10,6408bf63-2200-e811-9414-f0921c16b9e5,0.005479452054794521,0.0003000000142492,1
10,6408bf63-2200-e811-9414-f0921c16b9e5,0.00821917808219178,0.0003000000142492,2
10,6408bf63-2200-e811-9414-f0921c16b9e5,0.010958904109589041,0.0005000000237487,3
10,6408bf63-2200-e811-9414-f0921c16b9e5,0.0136986301369863,0.001300000003539,4
10,6408bf63-2200-e811-9414-f0921c16b9e5,0.01643835616438356,0.002499999944121,5
10,6408bf63-2200-e811-9414-f0921c16b9e5,0.019178082191780823,0.004100000020117,6
10,6408bf63-2200-e811-9414-f0921c16b9e5,0.021917808219178082,0.006000000052154,7
10,6408bf63-2200-e811-9414-f0921c16b9e5,0.024657534246575342,0.01040000002831,8
10,6408bf63-2200-e811-9414-f0921c16b9e5,0.0273972602739726,0.01569999940693,9
10,6408bf63-2200-e811-9414-f0921c16b9e5,0.030136986301369864,0.02360000088811,10
10,6408bf63-2200-e811-9414-f0921c16b9e5,0.03287671232876712,0.03660000115633,11
10,6408bf63-2200-e811-9414-f0921c16b9e5,0.03561643835616438,0.05689999833703,12
10,6408bf63-2200-e811-9414-f0921c16b9e5,0.038356164383561646,0.08680000156164,13
10,6408bf63-2200-e811-9414-f0921c16b9e5,0.0410958904109589,0.1247000023723,14
10,6408bf63-2200-e811-9414-f0921c16b9e5,0.043835616438356165,0.174099996686,15
10,6408bf63-2200-e811-9414-f0921c16b9e5,0.04657534246575343,0.2356999963522,16
10,6408bf63-2200-e811-9414-f0921c16b9e5,0.049315068493150684,0.3057999908924,17
10,6408bf63-2200-e811-9414-f0921c16b9e5,0.052054794520547946,0.3713000118732,18
10,6408bf63-2200-e811-9414-f0921c16b9e5,0.0547945205479452,0.4160999953747,19
10,6408bf63-2200-e811-9414-f0921c16b9e5,0.057534246575342465,0.4309000074863,20
10,6408bf63-2200-e811-9414-f0921c16b9e5,0.06027397260273973,0.4289999902248,21
10,6408bf63-2200-e811-9414-f0921c16b9e5,0.06301369863013699,0.4092999994755,22
10,6408bf63-2200-e811-9414-f0921c16b9e5,0.06575342465753424,0.371699988842,23
10,6408bf63-2200-e811-9414-f0921c16b9e5,0.0684931506849315,0.33599999547,24
10,6408bf63-2200-e811-9414-f0921c16b9e5,0.07123287671232877,0.3019999861717,25
10,6408bf63-2200-e811-9414-f0921c16b9e5,0.07397260273972603,0.2633000016212,26
10,6408bf63-2200-e811-9414-f0921c16b9e5,0.07671232876712329,0.2233999967575,27
10,6408bf63-2200-e811-9414-f0921c16b9e5,0.07945205479452055,0.1911000013351,28
10,6408bf63-2200-e811-9414-f0921c16b9e5,0.0821917808219178,0.1627999991179,29
10,6408bf63-2200-e811-9414-f0921c16b9e5,0.08493150684931507,0.1394000053406,30
10,6408bf63-2200-e811-9414-f0921c16b9e5,0.08767123287671233,0.119099996984,31
10,6408bf63-2200-e811-9414-f0921c16b9e5,0.09041095890410959,0.1026000007987,32
10,6408bf63-2200-e811-9414-f0921c16b9e5,0.09315068493150686,0.08709999918938,33
10,6408bf63-2200-e811-9414-f0921c16b9e5,0.0958904109589041,0.07329999655485,34
10,6408bf63-2200-e811-9414-f0921c16b9e5,0.09863013698630137,0.06129999831319,35
10,6408bf63-2200-e811-9414-f0921c16b9e5,0.10136986301369863,0.05220000073314,36
10,6408bf63-2200-e811-9414-f0921c16b9e5,0.10410958904109589,0.04459999874234,37
10,6408bf63-2200-e811-9414-f0921c16b9e5,0.10684931506849316,0.03689999878407,38
10,6408bf63-2200-e811-9414-f0921c16b9e5,0.1095890410958904,0.03030000068247,39
10,6408bf63-2200-e811-9414-f0921c16b9e5,0.11232876712328767,0.0262000001967,40
10,6408bf63-2200-e811-9414-f0921c16b9e5,0.11506849315068493,0.02250000089407,41
10,6408bf63-2200-e811-9414-f0921c16b9e5,0.1178082191780822,0.01850000023842,42
10,6408bf63-2200-e811-9414-f0921c16b9e5,0.12054794520547946,0.01559999957681,43
10,6408bf63-2200-e811-9414-f0921c16b9e5,0.1232876712328767,0.01260000001639,44
10,6408bf63-2200-e811-9414-f0921c16b9e5,0.12602739726027398,0.01020000036806,45
10,6408bf63-2200-e811-9414-f0921c16b9e5,0.12876712328767123,0.008799999952316,46
10,6408bf63-2200-e811-9414-f0921c16b9e5,0.13150684931506848,0.006599999964237,47
10,6408bf63-2200-e811-9414-f0921c16b9e5,0.13424657534246576,0.005799999926239,48
10,6408bf63-2200-e811-9414-f0921c16b9e5,0.136986301369863,0.004600000102073,49
10,6408bf63-2200-e811-9414-f0921c16b9e5,0.13972602739726028,0.003500000108033,50
10,6408bf63-2200-e811-9414-f0921c16b9e5,0.14246575342465753,0.003000000026077,51
10,6408bf63-2200-e811-9414-f0921c16b9e5,0.14520547945205478,0.002700000070035,52
10,6408bf63-2200-e811-9414-f0921c16b9e5,0.14794520547945206,0.002499999944121,53
10,6408bf63-2200-e811-9414-f0921c16b9e5,0.1506849315068493,0.001900000032037,54
10,6408bf63-2200-e811-9414-f0921c16b9e5,0.15342465753424658,0.001700000022538,55
10,6408bf63-2200-e811-9414-f0921c16b9e5,0.15616438356164383,0.001500000013039,56
10,6408bf63-2200-e811-9414-f0921c16b9e5,0.1589041095890411,0.001300000003539,57
10,6408bf63-2200-e811-9414-f0921c16b9e5,0.16164383561643836,0.001000000047497,58
10,6408bf63-2200-e811-9414-f0921c16b9e5,0.1643835616438356,0.0007999999797903,59
10,6408bf63-2200-e811-9414-f0921c16b9e5,0.16712328767123288,0.0006999999750406,60
10,6408bf63-2200-e811-9414-f0921c16b9e5,0.16986301369863013,0.0005000000237487,61
10,6408bf63-2200-e811-9414-f0921c16b9e5,0.1726027397260274,0.0005000000237487,62
10,6408bf63-2200-e811-9414-f0921c16b9e5,0.17534246575342466,0.0003999999898952,63
10,6408bf63-2200-e811-9414-f0921c16b9e5,0.1780821917808219,0.0003999999898952,64
10,6408bf63-2200-e811-9414-f0921c16b9e5,0.18082191780821918,0.0003000000142492,65
10,6408bf63-2200-e811-9414-f0921c16b9e5,0.18356164383561643,9.999999747379e-05,66
10,6408bf63-2200-e811-9414-f0921c16b9e5,0.1863013698630137,9.999999747379e-05,67
10,6408bf63-2200-e811-9414-f0921c16b9e5,0.18904109589041096,9.999999747379e-05,68
10,6408bf63-2200-e811-9414-f0921c16b9e5,0.1917808219178082,9.999999747379e-05,69
10,6408bf63-2200-e811-9414-f0921c16b9e5,0.19452054794520549,9.999999747379e-05,70
10,6408bf63-2200-e811-9414-f0921c16b9e5,0.19726027397260273,9.999999747379e-05,71
10,6408bf63-2200-e811-9414-f0921c16b9e5,0.2,9.999999747379e-05,72
10,6408bf63-2200-e811-9414-f0921c16b9e5,0.20273972602739726,9.999999747379e-05,73
10,6408bf63-2200-e811-9414-f0921c16b9e5,0.2054794520547945,9.999999747379e-05,74
10,6408bf63-2200-e811-9414-f0921c16b9e5,0.20821917808219179,9.999999747379e-05,75
10,6408bf63-2200-e811-9414-f0921c16b9e5,0.21095890410958903,9.999999747379e-05,76
10,6408bf63-2200-e811-9414-f0921c16b9e5,0.2136986301369863,9.999999747379e-05,77
10,6408bf63-2200-e811-9414-f0921c16b9e5,0.21643835616438356,0.0,78
10,6408bf63-2200-e811-9414-f0921c16b9e5,0.2191780821917808,0.0,79
10,6408bf63-2200-e811-9414-f0921c16b9e5,0.2219178082191781,0.0,80
10,6408bf63-2200-e811-9414-f0921c16b9e5,0.22465753424657534,0.0,81
10,6408bf63-2200-e811-9414-f0921c16b9e5,0.2273972602739726,0.0,82
10,6408bf63-2200-e811-9414-f0921c16b9e5,0.23013698630136986,0.0,83
10,6408bf63-2200-e811-9414-f0921c16b9e5,0.2328767123287671,0.0,84
10,6408bf63-2200-e811-9414-f0921c16b9e5,0.2356164383561644,0.0,85
10,6408bf63-2200-e811-9414-f0921c16b9e5,0.23835616438356164,0.0,86
10,6408bf63-2200-e811-9414-f0921c16b9e5,0.2410958904109589,0.0,87
10,6408bf63-2200-e811-9414-f0921c16b9e5,0.24383561643835616,0.0,88
10,6408bf63-2200-e811-9414-f0921c16b9e5,0.2465753424657534,0.0,89
11,6308bf63-2200-e811-9414-f0921c16b9e5,0.0027397260273972603,0.0,0
11,6308bf63-2200-e811-9414-f0921c16b9e5,0.005479452054794521,0.0003999999898952,1
11,6308bf63-2200-e811-9414-f0921c16b9e5,0.00821917808219178,0.0006000000284985,2
11,6308bf63-2200-e811-9414-f0921c16b9e5,0.010958904109589041,0.001000000047497,3
11,6308bf63-2200-e811-9414-f0921c16b9e5,0.0136986301369863,0.001700000022538,4
11,6308bf63-2200-e811-9414-f0921c16b9e5,0.01643835616438356,0.002400000113994,5
11,6308bf63-2200-e811-9414-f0921c16b9e5,0.019178082191780823,0.00359999993816,6
11,6308bf63-2200-e811-9414-f0921c16b9e5,0.021917808219178082,0.005499999970198,7
11,6308bf63-2200-e811-9414-f0921c16b9e5,0.024657534246575342,0.008799999952316,8
11,6308bf63-2200-e811-9414-f0921c16b9e5,0.0273972602739726,0.0132999997586,9
11,6308bf63-2200-e811-9414-f0921c16b9e5,0.030136986301369864,0.02119999937713,10
11,6308bf63-2200-e811-9414-f0921c16b9e5,0.03287671232876712,0.03260000050068,11
11,6308bf63-2200-e811-9414-f0921c16b9e5,0.03561643835616438,0.05130000039935,12
11,6308bf63-2200-e811-9414-f0921c16b9e5,0.038356164383561646,0.07620000094175,13
11,6308bf63-2200-e811-9414-f0921c16b9e5,0.0410958904109589,0.1165999993682,14
11,6308bf63-2200-e811-9414-f0921c16b9e5,0.043835616438356165,0.1753000020981,15
11,6308bf63-2200-e811-9414-f0921c16b9e5,0.04657534246575343,0.2486999928951,16
11,6308bf63-2200-e811-9414-f0921c16b9e5,0.049315068493150684,0.3274999856949,17
11,6308bf63-2200-e811-9414-f0921c16b9e5,0.052054794520547946,0.4108999967575,18
11,6308bf63-2200-e811-9414-f0921c16b9e5,0.0547945205479452,0.4801999926567,19
11,6308bf63-2200-e811-9414-f0921c16b9e5,0.057534246575342465,0.5257999897003,20
11,6308bf63-2200-e811-9414-f0921c16b9e5,0.06027397260273973,0.5421000123024,21
11,6308bf63-2200-e811-9414-f0921c16b9e5,0.06301369863013699,0.5410000085831,22
11,6308bf63-2200-e811-9414-f0921c16b9e5,0.06575342465753424,0.5177000164986,23
11,6308bf63-2200-e811-9414-f0921c16b9e5,0.0684931506849315,0.4819999933243,24
11,6308bf63-2200-e811-9414-f0921c16b9e5,0.07123287671232877,0.4431000053883,25
11,6308bf63-2200-e811-9414-f0921c16b9e5,0.07397260273972603,0.4034000039101,26
11,6308bf63-2200-e811-9414-f0921c16b9e5,0.07671232876712329,0.3662999868393,27
11,6308bf63-2200-e811-9414-f0921c16b9e5,0.07945205479452055,0.3300999999046,28
11,6308bf63-2200-e811-9414-f0921c16b9e5,0.0821917808219178,0.2967999875546,29
11,6308bf63-2200-e811-9414-f0921c16b9e5,0.08493150684931507,0.2651999890804,30
11,6308bf63-2200-e811-9414-f0921c16b9e5,0.08767123287671233,0.2377000004053,31
11,6308bf63-2200-e811-9414-f0921c16b9e5,0.09041095890410959,0.2099999934435,32
11,6308bf63-2200-e811-9414-f0921c16b9e5,0.09315068493150686,0.1888000071049,33
11,6308bf63-2200-e811-9414-f0921c16b9e5,0.0958904109589041,0.1669999957085,34
11,6308bf63-2200-e811-9414-f0921c16b9e5,0.09863013698630137,0.1471000015736,35
11,6308bf63-2200-e811-9414-f0921c16b9e5,0.10136986301369863,0.1306000053883,36
11,6308bf63-2200-e811-9414-f0921c16b9e5,0.10410958904109589,0.1184000000358,37
11,6308bf63-2200-e811-9414-f0921c16b9e5,0.10684931506849316,0.1050999984145,38
11,6308bf63-2200-e811-9414-f0921c16b9e5,0.1095890410958904,0.09279999881983,39
11,6308bf63-2200-e811-9414-f0921c16b9e5,0.11232876712328767,0.08389999717474,40
11,6308bf63-2200-e811-9414-f0921c16b9e5,0.11506849315068493,0.07429999858141,41
11,6308bf63-2200-e811-9414-f0921c16b9e5,0.1178082191780822,0.0675999969244,42
11,6308bf63-2200-e811-9414-f0921c16b9e5,0.12054794520547946,0.06010000035167,43
11,6308bf63-2200-e811-9414-f0921c16b9e5,0.1232876712328767,0.05299999937415,44
11,6308bf63-2200-e811-9414-f0921c16b9e5,0.12602739726027398,0.04699999839067,45
11,6308bf63-2200-e811-9414-f0921c16b9e5,0.12876712328767123,0.04239999875426,46
11,6308bf63-2200-e811-9414-f0921c16b9e5,0.13150684931506848,0.03689999878407,47
11,6308bf63-2200-e811-9414-f0921c16b9e5,0.13424657534246576,0.03240000084043,48
11,6308bf63-2200-e811-9414-f0921c16b9e5,0.136986301369863,0.02899999916553,49
11,6308bf63-2200-e811-9414-f0921c16b9e5,0.13972602739726028,0.0262000001967,50
11,6308bf63-2200-e811-9414-f0921c16b9e5,0.14246575342465753,0.0223999992013,51
11,6308bf63-2200-e811-9414-f0921c16b9e5,0.14520547945205478,0.01999999955297,52
11,6308bf63-2200-e811-9414-f0921c16b9e5,0.14794520547945206,0.01869999989867,53
11,6308bf63-2200-e811-9414-f0921c16b9e5,0.1506849315068493,0.01669999957085,54
11,6308bf63-2200-e811-9414-f0921c16b9e5,0.15342465753424658,0.01559999957681,55
11,6308bf63-2200-e811-9414-f0921c16b9e5,0.15616438356164383,0.01350000035018,56
11,6308bf63-2200-e811-9414-f0921c16b9e5,0.1589041095890411,0.01219999976456,57
11,6308bf63-2200-e811-9414-f0921c16b9e5,0.16164383561643836,0.01059999968857,58
11,6308bf63-2200-e811-9414-f0921c16b9e5,0.1643835616438356,0.009499999694526,59
11,6308bf63-2200-e811-9414-f0921c16b9e5,0.16712328767123288,0.00829999987036,60
11,6308bf63-2200-e811-9414-f0921c16b9e5,0.16986301369863013,0.00719999987632,61
11,6308bf63-2200-e811-9414-f0921c16b9e5,0.1726027397260274,0.006899999920279,62
11,6308bf63-2200-e811-9414-f0921c16b9e5,0.17534246575342466,0.006300000008196,63
11,6308bf63-2200-e811-9414-f0921c16b9e5,0.1780821917808219,0.006200000178069,64
11,6308bf63-2200-e811-9414-f0921c16b9e5,0.18082191780821918,0.005299999844283,65
11,6308bf63-2200-e811-9414-f0921c16b9e5,0.18356164383561643,0.004499999806285,66
11,6308bf63-2200-e811-9414-f0921c16b9e5,0.1863013698630137,0.00400000018999,67
11,6308bf63-2200-e811-9414-f0921c16b9e5,0.18904109589041096,0.003800000064075,68
11,6308bf63-2200-e811-9414-f0921c16b9e5,0.1917808219178082,0.003500000108033,69
11,6308bf63-2200-e811-9414-f0921c16b9e5,0.19452054794520549,0.00289999996312,70
11,6308bf63-2200-e811-9414-f0921c16b9e5,0.19726027397260273,0.002799999900162,71
11,6308bf63-2200-e811-9414-f0921c16b9e5,0.2,0.002400000113994,72
11,6308bf63-2200-e811-9414-f0921c16b9e5,0.20273972602739726,0.002099999925122,73
11,6308bf63-2200-e811-9414-f0921c16b9e5,0.2054794520547945,0.001900000032037,74
11,6308bf63-2200-e811-9414-f0921c16b9e5,0.20821917808219179,0.001500000013039,75
11,6308bf63-2200-e811-9414-f0921c16b9e5,0.21095890410958903,0.001500000013039,76
11,6308bf63-2200-e811-9414-f0921c16b9e5,0.2136986301369863,0.001300000003539,77
11,6308bf63-2200-e811-9414-f0921c16b9e5,0.21643835616438356,0.00109999999404,78
11,6308bf63-2200-e811-9414-f0921c16b9e5,0.2191780821917808,0.00109999999404,79
11,6308bf63-2200-e811-9414-f0921c16b9e5,0.2219178082191781,0.001000000047497,80
11,6308bf63-2200-e811-9414-f0921c16b9e5,0.22465753424657534,0.0007999999797903,81
11,6308bf63-2200-e811-9414-f0921c16b9e5,0.2273972602739726,0.0006999999750406,82
11,6308bf63-2200-e811-9414-f0921c16b9e5,0.23013698630136986,0.0006999999750406,83
11,6308bf63-2200-e811-9414-f0921c16b9e5,0.2328767123287671,0.0006999999750406,84
11,6308bf63-2200-e811-9414-f0921c16b9e5,0.2356164383561644,0.0006000000284985,85
11,6308bf63-2200-e811-9414-f0921c16b9e5,0.23835616438356164,0.0005000000237487,86
11,6308bf63-2200-e811-9414-f0921c16b9e5,0.2410958904109589,0.0005000000237487,87
11,6308bf63-2200-e811-9414-f0921c16b9e5,0.24383561643835616,0.0005000000237487,88
11,6308bf63-2200-e811-9414-f0921c16b9e5,0.2465753424657534,0.0005000000237487,89
12,6208bf63-2200-e811-9414-f0921c16b9e5,0.0027397260273972603,0.0,0
12,6208bf63-2200-e811-9414-f0921c16b9e5,0.005479452054794521,0.0001999999949476,1
12,6208bf63-2200-e811-9414-f0921c16b9e5,0.00821917808219178,0.0006999999750406,2
12,6208bf63-2200-e811-9414-f0921c16b9e5,0.010958904109589041,0.001700000022538,3
12,6208bf63-2200-e811-9414-f0921c16b9e5,0.0136986301369863,0.004800000227988,4
12,6208bf63-2200-e811-9414-f0921c16b9e5,0.01643835616438356,0.01229999959469,5
12,6208bf63-2200-e811-9414-f0921c16b9e5,0.019178082191780823,0.0262000001967,6
12,6208bf63-2200-e811-9414-f0921c16b9e5,0.021917808219178082,0.06109999865294,7
12,6208bf63-2200-e811-9414-f0921c16b9e5,0.024657534246575342,0.1358000040054,8
12,6208bf63-2200-e811-9414-f0921c16b9e5,0.0273972602739726,0.2671999931335,9
12,6208bf63-2200-e811-9414-f0921c16b9e5,0.030136986301369864,0.4598999917507,10
12,6208bf63-2200-e811-9414-f0921c16b9e5,0.03287671232876712,0.6503999829292,11
12,6208bf63-2200-e811-9414-f0921c16b9e5,0.03561643835616438,0.7383000254631,12
12,6208bf63-2200-e811-9414-f0921c16b9e5,0.038356164383561646,0.7293999791145,13
12,6208bf63-2200-e811-9414-f0921c16b9e5,0.0410958904109589,0.6826000213623,14
12,6208bf63-2200-e811-9414-f0921c16b9e5,0.043835616438356165,0.6259999871254,15
12,6208bf63-2200-e811-9414-f0921c16b9e5,0.04657534246575343,0.5666000247002,16
12,6208bf63-2200-e811-9414-f0921c16b9e5,0.049315068493150684,0.5166000127792,17
12,6208bf63-2200-e811-9414-f0921c16b9e5,0.052054794520547946,0.4650999903679,18
12,6208bf63-2200-e811-9414-f0921c16b9e5,0.0547945205479452,0.4203000068665,19
12,6208bf63-2200-e811-9414-f0921c16b9e5,0.057534246575342465,0.3768999874592,20
12,6208bf63-2200-e811-9414-f0921c16b9e5,0.06027397260273973,0.3402999937534,21
12,6208bf63-2200-e811-9414-f0921c16b9e5,0.06301369863013699,0.3082000017166,22
12,6208bf63-2200-e811-9414-f0921c16b9e5,0.06575342465753424,0.2784999907017,23
12,6208bf63-2200-e811-9414-f0921c16b9e5,0.0684931506849315,0.2513000071049,24
12,6208bf63-2200-e811-9414-f0921c16b9e5,0.07123287671232877,0.2286999970675,25
12,6208bf63-2200-e811-9414-f0921c16b9e5,0.07397260273972603,0.2073000073433,26
12,6208bf63-2200-e811-9414-f0921c16b9e5,0.07671232876712329,0.1871999949217,27
12,6208bf63-2200-e811-9414-f0921c16b9e5,0.07945205479452055,0.1688999980688,28
12,6208bf63-2200-e811-9414-f0921c16b9e5,0.0821917808219178,0.1539999991655,29
12,6208bf63-2200-e811-9414-f0921c16b9e5,0.08493150684931507,0.1362999975681,30
12,6208bf63-2200-e811-9414-f0921c16b9e5,0.08767123287671233,0.1203999966383,31
12,6208bf63-2200-e811-9414-f0921c16b9e5,0.09041095890410959,0.1089999973774,32
12,6208bf63-2200-e811-9414-f0921c16b9e5,0.09315068493150686,0.09679999947548,33
12,6208bf63-2200-e811-9414-f0921c16b9e5,0.0958904109589041,0.08860000222921,34
12,6208bf63-2200-e811-9414-f0921c16b9e5,0.09863013698630137,0.08079999685287,35
12,6208bf63-2200-e811-9414-f0921c16b9e5,0.10136986301369863,0.07259999960661,36
12,6208bf63-2200-e811-9414-f0921c16b9e5,0.10410958904109589,0.06639999896288,37
12,6208bf63-2200-e811-9414-f0921c16b9e5,0.10684931506849316,0.05970000103116,38
12,6208bf63-2200-e811-9414-f0921c16b9e5,0.1095890410958904,0.05359999835491,39
12,6208bf63-2200-e811-9414-f0921c16b9e5,0.11232876712328767,0.04839999973774,40
12,6208bf63-2200-e811-9414-f0921c16b9e5,0.11506849315068493,0.04410000145435,41
12,6208bf63-2200-e811-9414-f0921c16b9e5,0.1178082191780822,0.03979999944568,42
12,6208bf63-2200-e811-9414-f0921c16b9e5,0.12054794520547946,0.0359000004828,43
12,6208bf63-2200-e811-9414-f0921c16b9e5,0.1232876712328767,0.03119999915361,44
12,6208bf63-2200-e811-9414-f0921c16b9e5,0.12602739726027398,0.02759999968112,45
12,6208bf63-2200-e811-9414-f0921c16b9e5,0.12876712328767123,0.02520000003278,46
12,6208bf63-2200-e811-9414-f0921c16b9e5,0.13150684931506848,0.02229999937117,47
12,6208bf63-2200-e811-9414-f0921c16b9e5,0.13424657534246576,0.01960000023246,48
12,6208bf63-2200-e811-9414-f0921c16b9e5,0.136986301369863,0.01759999990463,49
12,6208bf63-2200-e811-9414-f0921c16b9e5,0.13972602739726028,0.01620000042021,50
12,6208bf63-2200-e811-9414-f0921c16b9e5,0.14246575342465753,0.01439999975264,51
12,6208bf63-2200-e811-9414-f0921c16b9e5,0.14520547945205478,0.01260000001639,52
12,6208bf63-2200-e811-9414-f0921c16b9e5,0.14794520547945206,0.01150000002235,53
12,6208bf63-2200-e811-9414-f0921c16b9e5,0.1506849315068493,0.01109999977052,54
12,6208bf63-2200-e811-9414-f0921c16b9e5,0.15342465753424658,0.01020000036806,55
12,6208bf63-2200-e811-9414-f0921c16b9e5,0.15616438356164383,0.009200000204146,56
12,6208bf63-2200-e811-9414-f0921c16b9e5,0.1589041095890411,0.008500000461936,57
12,6208bf63-2200-e811-9414-f0921c16b9e5,0.16164383561643836,0.007799999788404,58
12,6208bf63-2200-e811-9414-f0921c16b9e5,0.1643835616438356,0.007000000216067,59
12,6208bf63-2200-e811-9414-f0921c16b9e5,0.16712328767123288,0.006200000178069,60
12,6208bf63-2200-e811-9414-f0921c16b9e5,0.16986301369863013,0.005700000096112,61
12,6208bf63-2200-e811-9414-f0921c16b9e5,0.1726027397260274,0.005100000184029,62
12,6208bf63-2200-e811-9414-f0921c16b9e5,0.17534246575342466,0.004800000227988,63
12,6208bf63-2200-e811-9414-f0921c16b9e5,0.1780821917808219,0.004399999976158,64
12,6208bf63-2200-e811-9414-f0921c16b9e5,0.18082191780821918,0.004199999850243,65
12,6208bf63-2200-e811-9414-f0921c16b9e5,0.18356164383561643,0.00359999993816,66
12,6208bf63-2200-e811-9414-f0921c16b9e5,0.1863013698630137,0.003199999919161,67
12,6208bf63-2200-e811-9414-f0921c16b9e5,0.18904109589041096,0.002799999900162,68
12,6208bf63-2200-e811-9414-f0921c16b9e5,0.1917808219178082,0.002700000070035,69
12,6208bf63-2200-e811-9414-f0921c16b9e5,0.19452054794520549,0.002499999944121,70
12,6208bf63-2200-e811-9414-f0921c16b9e5,0.19726027397260273,0.002099999925122,71
12,6208bf63-2200-e811-9414-f0921c16b9e5,0.2,0.001700000022538,72
12,6208bf63-2200-e811-9414-f0921c16b9e5,0.20273972602739726,0.001700000022538,73
12,6208bf63-2200-e811-9414-f0921c16b9e5,0.2054794520547945,0.001599999959581,74
12,6208bf63-2200-e811-9414-f0921c16b9e5,0.20821917808219179,0.001500000013039,75
12,6208bf63-2200-e811-9414-f0921c16b9e5,0.21095890410958903,0.001200000056997,76
12,6208bf63-2200-e811-9414-f0921c16b9e5,0.2136986301369863,0.00109999999404,77
12,6208bf63-2200-e811-9414-f0921c16b9e5,0.21643835616438356,0.00089999998454,78
12,6208bf63-2200-e811-9414-f0921c16b9e5,0.2191780821917808,0.00089999998454,79
12,6208bf63-2200-e811-9414-f0921c16b9e5,0.2219178082191781,0.0007999999797903,80
12,6208bf63-2200-e811-9414-f0921c16b9e5,0.22465753424657534,0.0007999999797903,81
12,6208bf63-2200-e811-9414-f0921c16b9e5,0.2273972602739726,0.0006999999750406,82
12,6208bf63-2200-e811-9414-f0921c16b9e5,0.23013698630136986,0.0006999999750406,83
12,6208bf63-2200-e811-9414-f0921c16b9e5,0.2328767123287671,0.0006000000284985,84
12,6208bf63-2200-e811-9414-f0921c16b9e5,0.2356164383561644,0.0005000000237487,85
12,6208bf63-2200-e811-9414-f0921c16b9e5,0.23835616438356164,0.0005000000237487,86
12,6208bf63-2200-e811-9414-f0921c16b9e5,0.2410958904109589,0.0003000000142492,87
12,6208bf63-2200-e811-9414-f0921c16b9e5,0.24383561643835616,0.0003000000142492,88
12,6208bf63-2200-e811-9414-f0921c16b9e5,0.2465753424657534,0.0003000000142492,89
13,6108bf63-2200-e811-9414-f0921c16b9e5,0.0027397260273972603,0.0,0
13,6108bf63-2200-e811-9414-f0921c16b9e5,0.005479452054794521,0.0001999999949476,1
13,6108bf63-2200-e811-9414-f0921c16b9e5,0.00821917808219178,0.0003000000142492,2
13,6108bf63-2200-e811-9414-f0921c16b9e5,0.010958904109589041,0.0005000000237487,3
13,6108bf63-2200-e811-9414-f0921c16b9e5,0.0136986301369863,0.001500000013039,4
13,6108bf63-2200-e811-9414-f0921c16b9e5,0.01643835616438356,0.00289999996312,5
13,6108bf63-2200-e811-9414-f0921c16b9e5,0.019178082191780823,0.004999999888241,6
13,6108bf63-2200-e811-9414-f0921c16b9e5,0.021917808219178082,0.00899999961257,7
13,6108bf63-2200-e811-9414-f0921c16b9e5,0.024657534246575342,0.01759999990463,8
13,6108bf63-2200-e811-9414-f0921c16b9e5,0.0273972602739726,0.03640000149608,9
13,6108bf63-2200-e811-9414-f0921c16b9e5,0.030136986301369864,0.07410000264645,10
13,6108bf63-2200-e811-9414-f0921c16b9e5,0.03287671232876712,0.1388999968767,11
13,6108bf63-2200-e811-9414-f0921c16b9e5,0.03561643835616438,0.248400002718,12
13,6108bf63-2200-e811-9414-f0921c16b9e5,0.038356164383561646,0.3946000039577,13
13,6108bf63-2200-e811-9414-f0921c16b9e5,0.0410958904109589,0.5515999794006,14
13,6108bf63-2200-e811-9414-f0921c16b9e5,0.043835616438356165,0.6432999968529,15
13,6108bf63-2200-e811-9414-f0921c16b9e5,0.04657534246575343,0.6559000015259,16
13,6108bf63-2200-e811-9414-f0921c16b9e5,0.049315068493150684,0.6208999752998,17
13,6108bf63-2200-e811-9414-f0921c16b9e5,0.052054794520547946,0.5619000196457,18
13,6108bf63-2200-e811-9414-f0921c16b9e5,0.0547945205479452,0.4997000098228,19
13,6108bf63-2200-e811-9414-f0921c16b9e5,0.057534246575342465,0.4427999854088,20
13,6108bf63-2200-e811-9414-f0921c16b9e5,0.06027397260273973,0.3896999955177,21
13,6108bf63-2200-e811-9414-f0921c16b9e5,0.06301369863013699,0.3443000018597,22
13,6108bf63-2200-e811-9414-f0921c16b9e5,0.06575342465753424,0.3003000020981,23
13,6108bf63-2200-e811-9414-f0921c16b9e5,0.0684931506849315,0.264200001955,24
13,6108bf63-2200-e811-9414-f0921c16b9e5,0.07123287671232877,0.2329999953508,25
13,6108bf63-2200-e811-9414-f0921c16b9e5,0.07397260273972603,0.2053000032902,26
13,6108bf63-2200-e811-9414-f0921c16b9e5,0.07671232876712329,0.1791999936104,27
13,6108bf63-2200-e811-9414-f0921c16b9e5,0.07945205479452055,0.159500002861,28
13,6108bf63-2200-e811-9414-f0921c16b9e5,0.0821917808219178,0.1412999927998,29
13,6108bf63-2200-e811-9414-f0921c16b9e5,0.08493150684931507,0.126599997282,30
13,6108bf63-2200-e811-9414-f0921c16b9e5,0.08767123287671233,0.109999999404,31
13,6108bf63-2200-e811-9414-f0921c16b9e5,0.09041095890410959,0.09579999744892,32
13,6108bf63-2200-e811-9414-f0921c16b9e5,0.09315068493150686,0.08399999886751,33
13,6108bf63-2200-e811-9414-f0921c16b9e5,0.0958904109589041,0.0751999989152,34
13,6108bf63-2200-e811-9414-f0921c16b9e5,0.09863013698630137,0.06660000234842,35
13,6108bf63-2200-e811-9414-f0921c16b9e5,0.10136986301369863,0.05880000069737,36
13,6108bf63-2200-e811-9414-f0921c16b9e5,0.10410958904109589,0.05189999938011,37
13,6108bf63-2200-e811-9414-f0921c16b9e5,0.10684931506849316,0.04610000178218,38
13,6108bf63-2200-e811-9414-f0921c16b9e5,0.1095890410958904,0.04210000112653,39
13,6108bf63-2200-e811-9414-f0921c16b9e5,0.11232876712328767,0.03700000047684,40
13,6108bf63-2200-e811-9414-f0921c16b9e5,0.11506849315068493,0.03299999982119,41
13,6108bf63-2200-e811-9414-f0921c16b9e5,0.1178082191780822,0.02779999934137,42
13,6108bf63-2200-e811-9414-f0921c16b9e5,0.12054794520547946,0.02480000071228,43
13,6108bf63-2200-e811-9414-f0921c16b9e5,0.1232876712328767,0.02190000005066,44
13,6108bf63-2200-e811-9414-f0921c16b9e5,0.12602739726027398,0.01840000040829,45
13,6108bf63-2200-e811-9414-f0921c16b9e5,0.12876712328767123,0.01569999940693,46
13,6108bf63-2200-e811-9414-f0921c16b9e5,0.13150684931506848,0.01350000035018,47
13,6108bf63-2200-e811-9414-f0921c16b9e5,0.13424657534246576,0.01219999976456,48
13,6108bf63-2200-e811-9414-f0921c16b9e5,0.136986301369863,0.01090000011027,49
13,6108bf63-2200-e811-9414-f0921c16b9e5,0.13972602739726028,0.009800000116229,50
13,6108bf63-2200-e811-9414-f0921c16b9e5,0.14246575342465753,0.008899999782443,51
13,6108bf63-2200-e811-9414-f0921c16b9e5,0.14520547945205478,0.008100000210106,52
13,6108bf63-2200-e811-9414-f0921c16b9e5,0.14794520547945206,0.006899999920279,53
13,6108bf63-2200-e811-9414-f0921c16b9e5,0.1506849315068493,0.006300000008196,54
13,6108bf63-2200-e811-9414-f0921c16b9e5,0.15342465753424658,0.004900000058115,55
13,6108bf63-2200-e811-9414-f0921c16b9e5,0.15616438356164383,0.004300000146031,56
13,6108bf63-2200-e811-9414-f0921c16b9e5,0.1589041095890411,0.00400000018999,57
13,6108bf63-2200-e811-9414-f0921c16b9e5,0.16164383561643836,0.003500000108033,58
13,6108bf63-2200-e811-9414-f0921c16b9e5,0.1643835616438356,0.003299999982119,59
13,6108bf63-2200-e811-9414-f0921c16b9e5,0.16712328767123288,0.003199999919161,60
13,6108bf63-2200-e811-9414-f0921c16b9e5,0.16986301369863013,0.002700000070035,61
13,6108bf63-2200-e811-9414-f0921c16b9e5,0.1726027397260274,0.002199999988079,62
13,6108bf63-2200-e811-9414-f0921c16b9e5,0.17534246575342466,0.002099999925122,63
13,6108bf63-2200-e811-9414-f0921c16b9e5,0.1780821917808219,0.001900000032037,64
13,6108bf63-2200-e811-9414-f0921c16b9e5,0.18082191780821918,0.001700000022538,65
13,6108bf63-2200-e811-9414-f0921c16b9e5,0.18356164383561643,0.001300000003539,66
13,6108bf63-2200-e811-9414-f0921c16b9e5,0.1863013698630137,0.00109999999404,67
13,6108bf63-2200-e811-9414-f0921c16b9e5,0.18904109589041096,0.001000000047497,68
13,6108bf63-2200-e811-9414-f0921c16b9e5,0.1917808219178082,0.00089999998454,69
13,6108bf63-2200-e811-9414-f0921c16b9e5,0.19452054794520549,0.0007999999797903,70
13,6108bf63-2200-e811-9414-f0921c16b9e5,0.19726027397260273,0.0007999999797903,71
13,6108bf63-2200-e811-9414-f0921c16b9e5,0.2,0.0006000000284985,72
13,6108bf63-2200-e811-9414-f0921c16b9e5,0.20273972602739726,0.0006000000284985,73
13,6108bf63-2200-e811-9414-f0921c16b9e5,0.2054794520547945,0.0005000000237487,74
13,6108bf63-2200-e811-9414-f0921c16b9e5,0.20821917808219179,0.0003999999898952,75
13,6108bf63-2200-e811-9414-f0921c16b9e5,0.21095890410958903,0.0003000000142492,76
13,6108bf63-2200-e811-9414-f0921c16b9e5,0.2136986301369863,0.0003000000142492,77
13,6108bf63-2200-e811-9414-f0921c16b9e5,0.21643835616438356,0.0003000000142492,78
13,6108bf63-2200-e811-9414-f0921c16b9e5,0.2191780821917808,0.0001999999949476,79
13,6108bf63-2200-e811-9414-f0921c16b9e5,0.2219178082191781,9.999999747379e-05,80
13,6108bf63-2200-e811-9414-f0921c16b9e5,0.22465753424657534,9.999999747379e-05,81
13,6108bf63-2200-e811-9414-f0921c16b9e5,0.2273972602739726,9.999999747379e-05,82
13,6108bf63-2200-e811-9414-f0921c16b9e5,0.23013698630136986,9.999999747379e-05,83
13,6108bf63-2200-e811-9414-f0921c16b9e5,0.2328767123287671,9.999999747379e-05,84
13,6108bf63-2200-e811-9414-f0921c16b9e5,0.2356164383561644,9.999999747379e-05,85
13,6108bf63-2200-e811-9414-f0921c16b9e5,0.23835616438356164,9.999999747379e-05,86
13,6108bf63-2200-e811-9414-f0921c16b9e5,0.2410958904109589,9.999999747379e-05,87
13,6108bf63-2200-e811-9414-f0921c16b9e5,0.24383561643835616,9.999999747379e-05,88
13,6108bf63-2200-e811-9414-f0921c16b9e5,0.2465753424657534,9.999999747379e-05,89
14,6008bf63-2200-e811-9414-f0921c16b9e5,0.0027397260273972603,0.0,0
14,6008bf63-2200-e811-9414-f0921c16b9e5,0.005479452054794521,0.0005000000237487,1
14,6008bf63-2200-e811-9414-f0921c16b9e5,0.00821917808219178,0.001200000056997,2
14,6008bf63-2200-e811-9414-f0921c16b9e5,0.010958904109589041,0.002000000094995,3
14,6008bf63-2200-e811-9414-f0921c16b9e5,0.0136986301369863,0.002300000051036,4
14,6008bf63-2200-e811-9414-f0921c16b9e5,0.01643835616438356,0.003899999894202,5
14,6008bf63-2200-e811-9414-f0921c16b9e5,0.019178082191780823,0.00650000013411,6
14,6008bf63-2200-e811-9414-f0921c16b9e5,0.021917808219178082,0.009700000286102,7
14,6008bf63-2200-e811-9414-f0921c16b9e5,0.024657534246575342,0.01470000017434,8
14,6008bf63-2200-e811-9414-f0921c16b9e5,0.0273972602739726,0.02119999937713,9
14,6008bf63-2200-e811-9414-f0921c16b9e5,0.030136986301369864,0.03260000050068,10
14,6008bf63-2200-e811-9414-f0921c16b9e5,0.03287671232876712,0.0489999987185,11
14,6008bf63-2200-e811-9414-f0921c16b9e5,0.03561643835616438,0.07310000061989,12
14,6008bf63-2200-e811-9414-f0921c16b9e5,0.038356164383561646,0.1030000001192,13
14,6008bf63-2200-e811-9414-f0921c16b9e5,0.0410958904109589,0.1451999992132,14
14,6008bf63-2200-e811-9414-f0921c16b9e5,0.043835616438356165,0.1969999969006,15
14,6008bf63-2200-e811-9414-f0921c16b9e5,0.04657534246575343,0.2610999941826,16
14,6008bf63-2200-e811-9414-f0921c16b9e5,0.049315068493150684,0.3273999989033,17
14,6008bf63-2200-e811-9414-f0921c16b9e5,0.052054794520547946,0.3856999874115,18
14,6008bf63-2200-e811-9414-f0921c16b9e5,0.0547945205479452,0.4219999909401,19
14,6008bf63-2200-e811-9414-f0921c16b9e5,0.057534246575342465,0.4426000118256,20
14,6008bf63-2200-e811-9414-f0921c16b9e5,0.06027397260273973,0.4454999864101,21
14,6008bf63-2200-e811-9414-f0921c16b9e5,0.06301369863013699,0.423299998045,22
14,6008bf63-2200-e811-9414-f0921c16b9e5,0.06575342465753424,0.3952000141144,23
14,6008bf63-2200-e811-9414-f0921c16b9e5,0.0684931506849315,0.3553000092506,24
14,6008bf63-2200-e811-9414-f0921c16b9e5,0.07123287671232877,0.3210999965668,25
14,6008bf63-2200-e811-9414-f0921c16b9e5,0.07397260273972603,0.2816999852657,26
14,6008bf63-2200-e811-9414-f0921c16b9e5,0.07671232876712329,0.2465000003576,27
14,6008bf63-2200-e811-9414-f0921c16b9e5,0.07945205479452055,0.2166000008583,28
14,6008bf63-2200-e811-9414-f0921c16b9e5,0.0821917808219178,0.185900002718,29
14,6008bf63-2200-e811-9414-f0921c16b9e5,0.08493150684931507,0.1622000038624,30
14,6008bf63-2200-e811-9414-f0921c16b9e5,0.08767123287671233,0.1413999944925,31
14,6008bf63-2200-e811-9414-f0921c16b9e5,0.09041095890410959,0.1225999966264,32
14,6008bf63-2200-e811-9414-f0921c16b9e5,0.09315068493150686,0.1048000007868,33
14,6008bf63-2200-e811-9414-f0921c16b9e5,0.0958904109589041,0.09040000289679,34
14,6008bf63-2200-e811-9414-f0921c16b9e5,0.09863013698630137,0.07639999687672,35
14,6008bf63-2200-e811-9414-f0921c16b9e5,0.10136986301369863,0.06650000065565,36
14,6008bf63-2200-e811-9414-f0921c16b9e5,0.10410958904109589,0.05730000138283,37
14,6008bf63-2200-e811-9414-f0921c16b9e5,0.10684931506849316,0.0498000010848,38
14,6008bf63-2200-e811-9414-f0921c16b9e5,0.1095890410958904,0.04280000180006,39
14,6008bf63-2200-e811-9414-f0921c16b9e5,0.11232876712328767,0.03730000182986,40
14,6008bf63-2200-e811-9414-f0921c16b9e5,0.11506849315068493,0.03099999949336,41
14,6008bf63-2200-e811-9414-f0921c16b9e5,0.1178082191780822,0.02610000036657,42
14,6008bf63-2200-e811-9414-f0921c16b9e5,0.12054794520547946,0.02309999987483,43
14,6008bf63-2200-e811-9414-f0921c16b9e5,0.1232876712328767,0.01960000023246,44
14,6008bf63-2200-e811-9414-f0921c16b9e5,0.12602739726027398,0.01669999957085,45
14,6008bf63-2200-e811-9414-f0921c16b9e5,0.12876712328767123,0.01400000043213,46
14,6008bf63-2200-e811-9414-f0921c16b9e5,0.13150684931506848,0.01269999984652,47
14,6008bf63-2200-e811-9414-f0921c16b9e5,0.13424657534246576,0.009999999776483,48
14,6008bf63-2200-e811-9414-f0921c16b9e5,0.136986301369863,0.00870000012219,49
14,6008bf63-2200-e811-9414-f0921c16b9e5,0.13972602739726028,0.007699999958277,50
14,6008bf63-2200-e811-9414-f0921c16b9e5,0.14246575342465753,0.006699999794364,51
14,6008bf63-2200-e811-9414-f0921c16b9e5,0.14520547945205478,0.006099999882281,52
14,6008bf63-2200-e811-9414-f0921c16b9e5,0.14794520547945206,0.005299999844283,53
14,6008bf63-2200-e811-9414-f0921c16b9e5,0.1506849315068493,0.004399999976158,54
14,6008bf63-2200-e811-9414-f0921c16b9e5,0.15342465753424658,0.003199999919161,55
14,6008bf63-2200-e811-9414-f0921c16b9e5,0.15616438356164383,0.002799999900162,56
14,6008bf63-2200-e811-9414-f0921c16b9e5,0.1589041095890411,0.002499999944121,57
14,6008bf63-2200-e811-9414-f0921c16b9e5,0.16164383561643836,0.002300000051036,58
14,6008bf63-2200-e811-9414-f0921c16b9e5,0.1643835616438356,0.001700000022538,59
14,6008bf63-2200-e811-9414-f0921c16b9e5,0.16712328767123288,0.001300000003539,60
14,6008bf63-2200-e811-9414-f0921c16b9e5,0.16986301369863013,0.00089999998454,61
14,6008bf63-2200-e811-9414-f0921c16b9e5,0.1726027397260274,0.0007999999797903,62
14,6008bf63-2200-e811-9414-f0921c16b9e5,0.17534246575342466,0.0007999999797903,63
14,6008bf63-2200-e811-9414-f0921c16b9e5,0.1780821917808219,0.0005000000237487,64
14,6008bf63-2200-e811-9414-f0921c16b9e5,0.18082191780821918,0.0003000000142492,65
14,6008bf63-2200-e811-9414-f0921c16b9e5,0.18356164383561643,0.0003000000142492,66
14,6008bf63-2200-e811-9414-f0921c16b9e5,0.1863013698630137,0.0003000000142492,67
14,6008bf63-2200-e811-9414-f0921c16b9e5,0.18904109589041096,0.0001999999949476,68
14,6008bf63-2200-e811-9414-f0921c16b9e5,0.1917808219178082,0.0001999999949476,69
14,6008bf63-2200-e811-9414-f0921c16b9e5,0.19452054794520549,9.999999747379e-05,70
14,6008bf63-2200-e811-9414-f0921c16b9e5,0.19726027397260273,9.999999747379e-05,71
14,6008bf63-2200-e811-9414-f0921c16b9e5,0.2,9.999999747379e-05,72
14,6008bf63-2200-e811-9414-f0921c16b9e5,0.20273972602739726,9.999999747379e-05,73
14,6008bf63-2200-e811-9414-f0921c16b9e5,0.2054794520547945,0.0,74
14,6008bf63-2200-e811-9414-f0921c16b9e5,0.20821917808219179,0.0,75
14,6008bf63-2200-e811-9414-f0921c16b9e5,0.21095890410958903,0.0,76
14,6008bf63-2200-e811-9414-f0921c16b9e5,0.2136986301369863,0.0,77
14,6008bf63-2200-e811-9414-f0921c16b9e5,0.21643835616438356,0.0,78
14,6008bf63-2200-e811-9414-f0921c16b9e5,0.2191780821917808,0.0,79
14,6008bf63-2200-e811-9414-f0921c16b9e5,0.2219178082191781,0.0,80
14,6008bf63-2200-e811-9414-f0921c16b9e5,0.22465753424657534,0.0,81
14,6008bf63-2200-e811-9414-f0921c16b9e5,0.2273972602739726,0.0,82
14,6008bf63-2200-e811-9414-f0921c16b9e5,0.23013698630136986,0.0,83
14,6008bf63-2200-e811-9414-f0921c16b9e5,0.2328767123287671,0.0,84
14,6008bf63-2200-e811-9414-f0921c16b9e5,0.2356164383561644,0.0,85
14,6008bf63-2200-e811-9414-f0921c16b9e5,0.23835616438356164,0.0,86
14,6008bf63-2200-e811-9414-f0921c16b9e5,0.2410958904109589,0.0,87
14,6008bf63-2200-e811-9414-f0921c16b9e5,0.24383561643835616,0.0,88
14,6008bf63-2200-e811-9414-f0921c16b9e5,0.2465753424657534,0.0,89
15,5f08bf63-2200-e811-9414-f0921c16b9e5,0.0027397260273972603,0.0,0
15,5f08bf63-2200-e811-9414-f0921c16b9e5,0.005479452054794521,0.0003999999898952,1
15,5f08bf63-2200-e811-9414-f0921c16b9e5,0.00821917808219178,0.0005000000237487,2
15,5f08bf63-2200-e811-9414-f0921c16b9e5,0.010958904109589041,0.001000000047497,3
15,5f08bf63-2200-e811-9414-f0921c16b9e5,0.0136986301369863,0.001599999959581,4
15,5f08bf63-2200-e811-9414-f0921c16b9e5,0.01643835616438356,0.00289999996312,5
15,5f08bf63-2200-e811-9414-f0921c16b9e5,0.019178082191780823,0.004999999888241,6
15,5f08bf63-2200-e811-9414-f0921c16b9e5,0.021917808219178082,0.009600000455976,7
15,5f08bf63-2200-e811-9414-f0921c16b9e5,0.024657534246575342,0.01810000091791,8
15,5f08bf63-2200-e811-9414-f0921c16b9e5,0.0273972602739726,0.03400000184774,9
15,5f08bf63-2200-e811-9414-f0921c16b9e5,0.030136986301369864,0.06260000169277,10
15,5f08bf63-2200-e811-9414-f0921c16b9e5,0.03287671232876712,0.1168000027537,11
15,5f08bf63-2200-e811-9414-f0921c16b9e5,0.03561643835616438,0.2073000073433,12
15,5f08bf63-2200-e811-9414-f0921c16b9e5,0.038356164383561646,0.3402999937534,13
15,5f08bf63-2200-e811-9414-f0921c16b9e5,0.0410958904109589,0.4905000030994,14
15,5f08bf63-2200-e811-9414-f0921c16b9e5,0.043835616438356165,0.6097999811172,15
15,5f08bf63-2200-e811-9414-f0921c16b9e5,0.04657534246575343,0.6700999736786,16
15,5f08bf63-2200-e811-9414-f0921c16b9e5,0.049315068493150684,0.6683999896049,17
15,5f08bf63-2200-e811-9414-f0921c16b9e5,0.052054794520547946,0.6394000053406,18
15,5f08bf63-2200-e811-9414-f0921c16b9e5,0.0547945205479452,0.5867000222206,19
15,5f08bf63-2200-e811-9414-f0921c16b9e5,0.057534246575342465,0.5338000059128,20
15,5f08bf63-2200-e811-9414-f0921c16b9e5,0.06027397260273973,0.4824000000954,21
15,5f08bf63-2200-e811-9414-f0921c16b9e5,0.06301369863013699,0.435900002718,22
15,5f08bf63-2200-e811-9414-f0921c16b9e5,0.06575342465753424,0.3923999965191,23
15,5f08bf63-2200-e811-9414-f0921c16b9e5,0.0684931506849315,0.3497000038624,24
15,5f08bf63-2200-e811-9414-f0921c16b9e5,0.07123287671232877,0.3147000074387,25
15,5f08bf63-2200-e811-9414-f0921c16b9e5,0.07397260273972603,0.2815999984741,26
15,5f08bf63-2200-e811-9414-f0921c16b9e5,0.07671232876712329,0.2513999938965,27
15,5f08bf63-2200-e811-9414-f0921c16b9e5,0.07945205479452055,0.2242999970913,28
15,5f08bf63-2200-e811-9414-f0921c16b9e5,0.0821917808219178,0.200100004673,29
15,5f08bf63-2200-e811-9414-f0921c16b9e5,0.08493150684931507,0.1797000020742,30
15,5f08bf63-2200-e811-9414-f0921c16b9e5,0.08767123287671233,0.1609999984503,31
15,5f08bf63-2200-e811-9414-f0921c16b9e5,0.09041095890410959,0.1430999934673,32
15,5f08bf63-2200-e811-9414-f0921c16b9e5,0.09315068493150686,0.1289000064135,33
15,5f08bf63-2200-e811-9414-f0921c16b9e5,0.0958904109589041,0.1147999987006,34
15,5f08bf63-2200-e811-9414-f0921c16b9e5,0.09863013698630137,0.1041999980807,35
15,5f08bf63-2200-e811-9414-f0921c16b9e5,0.10136986301369863,0.09480000287294,36
15,5f08bf63-2200-e811-9414-f0921c16b9e5,0.10410958904109589,0.08439999818802,37
15,5f08bf63-2200-e811-9414-f0921c16b9e5,0.10684931506849316,0.07630000263453,38
15,5f08bf63-2200-e811-9414-f0921c16b9e5,0.1095890410958904,0.06849999725819,39
15,5f08bf63-2200-e811-9414-f0921c16b9e5,0.11232876712328767,0.06159999966621,40
15,5f08bf63-2200-e811-9414-f0921c16b9e5,0.11506849315068493,0.055300001055,41
15,5f08bf63-2200-e811-9414-f0921c16b9e5,0.1178082191780822,0.04870000109076,42
15,5f08bf63-2200-e811-9414-f0921c16b9e5,0.12054794520547946,0.0439000017941,43
15,5f08bf63-2200-e811-9414-f0921c16b9e5,0.1232876712328767,0.03959999978542,44
15,5f08bf63-2200-e811-9414-f0921c16b9e5,0.12602739726027398,0.03530000150204,45
15,5f08bf63-2200-e811-9414-f0921c16b9e5,0.12876712328767123,0.03229999914765,46
15,5f08bf63-2200-e811-9414-f0921c16b9e5,0.13150684931506848,0.02889999933541,47
15,5f08bf63-2200-e811-9414-f0921c16b9e5,0.13424657534246576,0.02569999918342,48
15,5f08bf63-2200-e811-9414-f0921c16b9e5,0.136986301369863,0.02270000055432,49
15,5f08bf63-2200-e811-9414-f0921c16b9e5,0.13972602739726028,0.02030000090599,50
15,5f08bf63-2200-e811-9414-f0921c16b9e5,0.14246575342465753,0.01860000006855,51
15,5f08bf63-2200-e811-9414-f0921c16b9e5,0.14520547945205478,0.01669999957085,52
15,5f08bf63-2200-e811-9414-f0921c16b9e5,0.14794520547945206,0.0148999998346,53
15,5f08bf63-2200-e811-9414-f0921c16b9e5,0.1506849315068493,0.01370000001043,54
15,5f08bf63-2200-e811-9414-f0921c16b9e5,0.15342465753424658,0.01260000001639,55
15,5f08bf63-2200-e811-9414-f0921c16b9e5,0.15616438356164383,0.01140000019222,56
15,5f08bf63-2200-e811-9414-f0921c16b9e5,0.1589041095890411,0.01040000002831,57
15,5f08bf63-2200-e811-9414-f0921c16b9e5,0.16164383561643836,0.009999999776483,58
15,5f08bf63-2200-e811-9414-f0921c16b9e5,0.1643835616438356,0.00899999961257,59
15,5f08bf63-2200-e811-9414-f0921c16b9e5,0.16712328767123288,0.00789999961853,60
15,5f08bf63-2200-e811-9414-f0921c16b9e5,0.16986301369863013,0.006699999794364,61
15,5f08bf63-2200-e811-9414-f0921c16b9e5,0.1726027397260274,0.005799999926239,62
15,5f08bf63-2200-e811-9414-f0921c16b9e5,0.17534246575342466,0.004900000058115,63
15,5f08bf63-2200-e811-9414-f0921c16b9e5,0.1780821917808219,0.004399999976158,64
15,5f08bf63-2200-e811-9414-f0921c16b9e5,0.18082191780821918,0.003500000108033,65
15,5f08bf63-2200-e811-9414-f0921c16b9e5,0.18356164383561643,0.00289999996312,66
15,5f08bf63-2200-e811-9414-f0921c16b9e5,0.1863013698630137,0.002700000070035,67
15,5f08bf63-2200-e811-9414-f0921c16b9e5,0.18904109589041096,0.002600000007078,68
15,5f08bf63-2200-e811-9414-f0921c16b9e5,0.1917808219178082,0.002400000113994,69
15,5f08bf63-2200-e811-9414-f0921c16b9e5,0.19452054794520549,0.001900000032037,70
15,5f08bf63-2200-e811-9414-f0921c16b9e5,0.19726027397260273,0.00179999996908,71
15,5f08bf63-2200-e811-9414-f0921c16b9e5,0.2,0.00179999996908,72
15,5f08bf63-2200-e811-9414-f0921c16b9e5,0.20273972602739726,0.001700000022538,73
15,5f08bf63-2200-e811-9414-f0921c16b9e5,0.2054794520547945,0.001500000013039,74
15,5f08bf63-2200-e811-9414-f0921c16b9e5,0.20821917808219179,0.001300000003539,75
15,5f08bf63-2200-e811-9414-f0921c16b9e5,0.21095890410958903,0.001000000047497,76
15,5f08bf63-2200-e811-9414-f0921c16b9e5,0.2136986301369863,0.00089999998454,77
15,5f08bf63-2200-e811-9414-f0921c16b9e5,0.21643835616438356,0.0006999999750406,78
15,5f08bf63-2200-e811-9414-f0921c16b9e5,0.2191780821917808,0.0006999999750406,79
15,5f08bf63-2200-e811-9414-f0921c16b9e5,0.2219178082191781,0.0006000000284985,80
15,5f08bf63-2200-e811-9414-f0921c16b9e5,0.22465753424657534,0.0005000000237487,81
15,5f08bf63-2200-e811-9414-f0921c16b9e5,0.2273972602739726,0.0005000000237487,82
15,5f08bf63-2200-e811-9414-f0921c16b9e5,0.23013698630136986,0.0005000000237487,83
15,5f08bf63-2200-e811-9414-f0921c16b9e5,0.2328767123287671,0.0005000000237487,84
15,5f08bf63-2200-e811-9414-f0921c16b9e5,0.2356164383561644,0.0003999999898952,85
15,5f08bf63-2200-e811-9414-f0921c16b9e5,0.23835616438356164,0.0003000000142492,86
15,5f08bf63-2200-e811-9414-f0921c16b9e5,0.2410958904109589,0.0001999999949476,87
15,5f08bf63-2200-e811-9414-f0921c16b9e5,0.24383561643835616,0.0001999999949476,88
15,5f08bf63-2200-e811-9414-f0921c16b9e5,0.2465753424657534,0.0001999999949476,89
16,5e08bf63-2200-e811-9414-f0921c16b9e5,0.0027397260273972603,0.0,0
16,5e08bf63-2200-e811-9414-f0921c16b9e5,0.005479452054794521,0.0006000000284985,1
16,5e08bf63-2200-e811-9414-f0921c16b9e5,0.00821917808219178,0.00089999998454,2
16,5e08bf63-2200-e811-9414-f0921c16b9e5,0.010958904109589041,0.001599999959581,3
16,5e08bf63-2200-e811-9414-f0921c16b9e5,0.0136986301369863,0.003100000089034,4
16,5e08bf63-2200-e811-9414-f0921c16b9e5,0.01643835616438356,0.004600000102073,5
16,5e08bf63-2200-e811-9414-f0921c16b9e5,0.019178082191780823,0.007300000172108,6
16,5e08bf63-2200-e811-9414-f0921c16b9e5,0.021917808219178082,0.01200000010431,7
16,5e08bf63-2200-e811-9414-f0921c16b9e5,0.024657534246575342,0.01750000007451,8
16,5e08bf63-2200-e811-9414-f0921c16b9e5,0.0273972602739726,0.02529999986291,9
16,5e08bf63-2200-e811-9414-f0921c16b9e5,0.030136986301369864,0.04050000011921,10
16,5e08bf63-2200-e811-9414-f0921c16b9e5,0.03287671232876712,0.06219999864697,11
16,5e08bf63-2200-e811-9414-f0921c16b9e5,0.03561643835616438,0.09520000219345,12
16,5e08bf63-2200-e811-9414-f0921c16b9e5,0.038356164383561646,0.139200001955,13
16,5e08bf63-2200-e811-9414-f0921c16b9e5,0.0410958904109589,0.2012999951839,14
16,5e08bf63-2200-e811-9414-f0921c16b9e5,0.043835616438356165,0.2750999927521,15
16,5e08bf63-2200-e811-9414-f0921c16b9e5,0.04657534246575343,0.3431999981403,16
16,5e08bf63-2200-e811-9414-f0921c16b9e5,0.049315068493150684,0.4090999960899,17
16,5e08bf63-2200-e811-9414-f0921c16b9e5,0.052054794520547946,0.4424999952316,18
16,5e08bf63-2200-e811-9414-f0921c16b9e5,0.0547945205479452,0.4625999927521,19
16,5e08bf63-2200-e811-9414-f0921c16b9e5,0.057534246575342465,0.4496000111103,20
16,5e08bf63-2200-e811-9414-f0921c16b9e5,0.06027397260273973,0.4192000031471,21
16,5e08bf63-2200-e811-9414-f0921c16b9e5,0.06301369863013699,0.3804000020027,22
16,5e08bf63-2200-e811-9414-f0921c16b9e5,0.06575342465753424,0.3364999890327,23
16,5e08bf63-2200-e811-9414-f0921c16b9e5,0.0684931506849315,0.2978000044823,24
16,5e08bf63-2200-e811-9414-f0921c16b9e5,0.07123287671232877,0.2590999901295,25
16,5e08bf63-2200-e811-9414-f0921c16b9e5,0.07397260273972603,0.2208999991417,26
16,5e08bf63-2200-e811-9414-f0921c16b9e5,0.07671232876712329,0.1924999952316,27
16,5e08bf63-2200-e811-9414-f0921c16b9e5,0.07945205479452055,0.1669999957085,28
16,5e08bf63-2200-e811-9414-f0921c16b9e5,0.0821917808219178,0.1455000042915,29
16,5e08bf63-2200-e811-9414-f0921c16b9e5,0.08493150684931507,0.1243999972939,30
16,5e08bf63-2200-e811-9414-f0921c16b9e5,0.08767123287671233,0.104699999094,31
16,5e08bf63-2200-e811-9414-f0921c16b9e5,0.09041095890410959,0.08850000053644,32
16,5e08bf63-2200-e811-9414-f0921c16b9e5,0.09315068493150686,0.07750000059605,33
16,5e08bf63-2200-e811-9414-f0921c16b9e5,0.0958904109589041,0.06679999828339,34
16,5e08bf63-2200-e811-9414-f0921c16b9e5,0.09863013698630137,0.05380000174046,35
16,5e08bf63-2200-e811-9414-f0921c16b9e5,0.10136986301369863,0.0456000007689,36
16,5e08bf63-2200-e811-9414-f0921c16b9e5,0.10410958904109589,0.03790000081062,37
16,5e08bf63-2200-e811-9414-f0921c16b9e5,0.10684931506849316,0.03189999982715,38
16,5e08bf63-2200-e811-9414-f0921c16b9e5,0.1095890410958904,0.02759999968112,39
16,5e08bf63-2200-e811-9414-f0921c16b9e5,0.11232876712328767,0.0226000007242,40
16,5e08bf63-2200-e811-9414-f0921c16b9e5,0.11506849315068493,0.02009999938309,41
16,5e08bf63-2200-e811-9414-f0921c16b9e5,0.1178082191780822,0.01789999939501,42
16,5e08bf63-2200-e811-9414-f0921c16b9e5,0.12054794520547946,0.01470000017434,43
16,5e08bf63-2200-e811-9414-f0921c16b9e5,0.1232876712328767,0.01219999976456,44
16,5e08bf63-2200-e811-9414-f0921c16b9e5,0.12602739726027398,0.01059999968857,45
16,5e08bf63-2200-e811-9414-f0921c16b9e5,0.12876712328767123,0.00899999961257,46
16,5e08bf63-2200-e811-9414-f0921c16b9e5,0.13150684931506848,0.007799999788404,47
16,5e08bf63-2200-e811-9414-f0921c16b9e5,0.13424657534246576,0.006599999964237,48
16,5e08bf63-2200-e811-9414-f0921c16b9e5,0.136986301369863,0.006099999882281,49
16,5e08bf63-2200-e811-9414-f0921c16b9e5,0.13972602739726028,0.0046999999322,50
16,5e08bf63-2200-e811-9414-f0921c16b9e5,0.14246575342465753,0.004100000020117,51
16,5e08bf63-2200-e811-9414-f0921c16b9e5,0.14520547945205478,0.003100000089034,52
16,5e08bf63-2200-e811-9414-f0921c16b9e5,0.14794520547945206,0.003000000026077,53
16,5e08bf63-2200-e811-9414-f0921c16b9e5,0.1506849315068493,0.002600000007078,54
16,5e08bf63-2200-e811-9414-f0921c16b9e5,0.15342465753424658,0.002199999988079,55
16,5e08bf63-2200-e811-9414-f0921c16b9e5,0.15616438356164383,0.00179999996908,56
16,5e08bf63-2200-e811-9414-f0921c16b9e5,0.1589041095890411,0.001200000056997,57
16,5e08bf63-2200-e811-9414-f0921c16b9e5,0.16164383561643836,0.00109999999404,58
16,5e08bf63-2200-e811-9414-f0921c16b9e5,0.1643835616438356,0.001000000047497,59
16,5e08bf63-2200-e811-9414-f0921c16b9e5,0.16712328767123288,0.001000000047497,60
16,5e08bf63-2200-e811-9414-f0921c16b9e5,0.16986301369863013,0.0007999999797903,61
16,5e08bf63-2200-e811-9414-f0921c16b9e5,0.1726027397260274,0.0007999999797903,62
16,5e08bf63-2200-e811-9414-f0921c16b9e5,0.17534246575342466,0.0006999999750406,63
16,5e08bf63-2200-e811-9414-f0921c16b9e5,0.1780821917808219,0.0005000000237487,64
16,5e08bf63-2200-e811-9414-f0921c16b9e5,0.18082191780821918,0.0003999999898952,65
16,5e08bf63-2200-e811-9414-f0921c16b9e5,0.18356164383561643,0.0003000000142492,66
16,5e08bf63-2200-e811-9414-f0921c16b9e5,0.1863013698630137,0.0003000000142492,67
16,5e08bf63-2200-e811-9414-f0921c16b9e5,0.18904109589041096,0.0003000000142492,68
16,5e08bf63-2200-e811-9414-f0921c16b9e5,0.1917808219178082,0.0001999999949476,69
16,5e08bf63-2200-e811-9414-f0921c16b9e5,0.19452054794520549,0.0001999999949476,70
16,5e08bf63-2200-e811-9414-f0921c16b9e5,0.19726027397260273,0.0001999999949476,71
16,5e08bf63-2200-e811-9414-f0921c16b9e5,0.2,0.0001999999949476,72
16,5e08bf63-2200-e811-9414-f0921c16b9e5,0.20273972602739726,0.0001999999949476,73
16,5e08bf63-2200-e811-9414-f0921c16b9e5,0.2054794520547945,0.0001999999949476,74
16,5e08bf63-2200-e811-9414-f0921c16b9e5,0.20821917808219179,0.0001999999949476,75
16,5e08bf63-2200-e811-9414-f0921c16b9e5,0.21095890410958903,0.0,76
16,5e08bf63-2200-e811-9414-f0921c16b9e5,0.2136986301369863,0.0,77
16,5e08bf63-2200-e811-9414-f0921c16b9e5,0.21643835616438356,0.0,78
16,5e08bf63-2200-e811-9414-f0921c16b9e5,0.2191780821917808,0.0,79
16,5e08bf63-2200-e811-9414-f0921c16b9e5,0.2219178082191781,0.0,80
16,5e08bf63-2200-e811-9414-f0921c16b9e5,0.22465753424657534,0.0,81
16,5e08bf63-2200-e811-9414-f0921c16b9e5,0.2273972602739726,0.0,82
16,5e08bf63-2200-e811-9414-f0921c16b9e5,0.23013698630136986,0.0,83
16,5e08bf63-2200-e811-9414-f0921c16b9e5,0.2328767123287671,0.0,84
16,5e08bf63-2200-e811-9414-f0921c16b9e5,0.2356164383561644,0.0,85
16,5e08bf63-2200-e811-9414-f0921c16b9e5,0.23835616438356164,0.0,86
16,5e08bf63-2200-e811-9414-f0921c16b9e5,0.2410958904109589,0.0,87
16,5e08bf63-2200-e811-9414-f0921c16b9e5,0.24383561643835616,0.0,88
16,5e08bf63-2200-e811-9414-f0921c16b9e5,0.2465753424657534,0.0,89
17,5d08bf63-2200-e811-9414-f0921c16b9e5,0.0027397260273972603,0.0,0
17,5d08bf63-2200-e811-9414-f0921c16b9e5,0.005479452054794521,0.0006000000284985,1
17,5d08bf63-2200-e811-9414-f0921c16b9e5,0.00821917808219178,0.001000000047497,2
17,5d08bf63-2200-e811-9414-f0921c16b9e5,0.010958904109589041,0.001200000056997,3
17,5d08bf63-2200-e811-9414-f0921c16b9e5,0.0136986301369863,0.001300000003539,4
17,5d08bf63-2200-e811-9414-f0921c16b9e5,0.01643835616438356,0.001700000022538,5
17,5d08bf63-2200-e811-9414-f0921c16b9e5,0.019178082191780823,0.00289999996312,6
17,5d08bf63-2200-e811-9414-f0921c16b9e5,0.021917808219178082,0.005100000184029,7
17,5d08bf63-2200-e811-9414-f0921c16b9e5,0.024657534246575342,0.006399999838322,8
17,5d08bf63-2200-e811-9414-f0921c16b9e5,0.0273972602739726,0.009600000455976,9
17,5d08bf63-2200-e811-9414-f0921c16b9e5,0.030136986301369864,0.01350000035018,10
17,5d08bf63-2200-e811-9414-f0921c16b9e5,0.03287671232876712,0.02099999971688,11
17,5d08bf63-2200-e811-9414-f0921c16b9e5,0.03561643835616438,0.03229999914765,12
17,5d08bf63-2200-e811-9414-f0921c16b9e5,0.038356164383561646,0.04780000075698,13
17,5d08bf63-2200-e811-9414-f0921c16b9e5,0.0410958904109589,0.06750000268221,14
17,5d08bf63-2200-e811-9414-f0921c16b9e5,0.043835616438356165,0.09279999881983,15
17,5d08bf63-2200-e811-9414-f0921c16b9e5,0.04657534246575343,0.1280000060797,16
17,5d08bf63-2200-e811-9414-f0921c16b9e5,0.049315068493150684,0.1694999933243,17
17,5d08bf63-2200-e811-9414-f0921c16b9e5,0.052054794520547946,0.2261999994516,18
17,5d08bf63-2200-e811-9414-f0921c16b9e5,0.0547945205479452,0.2775000035763,19
17,5d08bf63-2200-e811-9414-f0921c16b9e5,0.057534246575342465,0.3174999952316,20
17,5d08bf63-2200-e811-9414-f0921c16b9e5,0.06027397260273973,0.3454999923706,21
17,5d08bf63-2200-e811-9414-f0921c16b9e5,0.06301369863013699,0.3598000109196,22
17,5d08bf63-2200-e811-9414-f0921c16b9e5,0.06575342465753424,0.3540000021458,23
17,5d08bf63-2200-e811-9414-f0921c16b9e5,0.0684931506849315,0.3337000012398,24
17,5d08bf63-2200-e811-9414-f0921c16b9e5,0.07123287671232877,0.3070999979973,25
17,5d08bf63-2200-e811-9414-f0921c16b9e5,0.07397260273972603,0.2754000127316,26
17,5d08bf63-2200-e811-9414-f0921c16b9e5,0.07671232876712329,0.2369000017643,27
17,5d08bf63-2200-e811-9414-f0921c16b9e5,0.07945205479452055,0.2037999927998,28
17,5d08bf63-2200-e811-9414-f0921c16b9e5,0.0821917808219178,0.1752000004053,29
17,5d08bf63-2200-e811-9414-f0921c16b9e5,0.08493150684931507,0.1485999971628,30
17,5d08bf63-2200-e811-9414-f0921c16b9e5,0.08767123287671233,0.1261000037193,31
17,5d08bf63-2200-e811-9414-f0921c16b9e5,0.09041095890410959,0.1064999997616,32
17,5d08bf63-2200-e811-9414-f0921c16b9e5,0.09315068493150686,0.09030000120401,33
17,5d08bf63-2200-e811-9414-f0921c16b9e5,0.0958904109589041,0.07530000060797,34
17,5d08bf63-2200-e811-9414-f0921c16b9e5,0.09863013698630137,0.06379999965429,35
17,5d08bf63-2200-e811-9414-f0921c16b9e5,0.10136986301369863,0.05240000039339,36
17,5d08bf63-2200-e811-9414-f0921c16b9e5,0.10410958904109589,0.04410000145435,37
17,5d08bf63-2200-e811-9414-f0921c16b9e5,0.10684931506849316,0.03700000047684,38
17,5d08bf63-2200-e811-9414-f0921c16b9e5,0.1095890410958904,0.03119999915361,39
17,5d08bf63-2200-e811-9414-f0921c16b9e5,0.11232876712328767,0.02669999934733,40
17,5d08bf63-2200-e811-9414-f0921c16b9e5,0.11506849315068493,0.0223999992013,41
17,5d08bf63-2200-e811-9414-f0921c16b9e5,0.1178082191780822,0.01789999939501,42
17,5d08bf63-2200-e811-9414-f0921c16b9e5,0.12054794520547946,0.01470000017434,43
17,5d08bf63-2200-e811-9414-f0921c16b9e5,0.1232876712328767,0.01209999993443,44
17,5d08bf63-2200-e811-9414-f0921c16b9e5,0.12602739726027398,0.009600000455976,45
17,5d08bf63-2200-e811-9414-f0921c16b9e5,0.12876712328767123,0.008200000040233,46
17,5d08bf63-2200-e811-9414-f0921c16b9e5,0.13150684931506848,0.006800000090152,47
17,5d08bf63-2200-e811-9414-f0921c16b9e5,0.13424657534246576,0.005100000184029,48
17,5d08bf63-2200-e811-9414-f0921c16b9e5,0.136986301369863,0.004399999976158,49
17,5d08bf63-2200-e811-9414-f0921c16b9e5,0.13972602739726028,0.004100000020117,50
17,5d08bf63-2200-e811-9414-f0921c16b9e5,0.14246575342465753,0.003100000089034,51
17,5d08bf63-2200-e811-9414-f0921c16b9e5,0.14520547945205478,0.002600000007078,52
17,5d08bf63-2200-e811-9414-f0921c16b9e5,0.14794520547945206,0.00179999996908,53
17,5d08bf63-2200-e811-9414-f0921c16b9e5,0.1506849315068493,0.001700000022538,54
17,5d08bf63-2200-e811-9414-f0921c16b9e5,0.15342465753424658,0.001500000013039,55
17,5d08bf63-2200-e811-9414-f0921c16b9e5,0.15616438356164383,0.001300000003539,56
17,5d08bf63-2200-e811-9414-f0921c16b9e5,0.1589041095890411,0.00109999999404,57
17,5d08bf63-2200-e811-9414-f0921c16b9e5,0.16164383561643836,0.0005000000237487,58
17,5d08bf63-2200-e811-9414-f0921c16b9e5,0.1643835616438356,0.0001999999949476,59
17,5d08bf63-2200-e811-9414-f0921c16b9e5,0.16712328767123288,9.999999747379e-05,60
17,5d08bf63-2200-e811-9414-f0921c16b9e5,0.16986301369863013,9.999999747379e-05,61
17,5d08bf63-2200-e811-9414-f0921c16b9e5,0.1726027397260274,0.0001999999949476,62
17,5d08bf63-2200-e811-9414-f0921c16b9e5,0.17534246575342466,0.0001999999949476,63
17,5d08bf63-2200-e811-9414-f0921c16b9e5,0.1780821917808219,9.999999747379e-05,64
17,5d08bf63-2200-e811-9414-f0921c16b9e5,0.18082191780821918,9.999999747379e-05,65
17,5d08bf63-2200-e811-9414-f0921c16b9e5,0.18356164383561643,9.999999747379e-05,66
17,5d08bf63-2200-e811-9414-f0921c16b9e5,0.1863013698630137,9.999999747379e-05,67
17,5d08bf63-2200-e811-9414-f0921c16b9e5,0.18904109589041096,9.999999747379e-05,68
17,5d08bf63-2200-e811-9414-f0921c16b9e5,0.1917808219178082,0.0,69
17,5d08bf63-2200-e811-9414-f0921c16b9e5,0.19452054794520549,0.0,70
17,5d08bf63-2200-e811-9414-f0921c16b9e5,0.19726027397260273,0.0,71
17,5d08bf63-2200-e811-9414-f0921c16b9e5,0.2,0.0,72
17,5d08bf63-2200-e811-9414-f0921c16b9e5,0.20273972602739726,0.0,73
17,5d08bf63-2200-e811-9414-f0921c16b9e5,0.2054794520547945,0.0,74
17,5d08bf63-2200-e811-9414-f0921c16b9e5,0.20821917808219179,0.0,75
17,5d08bf63-2200-e811-9414-f0921c16b9e5,0.21095890410958903,0.0,76
17,5d08bf63-2200-e811-9414-f0921c16b9e5,0.2136986301369863,0.0,77
17,5d08bf63-2200-e811-9414-f0921c16b9e5,0.21643835616438356,0.0,78
17,5d08bf63-2200-e811-9414-f0921c16b9e5,0.2191780821917808,0.0,79
17,5d08bf63-2200-e811-9414-f0921c16b9e5,0.2219178082191781,0.0,80
17,5d08bf63-2200-e811-9414-f0921c16b9e5,0.22465753424657534,0.0,81
17,5d08bf63-2200-e811-9414-f0921c16b9e5,0.2273972602739726,0.0,82
17,5d08bf63-2200-e811-9414-f0921c16b9e5,0.23013698630136986,0.0,83
17,5d08bf63-2200-e811-9414-f0921c16b9e5,0.2328767123287671,0.0,84
17,5d08bf63-2200-e811-9414-f0921c16b9e5,0.2356164383561644,0.0,85
17,5d08bf63-2200-e811-9414-f0921c16b9e5,0.23835616438356164,0.0,86
17,5d08bf63-2200-e811-9414-f0921c16b9e5,0.2410958904109589,0.0,87
17,5d08bf63-2200-e811-9414-f0921c16b9e5,0.24383561643835616,0.0,88
17,5d08bf63-2200-e811-9414-f0921c16b9e5,0.2465753424657534,0.0,89
18,5c08bf63-2200-e811-9414-f0921c16b9e5,0.0027397260273972603,0.0,0
18,5c08bf63-2200-e811-9414-f0921c16b9e5,0.005479452054794521,0.0001999999949476,1
18,5c08bf63-2200-e811-9414-f0921c16b9e5,0.00821917808219178,0.0003999999898952,2
18,5c08bf63-2200-e811-9414-f0921c16b9e5,0.010958904109589041,0.0005000000237487,3
18,5c08bf63-2200-e811-9414-f0921c16b9e5,0.0136986301369863,0.001000000047497,4
18,5c08bf63-2200-e811-9414-f0921c16b9e5,0.01643835616438356,0.001300000003539,5
18,5c08bf63-2200-e811-9414-f0921c16b9e5,0.019178082191780823,0.002099999925122,6
18,5c08bf63-2200-e811-9414-f0921c16b9e5,0.021917808219178082,0.003100000089034,7
18,5c08bf63-2200-e811-9414-f0921c16b9e5,0.024657534246575342,0.004800000227988,8
18,5c08bf63-2200-e811-9414-f0921c16b9e5,0.0273972602739726,0.00789999961853,9
18,5c08bf63-2200-e811-9414-f0921c16b9e5,0.030136986301369864,0.01240000035614,10
18,5c08bf63-2200-e811-9414-f0921c16b9e5,0.03287671232876712,0.02040000073612,11
18,5c08bf63-2200-e811-9414-f0921c16b9e5,0.03561643835616438,0.03269999846816,12
18,5c08bf63-2200-e811-9414-f0921c16b9e5,0.038356164383561646,0.05169999971986,13
18,5c08bf63-2200-e811-9414-f0921c16b9e5,0.0410958904109589,0.08110000193119,14
18,5c08bf63-2200-e811-9414-f0921c16b9e5,0.043835616438356165,0.1248999983072,15
18,5c08bf63-2200-e811-9414-f0921c16b9e5,0.04657534246575343,0.1856999993324,16
18,5c08bf63-2200-e811-9414-f0921c16b9e5,0.049315068493150684,0.2603999972343,17
18,5c08bf63-2200-e811-9414-f0921c16b9e5,0.052054794520547946,0.348199993372,18
18,5c08bf63-2200-e811-9414-f0921c16b9e5,0.0547945205479452,0.4316000044346,19
18,5c08bf63-2200-e811-9414-f0921c16b9e5,0.057534246575342465,0.5084000229836,20
18,5c08bf63-2200-e811-9414-f0921c16b9e5,0.06027397260273973,0.5515999794006,21
18,5c08bf63-2200-e811-9414-f0921c16b9e5,0.06301369863013699,0.5692999958992,22
18,5c08bf63-2200-e811-9414-f0921c16b9e5,0.06575342465753424,0.5503000020981,23
18,5c08bf63-2200-e811-9414-f0921c16b9e5,0.0684931506849315,0.5160999894142,24
18,5c08bf63-2200-e811-9414-f0921c16b9e5,0.07123287671232877,0.4819999933243,25
18,5c08bf63-2200-e811-9414-f0921c16b9e5,0.07397260273972603,0.4411000013351,26
18,5c08bf63-2200-e811-9414-f0921c16b9e5,0.07671232876712329,0.3993999958038,27
18,5c08bf63-2200-e811-9414-f0921c16b9e5,0.07945205479452055,0.3603000044823,28
18,5c08bf63-2200-e811-9414-f0921c16b9e5,0.0821917808219178,0.3246999979019,29
18,5c08bf63-2200-e811-9414-f0921c16b9e5,0.08493150684931507,0.2919999957085,30
18,5c08bf63-2200-e811-9414-f0921c16b9e5,0.08767123287671233,0.2621000111103,31
18,5c08bf63-2200-e811-9414-f0921c16b9e5,0.09041095890410959,0.2303999960423,32
18,5c08bf63-2200-e811-9414-f0921c16b9e5,0.09315068493150686,0.2029000073671,33
18,5c08bf63-2200-e811-9414-f0921c16b9e5,0.0958904109589041,0.1802999973297,34
18,5c08bf63-2200-e811-9414-f0921c16b9e5,0.09863013698630137,0.1608999967575,35
18,5c08bf63-2200-e811-9414-f0921c16b9e5,0.10136986301369863,0.1427000015974,36
18,5c08bf63-2200-e811-9414-f0921c16b9e5,0.10410958904109589,0.1263999938965,37
18,5c08bf63-2200-e811-9414-f0921c16b9e5,0.10684931506849316,0.1124000027776,38
18,5c08bf63-2200-e811-9414-f0921c16b9e5,0.1095890410958904,0.1001999974251,39
18,5c08bf63-2200-e811-9414-f0921c16b9e5,0.11232876712328767,0.08799999952316,40
18,5c08bf63-2200-e811-9414-f0921c16b9e5,0.11506849315068493,0.07890000194311,41
18,5c08bf63-2200-e811-9414-f0921c16b9e5,0.1178082191780822,0.06949999928474,42
18,5c08bf63-2200-e811-9414-f0921c16b9e5,0.12054794520547946,0.06270000338554,43
18,5c08bf63-2200-e811-9414-f0921c16b9e5,0.1232876712328767,0.05609999969602,44
18,5c08bf63-2200-e811-9414-f0921c16b9e5,0.12602739726027398,0.0498000010848,45
18,5c08bf63-2200-e811-9414-f0921c16b9e5,0.12876712328767123,0.04529999941587,46
18,5c08bf63-2200-e811-9414-f0921c16b9e5,0.13150684931506848,0.0397000014782,47
18,5c08bf63-2200-e811-9414-f0921c16b9e5,0.13424657534246576,0.03469999879599,48
18,5c08bf63-2200-e811-9414-f0921c16b9e5,0.136986301369863,0.02899999916553,49
18,5c08bf63-2200-e811-9414-f0921c16b9e5,0.13972602739726028,0.02520000003278,50
18,5c08bf63-2200-e811-9414-f0921c16b9e5,0.14246575342465753,0.02219999954104,51
18,5c08bf63-2200-e811-9414-f0921c16b9e5,0.14520547945205478,0.01899999938905,52
18,5c08bf63-2200-e811-9414-f0921c16b9e5,0.14794520547945206,0.01640000008047,53
18,5c08bf63-2200-e811-9414-f0921c16b9e5,0.1506849315068493,0.01400000043213,54
18,5c08bf63-2200-e811-9414-f0921c16b9e5,0.15342465753424658,0.01240000035614,55
18,5c08bf63-2200-e811-9414-f0921c16b9e5,0.15616438356164383,0.01159999985248,56
18,5c08bf63-2200-e811-9414-f0921c16b9e5,0.1589041095890411,0.01059999968857,57
18,5c08bf63-2200-e811-9414-f0921c16b9e5,0.16164383561643836,0.009300000034273,58
18,5c08bf63-2200-e811-9414-f0921c16b9e5,0.1643835616438356,0.008600000292063,59
18,5c08bf63-2200-e811-9414-f0921c16b9e5,0.16712328767123288,0.00789999961853,60
18,5c08bf63-2200-e811-9414-f0921c16b9e5,0.16986301369863013,0.007300000172108,61
18,5c08bf63-2200-e811-9414-f0921c16b9e5,0.1726027397260274,0.006699999794364,62
18,5c08bf63-2200-e811-9414-f0921c16b9e5,0.17534246575342466,0.006300000008196,63
18,5c08bf63-2200-e811-9414-f0921c16b9e5,0.1780821917808219,0.005799999926239,64
18,5c08bf63-2200-e811-9414-f0921c16b9e5,0.18082191780821918,0.005200000014156,65
18,5c08bf63-2200-e811-9414-f0921c16b9e5,0.18356164383561643,0.004600000102073,66
18,5c08bf63-2200-e811-9414-f0921c16b9e5,0.1863013698630137,0.00400000018999,67
18,5c08bf63-2200-e811-9414-f0921c16b9e5,0.18904109589041096,0.00359999993816,68
18,5c08bf63-2200-e811-9414-f0921c16b9e5,0.1917808219178082,0.003299999982119,69
18,5c08bf63-2200-e811-9414-f0921c16b9e5,0.19452054794520549,0.003100000089034,70
18,5c08bf63-2200-e811-9414-f0921c16b9e5,0.19726027397260273,0.00289999996312,71
18,5c08bf63-2200-e811-9414-f0921c16b9e5,0.2,0.002700000070035,72
18,5c08bf63-2200-e811-9414-f0921c16b9e5,0.20273972602739726,0.002400000113994,73
18,5c08bf63-2200-e811-9414-f0921c16b9e5,0.2054794520547945,0.002000000094995,74
18,5c08bf63-2200-e811-9414-f0921c16b9e5,0.20821917808219179,0.001599999959581,75
18,5c08bf63-2200-e811-9414-f0921c16b9e5,0.21095890410958903,0.001500000013039,76
18,5c08bf63-2200-e811-9414-f0921c16b9e5,0.2136986301369863,0.001500000013039,77
18,5c08bf63-2200-e811-9414-f0921c16b9e5,0.21643835616438356,0.001500000013039,78
18,5c08bf63-2200-e811-9414-f0921c16b9e5,0.2191780821917808,0.001500000013039,79
18,5c08bf63-2200-e811-9414-f0921c16b9e5,0.2219178082191781,0.001399999950081,80
18,5c08bf63-2200-e811-9414-f0921c16b9e5,0.22465753424657534,0.001300000003539,81
18,5c08bf63-2200-e811-9414-f0921c16b9e5,0.2273972602739726,0.001200000056997,82
18,5c08bf63-2200-e811-9414-f0921c16b9e5,0.23013698630136986,0.001200000056997,83
18,5c08bf63-2200-e811-9414-f0921c16b9e5,0.2328767123287671,0.001000000047497,84
18,5c08bf63-2200-e811-9414-f0921c16b9e5,0.2356164383561644,0.00089999998454,85
18,5c08bf63-2200-e811-9414-f0921c16b9e5,0.23835616438356164,0.0007999999797903,86
18,5c08bf63-2200-e811-9414-f0921c16b9e5,0.2410958904109589,0.0007999999797903,87
18,5c08bf63-2200-e811-9414-f0921c16b9e5,0.24383561643835616,0.0006999999750406,88
18,5c08bf63-2200-e811-9414-f0921c16b9e5,0.2465753424657534,0.0006999999750406,89
19,5b08bf63-2200-e811-9414-f0921c16b9e5,0.0027397260273972603,0.0,0
19,5b08bf63-2200-e811-9414-f0921c16b9e5,0.005479452054794521,0.0007999999797903,1
19,5b08bf63-2200-e811-9414-f0921c16b9e5,0.00821917808219178,0.00089999998454,2
19,5b08bf63-2200-e811-9414-f0921c16b9e5,0.010958904109589041,0.001300000003539,3
19,5b08bf63-2200-e811-9414-f0921c16b9e5,0.0136986301369863,0.002400000113994,4
19,5b08bf63-2200-e811-9414-f0921c16b9e5,0.01643835616438356,0.003400000045076,5
19,5b08bf63-2200-e811-9414-f0921c16b9e5,0.019178082191780823,0.005599999800324,6
19,5b08bf63-2200-e811-9414-f0921c16b9e5,0.021917808219178082,0.009800000116229,7
19,5b08bf63-2200-e811-9414-f0921c16b9e5,0.024657534246575342,0.01470000017434,8
19,5b08bf63-2200-e811-9414-f0921c16b9e5,0.0273972602739726,0.02290000021458,9
19,5b08bf63-2200-e811-9414-f0921c16b9e5,0.030136986301369864,0.0359000004828,10
19,5b08bf63-2200-e811-9414-f0921c16b9e5,0.03287671232876712,0.05590000003576,11
19,5b08bf63-2200-e811-9414-f0921c16b9e5,0.03561643835616438,0.08879999816418,12
19,5b08bf63-2200-e811-9414-f0921c16b9e5,0.038356164383561646,0.1292999982834,13
19,5b08bf63-2200-e811-9414-f0921c16b9e5,0.0410958904109589,0.1885000020266,14
19,5b08bf63-2200-e811-9414-f0921c16b9e5,0.043835616438356165,0.2612000107765,15
19,5b08bf63-2200-e811-9414-f0921c16b9e5,0.04657534246575343,0.3447999954224,16
19,5b08bf63-2200-e811-9414-f0921c16b9e5,0.049315068493150684,0.4264000058174,17
19,5b08bf63-2200-e811-9414-f0921c16b9e5,0.052054794520547946,0.4925000071526,18
19,5b08bf63-2200-e811-9414-f0921c16b9e5,0.0547945205479452,0.5302000045776,19
19,5b08bf63-2200-e811-9414-f0921c16b9e5,0.057534246575342465,0.5361999869347,20
19,5b08bf63-2200-e811-9414-f0921c16b9e5,0.06027397260273973,0.5181000232697,21
19,5b08bf63-2200-e811-9414-f0921c16b9e5,0.06301369863013699,0.4930000007153,22
19,5b08bf63-2200-e811-9414-f0921c16b9e5,0.06575342465753424,0.4580000042915,23
19,5b08bf63-2200-e811-9414-f0921c16b9e5,0.0684931506849315,0.4163999855518,24
19,5b08bf63-2200-e811-9414-f0921c16b9e5,0.07123287671232877,0.3785000145435,25
19,5b08bf63-2200-e811-9414-f0921c16b9e5,0.07397260273972603,0.3382000029087,26
19,5b08bf63-2200-e811-9414-f0921c16b9e5,0.07671232876712329,0.3021000027657,27
19,5b08bf63-2200-e811-9414-f0921c16b9e5,0.07945205479452055,0.2718000113964,28
19,5b08bf63-2200-e811-9414-f0921c16b9e5,0.0821917808219178,0.2424000054598,29
19,5b08bf63-2200-e811-9414-f0921c16b9e5,0.08493150684931507,0.215499997139,30
19,5b08bf63-2200-e811-9414-f0921c16b9e5,0.08767123287671233,0.193200007081,31
19,5b08bf63-2200-e811-9414-f0921c16b9e5,0.09041095890410959,0.1710000038147,32
19,5b08bf63-2200-e811-9414-f0921c16b9e5,0.09315068493150686,0.1509999930859,33
19,5b08bf63-2200-e811-9414-f0921c16b9e5,0.0958904109589041,0.1337999999523,34
19,5b08bf63-2200-e811-9414-f0921c16b9e5,0.09863013698630137,0.1191999986768,35
19,5b08bf63-2200-e811-9414-f0921c16b9e5,0.10136986301369863,0.1055999994278,36
19,5b08bf63-2200-e811-9414-f0921c16b9e5,0.10410958904109589,0.09250000119209,37
19,5b08bf63-2200-e811-9414-f0921c16b9e5,0.10684931506849316,0.08070000261068,38
19,5b08bf63-2200-e811-9414-f0921c16b9e5,0.1095890410958904,0.07079999893904,39
19,5b08bf63-2200-e811-9414-f0921c16b9e5,0.11232876712328767,0.06190000101924,40
19,5b08bf63-2200-e811-9414-f0921c16b9e5,0.11506849315068493,0.0549000017345,41
19,5b08bf63-2200-e811-9414-f0921c16b9e5,0.1178082191780822,0.04820000007749,42
19,5b08bf63-2200-e811-9414-f0921c16b9e5,0.12054794520547946,0.04300000146031,43
19,5b08bf63-2200-e811-9414-f0921c16b9e5,0.1232876712328767,0.03959999978542,44
19,5b08bf63-2200-e811-9414-f0921c16b9e5,0.12602739726027398,0.03480000048876,45
19,5b08bf63-2200-e811-9414-f0921c16b9e5,0.12876712328767123,0.03070000000298,46
19,5b08bf63-2200-e811-9414-f0921c16b9e5,0.13150684931506848,0.02639999985695,47
19,5b08bf63-2200-e811-9414-f0921c16b9e5,0.13424657534246576,0.02400000020862,48
19,5b08bf63-2200-e811-9414-f0921c16b9e5,0.136986301369863,0.02150000073016,49
19,5b08bf63-2200-e811-9414-f0921c16b9e5,0.13972602739726028,0.01989999972284,50
19,5b08bf63-2200-e811-9414-f0921c16b9e5,0.14246575342465753,0.0168999992311,51
19,5b08bf63-2200-e811-9414-f0921c16b9e5,0.14520547945205478,0.01499999966472,52
19,5b08bf63-2200-e811-9414-f0921c16b9e5,0.14794520547945206,0.0136000001803,53
19,5b08bf63-2200-e811-9414-f0921c16b9e5,0.1506849315068493,0.01250000018626,54
19,5b08bf63-2200-e811-9414-f0921c16b9e5,0.15342465753424658,0.01080000028014,55
19,5b08bf63-2200-e811-9414-f0921c16b9e5,0.15616438356164383,0.009200000204146,56
19,5b08bf63-2200-e811-9414-f0921c16b9e5,0.1589041095890411,0.008500000461936,57
19,5b08bf63-2200-e811-9414-f0921c16b9e5,0.16164383561643836,0.007799999788404,58
19,5b08bf63-2200-e811-9414-f0921c16b9e5,0.1643835616438356,0.007100000046194,59
19,5b08bf63-2200-e811-9414-f0921c16b9e5,0.16712328767123288,0.006200000178069,60
19,5b08bf63-2200-e811-9414-f0921c16b9e5,0.16986301369863013,0.005400000140071,61
19,5b08bf63-2200-e811-9414-f0921c16b9e5,0.1726027397260274,0.004999999888241,62
19,5b08bf63-2200-e811-9414-f0921c16b9e5,0.17534246575342466,0.004300000146031,63
19,5b08bf63-2200-e811-9414-f0921c16b9e5,0.1780821917808219,0.003700000001118,64
19,5b08bf63-2200-e811-9414-f0921c16b9e5,0.18082191780821918,0.003400000045076,65
19,5b08bf63-2200-e811-9414-f0921c16b9e5,0.18356164383561643,0.003199999919161,66
19,5b08bf63-2200-e811-9414-f0921c16b9e5,0.1863013698630137,0.003000000026077,67
19,5b08bf63-2200-e811-9414-f0921c16b9e5,0.18904109589041096,0.002499999944121,68
19,5b08bf63-2200-e811-9414-f0921c16b9e5,0.1917808219178082,0.002199999988079,69
19,5b08bf63-2200-e811-9414-f0921c16b9e5,0.19452054794520549,0.002199999988079,70
19,5b08bf63-2200-e811-9414-f0921c16b9e5,0.19726027397260273,0.002099999925122,71
19,5b08bf63-2200-e811-9414-f0921c16b9e5,0.2,0.002000000094995,72
19,5b08bf63-2200-e811-9414-f0921c16b9e5,0.20273972602739726,0.00179999996908,73
19,5b08bf63-2200-e811-9414-f0921c16b9e5,0.2054794520547945,0.001500000013039,74
19,5b08bf63-2200-e811-9414-f0921c16b9e5,0.20821917808219179,0.001399999950081,75
19,5b08bf63-2200-e811-9414-f0921c16b9e5,0.21095890410958903,0.001000000047497,76
19,5b08bf63-2200-e811-9414-f0921c16b9e5,0.2136986301369863,0.001000000047497,77
19,5b08bf63-2200-e811-9414-f0921c16b9e5,0.21643835616438356,0.00089999998454,78
19,5b08bf63-2200-e811-9414-f0921c16b9e5,0.2191780821917808,0.0006999999750406,79
19,5b08bf63-2200-e811-9414-f0921c16b9e5,0.2219178082191781,0.0005000000237487,80
19,5b08bf63-2200-e811-9414-f0921c16b9e5,0.22465753424657534,0.0005000000237487,81
19,5b08bf63-2200-e811-9414-f0921c16b9e5,0.2273972602739726,0.0005000000237487,82
19,5b08bf63-2200-e811-9414-f0921c16b9e5,0.23013698630136986,0.0005000000237487,83
19,5b08bf63-2200-e811-9414-f0921c16b9e5,0.2328767123287671,0.0005000000237487,84
19,5b08bf63-2200-e811-9414-f0921c16b9e5,0.2356164383561644,0.0003999999898952,85
19,5b08bf63-2200-e811-9414-f0921c16b9e5,0.23835616438356164,0.0003999999898952,86
19,5b08bf63-2200-e811-9414-f0921c16b9e5,0.2410958904109589,0.0003999999898952,87
19,5b08bf63-2200-e811-9414-f0921c16b9e5,0.24383561643835616,0.0003999999898952,88
19,5b08bf63-2200-e811-9414-f0921c16b9e5,0.2465753424657534,0.0003999999898952,89
20,5a08bf63-2200-e811-9414-f0921c16b9e5,0.0027397260273972603,0.0,0
20,5a08bf63-2200-e811-9414-f0921c16b9e5,0.005479452054794521,0.0003000000142492,1
20,5a08bf63-2200-e811-9414-f0921c16b9e5,0.00821917808219178,0.0003999999898952,2
20,5a08bf63-2200-e811-9414-f0921c16b9e5,0.010958904109589041,0.0003999999898952,3
20,5a08bf63-2200-e811-9414-f0921c16b9e5,0.0136986301369863,0.001200000056997,4
20,5a08bf63-2200-e811-9414-f0921c16b9e5,0.01643835616438356,0.003199999919161,5
20,5a08bf63-2200-e811-9414-f0921c16b9e5,0.019178082191780823,0.008200000040233,6
20,5a08bf63-2200-e811-9414-f0921c16b9e5,0.021917808219178082,0.01830000057817,7
20,5a08bf63-2200-e811-9414-f0921c16b9e5,0.024657534246575342,0.04250000044703,8
20,5a08bf63-2200-e811-9414-f0921c16b9e5,0.0273972602739726,0.09279999881983,9
20,5a08bf63-2200-e811-9414-f0921c16b9e5,0.030136986301369864,0.1953999996185,10
20,5a08bf63-2200-e811-9414-f0921c16b9e5,0.03287671232876712,0.3540999889374,11
20,5a08bf63-2200-e811-9414-f0921c16b9e5,0.03561643835616438,0.5573999881744,12
20,5a08bf63-2200-e811-9414-f0921c16b9e5,0.038356164383561646,0.6994000077248,13
20,5a08bf63-2200-e811-9414-f0921c16b9e5,0.0410958904109589,0.7322000265121,14
20,5a08bf63-2200-e811-9414-f0921c16b9e5,0.043835616438356165,0.6937000155449,15
20,5a08bf63-2200-e811-9414-f0921c16b9e5,0.04657534246575343,0.6385999917984,16
20,5a08bf63-2200-e811-9414-f0921c16b9e5,0.049315068493150684,0.5824000239372,17
20,5a08bf63-2200-e811-9414-f0921c16b9e5,0.052054794520547946,0.5253000259399,18
20,5a08bf63-2200-e811-9414-f0921c16b9e5,0.0547945205479452,0.4742999970913,19
20,5a08bf63-2200-e811-9414-f0921c16b9e5,0.057534246575342465,0.4273999929428,20
20,5a08bf63-2200-e811-9414-f0921c16b9e5,0.06027397260273973,0.3889000117779,21
20,5a08bf63-2200-e811-9414-f0921c16b9e5,0.06301369863013699,0.3488000035286,22
20,5a08bf63-2200-e811-9414-f0921c16b9e5,0.06575342465753424,0.3170000016689,23
20,5a08bf63-2200-e811-9414-f0921c16b9e5,0.0684931506849315,0.2881000041962,24
20,5a08bf63-2200-e811-9414-f0921c16b9e5,0.07123287671232877,0.2569999992847,25
20,5a08bf63-2200-e811-9414-f0921c16b9e5,0.07397260273972603,0.2318000048399,26
20,5a08bf63-2200-e811-9414-f0921c16b9e5,0.07671232876712329,0.2057999968529,27
20,5a08bf63-2200-e811-9414-f0921c16b9e5,0.07945205479452055,0.1852000057697,28
20,5a08bf63-2200-e811-9414-f0921c16b9e5,0.0821917808219178,0.1658000051975,29
20,5a08bf63-2200-e811-9414-f0921c16b9e5,0.08493150684931507,0.1492000073195,30
20,5a08bf63-2200-e811-9414-f0921c16b9e5,0.08767123287671233,0.1340000033379,31
20,5a08bf63-2200-e811-9414-f0921c16b9e5,0.09041095890410959,0.1208999976516,32
20,5a08bf63-2200-e811-9414-f0921c16b9e5,0.09315068493150686,0.1076000034809,33
20,5a08bf63-2200-e811-9414-f0921c16b9e5,0.0958904109589041,0.09640000015497,34
20,5a08bf63-2200-e811-9414-f0921c16b9e5,0.09863013698630137,0.08820000290871,35
20,5a08bf63-2200-e811-9414-f0921c16b9e5,0.10136986301369863,0.07869999855757,36
20,5a08bf63-2200-e811-9414-f0921c16b9e5,0.10410958904109589,0.07090000063181,37
20,5a08bf63-2200-e811-9414-f0921c16b9e5,0.10684931506849316,0.06509999930859,38
20,5a08bf63-2200-e811-9414-f0921c16b9e5,0.1095890410958904,0.05880000069737,39
20,5a08bf63-2200-e811-9414-f0921c16b9e5,0.11232876712328767,0.05270000174642,40
20,5a08bf63-2200-e811-9414-f0921c16b9e5,0.11506849315068493,0.04789999872446,41
20,5a08bf63-2200-e811-9414-f0921c16b9e5,0.1178082191780822,0.04360000044107,42
20,5a08bf63-2200-e811-9414-f0921c16b9e5,0.12054794520547946,0.03990000113845,43
20,5a08bf63-2200-e811-9414-f0921c16b9e5,0.1232876712328767,0.03570000082254,44
20,5a08bf63-2200-e811-9414-f0921c16b9e5,0.12602739726027398,0.0320999994874,45
20,5a08bf63-2200-e811-9414-f0921c16b9e5,0.12876712328767123,0.0285000000149,46
20,5a08bf63-2200-e811-9414-f0921c16b9e5,0.13150684931506848,0.02439999952912,47
20,5a08bf63-2200-e811-9414-f0921c16b9e5,0.13424657534246576,0.02270000055432,48
20,5a08bf63-2200-e811-9414-f0921c16b9e5,0.136986301369863,0.02129999920726,49
20,5a08bf63-2200-e811-9414-f0921c16b9e5,0.13972602739726028,0.01899999938905,50
20,5a08bf63-2200-e811-9414-f0921c16b9e5,0.14246575342465753,0.01649999991059,51
20,5a08bf63-2200-e811-9414-f0921c16b9e5,0.14520547945205478,0.01460000034422,52
20,5a08bf63-2200-e811-9414-f0921c16b9e5,0.14794520547945206,0.01290000043809,53
20,5a08bf63-2200-e811-9414-f0921c16b9e5,0.1506849315068493,0.01180000044405,54
20,5a08bf63-2200-e811-9414-f0921c16b9e5,0.15342465753424658,0.01080000028014,55
20,5a08bf63-2200-e811-9414-f0921c16b9e5,0.15616438356164383,0.009399999864399,56
20,5a08bf63-2200-e811-9414-f0921c16b9e5,0.1589041095890411,0.008500000461936,57
20,5a08bf63-2200-e811-9414-f0921c16b9e5,0.16164383561643836,0.00719999987632,58
20,5a08bf63-2200-e811-9414-f0921c16b9e5,0.1643835616438356,0.00650000013411,59
20,5a08bf63-2200-e811-9414-f0921c16b9e5,0.16712328767123288,0.006099999882281,60
20,5a08bf63-2200-e811-9414-f0921c16b9e5,0.16986301369863013,0.005499999970198,61
20,5a08bf63-2200-e811-9414-f0921c16b9e5,0.1726027397260274,0.0046999999322,62
20,5a08bf63-2200-e811-9414-f0921c16b9e5,0.17534246575342466,0.004100000020117,63
20,5a08bf63-2200-e811-9414-f0921c16b9e5,0.1780821917808219,0.003700000001118,64
20,5a08bf63-2200-e811-9414-f0921c16b9e5,0.18082191780821918,0.003400000045076,65
20,5a08bf63-2200-e811-9414-f0921c16b9e5,0.18356164383561643,0.003100000089034,66
20,5a08bf63-2200-e811-9414-f0921c16b9e5,0.1863013698630137,0.002600000007078,67
20,5a08bf63-2200-e811-9414-f0921c16b9e5,0.18904109589041096,0.002199999988079,68
20,5a08bf63-2200-e811-9414-f0921c16b9e5,0.1917808219178082,0.002000000094995,69
20,5a08bf63-2200-e811-9414-f0921c16b9e5,0.19452054794520549,0.001599999959581,70
20,5a08bf63-2200-e811-9414-f0921c16b9e5,0.19726027397260273,0.001599999959581,71
20,5a08bf63-2200-e811-9414-f0921c16b9e5,0.2,0.001200000056997,72
20,5a08bf63-2200-e811-9414-f0921c16b9e5,0.20273972602739726,0.001200000056997,73
20,5a08bf63-2200-e811-9414-f0921c16b9e5,0.2054794520547945,0.00089999998454,74
20,5a08bf63-2200-e811-9414-f0921c16b9e5,0.20821917808219179,0.00089999998454,75
20,5a08bf63-2200-e811-9414-f0921c16b9e5,0.21095890410958903,0.0006999999750406,76
20,5a08bf63-2200-e811-9414-f0921c16b9e5,0.2136986301369863,0.0006999999750406,77
20,5a08bf63-2200-e811-9414-f0921c16b9e5,0.21643835616438356,0.0006999999750406,78
20,5a08bf63-2200-e811-9414-f0921c16b9e5,0.2191780821917808,0.0006999999750406,79
20,5a08bf63-2200-e811-9414-f0921c16b9e5,0.2219178082191781,0.0006999999750406,80
20,5a08bf63-2200-e811-9414-f0921c16b9e5,0.22465753424657534,0.0006999999750406,81
20,5a08bf63-2200-e811-9414-f0921c16b9e5,0.2273972602739726,0.0006999999750406,82
20,5a08bf63-2200-e811-9414-f0921c16b9e5,0.23013698630136986,0.0006000000284985,83
20,5a08bf63-2200-e811-9414-f0921c16b9e5,0.2328767123287671,0.0003999999898952,84
20,5a08bf63-2200-e811-9414-f0921c16b9e5,0.2356164383561644,0.0003000000142492,85
20,5a08bf63-2200-e811-9414-f0921c16b9e5,0.23835616438356164,0.0001999999949476,86
20,5a08bf63-2200-e811-9414-f0921c16b9e5,0.2410958904109589,9.999999747379e-05,87
20,5a08bf63-2200-e811-9414-f0921c16b9e5,0.24383561643835616,9.999999747379e-05,88
20,5a08bf63-2200-e811-9414-f0921c16b9e5,0.2465753424657534,9.999999747379e-05,89
21,5908bf63-2200-e811-9414-f0921c16b9e5,0.0027397260273972603,0.0,0
21,5908bf63-2200-e811-9414-f0921c16b9e5,0.005479452054794521,0.0006000000284985,1
21,5908bf63-2200-e811-9414-f0921c16b9e5,0.00821917808219178,0.001200000056997,2
21,5908bf63-2200-e811-9414-f0921c16b9e5,0.010958904109589041,0.002400000113994,3
21,5908bf63-2200-e811-9414-f0921c16b9e5,0.0136986301369863,0.005100000184029,4
21,5908bf63-2200-e811-9414-f0921c16b9e5,0.01643835616438356,0.01080000028014,5
21,5908bf63-2200-e811-9414-f0921c16b9e5,0.019178082191780823,0.0223999992013,6
21,5908bf63-2200-e811-9414-f0921c16b9e5,0.021917808219178082,0.04039999842644,7
21,5908bf63-2200-e811-9414-f0921c16b9e5,0.024657534246575342,0.07479999959469,8
21,5908bf63-2200-e811-9414-f0921c16b9e5,0.0273972602739726,0.1295000016689,9
21,5908bf63-2200-e811-9414-f0921c16b9e5,0.030136986301369864,0.2141000032425,10
21,5908bf63-2200-e811-9414-f0921c16b9e5,0.03287671232876712,0.3289000093937,11
21,5908bf63-2200-e811-9414-f0921c16b9e5,0.03561643835616438,0.4478999972343,12
21,5908bf63-2200-e811-9414-f0921c16b9e5,0.038356164383561646,0.5444999933243,13
21,5908bf63-2200-e811-9414-f0921c16b9e5,0.0410958904109589,0.5921999812126,14
21,5908bf63-2200-e811-9414-f0921c16b9e5,0.043835616438356165,0.5886999964714,15
21,5908bf63-2200-e811-9414-f0921c16b9e5,0.04657534246575343,0.5507000088692,16
21,5908bf63-2200-e811-9414-f0921c16b9e5,0.049315068493150684,0.5020999908447,17
21,5908bf63-2200-e811-9414-f0921c16b9e5,0.052054794520547946,0.4449999928474,18
21,5908bf63-2200-e811-9414-f0921c16b9e5,0.0547945205479452,0.3944999873638,19
21,5908bf63-2200-e811-9414-f0921c16b9e5,0.057534246575342465,0.3459999859333,20
21,5908bf63-2200-e811-9414-f0921c16b9e5,0.06027397260273973,0.3023000061512,21
21,5908bf63-2200-e811-9414-f0921c16b9e5,0.06301369863013699,0.260899990797,22
21,5908bf63-2200-e811-9414-f0921c16b9e5,0.06575342465753424,0.228900000453,23
21,5908bf63-2200-e811-9414-f0921c16b9e5,0.0684931506849315,0.2021999955177,24
21,5908bf63-2200-e811-9414-f0921c16b9e5,0.07123287671232877,0.1758999973536,25
21,5908bf63-2200-e811-9414-f0921c16b9e5,0.07397260273972603,0.1559000015259,26
21,5908bf63-2200-e811-9414-f0921c16b9e5,0.07671232876712329,0.1337999999523,27
21,5908bf63-2200-e811-9414-f0921c16b9e5,0.07945205479452055,0.1172000020742,28
21,5908bf63-2200-e811-9414-f0921c16b9e5,0.0821917808219178,0.1002999991179,29
21,5908bf63-2200-e811-9414-f0921c16b9e5,0.08493150684931507,0.0882999971509,30
21,5908bf63-2200-e811-9414-f0921c16b9e5,0.08767123287671233,0.07490000128746,31
21,5908bf63-2200-e811-9414-f0921c16b9e5,0.09041095890410959,0.06530000269413,32
21,5908bf63-2200-e811-9414-f0921c16b9e5,0.09315068493150686,0.05810000002384,33
21,5908bf63-2200-e811-9414-f0921c16b9e5,0.0958904109589041,0.0489999987185,34
21,5908bf63-2200-e811-9414-f0921c16b9e5,0.09863013698630137,0.04369999840856,35
21,5908bf63-2200-e811-9414-f0921c16b9e5,0.10136986301369863,0.03660000115633,36
21,5908bf63-2200-e811-9414-f0921c16b9e5,0.10410958904109589,0.03170000016689,37
21,5908bf63-2200-e811-9414-f0921c16b9e5,0.10684931506849316,0.02740000002086,38
21,5908bf63-2200-e811-9414-f0921c16b9e5,0.1095890410958904,0.024299999699,39
21,5908bf63-2200-e811-9414-f0921c16b9e5,0.11232876712328767,0.02129999920726,40
21,5908bf63-2200-e811-9414-f0921c16b9e5,0.11506849315068493,0.01759999990463,41
21,5908bf63-2200-e811-9414-f0921c16b9e5,0.1178082191780822,0.01569999940693,42
21,5908bf63-2200-e811-9414-f0921c16b9e5,0.12054794520547946,0.01429999992251,43
21,5908bf63-2200-e811-9414-f0921c16b9e5,0.1232876712328767,0.01190000027418,44
21,5908bf63-2200-e811-9414-f0921c16b9e5,0.12602739726027398,0.01070000045002,45
21,5908bf63-2200-e811-9414-f0921c16b9e5,0.12876712328767123,0.009700000286102,46
21,5908bf63-2200-e811-9414-f0921c16b9e5,0.13150684931506848,0.008500000461936,47
21,5908bf63-2200-e811-9414-f0921c16b9e5,0.13424657534246576,0.007499999832362,48
21,5908bf63-2200-e811-9414-f0921c16b9e5,0.136986301369863,0.006599999964237,49
21,5908bf63-2200-e811-9414-f0921c16b9e5,0.13972602739726028,0.005400000140071,50
21,5908bf63-2200-e811-9414-f0921c16b9e5,0.14246575342465753,0.005100000184029,51
21,5908bf63-2200-e811-9414-f0921c16b9e5,0.14520547945205478,0.004499999806285,52
21,5908bf63-2200-e811-9414-f0921c16b9e5,0.14794520547945206,0.004100000020117,53
21,5908bf63-2200-e811-9414-f0921c16b9e5,0.1506849315068493,0.003700000001118,54
21,5908bf63-2200-e811-9414-f0921c16b9e5,0.15342465753424658,0.003400000045076,55
21,5908bf63-2200-e811-9414-f0921c16b9e5,0.15616438356164383,0.002600000007078,56
21,5908bf63-2200-e811-9414-f0921c16b9e5,0.1589041095890411,0.002400000113994,57
21,5908bf63-2200-e811-9414-f0921c16b9e5,0.16164383561643836,0.002099999925122,58
21,5908bf63-2200-e811-9414-f0921c16b9e5,0.1643835616438356,0.00179999996908,59
21,5908bf63-2200-e811-9414-f0921c16b9e5,0.16712328767123288,0.001599999959581,60
21,5908bf63-2200-e811-9414-f0921c16b9e5,0.16986301369863013,0.001500000013039,61
21,5908bf63-2200-e811-9414-f0921c16b9e5,0.1726027397260274,0.001300000003539,62
21,5908bf63-2200-e811-9414-f0921c16b9e5,0.17534246575342466,0.001200000056997,63
21,5908bf63-2200-e811-9414-f0921c16b9e5,0.1780821917808219,0.00089999998454,64
21,5908bf63-2200-e811-9414-f0921c16b9e5,0.18082191780821918,0.0006999999750406,65
21,5908bf63-2200-e811-9414-f0921c16b9e5,0.18356164383561643,0.0006000000284985,66
21,5908bf63-2200-e811-9414-f0921c16b9e5,0.1863013698630137,0.0005000000237487,67
21,5908bf63-2200-e811-9414-f0921c16b9e5,0.18904109589041096,0.0005000000237487,68
21,5908bf63-2200-e811-9414-f0921c16b9e5,0.1917808219178082,0.0001999999949476,69
21,5908bf63-2200-e811-9414-f0921c16b9e5,0.19452054794520549,9.999999747379e-05,70
21,5908bf63-2200-e811-9414-f0921c16b9e5,0.19726027397260273,9.999999747379e-05,71
21,5908bf63-2200-e811-9414-f0921c16b9e5,0.2,9.999999747379e-05,72
21,5908bf63-2200-e811-9414-f0921c16b9e5,0.20273972602739726,0.0,73
21,5908bf63-2200-e811-9414-f0921c16b9e5,0.2054794520547945,0.0,74
21,5908bf63-2200-e811-9414-f0921c16b9e5,0.20821917808219179,0.0,75
21,5908bf63-2200-e811-9414-f0921c16b9e5,0.21095890410958903,0.0,76
21,5908bf63-2200-e811-9414-f0921c16b9e5,0.2136986301369863,0.0,77
21,5908bf63-2200-e811-9414-f0921c16b9e5,0.21643835616438356,0.0,78
21,5908bf63-2200-e811-9414-f0921c16b9e5,0.2191780821917808,0.0,79
21,5908bf63-2200-e811-9414-f0921c16b9e5,0.2219178082191781,0.0,80
21,5908bf63-2200-e811-9414-f0921c16b9e5,0.22465753424657534,0.0,81
21,5908bf63-2200-e811-9414-f0921c16b9e5,0.2273972602739726,0.0,82
21,5908bf63-2200-e811-9414-f0921c16b9e5,0.23013698630136986,0.0,83
21,5908bf63-2200-e811-9414-f0921c16b9e5,0.2328767123287671,0.0,84
21,5908bf63-2200-e811-9414-f0921c16b9e5,0.2356164383561644,0.0,85
21,5908bf63-2200-e811-9414-f0921c16b9e5,0.23835616438356164,0.0,86
21,5908bf63-2200-e811-9414-f0921c16b9e5,0.2410958904109589,0.0,87
21,5908bf63-2200-e811-9414-f0921c16b9e5,0.24383561643835616,0.0,88
21,5908bf63-2200-e811-9414-f0921c16b9e5,0.2465753424657534,0.0,89
22,5808bf63-2200-e811-9414-f0921c16b9e5,0.0027397260273972603,0.0,0
22,5808bf63-2200-e811-9414-f0921c16b9e5,0.005479452054794521,0.0006999999750406,1
22,5808bf63-2200-e811-9414-f0921c16b9e5,0.00821917808219178,0.001700000022538,2
22,5808bf63-2200-e811-9414-f0921c16b9e5,0.010958904109589041,0.002400000113994,3
22,5808bf63-2200-e811-9414-f0921c16b9e5,0.0136986301369863,0.0046999999322,4
22,5808bf63-2200-e811-9414-f0921c16b9e5,0.01643835616438356,0.009300000034273,5
22,5808bf63-2200-e811-9414-f0921c16b9e5,0.019178082191780823,0.01779999956489,6
22,5808bf63-2200-e811-9414-f0921c16b9e5,0.021917808219178082,0.03359999880195,7
22,5808bf63-2200-e811-9414-f0921c16b9e5,0.024657534246575342,0.05840000137687,8
22,5808bf63-2200-e811-9414-f0921c16b9e5,0.0273972602739726,0.104699999094,9
22,5808bf63-2200-e811-9414-f0921c16b9e5,0.030136986301369864,0.1837999969721,10
22,5808bf63-2200-e811-9414-f0921c16b9e5,0.03287671232876712,0.298299998045,11
22,5808bf63-2200-e811-9414-f0921c16b9e5,0.03561643835616438,0.435900002718,12
22,5808bf63-2200-e811-9414-f0921c16b9e5,0.038356164383561646,0.5606999993324,13
22,5808bf63-2200-e811-9414-f0921c16b9e5,0.0410958904109589,0.6251999735832,14
22,5808bf63-2200-e811-9414-f0921c16b9e5,0.043835616438356165,0.6417000293732,15
22,5808bf63-2200-e811-9414-f0921c16b9e5,0.04657534246575343,0.606299996376,16
22,5808bf63-2200-e811-9414-f0921c16b9e5,0.049315068493150684,0.5533999800682,17
22,5808bf63-2200-e811-9414-f0921c16b9e5,0.052054794520547946,0.4973999857903,18
22,5808bf63-2200-e811-9414-f0921c16b9e5,0.0547945205479452,0.4453999996185,19
22,5808bf63-2200-e811-9414-f0921c16b9e5,0.057534246575342465,0.3977000117302,20
22,5808bf63-2200-e811-9414-f0921c16b9e5,0.06027397260273973,0.3519999980927,21
22,5808bf63-2200-e811-9414-f0921c16b9e5,0.06301369863013699,0.3143999874592,22
22,5808bf63-2200-e811-9414-f0921c16b9e5,0.06575342465753424,0.2775000035763,23
22,5808bf63-2200-e811-9414-f0921c16b9e5,0.0684931506849315,0.2452999949455,24
22,5808bf63-2200-e811-9414-f0921c16b9e5,0.07123287671232877,0.2149000018835,25
22,5808bf63-2200-e811-9414-f0921c16b9e5,0.07397260273972603,0.188299998641,26
22,5808bf63-2200-e811-9414-f0921c16b9e5,0.07671232876712329,0.1661999970675,27
22,5808bf63-2200-e811-9414-f0921c16b9e5,0.07945205479452055,0.1471000015736,28
22,5808bf63-2200-e811-9414-f0921c16b9e5,0.0821917808219178,0.131099998951,29
22,5808bf63-2200-e811-9414-f0921c16b9e5,0.08493150684931507,0.1159000024199,30
22,5808bf63-2200-e811-9414-f0921c16b9e5,0.08767123287671233,0.103900000453,31
22,5808bf63-2200-e811-9414-f0921c16b9e5,0.09041095890410959,0.09250000119209,32
22,5808bf63-2200-e811-9414-f0921c16b9e5,0.09315068493150686,0.08219999819994,33
22,5808bf63-2200-e811-9414-f0921c16b9e5,0.0958904109589041,0.07119999825954,34
22,5808bf63-2200-e811-9414-f0921c16b9e5,0.09863013698630137,0.06300000101328,35
22,5808bf63-2200-e811-9414-f0921c16b9e5,0.10136986301369863,0.05550000071526,36
22,5808bf63-2200-e811-9414-f0921c16b9e5,0.10410958904109589,0.04859999939799,37
22,5808bf63-2200-e811-9414-f0921c16b9e5,0.10684931506849316,0.04210000112653,38
22,5808bf63-2200-e811-9414-f0921c16b9e5,0.1095890410958904,0.03610000014305,39
22,5808bf63-2200-e811-9414-f0921c16b9e5,0.11232876712328767,0.03229999914765,40
22,5808bf63-2200-e811-9414-f0921c16b9e5,0.11506849315068493,0.02859999984503,41
22,5808bf63-2200-e811-9414-f0921c16b9e5,0.1178082191780822,0.02500000037253,42
22,5808bf63-2200-e811-9414-f0921c16b9e5,0.12054794520547946,0.021099999547,43
22,5808bf63-2200-e811-9414-f0921c16b9e5,0.1232876712328767,0.0194000005722,44
22,5808bf63-2200-e811-9414-f0921c16b9e5,0.12602739726027398,0.017100000754,45
22,5808bf63-2200-e811-9414-f0921c16b9e5,0.12876712328767123,0.01510000042617,46
22,5808bf63-2200-e811-9414-f0921c16b9e5,0.13150684931506848,0.01300000026822,47
22,5808bf63-2200-e811-9414-f0921c16b9e5,0.13424657534246576,0.01159999985248,48
22,5808bf63-2200-e811-9414-f0921c16b9e5,0.136986301369863,0.01020000036806,49
22,5808bf63-2200-e811-9414-f0921c16b9e5,0.13972602739726028,0.008899999782443,50
22,5808bf63-2200-e811-9414-f0921c16b9e5,0.14246575342465753,0.007799999788404,51
22,5808bf63-2200-e811-9414-f0921c16b9e5,0.14520547945205478,0.006899999920279,52
22,5808bf63-2200-e811-9414-f0921c16b9e5,0.14794520547945206,0.005299999844283,53
22,5808bf63-2200-e811-9414-f0921c16b9e5,0.1506849315068493,0.004300000146031,54
22,5808bf63-2200-e811-9414-f0921c16b9e5,0.15342465753424658,0.00400000018999,55
22,5808bf63-2200-e811-9414-f0921c16b9e5,0.15616438356164383,0.003700000001118,56
22,5808bf63-2200-e811-9414-f0921c16b9e5,0.1589041095890411,0.003199999919161,57
22,5808bf63-2200-e811-9414-f0921c16b9e5,0.16164383561643836,0.002600000007078,58
22,5808bf63-2200-e811-9414-f0921c16b9e5,0.1643835616438356,0.002400000113994,59
22,5808bf63-2200-e811-9414-f0921c16b9e5,0.16712328767123288,0.002300000051036,60
22,5808bf63-2200-e811-9414-f0921c16b9e5,0.16986301369863013,0.002099999925122,61
22,5808bf63-2200-e811-9414-f0921c16b9e5,0.1726027397260274,0.001900000032037,62
22,5808bf63-2200-e811-9414-f0921c16b9e5,0.17534246575342466,0.00179999996908,63
22,5808bf63-2200-e811-9414-f0921c16b9e5,0.1780821917808219,0.001500000013039,64
22,5808bf63-2200-e811-9414-f0921c16b9e5,0.18082191780821918,0.001399999950081,65
22,5808bf63-2200-e811-9414-f0921c16b9e5,0.18356164383561643,0.001399999950081,66
22,5808bf63-2200-e811-9414-f0921c16b9e5,0.1863013698630137,0.001300000003539,67
22,5808bf63-2200-e811-9414-f0921c16b9e5,0.18904109589041096,0.001200000056997,68
22,5808bf63-2200-e811-9414-f0921c16b9e5,0.1917808219178082,0.00089999998454,69
22,5808bf63-2200-e811-9414-f0921c16b9e5,0.19452054794520549,0.0006999999750406,70
22,5808bf63-2200-e811-9414-f0921c16b9e5,0.19726027397260273,0.0006000000284985,71
22,5808bf63-2200-e811-9414-f0921c16b9e5,0.2,0.0006000000284985,72
22,5808bf63-2200-e811-9414-f0921c16b9e5,0.20273972602739726,0.0005000000237487,73
22,5808bf63-2200-e811-9414-f0921c16b9e5,0.2054794520547945,0.0003999999898952,74
22,5808bf63-2200-e811-9414-f0921c16b9e5,0.20821917808219179,0.0003999999898952,75
22,5808bf63-2200-e811-9414-f0921c16b9e5,0.21095890410958903,0.0003000000142492,76
22,5808bf63-2200-e811-9414-f0921c16b9e5,0.2136986301369863,0.0003000000142492,77
22,5808bf63-2200-e811-9414-f0921c16b9e5,0.21643835616438356,0.0003000000142492,78
22,5808bf63-2200-e811-9414-f0921c16b9e5,0.2191780821917808,0.0003000000142492,79
22,5808bf63-2200-e811-9414-f0921c16b9e5,0.2219178082191781,0.0001999999949476,80
22,5808bf63-2200-e811-9414-f0921c16b9e5,0.22465753424657534,0.0001999999949476,81
22,5808bf63-2200-e811-9414-f0921c16b9e5,0.2273972602739726,0.0001999999949476,82
22,5808bf63-2200-e811-9414-f0921c16b9e5,0.23013698630136986,0.0001999999949476,83
22,5808bf63-2200-e811-9414-f0921c16b9e5,0.2328767123287671,0.0001999999949476,84
22,5808bf63-2200-e811-9414-f0921c16b9e5,0.2356164383561644,0.0001999999949476,85
22,5808bf63-2200-e811-9414-f0921c16b9e5,0.23835616438356164,0.0001999999949476,86
22,5808bf63-2200-e811-9414-f0921c16b9e5,0.2410958904109589,9.999999747379e-05,87
22,5808bf63-2200-e811-9414-f0921c16b9e5,0.24383561643835616,9.999999747379e-05,88
22,5808bf63-2200-e811-9414-f0921c16b9e5,0.2465753424657534,9.999999747379e-05,89
23,5708bf63-2200-e811-9414-f0921c16b9e5,0.0027397260273972603,0.0,0
23,5708bf63-2200-e811-9414-f0921c16b9e5,0.005479452054794521,0.0005000000237487,1
23,5708bf63-2200-e811-9414-f0921c16b9e5,0.00821917808219178,0.0006999999750406,2
23,5708bf63-2200-e811-9414-f0921c16b9e5,0.010958904109589041,0.001700000022538,3
23,5708bf63-2200-e811-9414-f0921c16b9e5,0.0136986301369863,0.00289999996312,4
23,5708bf63-2200-e811-9414-f0921c16b9e5,0.01643835616438356,0.005900000222027,5
23,5708bf63-2200-e811-9414-f0921c16b9e5,0.019178082191780823,0.01180000044405,6
23,5708bf63-2200-e811-9414-f0921c16b9e5,0.021917808219178082,0.02400000020862,7
23,5708bf63-2200-e811-9414-f0921c16b9e5,0.024657534246575342,0.04679999873042,8
23,5708bf63-2200-e811-9414-f0921c16b9e5,0.0273972602739726,0.08540000021458,9
23,5708bf63-2200-e811-9414-f0921c16b9e5,0.030136986301369864,0.1492999941111,10
23,5708bf63-2200-e811-9414-f0921c16b9e5,0.03287671232876712,0.251700013876,11
23,5708bf63-2200-e811-9414-f0921c16b9e5,0.03561643835616438,0.3820999860764,12
23,5708bf63-2200-e811-9414-f0921c16b9e5,0.038356164383561646,0.521899998188,13
23,5708bf63-2200-e811-9414-f0921c16b9e5,0.0410958904109589,0.6101999878883,14
23,5708bf63-2200-e811-9414-f0921c16b9e5,0.043835616438356165,0.6265000104904,15
23,5708bf63-2200-e811-9414-f0921c16b9e5,0.04657534246575343,0.5823000073433,16
23,5708bf63-2200-e811-9414-f0921c16b9e5,0.049315068493150684,0.5273000001907,17
23,5708bf63-2200-e811-9414-f0921c16b9e5,0.052054794520547946,0.468800008297,18
23,5708bf63-2200-e811-9414-f0921c16b9e5,0.0547945205479452,0.4086999893188,19
23,5708bf63-2200-e811-9414-f0921c16b9e5,0.057534246575342465,0.3526999950409,20
23,5708bf63-2200-e811-9414-f0921c16b9e5,0.06027397260273973,0.3055000007153,21
23,5708bf63-2200-e811-9414-f0921c16b9e5,0.06301369863013699,0.2666999995708,22
23,5708bf63-2200-e811-9414-f0921c16b9e5,0.06575342465753424,0.2284999936819,23
23,5708bf63-2200-e811-9414-f0921c16b9e5,0.0684931506849315,0.1956000030041,24
23,5708bf63-2200-e811-9414-f0921c16b9e5,0.07123287671232877,0.168799996376,25
23,5708bf63-2200-e811-9414-f0921c16b9e5,0.07397260273972603,0.1431999951601,26
23,5708bf63-2200-e811-9414-f0921c16b9e5,0.07671232876712329,0.123400002718,27
23,5708bf63-2200-e811-9414-f0921c16b9e5,0.07945205479452055,0.1074000000954,28
23,5708bf63-2200-e811-9414-f0921c16b9e5,0.0821917808219178,0.09269999712706,29
23,5708bf63-2200-e811-9414-f0921c16b9e5,0.08493150684931507,0.08060000091791,30
23,5708bf63-2200-e811-9414-f0921c16b9e5,0.08767123287671233,0.07000000029802,31
23,5708bf63-2200-e811-9414-f0921c16b9e5,0.09041095890410959,0.06040000170469,32
23,5708bf63-2200-e811-9414-f0921c16b9e5,0.09315068493150686,0.05160000175238,33
23,5708bf63-2200-e811-9414-f0921c16b9e5,0.0958904109589041,0.04450000077486,34
23,5708bf63-2200-e811-9414-f0921c16b9e5,0.09863013698630137,0.03959999978542,35
23,5708bf63-2200-e811-9414-f0921c16b9e5,0.10136986301369863,0.03480000048876,36
23,5708bf63-2200-e811-9414-f0921c16b9e5,0.10410958904109589,0.02930000051856,37
23,5708bf63-2200-e811-9414-f0921c16b9e5,0.10684931506849316,0.02580000087619,38
23,5708bf63-2200-e811-9414-f0921c16b9e5,0.1095890410958904,0.02140000090003,39
23,5708bf63-2200-e811-9414-f0921c16b9e5,0.11232876712328767,0.01930000074208,40
23,5708bf63-2200-e811-9414-f0921c16b9e5,0.11506849315068493,0.01579999923706,41
23,5708bf63-2200-e811-9414-f0921c16b9e5,0.1178082191780822,0.0136000001803,42
23,5708bf63-2200-e811-9414-f0921c16b9e5,0.12054794520547946,0.01209999993443,43
23,5708bf63-2200-e811-9414-f0921c16b9e5,0.1232876712328767,0.01040000002831,44
23,5708bf63-2200-e811-9414-f0921c16b9e5,0.12602739726027398,0.008200000040233,45
23,5708bf63-2200-e811-9414-f0921c16b9e5,0.12876712328767123,0.007400000002235,46
23,5708bf63-2200-e811-9414-f0921c16b9e5,0.13150684931506848,0.006300000008196,47
23,5708bf63-2200-e811-9414-f0921c16b9e5,0.13424657534246576,0.005400000140071,48
23,5708bf63-2200-e811-9414-f0921c16b9e5,0.136986301369863,0.004800000227988,49
23,5708bf63-2200-e811-9414-f0921c16b9e5,0.13972602739726028,0.004199999850243,50
23,5708bf63-2200-e811-9414-f0921c16b9e5,0.14246575342465753,0.003400000045076,51
23,5708bf63-2200-e811-9414-f0921c16b9e5,0.14520547945205478,0.00289999996312,52
23,5708bf63-2200-e811-9414-f0921c16b9e5,0.14794520547945206,0.002499999944121,53
23,5708bf63-2200-e811-9414-f0921c16b9e5,0.1506849315068493,0.002300000051036,54
23,5708bf63-2200-e811-9414-f0921c16b9e5,0.15342465753424658,0.00179999996908,55
23,5708bf63-2200-e811-9414-f0921c16b9e5,0.15616438356164383,0.001599999959581,56
23,5708bf63-2200-e811-9414-f0921c16b9e5,0.1589041095890411,0.001300000003539,57
23,5708bf63-2200-e811-9414-f0921c16b9e5,0.16164383561643836,0.001200000056997,58
23,5708bf63-2200-e811-9414-f0921c16b9e5,0.1643835616438356,0.001000000047497,59
23,5708bf63-2200-e811-9414-f0921c16b9e5,0.16712328767123288,0.001000000047497,60
23,5708bf63-2200-e811-9414-f0921c16b9e5,0.16986301369863013,0.00089999998454,61
23,5708bf63-2200-e811-9414-f0921c16b9e5,0.1726027397260274,0.0007999999797903,62
23,5708bf63-2200-e811-9414-f0921c16b9e5,0.17534246575342466,0.0006999999750406,63
23,5708bf63-2200-e811-9414-f0921c16b9e5,0.1780821917808219,0.0006999999750406,64
23,5708bf63-2200-e811-9414-f0921c16b9e5,0.18082191780821918,0.0006999999750406,65
23,5708bf63-2200-e811-9414-f0921c16b9e5,0.18356164383561643,0.0006999999750406,66
23,5708bf63-2200-e811-9414-f0921c16b9e5,0.1863013698630137,0.0006000000284985,67
23,5708bf63-2200-e811-9414-f0921c16b9e5,0.18904109589041096,0.0006000000284985,68
23,5708bf63-2200-e811-9414-f0921c16b9e5,0.1917808219178082,0.0005000000237487,69
23,5708bf63-2200-e811-9414-f0921c16b9e5,0.19452054794520549,0.0005000000237487,70
23,5708bf63-2200-e811-9414-f0921c16b9e5,0.19726027397260273,0.0005000000237487,71
23,5708bf63-2200-e811-9414-f0921c16b9e5,0.2,0.0003999999898952,72
23,5708bf63-2200-e811-9414-f0921c16b9e5,0.20273972602739726,0.0003000000142492,73
23,5708bf63-2200-e811-9414-f0921c16b9e5,0.2054794520547945,0.0003000000142492,74
23,5708bf63-2200-e811-9414-f0921c16b9e5,0.20821917808219179,0.0003000000142492,75
23,5708bf63-2200-e811-9414-f0921c16b9e5,0.21095890410958903,0.0003000000142492,76
23,5708bf63-2200-e811-9414-f0921c16b9e5,0.2136986301369863,0.0003000000142492,77
23,5708bf63-2200-e811-9414-f0921c16b9e5,0.21643835616438356,0.0001999999949476,78
23,5708bf63-2200-e811-9414-f0921c16b9e5,0.2191780821917808,0.0001999999949476,79
23,5708bf63-2200-e811-9414-f0921c16b9e5,0.2219178082191781,9.999999747379e-05,80
23,5708bf63-2200-e811-9414-f0921c16b9e5,0.22465753424657534,9.999999747379e-05,81
23,5708bf63-2200-e811-9414-f0921c16b9e5,0.2273972602739726,9.999999747379e-05,82
23,5708bf63-2200-e811-9414-f0921c16b9e5,0.23013698630136986,9.999999747379e-05,83
23,5708bf63-2200-e811-9414-f0921c16b9e5,0.2328767123287671,0.0,84
23,5708bf63-2200-e811-9414-f0921c16b9e5,0.2356164383561644,0.0,85
23,5708bf63-2200-e811-9414-f0921c16b9e5,0.23835616438356164,0.0,86
23,5708bf63-2200-e811-9414-f0921c16b9e5,0.2410958904109589,0.0,87
23,5708bf63-2200-e811-9414-f0921c16b9e5,0.24383561643835616,0.0,88
23,5708bf63-2200-e811-9414-f0921c16b9e5,0.2465753424657534,0.0,89
24,5608bf63-2200-e811-9414-f0921c16b9e5,0.0027397260273972603,0.0,0
24,5608bf63-2200-e811-9414-f0921c16b9e5,0.005479452054794521,9.999999747379e-05,1
24,5608bf63-2200-e811-9414-f0921c16b9e5,0.00821917808219178,0.0001999999949476,2
24,5608bf63-2200-e811-9414-f0921c16b9e5,0.010958904109589041,0.0003999999898952,3
24,5608bf63-2200-e811-9414-f0921c16b9e5,0.0136986301369863,0.0003000000142492,4
24,5608bf63-2200-e811-9414-f0921c16b9e5,0.01643835616438356,0.0005000000237487,5
24,5608bf63-2200-e811-9414-f0921c16b9e5,0.019178082191780823,0.0006000000284985,6
24,5608bf63-2200-e811-9414-f0921c16b9e5,0.021917808219178082,0.001300000003539,7
24,5608bf63-2200-e811-9414-f0921c16b9e5,0.024657534246575342,0.00179999996908,8
24,5608bf63-2200-e811-9414-f0921c16b9e5,0.0273972602739726,0.00289999996312,9
24,5608bf63-2200-e811-9414-f0921c16b9e5,0.030136986301369864,0.004900000058115,10
24,5608bf63-2200-e811-9414-f0921c16b9e5,0.03287671232876712,0.007699999958277,11
24,5608bf63-2200-e811-9414-f0921c16b9e5,0.03561643835616438,0.01439999975264,12
24,5608bf63-2200-e811-9414-f0921c16b9e5,0.038356164383561646,0.02270000055432,13
24,5608bf63-2200-e811-9414-f0921c16b9e5,0.0410958904109589,0.03810000047088,14
24,5608bf63-2200-e811-9414-f0921c16b9e5,0.043835616438356165,0.06289999932051,15
24,5608bf63-2200-e811-9414-f0921c16b9e5,0.04657534246575343,0.1044000014663,16
24,5608bf63-2200-e811-9414-f0921c16b9e5,0.049315068493150684,0.1711000055075,17
24,5608bf63-2200-e811-9414-f0921c16b9e5,0.052054794520547946,0.2533999979496,18
24,5608bf63-2200-e811-9414-f0921c16b9e5,0.0547945205479452,0.3501000106335,19
24,5608bf63-2200-e811-9414-f0921c16b9e5,0.057534246575342465,0.4366999864578,20
24,5608bf63-2200-e811-9414-f0921c16b9e5,0.06027397260273973,0.4855999946594,21
24,5608bf63-2200-e811-9414-f0921c16b9e5,0.06301369863013699,0.4954000115395,22
24,5608bf63-2200-e811-9414-f0921c16b9e5,0.06575342465753424,0.4672999978065,23
24,5608bf63-2200-e811-9414-f0921c16b9e5,0.0684931506849315,0.4216000139713,24
24,5608bf63-2200-e811-9414-f0921c16b9e5,0.07123287671232877,0.3731000125408,25
24,5608bf63-2200-e811-9414-f0921c16b9e5,0.07397260273972603,0.3177999854088,26
24,5608bf63-2200-e811-9414-f0921c16b9e5,0.07671232876712329,0.2737999856472,27
24,5608bf63-2200-e811-9414-f0921c16b9e5,0.07945205479452055,0.2328000068665,28
24,5608bf63-2200-e811-9414-f0921c16b9e5,0.0821917808219178,0.1907999962568,29
24,5608bf63-2200-e811-9414-f0921c16b9e5,0.08493150684931507,0.1581999957561,30
24,5608bf63-2200-e811-9414-f0921c16b9e5,0.08767123287671233,0.130700007081,31
24,5608bf63-2200-e811-9414-f0921c16b9e5,0.09041095890410959,0.1101000010967,32
24,5608bf63-2200-e811-9414-f0921c16b9e5,0.09315068493150686,0.09089999645948,33
24,5608bf63-2200-e811-9414-f0921c16b9e5,0.0958904109589041,0.07460000365973,34
24,5608bf63-2200-e811-9414-f0921c16b9e5,0.09863013698630137,0.06239999830723,35
24,5608bf63-2200-e811-9414-f0921c16b9e5,0.10136986301369863,0.05139999836683,36
24,5608bf63-2200-e811-9414-f0921c16b9e5,0.10410958904109589,0.04219999909401,37
24,5608bf63-2200-e811-9414-f0921c16b9e5,0.10684931506849316,0.03620000183582,38
24,5608bf63-2200-e811-9414-f0921c16b9e5,0.1095890410958904,0.02889999933541,39
24,5608bf63-2200-e811-9414-f0921c16b9e5,0.11232876712328767,0.02339999936521,40
24,5608bf63-2200-e811-9414-f0921c16b9e5,0.11506849315068493,0.01979999989271,41
24,5608bf63-2200-e811-9414-f0921c16b9e5,0.1178082191780822,0.01649999991059,42
24,5608bf63-2200-e811-9414-f0921c16b9e5,0.12054794520547946,0.01370000001043,43
24,5608bf63-2200-e811-9414-f0921c16b9e5,0.1232876712328767,0.0113000003621,44
24,5608bf63-2200-e811-9414-f0921c16b9e5,0.12602739726027398,0.009499999694526,45
24,5608bf63-2200-e811-9414-f0921c16b9e5,0.12876712328767123,0.008100000210106,46
24,5608bf63-2200-e811-9414-f0921c16b9e5,0.13150684931506848,0.006399999838322,47
24,5608bf63-2200-e811-9414-f0921c16b9e5,0.13424657534246576,0.005400000140071,48
24,5608bf63-2200-e811-9414-f0921c16b9e5,0.136986301369863,0.004399999976158,49
24,5608bf63-2200-e811-9414-f0921c16b9e5,0.13972602739726028,0.00400000018999,50
24,5608bf63-2200-e811-9414-f0921c16b9e5,0.14246575342465753,0.003500000108033,51
24,5608bf63-2200-e811-9414-f0921c16b9e5,0.14520547945205478,0.003000000026077,52
24,5608bf63-2200-e811-9414-f0921c16b9e5,0.14794520547945206,0.002600000007078,53
24,5608bf63-2200-e811-9414-f0921c16b9e5,0.1506849315068493,0.002199999988079,54
24,5608bf63-2200-e811-9414-f0921c16b9e5,0.15342465753424658,0.002000000094995,55
24,5608bf63-2200-e811-9414-f0921c16b9e5,0.15616438356164383,0.001900000032037,56
24,5608bf63-2200-e811-9414-f0921c16b9e5,0.1589041095890411,0.001599999959581,57
24,5608bf63-2200-e811-9414-f0921c16b9e5,0.16164383561643836,0.001300000003539,58
24,5608bf63-2200-e811-9414-f0921c16b9e5,0.1643835616438356,0.001000000047497,59
24,5608bf63-2200-e811-9414-f0921c16b9e5,0.16712328767123288,0.0006999999750406,60
24,5608bf63-2200-e811-9414-f0921c16b9e5,0.16986301369863013,0.0006999999750406,61
24,5608bf63-2200-e811-9414-f0921c16b9e5,0.1726027397260274,0.0006000000284985,62
24,5608bf63-2200-e811-9414-f0921c16b9e5,0.17534246575342466,0.0005000000237487,63
24,5608bf63-2200-e811-9414-f0921c16b9e5,0.1780821917808219,0.0003999999898952,64
24,5608bf63-2200-e811-9414-f0921c16b9e5,0.18082191780821918,0.0003999999898952,65
24,5608bf63-2200-e811-9414-f0921c16b9e5,0.18356164383561643,0.0003999999898952,66
24,5608bf63-2200-e811-9414-f0921c16b9e5,0.1863013698630137,0.0003999999898952,67
24,5608bf63-2200-e811-9414-f0921c16b9e5,0.18904109589041096,0.0003000000142492,68
24,5608bf63-2200-e811-9414-f0921c16b9e5,0.1917808219178082,0.0003000000142492,69
24,5608bf63-2200-e811-9414-f0921c16b9e5,0.19452054794520549,0.0003000000142492,70
24,5608bf63-2200-e811-9414-f0921c16b9e5,0.19726027397260273,0.0003000000142492,71
24,5608bf63-2200-e811-9414-f0921c16b9e5,0.2,0.0003000000142492,72
24,5608bf63-2200-e811-9414-f0921c16b9e5,0.20273972602739726,0.0003000000142492,73
24,5608bf63-2200-e811-9414-f0921c16b9e5,0.2054794520547945,0.0003000000142492,74
24,5608bf63-2200-e811-9414-f0921c16b9e5,0.20821917808219179,0.0003000000142492,75
24,5608bf63-2200-e811-9414-f0921c16b9e5,0.21095890410958903,0.0003000000142492,76
24,5608bf63-2200-e811-9414-f0921c16b9e5,0.2136986301369863,0.0003000000142492,77
24,5608bf63-2200-e811-9414-f0921c16b9e5,0.21643835616438356,0.0001999999949476,78
24,5608bf63-2200-e811-9414-f0921c16b9e5,0.2191780821917808,9.999999747379e-05,79
24,5608bf63-2200-e811-9414-f0921c16b9e5,0.2219178082191781,9.999999747379e-05,80
24,5608bf63-2200-e811-9414-f0921c16b9e5,0.22465753424657534,0.0,81
24,5608bf63-2200-e811-9414-f0921c16b9e5,0.2273972602739726,0.0,82
24,5608bf63-2200-e811-9414-f0921c16b9e5,0.23013698630136986,0.0,83
24,5608bf63-2200-e811-9414-f0921c16b9e5,0.2328767123287671,0.0,84
24,5608bf63-2200-e811-9414-f0921c16b9e5,0.2356164383561644,0.0,85
24,5608bf63-2200-e811-9414-f0921c16b9e5,0.23835616438356164,0.0,86
24,5608bf63-2200-e811-9414-f0921c16b9e5,0.2410958904109589,0.0,87
24,5608bf63-2200-e811-9414-f0921c16b9e5,0.24383561643835616,0.0,88
24,5608bf63-2200-e811-9414-f0921c16b9e5,0.2465753424657534,0.0,89
25,5508bf63-2200-e811-9414-f0921c16b9e5,0.0027397260273972603,0.0,0
25,5508bf63-2200-e811-9414-f0921c16b9e5,0.005479452054794521,0.00089999998454,1
25,5508bf63-2200-e811-9414-f0921c16b9e5,0.00821917808219178,0.001900000032037,2
25,5508bf63-2200-e811-9414-f0921c16b9e5,0.010958904109589041,0.003000000026077,3
25,5508bf63-2200-e811-9414-f0921c16b9e5,0.0136986301369863,0.004399999976158,4
25,5508bf63-2200-e811-9414-f0921c16b9e5,0.01643835616438356,0.00760000012815,5
25,5508bf63-2200-e811-9414-f0921c16b9e5,0.019178082191780823,0.01439999975264,6
25,5508bf63-2200-e811-9414-f0921c16b9e5,0.021917808219178082,0.02400000020862,7
25,5508bf63-2200-e811-9414-f0921c16b9e5,0.024657534246575342,0.04190000146627,8
25,5508bf63-2200-e811-9414-f0921c16b9e5,0.0273972602739726,0.07660000026226,9
25,5508bf63-2200-e811-9414-f0921c16b9e5,0.030136986301369864,0.1321000009775,10
25,5508bf63-2200-e811-9414-f0921c16b9e5,0.03287671232876712,0.2122000008821,11
25,5508bf63-2200-e811-9414-f0921c16b9e5,0.03561643835616438,0.3240999877453,12
25,5508bf63-2200-e811-9414-f0921c16b9e5,0.038356164383561646,0.4444000124931,13
25,5508bf63-2200-e811-9414-f0921c16b9e5,0.0410958904109589,0.5357999801636,14
25,5508bf63-2200-e811-9414-f0921c16b9e5,0.043835616438356165,0.5807999968529,15
25,5508bf63-2200-e811-9414-f0921c16b9e5,0.04657534246575343,0.5681999921799,16
25,5508bf63-2200-e811-9414-f0921c16b9e5,0.049315068493150684,0.5314999818802,17
25,5508bf63-2200-e811-9414-f0921c16b9e5,0.052054794520547946,0.4833000004292,18
25,5508bf63-2200-e811-9414-f0921c16b9e5,0.0547945205479452,0.4271999895573,19
25,5508bf63-2200-e811-9414-f0921c16b9e5,0.057534246575342465,0.3756000101566,20
25,5508bf63-2200-e811-9414-f0921c16b9e5,0.06027397260273973,0.3318000137806,21
25,5508bf63-2200-e811-9414-f0921c16b9e5,0.06301369863013699,0.2903000116348,22
25,5508bf63-2200-e811-9414-f0921c16b9e5,0.06575342465753424,0.2524000108242,23
25,5508bf63-2200-e811-9414-f0921c16b9e5,0.0684931506849315,0.2205999940634,24
25,5508bf63-2200-e811-9414-f0921c16b9e5,0.07123287671232877,0.1904000043869,25
25,5508bf63-2200-e811-9414-f0921c16b9e5,0.07397260273972603,0.1676000058651,26
25,5508bf63-2200-e811-9414-f0921c16b9e5,0.07671232876712329,0.144500002265,27
25,5508bf63-2200-e811-9414-f0921c16b9e5,0.07945205479452055,0.1260000020266,28
25,5508bf63-2200-e811-9414-f0921c16b9e5,0.0821917808219178,0.1093999966979,29
25,5508bf63-2200-e811-9414-f0921c16b9e5,0.08493150684931507,0.09480000287294,30
25,5508bf63-2200-e811-9414-f0921c16b9e5,0.08767123287671233,0.08439999818802,31
25,5508bf63-2200-e811-9414-f0921c16b9e5,0.09041095890410959,0.07310000061989,32
25,5508bf63-2200-e811-9414-f0921c16b9e5,0.09315068493150686,0.06319999694824,33
25,5508bf63-2200-e811-9414-f0921c16b9e5,0.0958904109589041,0.05469999834895,34
25,5508bf63-2200-e811-9414-f0921c16b9e5,0.09863013698630137,0.04839999973774,35
25,5508bf63-2200-e811-9414-f0921c16b9e5,0.10136986301369863,0.041400000453,36
25,5508bf63-2200-e811-9414-f0921c16b9e5,0.10410958904109589,0.03669999912381,37
25,5508bf63-2200-e811-9414-f0921c16b9e5,0.10684931506849316,0.03159999847412,38
25,5508bf63-2200-e811-9414-f0921c16b9e5,0.1095890410958904,0.02749999985099,39
25,5508bf63-2200-e811-9414-f0921c16b9e5,0.11232876712328767,0.02339999936521,40
25,5508bf63-2200-e811-9414-f0921c16b9e5,0.11506849315068493,0.02040000073612,41
25,5508bf63-2200-e811-9414-f0921c16b9e5,0.1178082191780822,0.01769999973476,42
25,5508bf63-2200-e811-9414-f0921c16b9e5,0.12054794520547946,0.01510000042617,43
25,5508bf63-2200-e811-9414-f0921c16b9e5,0.1232876712328767,0.01319999992847,44
25,5508bf63-2200-e811-9414-f0921c16b9e5,0.12602739726027398,0.01150000002235,45
25,5508bf63-2200-e811-9414-f0921c16b9e5,0.12876712328767123,0.009899999946356,46
25,5508bf63-2200-e811-9414-f0921c16b9e5,0.13150684931506848,0.008899999782443,47
25,5508bf63-2200-e811-9414-f0921c16b9e5,0.13424657534246576,0.007499999832362,48
25,5508bf63-2200-e811-9414-f0921c16b9e5,0.136986301369863,0.006599999964237,49
25,5508bf63-2200-e811-9414-f0921c16b9e5,0.13972602739726028,0.005799999926239,50
25,5508bf63-2200-e811-9414-f0921c16b9e5,0.14246575342465753,0.004900000058115,51
25,5508bf63-2200-e811-9414-f0921c16b9e5,0.14520547945205478,0.00400000018999,52
25,5508bf63-2200-e811-9414-f0921c16b9e5,0.14794520547945206,0.003899999894202,53
25,5508bf63-2200-e811-9414-f0921c16b9e5,0.1506849315068493,0.003400000045076,54
25,5508bf63-2200-e811-9414-f0921c16b9e5,0.15342465753424658,0.00289999996312,55
25,5508bf63-2200-e811-9414-f0921c16b9e5,0.15616438356164383,0.002400000113994,56
25,5508bf63-2200-e811-9414-f0921c16b9e5,0.1589041095890411,0.002300000051036,57
25,5508bf63-2200-e811-9414-f0921c16b9e5,0.16164383561643836,0.001900000032037,58
25,5508bf63-2200-e811-9414-f0921c16b9e5,0.1643835616438356,0.001700000022538,59
25,5508bf63-2200-e811-9414-f0921c16b9e5,0.16712328767123288,0.001599999959581,60
25,5508bf63-2200-e811-9414-f0921c16b9e5,0.16986301369863013,0.001500000013039,61
25,5508bf63-2200-e811-9414-f0921c16b9e5,0.1726027397260274,0.001200000056997,62
25,5508bf63-2200-e811-9414-f0921c16b9e5,0.17534246575342466,0.001200000056997,63
25,5508bf63-2200-e811-9414-f0921c16b9e5,0.1780821917808219,0.001000000047497,64
25,5508bf63-2200-e811-9414-f0921c16b9e5,0.18082191780821918,0.00089999998454,65
25,5508bf63-2200-e811-9414-f0921c16b9e5,0.18356164383561643,0.0007999999797903,66
25,5508bf63-2200-e811-9414-f0921c16b9e5,0.1863013698630137,0.0007999999797903,67
25,5508bf63-2200-e811-9414-f0921c16b9e5,0.18904109589041096,0.0006000000284985,68
25,5508bf63-2200-e811-9414-f0921c16b9e5,0.1917808219178082,0.0003999999898952,69
25,5508bf63-2200-e811-9414-f0921c16b9e5,0.19452054794520549,0.0003999999898952,70
25,5508bf63-2200-e811-9414-f0921c16b9e5,0.19726027397260273,0.0003000000142492,71
25,5508bf63-2200-e811-9414-f0921c16b9e5,0.2,0.0003000000142492,72
25,5508bf63-2200-e811-9414-f0921c16b9e5,0.20273972602739726,0.0003000000142492,73
25,5508bf63-2200-e811-9414-f0921c16b9e5,0.2054794520547945,0.0001999999949476,74
25,5508bf63-2200-e811-9414-f0921c16b9e5,0.20821917808219179,0.0001999999949476,75
25,5508bf63-2200-e811-9414-f0921c16b9e5,0.21095890410958903,0.0001999999949476,76
25,5508bf63-2200-e811-9414-f0921c16b9e5,0.2136986301369863,0.0001999999949476,77
25,5508bf63-2200-e811-9414-f0921c16b9e5,0.21643835616438356,9.999999747379e-05,78
25,5508bf63-2200-e811-9414-f0921c16b9e5,0.2191780821917808,9.999999747379e-05,79
25,5508bf63-2200-e811-9414-f0921c16b9e5,0.2219178082191781,9.999999747379e-05,80
25,5508bf63-2200-e811-9414-f0921c16b9e5,0.22465753424657534,9.999999747379e-05,81
25,5508bf63-2200-e811-9414-f0921c16b9e5,0.2273972602739726,9.999999747379e-05,82
25,5508bf63-2200-e811-9414-f0921c16b9e5,0.23013698630136986,9.999999747379e-05,83
25,5508bf63-2200-e811-9414-f0921c16b9e5,0.2328767123287671,9.999999747379e-05,84
25,5508bf63-2200-e811-9414-f0921c16b9e5,0.2356164383561644,9.999999747379e-05,85
25,5508bf63-2200-e811-9414-f0921c16b9e5,0.23835616438356164,9.999999747379e-05,86
25,5508bf63-2200-e811-9414-f0921c16b9e5,0.2410958904109589,0.0,87
25,5508bf63-2200-e811-9414-f0921c16b9e5,0.24383561643835616,0.0,88
25,5508bf63-2200-e811-9414-f0921c16b9e5,0.2465753424657534,0.0,89
26,5408bf63-2200-e811-9414-f0921c16b9e5,0.0027397260273972603,0.0,0
26,5408bf63-2200-e811-9414-f0921c16b9e5,0.005479452054794521,0.0003999999898952,1
26,5408bf63-2200-e811-9414-f0921c16b9e5,0.00821917808219178,0.0005000000237487,2
26,5408bf63-2200-e811-9414-f0921c16b9e5,0.010958904109589041,0.001000000047497,3
26,5408bf63-2200-e811-9414-f0921c16b9e5,0.0136986301369863,0.00109999999404,4
26,5408bf63-2200-e811-9414-f0921c16b9e5,0.01643835616438356,0.001900000032037,5
26,5408bf63-2200-e811-9414-f0921c16b9e5,0.019178082191780823,0.003000000026077,6
26,5408bf63-2200-e811-9414-f0921c16b9e5,0.021917808219178082,0.004800000227988,7
26,5408bf63-2200-e811-9414-f0921c16b9e5,0.024657534246575342,0.008100000210106,8
26,5408bf63-2200-e811-9414-f0921c16b9e5,0.0273972602739726,0.01379999984056,9
26,5408bf63-2200-e811-9414-f0921c16b9e5,0.030136986301369864,0.02410000003874,10
26,5408bf63-2200-e811-9414-f0921c16b9e5,0.03287671232876712,0.04190000146627,11
26,5408bf63-2200-e811-9414-f0921c16b9e5,0.03561643835616438,0.07109999656677,12
26,5408bf63-2200-e811-9414-f0921c16b9e5,0.038356164383561646,0.119099996984,13
26,5408bf63-2200-e811-9414-f0921c16b9e5,0.0410958904109589,0.1824000030756,14
26,5408bf63-2200-e811-9414-f0921c16b9e5,0.043835616438356165,0.2759999930859,15
26,5408bf63-2200-e811-9414-f0921c16b9e5,0.04657534246575343,0.3860999941826,16
26,5408bf63-2200-e811-9414-f0921c16b9e5,0.049315068493150684,0.4995000064373,17
26,5408bf63-2200-e811-9414-f0921c16b9e5,0.052054794520547946,0.5835000276566,18
26,5408bf63-2200-e811-9414-f0921c16b9e5,0.0547945205479452,0.6259999871254,19
26,5408bf63-2200-e811-9414-f0921c16b9e5,0.057534246575342465,0.621699988842,20
26,5408bf63-2200-e811-9414-f0921c16b9e5,0.06027397260273973,0.5953999757767,21
26,5408bf63-2200-e811-9414-f0921c16b9e5,0.06301369863013699,0.5486999750137,22
26,5408bf63-2200-e811-9414-f0921c16b9e5,0.06575342465753424,0.5044999718666,23
26,5408bf63-2200-e811-9414-f0921c16b9e5,0.0684931506849315,0.4544000029564,24
26,5408bf63-2200-e811-9414-f0921c16b9e5,0.07123287671232877,0.409500002861,25
26,5408bf63-2200-e811-9414-f0921c16b9e5,0.07397260273972603,0.3666999936104,26
26,5408bf63-2200-e811-9414-f0921c16b9e5,0.07671232876712329,0.3319000005722,27
26,5408bf63-2200-e811-9414-f0921c16b9e5,0.07945205479452055,0.2971999943256,28
26,5408bf63-2200-e811-9414-f0921c16b9e5,0.0821917808219178,0.2678000032902,29
26,5408bf63-2200-e811-9414-f0921c16b9e5,0.08493150684931507,0.2396000027657,30
26,5408bf63-2200-e811-9414-f0921c16b9e5,0.08767123287671233,0.2123000025749,31
26,5408bf63-2200-e811-9414-f0921c16b9e5,0.09041095890410959,0.1878000050783,32
26,5408bf63-2200-e811-9414-f0921c16b9e5,0.09315068493150686,0.167999997735,33
26,5408bf63-2200-e811-9414-f0921c16b9e5,0.0958904109589041,0.14849999547,34
26,5408bf63-2200-e811-9414-f0921c16b9e5,0.09863013698630137,0.1341000050306,35
26,5408bf63-2200-e811-9414-f0921c16b9e5,0.10136986301369863,0.1191999986768,36
26,5408bf63-2200-e811-9414-f0921c16b9e5,0.10410958904109589,0.1071000024676,37
26,5408bf63-2200-e811-9414-f0921c16b9e5,0.10684931506849316,0.09549999982119,38
26,5408bf63-2200-e811-9414-f0921c16b9e5,0.1095890410958904,0.08269999921322,39
26,5408bf63-2200-e811-9414-f0921c16b9e5,0.11232876712328767,0.07540000230074,40
26,5408bf63-2200-e811-9414-f0921c16b9e5,0.11506849315068493,0.06769999861717,41
26,5408bf63-2200-e811-9414-f0921c16b9e5,0.1178082191780822,0.05970000103116,42
26,5408bf63-2200-e811-9414-f0921c16b9e5,0.12054794520547946,0.05429999902844,43
26,5408bf63-2200-e811-9414-f0921c16b9e5,0.1232876712328767,0.04930000007153,44
26,5408bf63-2200-e811-9414-f0921c16b9e5,0.12602739726027398,0.04320000112057,45
26,5408bf63-2200-e811-9414-f0921c16b9e5,0.12876712328767123,0.03869999945164,46
26,5408bf63-2200-e811-9414-f0921c16b9e5,0.13150684931506848,0.03489999845624,47
26,5408bf63-2200-e811-9414-f0921c16b9e5,0.13424657534246576,0.03139999881387,48
26,5408bf63-2200-e811-9414-f0921c16b9e5,0.136986301369863,0.02869999967515,49
26,5408bf63-2200-e811-9414-f0921c16b9e5,0.13972602739726028,0.02590000070632,50
26,5408bf63-2200-e811-9414-f0921c16b9e5,0.14246575342465753,0.0226000007242,51
26,5408bf63-2200-e811-9414-f0921c16b9e5,0.14520547945205478,0.01989999972284,52
26,5408bf63-2200-e811-9414-f0921c16b9e5,0.14794520547945206,0.01830000057817,53
26,5408bf63-2200-e811-9414-f0921c16b9e5,0.1506849315068493,0.01530000008643,54
26,5408bf63-2200-e811-9414-f0921c16b9e5,0.15342465753424658,0.0132999997586,55
26,5408bf63-2200-e811-9414-f0921c16b9e5,0.15616438356164383,0.01209999993443,56
26,5408bf63-2200-e811-9414-f0921c16b9e5,0.1589041095890411,0.01049999985844,57
26,5408bf63-2200-e811-9414-f0921c16b9e5,0.16164383561643836,0.00899999961257,58
26,5408bf63-2200-e811-9414-f0921c16b9e5,0.1643835616438356,0.008200000040233,59
26,5408bf63-2200-e811-9414-f0921c16b9e5,0.16712328767123288,0.007400000002235,60
26,5408bf63-2200-e811-9414-f0921c16b9e5,0.16986301369863013,0.006699999794364,61
26,5408bf63-2200-e811-9414-f0921c16b9e5,0.1726027397260274,0.005599999800324,62
26,5408bf63-2200-e811-9414-f0921c16b9e5,0.17534246575342466,0.005200000014156,63
26,5408bf63-2200-e811-9414-f0921c16b9e5,0.1780821917808219,0.004900000058115,64
26,5408bf63-2200-e811-9414-f0921c16b9e5,0.18082191780821918,0.003700000001118,65
26,5408bf63-2200-e811-9414-f0921c16b9e5,0.18356164383561643,0.003400000045076,66
26,5408bf63-2200-e811-9414-f0921c16b9e5,0.1863013698630137,0.00289999996312,67
26,5408bf63-2200-e811-9414-f0921c16b9e5,0.18904109589041096,0.002700000070035,68
26,5408bf63-2200-e811-9414-f0921c16b9e5,0.1917808219178082,0.002199999988079,69
26,5408bf63-2200-e811-9414-f0921c16b9e5,0.19452054794520549,0.00179999996908,70
26,5408bf63-2200-e811-9414-f0921c16b9e5,0.19726027397260273,0.001599999959581,71
26,5408bf63-2200-e811-9414-f0921c16b9e5,0.2,0.001599999959581,72
26,5408bf63-2200-e811-9414-f0921c16b9e5,0.20273972602739726,0.001599999959581,73
26,5408bf63-2200-e811-9414-f0921c16b9e5,0.2054794520547945,0.001399999950081,74
26,5408bf63-2200-e811-9414-f0921c16b9e5,0.20821917808219179,0.00109999999404,75
26,5408bf63-2200-e811-9414-f0921c16b9e5,0.21095890410958903,0.001000000047497,76
26,5408bf63-2200-e811-9414-f0921c16b9e5,0.2136986301369863,0.0007999999797903,77
26,5408bf63-2200-e811-9414-f0921c16b9e5,0.21643835616438356,0.0007999999797903,78
26,5408bf63-2200-e811-9414-f0921c16b9e5,0.2191780821917808,0.0006000000284985,79
26,5408bf63-2200-e811-9414-f0921c16b9e5,0.2219178082191781,0.0006000000284985,80
26,5408bf63-2200-e811-9414-f0921c16b9e5,0.22465753424657534,0.0006000000284985,81
26,5408bf63-2200-e811-9414-f0921c16b9e5,0.2273972602739726,0.0005000000237487,82
26,5408bf63-2200-e811-9414-f0921c16b9e5,0.23013698630136986,0.0005000000237487,83
26,5408bf63-2200-e811-9414-f0921c16b9e5,0.2328767123287671,0.0005000000237487,84
26,5408bf63-2200-e811-9414-f0921c16b9e5,0.2356164383561644,0.0003999999898952,85
26,5408bf63-2200-e811-9414-f0921c16b9e5,0.23835616438356164,0.0003999999898952,86
26,5408bf63-2200-e811-9414-f0921c16b9e5,0.2410958904109589,0.0003999999898952,87
26,5408bf63-2200-e811-9414-f0921c16b9e5,0.24383561643835616,0.0003999999898952,88
26,5408bf63-2200-e811-9414-f0921c16b9e5,0.2465753424657534,0.0003999999898952,89
27,5308bf63-2200-e811-9414-f0921c16b9e5,0.0027397260273972603,0.0,0
27,5308bf63-2200-e811-9414-f0921c16b9e5,0.005479452054794521,9.999999747379e-05,1
27,5308bf63-2200-e811-9414-f0921c16b9e5,0.00821917808219178,0.0001999999949476,2
27,5308bf63-2200-e811-9414-f0921c16b9e5,0.010958904109589041,0.0003999999898952,3
27,5308bf63-2200-e811-9414-f0921c16b9e5,0.0136986301369863,0.0006999999750406,4
27,5308bf63-2200-e811-9414-f0921c16b9e5,0.01643835616438356,0.00179999996908,5
27,5308bf63-2200-e811-9414-f0921c16b9e5,0.019178082191780823,0.003100000089034,6
27,5308bf63-2200-e811-9414-f0921c16b9e5,0.021917808219178082,0.006800000090152,7
27,5308bf63-2200-e811-9414-f0921c16b9e5,0.024657534246575342,0.01410000026226,8
27,5308bf63-2200-e811-9414-f0921c16b9e5,0.0273972602739726,0.02639999985695,9
27,5308bf63-2200-e811-9414-f0921c16b9e5,0.030136986301369864,0.04470000043511,10
27,5308bf63-2200-e811-9414-f0921c16b9e5,0.03287671232876712,0.07940000295639,11
27,5308bf63-2200-e811-9414-f0921c16b9e5,0.03561643835616438,0.1349000036716,12
27,5308bf63-2200-e811-9414-f0921c16b9e5,0.038356164383561646,0.2266999930143,13
27,5308bf63-2200-e811-9414-f0921c16b9e5,0.0410958904109589,0.3445999920368,14
27,5308bf63-2200-e811-9414-f0921c16b9e5,0.043835616438356165,0.4691999852657,15
27,5308bf63-2200-e811-9414-f0921c16b9e5,0.04657534246575343,0.5795000195503,16
27,5308bf63-2200-e811-9414-f0921c16b9e5,0.049315068493150684,0.628300011158,17
27,5308bf63-2200-e811-9414-f0921c16b9e5,0.052054794520547946,0.6320000290871,18
27,5308bf63-2200-e811-9414-f0921c16b9e5,0.0547945205479452,0.6093000173569,19
27,5308bf63-2200-e811-9414-f0921c16b9e5,0.057534246575342465,0.5655000209808,20
27,5308bf63-2200-e811-9414-f0921c16b9e5,0.06027397260273973,0.5156000256538,21
27,5308bf63-2200-e811-9414-f0921c16b9e5,0.06301369863013699,0.4634000062943,22
27,5308bf63-2200-e811-9414-f0921c16b9e5,0.06575342465753424,0.4185000061989,23
27,5308bf63-2200-e811-9414-f0921c16b9e5,0.0684931506849315,0.3747000098228,24
27,5308bf63-2200-e811-9414-f0921c16b9e5,0.07123287671232877,0.3361999988556,25
27,5308bf63-2200-e811-9414-f0921c16b9e5,0.07397260273972603,0.2996999919415,26
27,5308bf63-2200-e811-9414-f0921c16b9e5,0.07671232876712329,0.2675999999046,27
27,5308bf63-2200-e811-9414-f0921c16b9e5,0.07945205479452055,0.2380000054836,28
27,5308bf63-2200-e811-9414-f0921c16b9e5,0.0821917808219178,0.2140000015497,29
27,5308bf63-2200-e811-9414-f0921c16b9e5,0.08493150684931507,0.1888000071049,30
27,5308bf63-2200-e811-9414-f0921c16b9e5,0.08767123287671233,0.1688999980688,31
27,5308bf63-2200-e811-9414-f0921c16b9e5,0.09041095890410959,0.1520999968052,32
27,5308bf63-2200-e811-9414-f0921c16b9e5,0.09315068493150686,0.1354999989271,33
27,5308bf63-2200-e811-9414-f0921c16b9e5,0.0958904109589041,0.1216999962926,34
27,5308bf63-2200-e811-9414-f0921c16b9e5,0.09863013698630137,0.1080999970436,35
27,5308bf63-2200-e811-9414-f0921c16b9e5,0.10136986301369863,0.09619999676943,36
27,5308bf63-2200-e811-9414-f0921c16b9e5,0.10410958904109589,0.08560000360012,37
27,5308bf63-2200-e811-9414-f0921c16b9e5,0.10684931506849316,0.07590000331402,38
27,5308bf63-2200-e811-9414-f0921c16b9e5,0.1095890410958904,0.06669999659061,39
27,5308bf63-2200-e811-9414-f0921c16b9e5,0.11232876712328767,0.05889999866486,40
27,5308bf63-2200-e811-9414-f0921c16b9e5,0.11506849315068493,0.05099999904633,41
27,5308bf63-2200-e811-9414-f0921c16b9e5,0.1178082191780822,0.04610000178218,42
27,5308bf63-2200-e811-9414-f0921c16b9e5,0.12054794520547946,0.04080000147223,43
27,5308bf63-2200-e811-9414-f0921c16b9e5,0.1232876712328767,0.03640000149608,44
27,5308bf63-2200-e811-9414-f0921c16b9e5,0.12602739726027398,0.03269999846816,45
27,5308bf63-2200-e811-9414-f0921c16b9e5,0.12876712328767123,0.02910000085831,46
27,5308bf63-2200-e811-9414-f0921c16b9e5,0.13150684931506848,0.02539999969304,47
27,5308bf63-2200-e811-9414-f0921c16b9e5,0.13424657534246576,0.02180000022054,48
27,5308bf63-2200-e811-9414-f0921c16b9e5,0.136986301369863,0.01899999938905,49
27,5308bf63-2200-e811-9414-f0921c16b9e5,0.13972602739726028,0.017100000754,50
27,5308bf63-2200-e811-9414-f0921c16b9e5,0.14246575342465753,0.01559999957681,51
27,5308bf63-2200-e811-9414-f0921c16b9e5,0.14520547945205478,0.01389999967068,52
27,5308bf63-2200-e811-9414-f0921c16b9e5,0.14794520547945206,0.01229999959469,53
27,5308bf63-2200-e811-9414-f0921c16b9e5,0.1506849315068493,0.01119999960065,54
27,5308bf63-2200-e811-9414-f0921c16b9e5,0.15342465753424658,0.01049999985844,55
27,5308bf63-2200-e811-9414-f0921c16b9e5,0.15616438356164383,0.009700000286102,56
27,5308bf63-2200-e811-9414-f0921c16b9e5,0.1589041095890411,0.008799999952316,57
27,5308bf63-2200-e811-9414-f0921c16b9e5,0.16164383561643836,0.007499999832362,58
27,5308bf63-2200-e811-9414-f0921c16b9e5,0.1643835616438356,0.006399999838322,59
27,5308bf63-2200-e811-9414-f0921c16b9e5,0.16712328767123288,0.005400000140071,60
27,5308bf63-2200-e811-9414-f0921c16b9e5,0.16986301369863013,0.005299999844283,61
27,5308bf63-2200-e811-9414-f0921c16b9e5,0.1726027397260274,0.004600000102073,62
27,5308bf63-2200-e811-9414-f0921c16b9e5,0.17534246575342466,0.004300000146031,63
27,5308bf63-2200-e811-9414-f0921c16b9e5,0.1780821917808219,0.003800000064075,64
27,5308bf63-2200-e811-9414-f0921c16b9e5,0.18082191780821918,0.003500000108033,65
27,5308bf63-2200-e811-9414-f0921c16b9e5,0.18356164383561643,0.003000000026077,66
27,5308bf63-2200-e811-9414-f0921c16b9e5,0.1863013698630137,0.002700000070035,67
27,5308bf63-2200-e811-9414-f0921c16b9e5,0.18904109589041096,0.002199999988079,68
27,5308bf63-2200-e811-9414-f0921c16b9e5,0.1917808219178082,0.002099999925122,69
27,5308bf63-2200-e811-9414-f0921c16b9e5,0.19452054794520549,0.001900000032037,70
27,5308bf63-2200-e811-9414-f0921c16b9e5,0.19726027397260273,0.001700000022538,71
27,5308bf63-2200-e811-9414-f0921c16b9e5,0.2,0.001599999959581,72
27,5308bf63-2200-e811-9414-f0921c16b9e5,0.20273972602739726,0.001399999950081,73
27,5308bf63-2200-e811-9414-f0921c16b9e5,0.2054794520547945,0.001300000003539,74
27,5308bf63-2200-e811-9414-f0921c16b9e5,0.20821917808219179,0.001200000056997,75
27,5308bf63-2200-e811-9414-f0921c16b9e5,0.21095890410958903,0.001000000047497,76
27,5308bf63-2200-e811-9414-f0921c16b9e5,0.2136986301369863,0.00089999998454,77
27,5308bf63-2200-e811-9414-f0921c16b9e5,0.21643835616438356,0.0007999999797903,78
27,5308bf63-2200-e811-9414-f0921c16b9e5,0.2191780821917808,0.0006000000284985,79
27,5308bf63-2200-e811-9414-f0921c16b9e5,0.2219178082191781,0.0005000000237487,80
27,5308bf63-2200-e811-9414-f0921c16b9e5,0.22465753424657534,0.0005000000237487,81
27,5308bf63-2200-e811-9414-f0921c16b9e5,0.2273972602739726,0.0003999999898952,82
27,5308bf63-2200-e811-9414-f0921c16b9e5,0.23013698630136986,0.0003000000142492,83
27,5308bf63-2200-e811-9414-f0921c16b9e5,0.2328767123287671,0.0001999999949476,84
27,5308bf63-2200-e811-9414-f0921c16b9e5,0.2356164383561644,0.0001999999949476,85
27,5308bf63-2200-e811-9414-f0921c16b9e5,0.23835616438356164,0.0001999999949476,86
27,5308bf63-2200-e811-9414-f0921c16b9e5,0.2410958904109589,0.0001999999949476,87
27,5308bf63-2200-e811-9414-f0921c16b9e5,0.24383561643835616,9.999999747379e-05,88
27,5308bf63-2200-e811-9414-f0921c16b9e5,0.2465753424657534,9.999999747379e-05,89
28,5208bf63-2200-e811-9414-f0921c16b9e5,0.0027397260273972603,0.0,0
28,5208bf63-2200-e811-9414-f0921c16b9e5,0.005479452054794521,0.0006000000284985,1
28,5208bf63-2200-e811-9414-f0921c16b9e5,0.00821917808219178,0.001000000047497,2
28,5208bf63-2200-e811-9414-f0921c16b9e5,0.010958904109589041,0.001200000056997,3
28,5208bf63-2200-e811-9414-f0921c16b9e5,0.0136986301369863,0.001200000056997,4
28,5208bf63-2200-e811-9414-f0921c16b9e5,0.01643835616438356,0.001200000056997,5
28,5208bf63-2200-e811-9414-f0921c16b9e5,0.019178082191780823,0.002099999925122,6
28,5208bf63-2200-e811-9414-f0921c16b9e5,0.021917808219178082,0.002400000113994,7
28,5208bf63-2200-e811-9414-f0921c16b9e5,0.024657534246575342,0.003299999982119,8
28,5208bf63-2200-e811-9414-f0921c16b9e5,0.0273972602739726,0.004999999888241,9
28,5208bf63-2200-e811-9414-f0921c16b9e5,0.030136986301369864,0.007400000002235,10
28,5208bf63-2200-e811-9414-f0921c16b9e5,0.03287671232876712,0.009200000204146,11
28,5208bf63-2200-e811-9414-f0921c16b9e5,0.03561643835616438,0.01410000026226,12
28,5208bf63-2200-e811-9414-f0921c16b9e5,0.038356164383561646,0.02089999988675,13
28,5208bf63-2200-e811-9414-f0921c16b9e5,0.0410958904109589,0.0304000005126,14
28,5208bf63-2200-e811-9414-f0921c16b9e5,0.043835616438356165,0.0430999994278,15
28,5208bf63-2200-e811-9414-f0921c16b9e5,0.04657534246575343,0.06069999933243,16
28,5208bf63-2200-e811-9414-f0921c16b9e5,0.049315068493150684,0.0878000035882,17
28,5208bf63-2200-e811-9414-f0921c16b9e5,0.052054794520547946,0.1194000020623,18
28,5208bf63-2200-e811-9414-f0921c16b9e5,0.0547945205479452,0.1556999981403,19
28,5208bf63-2200-e811-9414-f0921c16b9e5,0.057534246575342465,0.1917999982834,20
28,5208bf63-2200-e811-9414-f0921c16b9e5,0.06027397260273973,0.2321999967098,21
28,5208bf63-2200-e811-9414-f0921c16b9e5,0.06301369863013699,0.2705999910831,22
28,5208bf63-2200-e811-9414-f0921c16b9e5,0.06575342465753424,0.2930999994278,23
28,5208bf63-2200-e811-9414-f0921c16b9e5,0.0684931506849315,0.3023999929428,24
28,5208bf63-2200-e811-9414-f0921c16b9e5,0.07123287671232877,0.2982000112534,25
28,5208bf63-2200-e811-9414-f0921c16b9e5,0.07397260273972603,0.2795000076294,26
28,5208bf63-2200-e811-9414-f0921c16b9e5,0.07671232876712329,0.2504000067711,27
28,5208bf63-2200-e811-9414-f0921c16b9e5,0.07945205479452055,0.2196999937296,28
28,5208bf63-2200-e811-9414-f0921c16b9e5,0.0821917808219178,0.1897999942303,29
28,5208bf63-2200-e811-9414-f0921c16b9e5,0.08493150684931507,0.1600999981165,30
28,5208bf63-2200-e811-9414-f0921c16b9e5,0.08767123287671233,0.1351999938488,31
28,5208bf63-2200-e811-9414-f0921c16b9e5,0.09041095890410959,0.1102999970317,32
28,5208bf63-2200-e811-9414-f0921c16b9e5,0.09315068493150686,0.0945999994874,33
28,5208bf63-2200-e811-9414-f0921c16b9e5,0.0958904109589041,0.07720000296831,34
28,5208bf63-2200-e811-9414-f0921c16b9e5,0.09863013698630137,0.05990000069141,35
28,5208bf63-2200-e811-9414-f0921c16b9e5,0.10136986301369863,0.04780000075698,36
28,5208bf63-2200-e811-9414-f0921c16b9e5,0.10410958904109589,0.03739999979734,37
28,5208bf63-2200-e811-9414-f0921c16b9e5,0.10684931506849316,0.03089999966323,38
28,5208bf63-2200-e811-9414-f0921c16b9e5,0.1095890410958904,0.02470000088215,39
28,5208bf63-2200-e811-9414-f0921c16b9e5,0.11232876712328767,0.02140000090003,40
28,5208bf63-2200-e811-9414-f0921c16b9e5,0.11506849315068493,0.01649999991059,41
28,5208bf63-2200-e811-9414-f0921c16b9e5,0.1178082191780822,0.0136000001803,42
28,5208bf63-2200-e811-9414-f0921c16b9e5,0.12054794520547946,0.01119999960065,43
28,5208bf63-2200-e811-9414-f0921c16b9e5,0.1232876712328767,0.009300000034273,44
28,5208bf63-2200-e811-9414-f0921c16b9e5,0.12602739726027398,0.00719999987632,45
28,5208bf63-2200-e811-9414-f0921c16b9e5,0.12876712328767123,0.005900000222027,46
28,5208bf63-2200-e811-9414-f0921c16b9e5,0.13150684931506848,0.004900000058115,47
28,5208bf63-2200-e811-9414-f0921c16b9e5,0.13424657534246576,0.004199999850243,48
28,5208bf63-2200-e811-9414-f0921c16b9e5,0.136986301369863,0.003500000108033,49
28,5208bf63-2200-e811-9414-f0921c16b9e5,0.13972602739726028,0.002700000070035,50
28,5208bf63-2200-e811-9414-f0921c16b9e5,0.14246575342465753,0.002400000113994,51
28,5208bf63-2200-e811-9414-f0921c16b9e5,0.14520547945205478,0.002000000094995,52
28,5208bf63-2200-e811-9414-f0921c16b9e5,0.14794520547945206,0.001900000032037,53
28,5208bf63-2200-e811-9414-f0921c16b9e5,0.1506849315068493,0.001399999950081,54
28,5208bf63-2200-e811-9414-f0921c16b9e5,0.15342465753424658,0.001599999959581,55
28,5208bf63-2200-e811-9414-f0921c16b9e5,0.15616438356164383,0.001300000003539,56
28,5208bf63-2200-e811-9414-f0921c16b9e5,0.1589041095890411,0.00109999999404,57
28,5208bf63-2200-e811-9414-f0921c16b9e5,0.16164383561643836,0.001300000003539,58
28,5208bf63-2200-e811-9414-f0921c16b9e5,0.1643835616438356,0.001000000047497,59
28,5208bf63-2200-e811-9414-f0921c16b9e5,0.16712328767123288,0.0007999999797903,60
28,5208bf63-2200-e811-9414-f0921c16b9e5,0.16986301369863013,0.0006999999750406,61
28,5208bf63-2200-e811-9414-f0921c16b9e5,0.1726027397260274,0.0006000000284985,62
28,5208bf63-2200-e811-9414-f0921c16b9e5,0.17534246575342466,0.0005000000237487,63
28,5208bf63-2200-e811-9414-f0921c16b9e5,0.1780821917808219,9.999999747379e-05,64
28,5208bf63-2200-e811-9414-f0921c16b9e5,0.18082191780821918,9.999999747379e-05,65
28,5208bf63-2200-e811-9414-f0921c16b9e5,0.18356164383561643,9.999999747379e-05,66
28,5208bf63-2200-e811-9414-f0921c16b9e5,0.1863013698630137,9.999999747379e-05,67
28,5208bf63-2200-e811-9414-f0921c16b9e5,0.18904109589041096,0.0,68
28,5208bf63-2200-e811-9414-f0921c16b9e5,0.1917808219178082,0.0,69
28,5208bf63-2200-e811-9414-f0921c16b9e5,0.19452054794520549,0.0,70
28,5208bf63-2200-e811-9414-f0921c16b9e5,0.19726027397260273,0.0,71
28,5208bf63-2200-e811-9414-f0921c16b9e5,0.2,0.0,72
28,5208bf63-2200-e811-9414-f0921c16b9e5,0.20273972602739726,0.0,73
28,5208bf63-2200-e811-9414-f0921c16b9e5,0.2054794520547945,0.0,74
28,5208bf63-2200-e811-9414-f0921c16b9e5,0.20821917808219179,0.0,75
28,5208bf63-2200-e811-9414-f0921c16b9e5,0.21095890410958903,0.0,76
28,5208bf63-2200-e811-9414-f0921c16b9e5,0.2136986301369863,0.0,77
28,5208bf63-2200-e811-9414-f0921c16b9e5,0.21643835616438356,0.0,78
28,5208bf63-2200-e811-9414-f0921c16b9e5,0.2191780821917808,0.0,79
28,5208bf63-2200-e811-9414-f0921c16b9e5,0.2219178082191781,0.0,80
28,5208bf63-2200-e811-9414-f0921c16b9e5,0.22465753424657534,0.0,81
28,5208bf63-2200-e811-9414-f0921c16b9e5,0.2273972602739726,0.0,82
28,5208bf63-2200-e811-9414-f0921c16b9e5,0.23013698630136986,0.0,83
28,5208bf63-2200-e811-9414-f0921c16b9e5,0.2328767123287671,0.0,84
28,5208bf63-2200-e811-9414-f0921c16b9e5,0.2356164383561644,0.0,85
28,5208bf63-2200-e811-9414-f0921c16b9e5,0.23835616438356164,0.0,86
28,5208bf63-2200-e811-9414-f0921c16b9e5,0.2410958904109589,0.0,87
28,5208bf63-2200-e811-9414-f0921c16b9e5,0.24383561643835616,0.0,88
28,5208bf63-2200-e811-9414-f0921c16b9e5,0.2465753424657534,0.0,89
29,5108bf63-2200-e811-9414-f0921c16b9e5,0.0027397260273972603,0.0,0
29,5108bf63-2200-e811-9414-f0921c16b9e5,0.005479452054794521,0.0005000000237487,1
29,5108bf63-2200-e811-9414-f0921c16b9e5,0.00821917808219178,0.0006000000284985,2
29,5108bf63-2200-e811-9414-f0921c16b9e5,0.010958904109589041,0.001000000047497,3
29,5108bf63-2200-e811-9414-f0921c16b9e5,0.0136986301369863,0.00109999999404,4
29,5108bf63-2200-e811-9414-f0921c16b9e5,0.01643835616438356,0.001500000013039,5
29,5108bf63-2200-e811-9414-f0921c16b9e5,0.019178082191780823,0.001900000032037,6
29,5108bf63-2200-e811-9414-f0921c16b9e5,0.021917808219178082,0.003100000089034,7
29,5108bf63-2200-e811-9414-f0921c16b9e5,0.024657534246575342,0.004199999850243,8
29,5108bf63-2200-e811-9414-f0921c16b9e5,0.0273972602739726,0.005700000096112,9
29,5108bf63-2200-e811-9414-f0921c16b9e5,0.030136986301369864,0.00870000012219,10
29,5108bf63-2200-e811-9414-f0921c16b9e5,0.03287671232876712,0.0132999997586,11
29,5108bf63-2200-e811-9414-f0921c16b9e5,0.03561643835616438,0.01869999989867,12
29,5108bf63-2200-e811-9414-f0921c16b9e5,0.038356164383561646,0.0262000001967,13
29,5108bf63-2200-e811-9414-f0921c16b9e5,0.0410958904109589,0.03810000047088,14
29,5108bf63-2200-e811-9414-f0921c16b9e5,0.043835616438356165,0.0527999997139,15
29,5108bf63-2200-e811-9414-f0921c16b9e5,0.04657534246575343,0.07339999824762,16
29,5108bf63-2200-e811-9414-f0921c16b9e5,0.049315068493150684,0.1030000001192,17
29,5108bf63-2200-e811-9414-f0921c16b9e5,0.052054794520547946,0.1406999975443,18
29,5108bf63-2200-e811-9414-f0921c16b9e5,0.0547945205479452,0.1840000003576,19
29,5108bf63-2200-e811-9414-f0921c16b9e5,0.057534246575342465,0.2363999933004,20
29,5108bf63-2200-e811-9414-f0921c16b9e5,0.06027397260273973,0.2851999998093,21
29,5108bf63-2200-e811-9414-f0921c16b9e5,0.06301369863013699,0.3262999951839,22
29,5108bf63-2200-e811-9414-f0921c16b9e5,0.06575342465753424,0.3537999987602,23
29,5108bf63-2200-e811-9414-f0921c16b9e5,0.0684931506849315,0.3657999932766,24
29,5108bf63-2200-e811-9414-f0921c16b9e5,0.07123287671232877,0.3605000078678,25
29,5108bf63-2200-e811-9414-f0921c16b9e5,0.07397260273972603,0.3402999937534,26
29,5108bf63-2200-e811-9414-f0921c16b9e5,0.07671232876712329,0.3124000132084,27
29,5108bf63-2200-e811-9414-f0921c16b9e5,0.07945205479452055,0.2797999978065,28
29,5108bf63-2200-e811-9414-f0921c16b9e5,0.0821917808219178,0.2538999915123,29
29,5108bf63-2200-e811-9414-f0921c16b9e5,0.08493150684931507,0.2224999964237,30
29,5108bf63-2200-e811-9414-f0921c16b9e5,0.08767123287671233,0.1925999969244,31
29,5108bf63-2200-e811-9414-f0921c16b9e5,0.09041095890410959,0.1673000007868,32
29,5108bf63-2200-e811-9414-f0921c16b9e5,0.09315068493150686,0.1396999955177,33
29,5108bf63-2200-e811-9414-f0921c16b9e5,0.0958904109589041,0.1217999979854,34
29,5108bf63-2200-e811-9414-f0921c16b9e5,0.09863013698630137,0.1013000011444,35
29,5108bf63-2200-e811-9414-f0921c16b9e5,0.10136986301369863,0.08439999818802,36
29,5108bf63-2200-e811-9414-f0921c16b9e5,0.10410958904109589,0.07109999656677,37
29,5108bf63-2200-e811-9414-f0921c16b9e5,0.10684931506849316,0.05920000001788,38
29,5108bf63-2200-e811-9414-f0921c16b9e5,0.1095890410958904,0.05000000074506,39
29,5108bf63-2200-e811-9414-f0921c16b9e5,0.11232876712328767,0.04259999841452,40
29,5108bf63-2200-e811-9414-f0921c16b9e5,0.11506849315068493,0.03550000116229,41
29,5108bf63-2200-e811-9414-f0921c16b9e5,0.1178082191780822,0.02869999967515,42
29,5108bf63-2200-e811-9414-f0921c16b9e5,0.12054794520547946,0.02449999935925,43
29,5108bf63-2200-e811-9414-f0921c16b9e5,0.1232876712328767,0.02019999921322,44
29,5108bf63-2200-e811-9414-f0921c16b9e5,0.12602739726027398,0.01740000024438,45
29,5108bf63-2200-e811-9414-f0921c16b9e5,0.12876712328767123,0.0148999998346,46
29,5108bf63-2200-e811-9414-f0921c16b9e5,0.13150684931506848,0.01250000018626,47
29,5108bf63-2200-e811-9414-f0921c16b9e5,0.13424657534246576,0.009999999776483,48
29,5108bf63-2200-e811-9414-f0921c16b9e5,0.136986301369863,0.00870000012219,49
29,5108bf63-2200-e811-9414-f0921c16b9e5,0.13972602739726028,0.007400000002235,50
29,5108bf63-2200-e811-9414-f0921c16b9e5,0.14246575342465753,0.006099999882281,51
29,5108bf63-2200-e811-9414-f0921c16b9e5,0.14520547945205478,0.004900000058115,52
29,5108bf63-2200-e811-9414-f0921c16b9e5,0.14794520547945206,0.004499999806285,53
29,5108bf63-2200-e811-9414-f0921c16b9e5,0.1506849315068493,0.003899999894202,54
29,5108bf63-2200-e811-9414-f0921c16b9e5,0.15342465753424658,0.003000000026077,55
29,5108bf63-2200-e811-9414-f0921c16b9e5,0.15616438356164383,0.002499999944121,56
29,5108bf63-2200-e811-9414-f0921c16b9e5,0.1589041095890411,0.002199999988079,57
29,5108bf63-2200-e811-9414-f0921c16b9e5,0.16164383561643836,0.001900000032037,58
29,5108bf63-2200-e811-9414-f0921c16b9e5,0.1643835616438356,0.001700000022538,59
29,5108bf63-2200-e811-9414-f0921c16b9e5,0.16712328767123288,0.001500000013039,60
29,5108bf63-2200-e811-9414-f0921c16b9e5,0.16986301369863013,0.001399999950081,61
29,5108bf63-2200-e811-9414-f0921c16b9e5,0.1726027397260274,0.001300000003539,62
29,5108bf63-2200-e811-9414-f0921c16b9e5,0.17534246575342466,0.00109999999404,63
29,5108bf63-2200-e811-9414-f0921c16b9e5,0.1780821917808219,0.0006999999750406,64
29,5108bf63-2200-e811-9414-f0921c16b9e5,0.18082191780821918,0.0006000000284985,65
29,5108bf63-2200-e811-9414-f0921c16b9e5,0.18356164383561643,0.0005000000237487,66
29,5108bf63-2200-e811-9414-f0921c16b9e5,0.1863013698630137,0.0003000000142492,67
29,5108bf63-2200-e811-9414-f0921c16b9e5,0.18904109589041096,0.0003000000142492,68
29,5108bf63-2200-e811-9414-f0921c16b9e5,0.1917808219178082,9.999999747379e-05,69
29,5108bf63-2200-e811-9414-f0921c16b9e5,0.19452054794520549,9.999999747379e-05,70
29,5108bf63-2200-e811-9414-f0921c16b9e5,0.19726027397260273,9.999999747379e-05,71
29,5108bf63-2200-e811-9414-f0921c16b9e5,0.2,9.999999747379e-05,72
29,5108bf63-2200-e811-9414-f0921c16b9e5,0.20273972602739726,9.999999747379e-05,73
29,5108bf63-2200-e811-9414-f0921c16b9e5,0.2054794520547945,0.0,74
29,5108bf63-2200-e811-9414-f0921c16b9e5,0.20821917808219179,0.0,75
29,5108bf63-2200-e811-9414-f0921c16b9e5,0.21095890410958903,0.0,76
29,5108bf63-2200-e811-9414-f0921c16b9e5,0.2136986301369863,0.0,77
29,5108bf63-2200-e811-9414-f0921c16b9e5,0.21643835616438356,0.0,78
29,5108bf63-2200-e811-9414-f0921c16b9e5,0.2191780821917808,0.0,79
29,5108bf63-2200-e811-9414-f0921c16b9e5,0.2219178082191781,0.0,80
29,5108bf63-2200-e811-9414-f0921c16b9e5,0.22465753424657534,0.0,81
29,5108bf63-2200-e811-9414-f0921c16b9e5,0.2273972602739726,0.0,82
29,5108bf63-2200-e811-9414-f0921c16b9e5,0.23013698630136986,0.0,83
29,5108bf63-2200-e811-9414-f0921c16b9e5,0.2328767123287671,0.0,84
29,5108bf63-2200-e811-9414-f0921c16b9e5,0.2356164383561644,0.0,85
29,5108bf63-2200-e811-9414-f0921c16b9e5,0.23835616438356164,0.0,86
29,5108bf63-2200-e811-9414-f0921c16b9e5,0.2410958904109589,0.0,87
29,5108bf63-2200-e811-9414-f0921c16b9e5,0.24383561643835616,0.0,88
29,5108bf63-2200-e811-9414-f0921c16b9e5,0.2465753424657534,0.0,89
30,0c3fff5b-2200-e811-9414-f0921c16b9e5,0.0027397260273972603,0.0,0
30,0c3fff5b-2200-e811-9414-f0921c16b9e5,0.005479452054794521,0.0003999999898952,1
30,0c3fff5b-2200-e811-9414-f0921c16b9e5,0.00821917808219178,0.0007999999797903,2
30,0c3fff5b-2200-e811-9414-f0921c16b9e5,0.010958904109589041,0.001200000056997,3
30,0c3fff5b-2200-e811-9414-f0921c16b9e5,0.0136986301369863,0.002499999944121,4
30,0c3fff5b-2200-e811-9414-f0921c16b9e5,0.01643835616438356,0.004199999850243,5
30,0c3fff5b-2200-e811-9414-f0921c16b9e5,0.019178082191780823,0.007799999788404,6
30,0c3fff5b-2200-e811-9414-f0921c16b9e5,0.021917808219178082,0.01379999984056,7
30,0c3fff5b-2200-e811-9414-f0921c16b9e5,0.024657534246575342,0.02140000090003,8
30,0c3fff5b-2200-e811-9414-f0921c16b9e5,0.0273972602739726,0.03089999966323,9
30,0c3fff5b-2200-e811-9414-f0921c16b9e5,0.030136986301369864,0.04610000178218,10
30,0c3fff5b-2200-e811-9414-f0921c16b9e5,0.03287671232876712,0.07289999723434,11
30,0c3fff5b-2200-e811-9414-f0921c16b9e5,0.03561643835616438,0.1118000000715,12
30,0c3fff5b-2200-e811-9414-f0921c16b9e5,0.038356164383561646,0.1627999991179,13
30,0c3fff5b-2200-e811-9414-f0921c16b9e5,0.0410958904109589,0.2305999994278,14
30,0c3fff5b-2200-e811-9414-f0921c16b9e5,0.043835616438356165,0.3125,15
30,0c3fff5b-2200-e811-9414-f0921c16b9e5,0.04657534246575343,0.3815999925137,16
30,0c3fff5b-2200-e811-9414-f0921c16b9e5,0.049315068493150684,0.4359999895096,17
30,0c3fff5b-2200-e811-9414-f0921c16b9e5,0.052054794520547946,0.464300006628,18
30,0c3fff5b-2200-e811-9414-f0921c16b9e5,0.0547945205479452,0.4548000097275,19
30,0c3fff5b-2200-e811-9414-f0921c16b9e5,0.057534246575342465,0.4262000024319,20
30,0c3fff5b-2200-e811-9414-f0921c16b9e5,0.06027397260273973,0.3926999866962,21
30,0c3fff5b-2200-e811-9414-f0921c16b9e5,0.06301369863013699,0.3495000004768,22
30,0c3fff5b-2200-e811-9414-f0921c16b9e5,0.06575342465753424,0.3070999979973,23
30,0c3fff5b-2200-e811-9414-f0921c16b9e5,0.0684931506849315,0.2637000083923,24
30,0c3fff5b-2200-e811-9414-f0921c16b9e5,0.07123287671232877,0.2277999967337,25
30,0c3fff5b-2200-e811-9414-f0921c16b9e5,0.07397260273972603,0.1925999969244,26
30,0c3fff5b-2200-e811-9414-f0921c16b9e5,0.07671232876712329,0.1651999950409,27
30,0c3fff5b-2200-e811-9414-f0921c16b9e5,0.07945205479452055,0.1394000053406,28
30,0c3fff5b-2200-e811-9414-f0921c16b9e5,0.0821917808219178,0.118100002408,29
30,0c3fff5b-2200-e811-9414-f0921c16b9e5,0.08493150684931507,0.1000000014901,30
30,0c3fff5b-2200-e811-9414-f0921c16b9e5,0.08767123287671233,0.08389999717474,31
30,0c3fff5b-2200-e811-9414-f0921c16b9e5,0.09041095890410959,0.07090000063181,32
30,0c3fff5b-2200-e811-9414-f0921c16b9e5,0.09315068493150686,0.06030000001192,33
30,0c3fff5b-2200-e811-9414-f0921c16b9e5,0.0958904109589041,0.04949999973178,34
30,0c3fff5b-2200-e811-9414-f0921c16b9e5,0.09863013698630137,0.04270000010729,35
30,0c3fff5b-2200-e811-9414-f0921c16b9e5,0.10136986301369863,0.03640000149608,36
30,0c3fff5b-2200-e811-9414-f0921c16b9e5,0.10410958904109589,0.03139999881387,37
30,0c3fff5b-2200-e811-9414-f0921c16b9e5,0.10684931506849316,0.02730000019073,38
30,0c3fff5b-2200-e811-9414-f0921c16b9e5,0.1095890410958904,0.02270000055432,39
30,0c3fff5b-2200-e811-9414-f0921c16b9e5,0.11232876712328767,0.0187999997288,40
30,0c3fff5b-2200-e811-9414-f0921c16b9e5,0.11506849315068493,0.01600000075996,41
30,0c3fff5b-2200-e811-9414-f0921c16b9e5,0.1178082191780822,0.01350000035018,42
30,0c3fff5b-2200-e811-9414-f0921c16b9e5,0.12054794520547946,0.01169999968261,43
30,0c3fff5b-2200-e811-9414-f0921c16b9e5,0.1232876712328767,0.009899999946356,44
30,0c3fff5b-2200-e811-9414-f0921c16b9e5,0.12602739726027398,0.008200000040233,45
30,0c3fff5b-2200-e811-9414-f0921c16b9e5,0.12876712328767123,0.007400000002235,46
30,0c3fff5b-2200-e811-9414-f0921c16b9e5,0.13150684931506848,0.00650000013411,47
30,0c3fff5b-2200-e811-9414-f0921c16b9e5,0.13424657534246576,0.005299999844283,48
30,0c3fff5b-2200-e811-9414-f0921c16b9e5,0.136986301369863,0.004199999850243,49
30,0c3fff5b-2200-e811-9414-f0921c16b9e5,0.13972602739726028,0.003199999919161,50
30,0c3fff5b-2200-e811-9414-f0921c16b9e5,0.14246575342465753,0.002799999900162,51
30,0c3fff5b-2200-e811-9414-f0921c16b9e5,0.14520547945205478,0.002099999925122,52
30,0c3fff5b-2200-e811-9414-f0921c16b9e5,0.14794520547945206,0.001900000032037,53
30,0c3fff5b-2200-e811-9414-f0921c16b9e5,0.1506849315068493,0.001500000013039,54
30,0c3fff5b-2200-e811-9414-f0921c16b9e5,0.15342465753424658,0.00109999999404,55
30,0c3fff5b-2200-e811-9414-f0921c16b9e5,0.15616438356164383,0.0006999999750406,56
30,0c3fff5b-2200-e811-9414-f0921c16b9e5,0.1589041095890411,0.0006000000284985,57
30,0c3fff5b-2200-e811-9414-f0921c16b9e5,0.16164383561643836,0.0006999999750406,58
30,0c3fff5b-2200-e811-9414-f0921c16b9e5,0.1643835616438356,0.0006999999750406,59
30,0c3fff5b-2200-e811-9414-f0921c16b9e5,0.16712328767123288,0.0005000000237487,60
30,0c3fff5b-2200-e811-9414-f0921c16b9e5,0.16986301369863013,0.0005000000237487,61
30,0c3fff5b-2200-e811-9414-f0921c16b9e5,0.1726027397260274,0.0003000000142492,62
30,0c3fff5b-2200-e811-9414-f0921c16b9e5,0.17534246575342466,0.0001999999949476,63
30,0c3fff5b-2200-e811-9414-f0921c16b9e5,0.1780821917808219,9.999999747379e-05,64
30,0c3fff5b-2200-e811-9414-f0921c16b9e5,0.18082191780821918,9.999999747379e-05,65
30,0c3fff5b-2200-e811-9414-f0921c16b9e5,0.18356164383561643,9.999999747379e-05,66
30,0c3fff5b-2200-e811-9414-f0921c16b9e5,0.1863013698630137,9.999999747379e-05,67
30,0c3fff5b-2200-e811-9414-f0921c16b9e5,0.18904109589041096,9.999999747379e-05,68
30,0c3fff5b-2200-e811-9414-f0921c16b9e5,0.1917808219178082,9.999999747379e-05,69
30,0c3fff5b-2200-e811-9414-f0921c16b9e5,0.19452054794520549,9.999999747379e-05,70
30,0c3fff5b-2200-e811-9414-f0921c16b9e5,0.19726027397260273,9.999999747379e-05,71
30,0c3fff5b-2200-e811-9414-f0921c16b9e5,0.2,9.999999747379e-05,72
30,0c3fff5b-2200-e811-9414-f0921c16b9e5,0.20273972602739726,0.0,73
30,0c3fff5b-2200-e811-9414-f0921c16b9e5,0.2054794520547945,0.0,74
30,0c3fff5b-2200-e811-9414-f0921c16b9e5,0.20821917808219179,0.0,75
30,0c3fff5b-2200-e811-9414-f0921c16b9e5,0.21095890410958903,0.0,76
30,0c3fff5b-2200-e811-9414-f0921c16b9e5,0.2136986301369863,0.0,77
30,0c3fff5b-2200-e811-9414-f0921c16b9e5,0.21643835616438356,0.0,78
30,0c3fff5b-2200-e811-9414-f0921c16b9e5,0.2191780821917808,0.0,79
30,0c3fff5b-2200-e811-9414-f0921c16b9e5,0.2219178082191781,0.0,80
30,0c3fff5b-2200-e811-9414-f0921c16b9e5,0.22465753424657534,0.0,81
30,0c3fff5b-2200-e811-9414-f0921c16b9e5,0.2273972602739726,0.0,82
30,0c3fff5b-2200-e811-9414-f0921c16b9e5,0.23013698630136986,0.0,83
30,0c3fff5b-2200-e811-9414-f0921c16b9e5,0.2328767123287671,0.0,84
30,0c3fff5b-2200-e811-9414-f0921c16b9e5,0.2356164383561644,0.0,85
30,0c3fff5b-2200-e811-9414-f0921c16b9e5,0.23835616438356164,0.0,86
30,0c3fff5b-2200-e811-9414-f0921c16b9e5,0.2410958904109589,0.0,87
30,0c3fff5b-2200-e811-9414-f0921c16b9e5,0.24383561643835616,0.0,88
30,0c3fff5b-2200-e811-9414-f0921c16b9e5,0.2465753424657534,0.0,89
31,0b3fff5b-2200-e811-9414-f0921c16b9e5,0.0027397260273972603,0.0,0
31,0b3fff5b-2200-e811-9414-f0921c16b9e5,0.005479452054794521,0.0005000000237487,1
31,0b3fff5b-2200-e811-9414-f0921c16b9e5,0.00821917808219178,0.0006000000284985,2
31,0b3fff5b-2200-e811-9414-f0921c16b9e5,0.010958904109589041,0.00089999998454,3
31,0b3fff5b-2200-e811-9414-f0921c16b9e5,0.0136986301369863,0.001300000003539,4
31,0b3fff5b-2200-e811-9414-f0921c16b9e5,0.01643835616438356,0.002099999925122,5
31,0b3fff5b-2200-e811-9414-f0921c16b9e5,0.019178082191780823,0.00289999996312,6
31,0b3fff5b-2200-e811-9414-f0921c16b9e5,0.021917808219178082,0.004300000146031,7
31,0b3fff5b-2200-e811-9414-f0921c16b9e5,0.024657534246575342,0.007699999958277,8
31,0b3fff5b-2200-e811-9414-f0921c16b9e5,0.0273972602739726,0.01180000044405,9
31,0b3fff5b-2200-e811-9414-f0921c16b9e5,0.030136986301369864,0.01799999922514,10
31,0b3fff5b-2200-e811-9414-f0921c16b9e5,0.03287671232876712,0.02590000070632,11
31,0b3fff5b-2200-e811-9414-f0921c16b9e5,0.03561643835616438,0.04069999977946,12
31,0b3fff5b-2200-e811-9414-f0921c16b9e5,0.038356164383561646,0.06179999932647,13
31,0b3fff5b-2200-e811-9414-f0921c16b9e5,0.0410958904109589,0.08850000053644,14
31,0b3fff5b-2200-e811-9414-f0921c16b9e5,0.043835616438356165,0.1243000030518,15
31,0b3fff5b-2200-e811-9414-f0921c16b9e5,0.04657534246575343,0.174099996686,16
31,0b3fff5b-2200-e811-9414-f0921c16b9e5,0.049315068493150684,0.2313999980688,17
31,0b3fff5b-2200-e811-9414-f0921c16b9e5,0.052054794520547946,0.2922999858856,18
31,0b3fff5b-2200-e811-9414-f0921c16b9e5,0.0547945205479452,0.3328999876976,19
31,0b3fff5b-2200-e811-9414-f0921c16b9e5,0.057534246575342465,0.3601999878883,20
31,0b3fff5b-2200-e811-9414-f0921c16b9e5,0.06027397260273973,0.3569000065327,21
31,0b3fff5b-2200-e811-9414-f0921c16b9e5,0.06301369863013699,0.3436000049114,22
31,0b3fff5b-2200-e811-9414-f0921c16b9e5,0.06575342465753424,0.314099997282,23
31,0b3fff5b-2200-e811-9414-f0921c16b9e5,0.0684931506849315,0.2788999974728,24
31,0b3fff5b-2200-e811-9414-f0921c16b9e5,0.07123287671232877,0.2425999939442,25
31,0b3fff5b-2200-e811-9414-f0921c16b9e5,0.07397260273972603,0.2049999982119,26
31,0b3fff5b-2200-e811-9414-f0921c16b9e5,0.07671232876712329,0.1713999956846,27
31,0b3fff5b-2200-e811-9414-f0921c16b9e5,0.07945205479452055,0.1424999982119,28
31,0b3fff5b-2200-e811-9414-f0921c16b9e5,0.0821917808219178,0.118100002408,29
31,0b3fff5b-2200-e811-9414-f0921c16b9e5,0.08493150684931507,0.09579999744892,30
31,0b3fff5b-2200-e811-9414-f0921c16b9e5,0.08767123287671233,0.07819999754429,31
31,0b3fff5b-2200-e811-9414-f0921c16b9e5,0.09041095890410959,0.06440000236034,32
31,0b3fff5b-2200-e811-9414-f0921c16b9e5,0.09315068493150686,0.05389999970794,33
31,0b3fff5b-2200-e811-9414-f0921c16b9e5,0.0958904109589041,0.0430999994278,34
31,0b3fff5b-2200-e811-9414-f0921c16b9e5,0.09863013698630137,0.03570000082254,35
31,0b3fff5b-2200-e811-9414-f0921c16b9e5,0.10136986301369863,0.02730000019073,36
31,0b3fff5b-2200-e811-9414-f0921c16b9e5,0.10410958904109589,0.02129999920726,37
31,0b3fff5b-2200-e811-9414-f0921c16b9e5,0.10684931506849316,0.01610000059009,38
31,0b3fff5b-2200-e811-9414-f0921c16b9e5,0.1095890410958904,0.01319999992847,39
31,0b3fff5b-2200-e811-9414-f0921c16b9e5,0.11232876712328767,0.01140000019222,40
31,0b3fff5b-2200-e811-9414-f0921c16b9e5,0.11506849315068493,0.009300000034273,41
31,0b3fff5b-2200-e811-9414-f0921c16b9e5,0.1178082191780822,0.00789999961853,42
31,0b3fff5b-2200-e811-9414-f0921c16b9e5,0.12054794520547946,0.006899999920279,43
31,0b3fff5b-2200-e811-9414-f0921c16b9e5,0.1232876712328767,0.005799999926239,44
31,0b3fff5b-2200-e811-9414-f0921c16b9e5,0.12602739726027398,0.005599999800324,45
31,0b3fff5b-2200-e811-9414-f0921c16b9e5,0.12876712328767123,0.005200000014156,46
31,0b3fff5b-2200-e811-9414-f0921c16b9e5,0.13150684931506848,0.004100000020117,47
31,0b3fff5b-2200-e811-9414-f0921c16b9e5,0.13424657534246576,0.003700000001118,48
31,0b3fff5b-2200-e811-9414-f0921c16b9e5,0.136986301369863,0.002600000007078,49
31,0b3fff5b-2200-e811-9414-f0921c16b9e5,0.13972602739726028,0.002300000051036,50
31,0b3fff5b-2200-e811-9414-f0921c16b9e5,0.14246575342465753,0.002000000094995,51
31,0b3fff5b-2200-e811-9414-f0921c16b9e5,0.14520547945205478,0.00179999996908,52
31,0b3fff5b-2200-e811-9414-f0921c16b9e5,0.14794520547945206,0.001399999950081,53
31,0b3fff5b-2200-e811-9414-f0921c16b9e5,0.1506849315068493,0.001200000056997,54
31,0b3fff5b-2200-e811-9414-f0921c16b9e5,0.15342465753424658,0.001000000047497,55
31,0b3fff5b-2200-e811-9414-f0921c16b9e5,0.15616438356164383,0.0006999999750406,56
31,0b3fff5b-2200-e811-9414-f0921c16b9e5,0.1589041095890411,0.0003999999898952,57
31,0b3fff5b-2200-e811-9414-f0921c16b9e5,0.16164383561643836,0.0001999999949476,58
31,0b3fff5b-2200-e811-9414-f0921c16b9e5,0.1643835616438356,0.0001999999949476,59
31,0b3fff5b-2200-e811-9414-f0921c16b9e5,0.16712328767123288,0.0,60
31,0b3fff5b-2200-e811-9414-f0921c16b9e5,0.16986301369863013,0.0,61
31,0b3fff5b-2200-e811-9414-f0921c16b9e5,0.1726027397260274,0.0,62
31,0b3fff5b-2200-e811-9414-f0921c16b9e5,0.17534246575342466,0.0,63
31,0b3fff5b-2200-e811-9414-f0921c16b9e5,0.1780821917808219,0.0,64
31,0b3fff5b-2200-e811-9414-f0921c16b9e5,0.18082191780821918,0.0,65
31,0b3fff5b-2200-e811-9414-f0921c16b9e5,0.18356164383561643,0.0,66
31,0b3fff5b-2200-e811-9414-f0921c16b9e5,0.1863013698630137,0.0,67
31,0b3fff5b-2200-e811-9414-f0921c16b9e5,0.18904109589041096,0.0,68
31,0b3fff5b-2200-e811-9414-f0921c16b9e5,0.1917808219178082,0.0,69
31,0b3fff5b-2200-e811-9414-f0921c16b9e5,0.19452054794520549,0.0,70
31,0b3fff5b-2200-e811-9414-f0921c16b9e5,0.19726027397260273,0.0,71
31,0b3fff5b-2200-e811-9414-f0921c16b9e5,0.2,0.0,72
31,0b3fff5b-2200-e811-9414-f0921c16b9e5,0.20273972602739726,0.0,73
31,0b3fff5b-2200-e811-9414-f0921c16b9e5,0.2054794520547945,0.0,74
31,0b3fff5b-2200-e811-9414-f0921c16b9e5,0.20821917808219179,0.0,75
31,0b3fff5b-2200-e811-9414-f0921c16b9e5,0.21095890410958903,0.0,76
31,0b3fff5b-2200-e811-9414-f0921c16b9e5,0.2136986301369863,0.0,77
31,0b3fff5b-2200-e811-9414-f0921c16b9e5,0.21643835616438356,0.0,78
31,0b3fff5b-2200-e811-9414-f0921c16b9e5,0.2191780821917808,0.0,79
31,0b3fff5b-2200-e811-9414-f0921c16b9e5,0.2219178082191781,0.0,80
31,0b3fff5b-2200-e811-9414-f0921c16b9e5,0.22465753424657534,0.0,81
31,0b3fff5b-2200-e811-9414-f0921c16b9e5,0.2273972602739726,0.0,82
31,0b3fff5b-2200-e811-9414-f0921c16b9e5,0.23013698630136986,0.0,83
31,0b3fff5b-2200-e811-9414-f0921c16b9e5,0.2328767123287671,0.0,84
31,0b3fff5b-2200-e811-9414-f0921c16b9e5,0.2356164383561644,0.0,85
31,0b3fff5b-2200-e811-9414-f0921c16b9e5,0.23835616438356164,0.0,86
31,0b3fff5b-2200-e811-9414-f0921c16b9e5,0.2410958904109589,0.0,87
31,0b3fff5b-2200-e811-9414-f0921c16b9e5,0.24383561643835616,0.0,88
31,0b3fff5b-2200-e811-9414-f0921c16b9e5,0.2465753424657534,0.0,89
32,0a3fff5b-2200-e811-9414-f0921c16b9e5,0.0027397260273972603,0.0,0
32,0a3fff5b-2200-e811-9414-f0921c16b9e5,0.005479452054794521,0.0003999999898952,1
32,0a3fff5b-2200-e811-9414-f0921c16b9e5,0.00821917808219178,0.0005000000237487,2
32,0a3fff5b-2200-e811-9414-f0921c16b9e5,0.010958904109589041,0.0006999999750406,3
32,0a3fff5b-2200-e811-9414-f0921c16b9e5,0.0136986301369863,0.001300000003539,4
32,0a3fff5b-2200-e811-9414-f0921c16b9e5,0.01643835616438356,0.002600000007078,5
32,0a3fff5b-2200-e811-9414-f0921c16b9e5,0.019178082191780823,0.00359999993816,6
32,0a3fff5b-2200-e811-9414-f0921c16b9e5,0.021917808219178082,0.007300000172108,7
32,0a3fff5b-2200-e811-9414-f0921c16b9e5,0.024657534246575342,0.01389999967068,8
32,0a3fff5b-2200-e811-9414-f0921c16b9e5,0.0273972602739726,0.02449999935925,9
32,0a3fff5b-2200-e811-9414-f0921c16b9e5,0.030136986301369864,0.04270000010729,10
32,0a3fff5b-2200-e811-9414-f0921c16b9e5,0.03287671232876712,0.07469999790192,11
32,0a3fff5b-2200-e811-9414-f0921c16b9e5,0.03561643835616438,0.1211000010371,12
32,0a3fff5b-2200-e811-9414-f0921c16b9e5,0.038356164383561646,0.1903000026941,13
32,0a3fff5b-2200-e811-9414-f0921c16b9e5,0.0410958904109589,0.2840999960899,14
32,0a3fff5b-2200-e811-9414-f0921c16b9e5,0.043835616438356165,0.3840999901295,15
32,0a3fff5b-2200-e811-9414-f0921c16b9e5,0.04657534246575343,0.4713000059128,16
32,0a3fff5b-2200-e811-9414-f0921c16b9e5,0.049315068493150684,0.521899998188,17
32,0a3fff5b-2200-e811-9414-f0921c16b9e5,0.052054794520547946,0.5248000025749,18
32,0a3fff5b-2200-e811-9414-f0921c16b9e5,0.0547945205479452,0.4986000061035,19
32,0a3fff5b-2200-e811-9414-f0921c16b9e5,0.057534246575342465,0.4623999893665,20
32,0a3fff5b-2200-e811-9414-f0921c16b9e5,0.06027397260273973,0.4032999873161,21
32,0a3fff5b-2200-e811-9414-f0921c16b9e5,0.06301369863013699,0.3483999967575,22
32,0a3fff5b-2200-e811-9414-f0921c16b9e5,0.06575342465753424,0.2991000115871,23
32,0a3fff5b-2200-e811-9414-f0921c16b9e5,0.0684931506849315,0.256500005722,24
32,0a3fff5b-2200-e811-9414-f0921c16b9e5,0.07123287671232877,0.2189999967813,25
32,0a3fff5b-2200-e811-9414-f0921c16b9e5,0.07397260273972603,0.1861999928951,26
32,0a3fff5b-2200-e811-9414-f0921c16b9e5,0.07671232876712329,0.1588000059128,27
32,0a3fff5b-2200-e811-9414-f0921c16b9e5,0.07945205479452055,0.1377000063658,28
32,0a3fff5b-2200-e811-9414-f0921c16b9e5,0.0821917808219178,0.1185000017285,29
32,0a3fff5b-2200-e811-9414-f0921c16b9e5,0.08493150684931507,0.1002999991179,30
32,0a3fff5b-2200-e811-9414-f0921c16b9e5,0.08767123287671233,0.08669999986887,31
32,0a3fff5b-2200-e811-9414-f0921c16b9e5,0.09041095890410959,0.07440000027418,32
32,0a3fff5b-2200-e811-9414-f0921c16b9e5,0.09315068493150686,0.06379999965429,33
32,0a3fff5b-2200-e811-9414-f0921c16b9e5,0.0958904109589041,0.05339999869466,34
32,0a3fff5b-2200-e811-9414-f0921c16b9e5,0.09863013698630137,0.04490000009537,35
32,0a3fff5b-2200-e811-9414-f0921c16b9e5,0.10136986301369863,0.03770000115037,36
32,0a3fff5b-2200-e811-9414-f0921c16b9e5,0.10410958904109589,0.03260000050068,37
32,0a3fff5b-2200-e811-9414-f0921c16b9e5,0.10684931506849316,0.02740000002086,38
32,0a3fff5b-2200-e811-9414-f0921c16b9e5,0.1095890410958904,0.02329999953508,39
32,0a3fff5b-2200-e811-9414-f0921c16b9e5,0.11232876712328767,0.02019999921322,40
32,0a3fff5b-2200-e811-9414-f0921c16b9e5,0.11506849315068493,0.01679999940097,41
32,0a3fff5b-2200-e811-9414-f0921c16b9e5,0.1178082191780822,0.01439999975264,42
32,0a3fff5b-2200-e811-9414-f0921c16b9e5,0.12054794520547946,0.01219999976456,43
32,0a3fff5b-2200-e811-9414-f0921c16b9e5,0.1232876712328767,0.009999999776483,44
32,0a3fff5b-2200-e811-9414-f0921c16b9e5,0.12602739726027398,0.008799999952316,45
32,0a3fff5b-2200-e811-9414-f0921c16b9e5,0.12876712328767123,0.007499999832362,46
32,0a3fff5b-2200-e811-9414-f0921c16b9e5,0.13150684931506848,0.006200000178069,47
32,0a3fff5b-2200-e811-9414-f0921c16b9e5,0.13424657534246576,0.005100000184029,48
32,0a3fff5b-2200-e811-9414-f0921c16b9e5,0.136986301369863,0.004100000020117,49
32,0a3fff5b-2200-e811-9414-f0921c16b9e5,0.13972602739726028,0.003299999982119,50
32,0a3fff5b-2200-e811-9414-f0921c16b9e5,0.14246575342465753,0.00289999996312,51
32,0a3fff5b-2200-e811-9414-f0921c16b9e5,0.14520547945205478,0.002600000007078,52
32,0a3fff5b-2200-e811-9414-f0921c16b9e5,0.14794520547945206,0.002099999925122,53
32,0a3fff5b-2200-e811-9414-f0921c16b9e5,0.1506849315068493,0.00179999996908,54
32,0a3fff5b-2200-e811-9414-f0921c16b9e5,0.15342465753424658,0.001500000013039,55
32,0a3fff5b-2200-e811-9414-f0921c16b9e5,0.15616438356164383,0.001300000003539,56
32,0a3fff5b-2200-e811-9414-f0921c16b9e5,0.1589041095890411,0.00089999998454,57
32,0a3fff5b-2200-e811-9414-f0921c16b9e5,0.16164383561643836,0.0006000000284985,58
32,0a3fff5b-2200-e811-9414-f0921c16b9e5,0.1643835616438356,0.0006000000284985,59
32,0a3fff5b-2200-e811-9414-f0921c16b9e5,0.16712328767123288,0.0005000000237487,60
32,0a3fff5b-2200-e811-9414-f0921c16b9e5,0.16986301369863013,0.0005000000237487,61
32,0a3fff5b-2200-e811-9414-f0921c16b9e5,0.1726027397260274,0.0003999999898952,62
32,0a3fff5b-2200-e811-9414-f0921c16b9e5,0.17534246575342466,0.0003000000142492,63
32,0a3fff5b-2200-e811-9414-f0921c16b9e5,0.1780821917808219,0.0003000000142492,64
32,0a3fff5b-2200-e811-9414-f0921c16b9e5,0.18082191780821918,9.999999747379e-05,65
32,0a3fff5b-2200-e811-9414-f0921c16b9e5,0.18356164383561643,9.999999747379e-05,66
32,0a3fff5b-2200-e811-9414-f0921c16b9e5,0.1863013698630137,9.999999747379e-05,67
32,0a3fff5b-2200-e811-9414-f0921c16b9e5,0.18904109589041096,9.999999747379e-05,68
32,0a3fff5b-2200-e811-9414-f0921c16b9e5,0.1917808219178082,9.999999747379e-05,69
32,0a3fff5b-2200-e811-9414-f0921c16b9e5,0.19452054794520549,9.999999747379e-05,70
32,0a3fff5b-2200-e811-9414-f0921c16b9e5,0.19726027397260273,9.999999747379e-05,71
32,0a3fff5b-2200-e811-9414-f0921c16b9e5,0.2,9.999999747379e-05,72
32,0a3fff5b-2200-e811-9414-f0921c16b9e5,0.20273972602739726,9.999999747379e-05,73
32,0a3fff5b-2200-e811-9414-f0921c16b9e5,0.2054794520547945,9.999999747379e-05,74
32,0a3fff5b-2200-e811-9414-f0921c16b9e5,0.20821917808219179,9.999999747379e-05,75
32,0a3fff5b-2200-e811-9414-f0921c16b9e5,0.21095890410958903,9.999999747379e-05,76
32,0a3fff5b-2200-e811-9414-f0921c16b9e5,0.2136986301369863,9.999999747379e-05,77
32,0a3fff5b-2200-e811-9414-f0921c16b9e5,0.21643835616438356,9.999999747379e-05,78
32,0a3fff5b-2200-e811-9414-f0921c16b9e5,0.2191780821917808,9.999999747379e-05,79
32,0a3fff5b-2200-e811-9414-f0921c16b9e5,0.2219178082191781,9.999999747379e-05,80
32,0a3fff5b-2200-e811-9414-f0921c16b9e5,0.22465753424657534,0.0,81
32,0a3fff5b-2200-e811-9414-f0921c16b9e5,0.2273972602739726,0.0,82
32,0a3fff5b-2200-e811-9414-f0921c16b9e5,0.23013698630136986,0.0,83
32,0a3fff5b-2200-e811-9414-f0921c16b9e5,0.2328767123287671,0.0,84
32,0a3fff5b-2200-e811-9414-f0921c16b9e5,0.2356164383561644,0.0,85
32,0a3fff5b-2200-e811-9414-f0921c16b9e5,0.23835616438356164,0.0,86
32,0a3fff5b-2200-e811-9414-f0921c16b9e5,0.2410958904109589,0.0,87
32,0a3fff5b-2200-e811-9414-f0921c16b9e5,0.24383561643835616,0.0,88
32,0a3fff5b-2200-e811-9414-f0921c16b9e5,0.2465753424657534,0.0,89
33,093fff5b-2200-e811-9414-f0921c16b9e5,0.0027397260273972603,0.0,0
33,093fff5b-2200-e811-9414-f0921c16b9e5,0.005479452054794521,0.0003000000142492,1
33,093fff5b-2200-e811-9414-f0921c16b9e5,0.00821917808219178,0.0003999999898952,2
33,093fff5b-2200-e811-9414-f0921c16b9e5,0.010958904109589041,0.0007999999797903,3
33,093fff5b-2200-e811-9414-f0921c16b9e5,0.0136986301369863,0.001300000003539,4
33,093fff5b-2200-e811-9414-f0921c16b9e5,0.01643835616438356,0.002099999925122,5
33,093fff5b-2200-e811-9414-f0921c16b9e5,0.019178082191780823,0.003100000089034,6
33,093fff5b-2200-e811-9414-f0921c16b9e5,0.021917808219178082,0.0046999999322,7
33,093fff5b-2200-e811-9414-f0921c16b9e5,0.024657534246575342,0.00719999987632,8
33,093fff5b-2200-e811-9414-f0921c16b9e5,0.0273972602739726,0.01209999993443,9
33,093fff5b-2200-e811-9414-f0921c16b9e5,0.030136986301369864,0.02009999938309,10
33,093fff5b-2200-e811-9414-f0921c16b9e5,0.03287671232876712,0.0337999984622,11
33,093fff5b-2200-e811-9414-f0921c16b9e5,0.03561643835616438,0.05579999834299,12
33,093fff5b-2200-e811-9414-f0921c16b9e5,0.038356164383561646,0.09109999984503,13
33,093fff5b-2200-e811-9414-f0921c16b9e5,0.0410958904109589,0.146099999547,14
33,093fff5b-2200-e811-9414-f0921c16b9e5,0.043835616438356165,0.2214999943972,15
33,093fff5b-2200-e811-9414-f0921c16b9e5,0.04657534246575343,0.3156999945641,16
33,093fff5b-2200-e811-9414-f0921c16b9e5,0.049315068493150684,0.4286000132561,17
33,093fff5b-2200-e811-9414-f0921c16b9e5,0.052054794520547946,0.534500002861,18
33,093fff5b-2200-e811-9414-f0921c16b9e5,0.0547945205479452,0.5957000255585,19
33,093fff5b-2200-e811-9414-f0921c16b9e5,0.057534246575342465,0.6171000003815,20
33,093fff5b-2200-e811-9414-f0921c16b9e5,0.06027397260273973,0.6161999702454,21
33,093fff5b-2200-e811-9414-f0921c16b9e5,0.06301369863013699,0.5798000097275,22
33,093fff5b-2200-e811-9414-f0921c16b9e5,0.06575342465753424,0.5375999808311,23
33,093fff5b-2200-e811-9414-f0921c16b9e5,0.0684931506849315,0.4952000081539,24
33,093fff5b-2200-e811-9414-f0921c16b9e5,0.07123287671232877,0.4530000090599,25
33,093fff5b-2200-e811-9414-f0921c16b9e5,0.07397260273972603,0.4131999909878,26
33,093fff5b-2200-e811-9414-f0921c16b9e5,0.07671232876712329,0.3727000057697,27
33,093fff5b-2200-e811-9414-f0921c16b9e5,0.07945205479452055,0.3391000032425,28
33,093fff5b-2200-e811-9414-f0921c16b9e5,0.0821917808219178,0.3064999878407,29
33,093fff5b-2200-e811-9414-f0921c16b9e5,0.08493150684931507,0.2806000113487,30
33,093fff5b-2200-e811-9414-f0921c16b9e5,0.08767123287671233,0.2536999881268,31
33,093fff5b-2200-e811-9414-f0921c16b9e5,0.09041095890410959,0.2287999987602,32
33,093fff5b-2200-e811-9414-f0921c16b9e5,0.09315068493150686,0.2055000066757,33
33,093fff5b-2200-e811-9414-f0921c16b9e5,0.0958904109589041,0.1869000047445,34
33,093fff5b-2200-e811-9414-f0921c16b9e5,0.09863013698630137,0.167999997735,35
33,093fff5b-2200-e811-9414-f0921c16b9e5,0.10136986301369863,0.1520999968052,36
33,093fff5b-2200-e811-9414-f0921c16b9e5,0.10410958904109589,0.1380999982357,37
33,093fff5b-2200-e811-9414-f0921c16b9e5,0.10684931506849316,0.125,38
33,093fff5b-2200-e811-9414-f0921c16b9e5,0.1095890410958904,0.1142000034451,39
33,093fff5b-2200-e811-9414-f0921c16b9e5,0.11232876712328767,0.1013000011444,40
33,093fff5b-2200-e811-9414-f0921c16b9e5,0.11506849315068493,0.09179999679327,41
33,093fff5b-2200-e811-9414-f0921c16b9e5,0.1178082191780822,0.0819000005722,42
33,093fff5b-2200-e811-9414-f0921c16b9e5,0.12054794520547946,0.0738999992609,43
33,093fff5b-2200-e811-9414-f0921c16b9e5,0.1232876712328767,0.06639999896288,44
33,093fff5b-2200-e811-9414-f0921c16b9e5,0.12602739726027398,0.05840000137687,45
33,093fff5b-2200-e811-9414-f0921c16b9e5,0.12876712328767123,0.05180000141263,46
33,093fff5b-2200-e811-9414-f0921c16b9e5,0.13150684931506848,0.0472999997437,47
33,093fff5b-2200-e811-9414-f0921c16b9e5,0.13424657534246576,0.04259999841452,48
33,093fff5b-2200-e811-9414-f0921c16b9e5,0.136986301369863,0.03810000047088,49
33,093fff5b-2200-e811-9414-f0921c16b9e5,0.13972602739726028,0.03429999947548,50
33,093fff5b-2200-e811-9414-f0921c16b9e5,0.14246575342465753,0.03070000000298,51
33,093fff5b-2200-e811-9414-f0921c16b9e5,0.14520547945205478,0.02669999934733,52
33,093fff5b-2200-e811-9414-f0921c16b9e5,0.14794520547945206,0.02439999952912,53
33,093fff5b-2200-e811-9414-f0921c16b9e5,0.1506849315068493,0.02209999971092,54
33,093fff5b-2200-e811-9414-f0921c16b9e5,0.15342465753424658,0.01989999972284,55
33,093fff5b-2200-e811-9414-f0921c16b9e5,0.15616438356164383,0.01830000057817,56
33,093fff5b-2200-e811-9414-f0921c16b9e5,0.1589041095890411,0.01649999991059,57
33,093fff5b-2200-e811-9414-f0921c16b9e5,0.16164383561643836,0.01470000017434,58
33,093fff5b-2200-e811-9414-f0921c16b9e5,0.1643835616438356,0.01350000035018,59
33,093fff5b-2200-e811-9414-f0921c16b9e5,0.16712328767123288,0.01240000035614,60
33,093fff5b-2200-e811-9414-f0921c16b9e5,0.16986301369863013,0.01140000019222,61
33,093fff5b-2200-e811-9414-f0921c16b9e5,0.1726027397260274,0.01009999960661,62
33,093fff5b-2200-e811-9414-f0921c16b9e5,0.17534246575342466,0.00870000012219,63
33,093fff5b-2200-e811-9414-f0921c16b9e5,0.1780821917808219,0.007499999832362,64
33,093fff5b-2200-e811-9414-f0921c16b9e5,0.18082191780821918,0.007100000046194,65
33,093fff5b-2200-e811-9414-f0921c16b9e5,0.18356164383561643,0.006200000178069,66
33,093fff5b-2200-e811-9414-f0921c16b9e5,0.1863013698630137,0.005700000096112,67
33,093fff5b-2200-e811-9414-f0921c16b9e5,0.18904109589041096,0.005299999844283,68
33,093fff5b-2200-e811-9414-f0921c16b9e5,0.1917808219178082,0.004999999888241,69
33,093fff5b-2200-e811-9414-f0921c16b9e5,0.19452054794520549,0.0046999999322,70
33,093fff5b-2200-e811-9414-f0921c16b9e5,0.19726027397260273,0.004399999976158,71
33,093fff5b-2200-e811-9414-f0921c16b9e5,0.2,0.00359999993816,72
33,093fff5b-2200-e811-9414-f0921c16b9e5,0.20273972602739726,0.003400000045076,73
33,093fff5b-2200-e811-9414-f0921c16b9e5,0.2054794520547945,0.003299999982119,74
33,093fff5b-2200-e811-9414-f0921c16b9e5,0.20821917808219179,0.003100000089034,75
33,093fff5b-2200-e811-9414-f0921c16b9e5,0.21095890410958903,0.003000000026077,76
33,093fff5b-2200-e811-9414-f0921c16b9e5,0.2136986301369863,0.002600000007078,77
33,093fff5b-2200-e811-9414-f0921c16b9e5,0.21643835616438356,0.002400000113994,78
33,093fff5b-2200-e811-9414-f0921c16b9e5,0.2191780821917808,0.002099999925122,79
33,093fff5b-2200-e811-9414-f0921c16b9e5,0.2219178082191781,0.001700000022538,80
33,093fff5b-2200-e811-9414-f0921c16b9e5,0.22465753424657534,0.001500000013039,81
33,093fff5b-2200-e811-9414-f0921c16b9e5,0.2273972602739726,0.001300000003539,82
33,093fff5b-2200-e811-9414-f0921c16b9e5,0.23013698630136986,0.00109999999404,83
33,093fff5b-2200-e811-9414-f0921c16b9e5,0.2328767123287671,0.00089999998454,84
33,093fff5b-2200-e811-9414-f0921c16b9e5,0.2356164383561644,0.00089999998454,85
33,093fff5b-2200-e811-9414-f0921c16b9e5,0.23835616438356164,0.0005000000237487,86
33,093fff5b-2200-e811-9414-f0921c16b9e5,0.2410958904109589,0.0005000000237487,87
33,093fff5b-2200-e811-9414-f0921c16b9e5,0.24383561643835616,0.0005000000237487,88
33,093fff5b-2200-e811-9414-f0921c16b9e5,0.2465753424657534,0.0005000000237487,89
34,083fff5b-2200-e811-9414-f0921c16b9e5,0.0027397260273972603,0.0,0
34,083fff5b-2200-e811-9414-f0921c16b9e5,0.005479452054794521,0.0007999999797903,1
34,083fff5b-2200-e811-9414-f0921c16b9e5,0.00821917808219178,0.001300000003539,2
34,083fff5b-2200-e811-9414-f0921c16b9e5,0.010958904109589041,0.00289999996312,3
34,083fff5b-2200-e811-9414-f0921c16b9e5,0.0136986301369863,0.004999999888241,4
34,083fff5b-2200-e811-9414-f0921c16b9e5,0.01643835616438356,0.008100000210106,5
34,083fff5b-2200-e811-9414-f0921c16b9e5,0.019178082191780823,0.01379999984056,6
34,083fff5b-2200-e811-9414-f0921c16b9e5,0.021917808219178082,0.02319999970496,7
34,083fff5b-2200-e811-9414-f0921c16b9e5,0.024657534246575342,0.03979999944568,8
34,083fff5b-2200-e811-9414-f0921c16b9e5,0.0273972602739726,0.06270000338554,9
34,083fff5b-2200-e811-9414-f0921c16b9e5,0.030136986301369864,0.09849999845028,10
34,083fff5b-2200-e811-9414-f0921c16b9e5,0.03287671232876712,0.1480000019073,11
34,083fff5b-2200-e811-9414-f0921c16b9e5,0.03561643835616438,0.2201000005007,12
34,083fff5b-2200-e811-9414-f0921c16b9e5,0.038356164383561646,0.3104000091553,13
34,083fff5b-2200-e811-9414-f0921c16b9e5,0.0410958904109589,0.4013000130653,14
34,083fff5b-2200-e811-9414-f0921c16b9e5,0.043835616438356165,0.4801000058651,15
34,083fff5b-2200-e811-9414-f0921c16b9e5,0.04657534246575343,0.5356000065804,16
34,083fff5b-2200-e811-9414-f0921c16b9e5,0.049315068493150684,0.5505999922752,17
34,083fff5b-2200-e811-9414-f0921c16b9e5,0.052054794520547946,0.5425000190735,18
34,083fff5b-2200-e811-9414-f0921c16b9e5,0.0547945205479452,0.5157999992371,19
34,083fff5b-2200-e811-9414-f0921c16b9e5,0.057534246575342465,0.4794000089169,20
34,083fff5b-2200-e811-9414-f0921c16b9e5,0.06027397260273973,0.4341000020504,21
34,083fff5b-2200-e811-9414-f0921c16b9e5,0.06301369863013699,0.3898999989033,22
34,083fff5b-2200-e811-9414-f0921c16b9e5,0.06575342465753424,0.3483000099659,23
34,083fff5b-2200-e811-9414-f0921c16b9e5,0.0684931506849315,0.3113000094891,24
34,083fff5b-2200-e811-9414-f0921c16b9e5,0.07123287671232877,0.2772000133991,25
34,083fff5b-2200-e811-9414-f0921c16b9e5,0.07397260273972603,0.2477999925613,26
34,083fff5b-2200-e811-9414-f0921c16b9e5,0.07671232876712329,0.2189999967813,27
34,083fff5b-2200-e811-9414-f0921c16b9e5,0.07945205479452055,0.1961999982595,28
34,083fff5b-2200-e811-9414-f0921c16b9e5,0.0821917808219178,0.174099996686,29
34,083fff5b-2200-e811-9414-f0921c16b9e5,0.08493150684931507,0.1550000011921,30
34,083fff5b-2200-e811-9414-f0921c16b9e5,0.08767123287671233,0.136800006032,31
34,083fff5b-2200-e811-9414-f0921c16b9e5,0.09041095890410959,0.1217999979854,32
34,083fff5b-2200-e811-9414-f0921c16b9e5,0.09315068493150686,0.1085999980569,33
34,083fff5b-2200-e811-9414-f0921c16b9e5,0.0958904109589041,0.09660000354052,34
34,083fff5b-2200-e811-9414-f0921c16b9e5,0.09863013698630137,0.0869999974966,35
34,083fff5b-2200-e811-9414-f0921c16b9e5,0.10136986301369863,0.07620000094175,36
34,083fff5b-2200-e811-9414-f0921c16b9e5,0.10410958904109589,0.06939999759197,37
34,083fff5b-2200-e811-9414-f0921c16b9e5,0.10684931506849316,0.06319999694824,38
34,083fff5b-2200-e811-9414-f0921c16b9e5,0.1095890410958904,0.05669999867678,39
34,083fff5b-2200-e811-9414-f0921c16b9e5,0.11232876712328767,0.05040000006557,40
34,083fff5b-2200-e811-9414-f0921c16b9e5,0.11506849315068493,0.04459999874234,41
34,083fff5b-2200-e811-9414-f0921c16b9e5,0.1178082191780822,0.03909999877214,42
34,083fff5b-2200-e811-9414-f0921c16b9e5,0.12054794520547946,0.03330000117421,43
34,083fff5b-2200-e811-9414-f0921c16b9e5,0.1232876712328767,0.02940000034869,44
34,083fff5b-2200-e811-9414-f0921c16b9e5,0.12602739726027398,0.0265999995172,45
34,083fff5b-2200-e811-9414-f0921c16b9e5,0.12876712328767123,0.02329999953508,46
34,083fff5b-2200-e811-9414-f0921c16b9e5,0.13150684931506848,0.02009999938309,47
34,083fff5b-2200-e811-9414-f0921c16b9e5,0.13424657534246576,0.01769999973476,48
34,083fff5b-2200-e811-9414-f0921c16b9e5,0.136986301369863,0.01530000008643,49
34,083fff5b-2200-e811-9414-f0921c16b9e5,0.13972602739726028,0.01400000043213,50
34,083fff5b-2200-e811-9414-f0921c16b9e5,0.14246575342465753,0.01250000018626,51
34,083fff5b-2200-e811-9414-f0921c16b9e5,0.14520547945205478,0.01059999968857,52
34,083fff5b-2200-e811-9414-f0921c16b9e5,0.14794520547945206,0.009499999694526,53
34,083fff5b-2200-e811-9414-f0921c16b9e5,0.1506849315068493,0.008799999952316,54
34,083fff5b-2200-e811-9414-f0921c16b9e5,0.15342465753424658,0.007400000002235,55
34,083fff5b-2200-e811-9414-f0921c16b9e5,0.15616438356164383,0.00650000013411,56
34,083fff5b-2200-e811-9414-f0921c16b9e5,0.1589041095890411,0.005799999926239,57
34,083fff5b-2200-e811-9414-f0921c16b9e5,0.16164383561643836,0.004900000058115,58
34,083fff5b-2200-e811-9414-f0921c16b9e5,0.1643835616438356,0.004399999976158,59
34,083fff5b-2200-e811-9414-f0921c16b9e5,0.16712328767123288,0.004100000020117,60
34,083fff5b-2200-e811-9414-f0921c16b9e5,0.16986301369863013,0.003899999894202,61
34,083fff5b-2200-e811-9414-f0921c16b9e5,0.1726027397260274,0.003400000045076,62
34,083fff5b-2200-e811-9414-f0921c16b9e5,0.17534246575342466,0.003199999919161,63
34,083fff5b-2200-e811-9414-f0921c16b9e5,0.1780821917808219,0.003100000089034,64
34,083fff5b-2200-e811-9414-f0921c16b9e5,0.18082191780821918,0.002700000070035,65
34,083fff5b-2200-e811-9414-f0921c16b9e5,0.18356164383561643,0.002499999944121,66
34,083fff5b-2200-e811-9414-f0921c16b9e5,0.1863013698630137,0.002300000051036,67
34,083fff5b-2200-e811-9414-f0921c16b9e5,0.18904109589041096,0.002000000094995,68
34,083fff5b-2200-e811-9414-f0921c16b9e5,0.1917808219178082,0.001599999959581,69
34,083fff5b-2200-e811-9414-f0921c16b9e5,0.19452054794520549,0.001300000003539,70
34,083fff5b-2200-e811-9414-f0921c16b9e5,0.19726027397260273,0.00109999999404,71
34,083fff5b-2200-e811-9414-f0921c16b9e5,0.2,0.001000000047497,72
34,083fff5b-2200-e811-9414-f0921c16b9e5,0.20273972602739726,0.001000000047497,73
34,083fff5b-2200-e811-9414-f0921c16b9e5,0.2054794520547945,0.00089999998454,74
34,083fff5b-2200-e811-9414-f0921c16b9e5,0.20821917808219179,0.0006000000284985,75
34,083fff5b-2200-e811-9414-f0921c16b9e5,0.21095890410958903,0.0003999999898952,76
34,083fff5b-2200-e811-9414-f0921c16b9e5,0.2136986301369863,0.0003999999898952,77
34,083fff5b-2200-e811-9414-f0921c16b9e5,0.21643835616438356,0.0003000000142492,78
34,083fff5b-2200-e811-9414-f0921c16b9e5,0.2191780821917808,0.0003000000142492,79
34,083fff5b-2200-e811-9414-f0921c16b9e5,0.2219178082191781,0.0001999999949476,80
34,083fff5b-2200-e811-9414-f0921c16b9e5,0.22465753424657534,9.999999747379e-05,81
34,083fff5b-2200-e811-9414-f0921c16b9e5,0.2273972602739726,9.999999747379e-05,82
34,083fff5b-2200-e811-9414-f0921c16b9e5,0.23013698630136986,9.999999747379e-05,83
34,083fff5b-2200-e811-9414-f0921c16b9e5,0.2328767123287671,9.999999747379e-05,84
34,083fff5b-2200-e811-9414-f0921c16b9e5,0.2356164383561644,9.999999747379e-05,85
34,083fff5b-2200-e811-9414-f0921c16b9e5,0.23835616438356164,9.999999747379e-05,86
34,083fff5b-2200-e811-9414-f0921c16b9e5,0.2410958904109589,9.999999747379e-05,87
34,083fff5b-2200-e811-9414-f0921c16b9e5,0.24383561643835616,0.0,88
34,083fff5b-2200-e811-9414-f0921c16b9e5,0.2465753424657534,0.0,89
35,073fff5b-2200-e811-9414-f0921c16b9e5,0.0027397260273972603,0.0,0
35,073fff5b-2200-e811-9414-f0921c16b9e5,0.005479452054794521,0.0006000000284985,1
35,073fff5b-2200-e811-9414-f0921c16b9e5,0.00821917808219178,0.00089999998454,2
35,073fff5b-2200-e811-9414-f0921c16b9e5,0.010958904109589041,0.002099999925122,3
35,073fff5b-2200-e811-9414-f0921c16b9e5,0.0136986301369863,0.005299999844283,4
35,073fff5b-2200-e811-9414-f0921c16b9e5,0.01643835616438356,0.0109999999404,5
35,073fff5b-2200-e811-9414-f0921c16b9e5,0.019178082191780823,0.02160000056028,6
35,073fff5b-2200-e811-9414-f0921c16b9e5,0.021917808219178082,0.04569999873638,7
35,073fff5b-2200-e811-9414-f0921c16b9e5,0.024657534246575342,0.09229999780655,8
35,073fff5b-2200-e811-9414-f0921c16b9e5,0.0273972602739726,0.1860000044107,9
35,073fff5b-2200-e811-9414-f0921c16b9e5,0.030136986301369864,0.3257000148296,10
35,073fff5b-2200-e811-9414-f0921c16b9e5,0.03287671232876712,0.4945999979973,11
35,073fff5b-2200-e811-9414-f0921c16b9e5,0.03561643835616438,0.6356999874115,12
35,073fff5b-2200-e811-9414-f0921c16b9e5,0.038356164383561646,0.6818000078201,13
35,073fff5b-2200-e811-9414-f0921c16b9e5,0.0410958904109589,0.6661999821663,14
35,073fff5b-2200-e811-9414-f0921c16b9e5,0.043835616438356165,0.6171000003815,15
35,073fff5b-2200-e811-9414-f0921c16b9e5,0.04657534246575343,0.5527999997139,16
35,073fff5b-2200-e811-9414-f0921c16b9e5,0.049315068493150684,0.4921999871731,17
35,073fff5b-2200-e811-9414-f0921c16b9e5,0.052054794520547946,0.4383000135422,18
35,073fff5b-2200-e811-9414-f0921c16b9e5,0.0547945205479452,0.3833999931812,19
35,073fff5b-2200-e811-9414-f0921c16b9e5,0.057534246575342465,0.3398999869823,20
35,073fff5b-2200-e811-9414-f0921c16b9e5,0.06027397260273973,0.3005999922752,21
35,073fff5b-2200-e811-9414-f0921c16b9e5,0.06301369863013699,0.2671999931335,22
35,073fff5b-2200-e811-9414-f0921c16b9e5,0.06575342465753424,0.2372999936342,23
35,073fff5b-2200-e811-9414-f0921c16b9e5,0.0684931506849315,0.2105000019073,24
35,073fff5b-2200-e811-9414-f0921c16b9e5,0.07123287671232877,0.1853999942541,25
35,073fff5b-2200-e811-9414-f0921c16b9e5,0.07397260273972603,0.1624999940395,26
35,073fff5b-2200-e811-9414-f0921c16b9e5,0.07671232876712329,0.1435000002384,27
35,073fff5b-2200-e811-9414-f0921c16b9e5,0.07945205479452055,0.1278000026941,28
35,073fff5b-2200-e811-9414-f0921c16b9e5,0.0821917808219178,0.1145000010729,29
35,073fff5b-2200-e811-9414-f0921c16b9e5,0.08493150684931507,0.1017000004649,30
35,073fff5b-2200-e811-9414-f0921c16b9e5,0.08767123287671233,0.08940000087023,31
35,073fff5b-2200-e811-9414-f0921c16b9e5,0.09041095890410959,0.07940000295639,32
35,073fff5b-2200-e811-9414-f0921c16b9e5,0.09315068493150686,0.07109999656677,33
35,073fff5b-2200-e811-9414-f0921c16b9e5,0.0958904109589041,0.06379999965429,34
35,073fff5b-2200-e811-9414-f0921c16b9e5,0.09863013698630137,0.05759999901056,35
35,073fff5b-2200-e811-9414-f0921c16b9e5,0.10136986301369863,0.05099999904633,36
35,073fff5b-2200-e811-9414-f0921c16b9e5,0.10410958904109589,0.04320000112057,37
35,073fff5b-2200-e811-9414-f0921c16b9e5,0.10684931506849316,0.0375999994576,38
35,073fff5b-2200-e811-9414-f0921c16b9e5,0.1095890410958904,0.03390000015497,39
35,073fff5b-2200-e811-9414-f0921c16b9e5,0.11232876712328767,0.02969999983907,40
35,073fff5b-2200-e811-9414-f0921c16b9e5,0.11506849315068493,0.02569999918342,41
35,073fff5b-2200-e811-9414-f0921c16b9e5,0.1178082191780822,0.0230000000447,42
35,073fff5b-2200-e811-9414-f0921c16b9e5,0.12054794520547946,0.02030000090599,43
35,073fff5b-2200-e811-9414-f0921c16b9e5,0.1232876712328767,0.01769999973476,44
35,073fff5b-2200-e811-9414-f0921c16b9e5,0.12602739726027398,0.01559999957681,45
35,073fff5b-2200-e811-9414-f0921c16b9e5,0.12876712328767123,0.01420000009239,46
35,073fff5b-2200-e811-9414-f0921c16b9e5,0.13150684931506848,0.01250000018626,47
35,073fff5b-2200-e811-9414-f0921c16b9e5,0.13424657534246576,0.01059999968857,48
35,073fff5b-2200-e811-9414-f0921c16b9e5,0.136986301369863,0.00899999961257,49
35,073fff5b-2200-e811-9414-f0921c16b9e5,0.13972602739726028,0.00829999987036,50
35,073fff5b-2200-e811-9414-f0921c16b9e5,0.14246575342465753,0.006699999794364,51
35,073fff5b-2200-e811-9414-f0921c16b9e5,0.14520547945205478,0.006000000052154,52
35,073fff5b-2200-e811-9414-f0921c16b9e5,0.14794520547945206,0.005299999844283,53
35,073fff5b-2200-e811-9414-f0921c16b9e5,0.1506849315068493,0.004999999888241,54
35,073fff5b-2200-e811-9414-f0921c16b9e5,0.15342465753424658,0.004199999850243,55
35,073fff5b-2200-e811-9414-f0921c16b9e5,0.15616438356164383,0.004100000020117,56
35,073fff5b-2200-e811-9414-f0921c16b9e5,0.1589041095890411,0.00359999993816,57
35,073fff5b-2200-e811-9414-f0921c16b9e5,0.16164383561643836,0.003199999919161,58
35,073fff5b-2200-e811-9414-f0921c16b9e5,0.1643835616438356,0.003000000026077,59
35,073fff5b-2200-e811-9414-f0921c16b9e5,0.16712328767123288,0.002499999944121,60
35,073fff5b-2200-e811-9414-f0921c16b9e5,0.16986301369863013,0.002300000051036,61
35,073fff5b-2200-e811-9414-f0921c16b9e5,0.1726027397260274,0.001900000032037,62
35,073fff5b-2200-e811-9414-f0921c16b9e5,0.17534246575342466,0.00179999996908,63
35,073fff5b-2200-e811-9414-f0921c16b9e5,0.1780821917808219,0.001500000013039,64
35,073fff5b-2200-e811-9414-f0921c16b9e5,0.18082191780821918,0.001200000056997,65
35,073fff5b-2200-e811-9414-f0921c16b9e5,0.18356164383561643,0.001200000056997,66
35,073fff5b-2200-e811-9414-f0921c16b9e5,0.1863013698630137,0.001000000047497,67
35,073fff5b-2200-e811-9414-f0921c16b9e5,0.18904109589041096,0.00089999998454,68
35,073fff5b-2200-e811-9414-f0921c16b9e5,0.1917808219178082,0.0007999999797903,69
35,073fff5b-2200-e811-9414-f0921c16b9e5,0.19452054794520549,0.0006999999750406,70
35,073fff5b-2200-e811-9414-f0921c16b9e5,0.19726027397260273,0.0006000000284985,71
35,073fff5b-2200-e811-9414-f0921c16b9e5,0.2,0.0006000000284985,72
35,073fff5b-2200-e811-9414-f0921c16b9e5,0.20273972602739726,0.0006000000284985,73
35,073fff5b-2200-e811-9414-f0921c16b9e5,0.2054794520547945,0.0005000000237487,74
35,073fff5b-2200-e811-9414-f0921c16b9e5,0.20821917808219179,0.0003999999898952,75
35,073fff5b-2200-e811-9414-f0921c16b9e5,0.21095890410958903,0.0003999999898952,76
35,073fff5b-2200-e811-9414-f0921c16b9e5,0.2136986301369863,0.0003999999898952,77
35,073fff5b-2200-e811-9414-f0921c16b9e5,0.21643835616438356,0.0003000000142492,78
35,073fff5b-2200-e811-9414-f0921c16b9e5,0.2191780821917808,0.0003000000142492,79
35,073fff5b-2200-e811-9414-f0921c16b9e5,0.2219178082191781,0.0003000000142492,80
35,073fff5b-2200-e811-9414-f0921c16b9e5,0.22465753424657534,0.0003000000142492,81
35,073fff5b-2200-e811-9414-f0921c16b9e5,0.2273972602739726,0.0001999999949476,82
35,073fff5b-2200-e811-9414-f0921c16b9e5,0.23013698630136986,0.0001999999949476,83
35,073fff5b-2200-e811-9414-f0921c16b9e5,0.2328767123287671,0.0001999999949476,84
35,073fff5b-2200-e811-9414-f0921c16b9e5,0.2356164383561644,0.0001999999949476,85
35,073fff5b-2200-e811-9414-f0921c16b9e5,0.23835616438356164,0.0001999999949476,86
35,073fff5b-2200-e811-9414-f0921c16b9e5,0.2410958904109589,0.0001999999949476,87
35,073fff5b-2200-e811-9414-f0921c16b9e5,0.24383561643835616,9.999999747379e-05,88
35,073fff5b-2200-e811-9414-f0921c16b9e5,0.2465753424657534,0.0,89
36,063fff5b-2200-e811-9414-f0921c16b9e5,0.0027397260273972603,0.0,0
36,063fff5b-2200-e811-9414-f0921c16b9e5,0.005479452054794521,0.0001999999949476,1
36,063fff5b-2200-e811-9414-f0921c16b9e5,0.00821917808219178,0.0006000000284985,2
36,063fff5b-2200-e811-9414-f0921c16b9e5,0.010958904109589041,0.0007999999797903,3
36,063fff5b-2200-e811-9414-f0921c16b9e5,0.0136986301369863,0.00089999998454,4
36,063fff5b-2200-e811-9414-f0921c16b9e5,0.01643835616438356,0.001300000003539,5
36,063fff5b-2200-e811-9414-f0921c16b9e5,0.019178082191780823,0.001900000032037,6
36,063fff5b-2200-e811-9414-f0921c16b9e5,0.021917808219178082,0.002700000070035,7
36,063fff5b-2200-e811-9414-f0921c16b9e5,0.024657534246575342,0.003400000045076,8
36,063fff5b-2200-e811-9414-f0921c16b9e5,0.0273972602739726,0.005700000096112,9
36,063fff5b-2200-e811-9414-f0921c16b9e5,0.030136986301369864,0.009999999776483,10
36,063fff5b-2200-e811-9414-f0921c16b9e5,0.03287671232876712,0.01460000034422,11
36,063fff5b-2200-e811-9414-f0921c16b9e5,0.03561643835616438,0.02539999969304,12
36,063fff5b-2200-e811-9414-f0921c16b9e5,0.038356164383561646,0.0430999994278,13
36,063fff5b-2200-e811-9414-f0921c16b9e5,0.0410958904109589,0.07249999791384,14
36,063fff5b-2200-e811-9414-f0921c16b9e5,0.043835616438356165,0.1168000027537,15
36,063fff5b-2200-e811-9414-f0921c16b9e5,0.04657534246575343,0.1785999983549,16
36,063fff5b-2200-e811-9414-f0921c16b9e5,0.049315068493150684,0.2588999867439,17
36,063fff5b-2200-e811-9414-f0921c16b9e5,0.052054794520547946,0.343699991703,18
36,063fff5b-2200-e811-9414-f0921c16b9e5,0.0547945205479452,0.4226000010967,19
36,063fff5b-2200-e811-9414-f0921c16b9e5,0.057534246575342465,0.473199993372,20
36,063fff5b-2200-e811-9414-f0921c16b9e5,0.06027397260273973,0.4866999983788,21
36,063fff5b-2200-e811-9414-f0921c16b9e5,0.06301369863013699,0.4711000025272,22
36,063fff5b-2200-e811-9414-f0921c16b9e5,0.06575342465753424,0.4323999881744,23
36,063fff5b-2200-e811-9414-f0921c16b9e5,0.0684931506849315,0.385899990797,24
36,063fff5b-2200-e811-9414-f0921c16b9e5,0.07123287671232877,0.33599999547,25
36,063fff5b-2200-e811-9414-f0921c16b9e5,0.07397260273972603,0.2881000041962,26
36,063fff5b-2200-e811-9414-f0921c16b9e5,0.07671232876712329,0.2470999956131,27
36,063fff5b-2200-e811-9414-f0921c16b9e5,0.07945205479452055,0.2058999985456,28
36,063fff5b-2200-e811-9414-f0921c16b9e5,0.0821917808219178,0.1729999929667,29
36,063fff5b-2200-e811-9414-f0921c16b9e5,0.08493150684931507,0.1435000002384,30
36,063fff5b-2200-e811-9414-f0921c16b9e5,0.08767123287671233,0.1213999986649,31
36,063fff5b-2200-e811-9414-f0921c16b9e5,0.09041095890410959,0.1018999963999,32
36,063fff5b-2200-e811-9414-f0921c16b9e5,0.09315068493150686,0.08850000053644,33
36,063fff5b-2200-e811-9414-f0921c16b9e5,0.0958904109589041,0.07299999892712,34
36,063fff5b-2200-e811-9414-f0921c16b9e5,0.09863013698630137,0.06310000270605,35
36,063fff5b-2200-e811-9414-f0921c16b9e5,0.10136986301369863,0.05290000140667,36
36,063fff5b-2200-e811-9414-f0921c16b9e5,0.10410958904109589,0.04529999941587,37
36,063fff5b-2200-e811-9414-f0921c16b9e5,0.10684931506849316,0.03700000047684,38
36,063fff5b-2200-e811-9414-f0921c16b9e5,0.1095890410958904,0.03070000000298,39
36,063fff5b-2200-e811-9414-f0921c16b9e5,0.11232876712328767,0.02600000053644,40
36,063fff5b-2200-e811-9414-f0921c16b9e5,0.11506849315068493,0.02280000038445,41
36,063fff5b-2200-e811-9414-f0921c16b9e5,0.1178082191780822,0.0187999997288,42
36,063fff5b-2200-e811-9414-f0921c16b9e5,0.12054794520547946,0.01549999974668,43
36,063fff5b-2200-e811-9414-f0921c16b9e5,0.1232876712328767,0.01300000026822,44
36,063fff5b-2200-e811-9414-f0921c16b9e5,0.12602739726027398,0.0109999999404,45
36,063fff5b-2200-e811-9414-f0921c16b9e5,0.12876712328767123,0.008799999952316,46
36,063fff5b-2200-e811-9414-f0921c16b9e5,0.13150684931506848,0.007499999832362,47
36,063fff5b-2200-e811-9414-f0921c16b9e5,0.13424657534246576,0.006399999838322,48
36,063fff5b-2200-e811-9414-f0921c16b9e5,0.136986301369863,0.005400000140071,49
36,063fff5b-2200-e811-9414-f0921c16b9e5,0.13972602739726028,0.004999999888241,50
36,063fff5b-2200-e811-9414-f0921c16b9e5,0.14246575342465753,0.004600000102073,51
36,063fff5b-2200-e811-9414-f0921c16b9e5,0.14520547945205478,0.003299999982119,52
36,063fff5b-2200-e811-9414-f0921c16b9e5,0.14794520547945206,0.003000000026077,53
36,063fff5b-2200-e811-9414-f0921c16b9e5,0.1506849315068493,0.002300000051036,54
36,063fff5b-2200-e811-9414-f0921c16b9e5,0.15342465753424658,0.001599999959581,55
36,063fff5b-2200-e811-9414-f0921c16b9e5,0.15616438356164383,0.001300000003539,56
36,063fff5b-2200-e811-9414-f0921c16b9e5,0.1589041095890411,0.001200000056997,57
36,063fff5b-2200-e811-9414-f0921c16b9e5,0.16164383561643836,0.00109999999404,58
36,063fff5b-2200-e811-9414-f0921c16b9e5,0.1643835616438356,0.00109999999404,59
36,063fff5b-2200-e811-9414-f0921c16b9e5,0.16712328767123288,0.00089999998454,60
36,063fff5b-2200-e811-9414-f0921c16b9e5,0.16986301369863013,0.0007999999797903,61
36,063fff5b-2200-e811-9414-f0921c16b9e5,0.1726027397260274,0.0005000000237487,62
36,063fff5b-2200-e811-9414-f0921c16b9e5,0.17534246575342466,0.0003999999898952,63
36,063fff5b-2200-e811-9414-f0921c16b9e5,0.1780821917808219,0.0003999999898952,64
36,063fff5b-2200-e811-9414-f0921c16b9e5,0.18082191780821918,0.0003000000142492,65
36,063fff5b-2200-e811-9414-f0921c16b9e5,0.18356164383561643,0.0003000000142492,66
36,063fff5b-2200-e811-9414-f0921c16b9e5,0.1863013698630137,0.0001999999949476,67
36,063fff5b-2200-e811-9414-f0921c16b9e5,0.18904109589041096,9.999999747379e-05,68
36,063fff5b-2200-e811-9414-f0921c16b9e5,0.1917808219178082,9.999999747379e-05,69
36,063fff5b-2200-e811-9414-f0921c16b9e5,0.19452054794520549,9.999999747379e-05,70
36,063fff5b-2200-e811-9414-f0921c16b9e5,0.19726027397260273,9.999999747379e-05,71
36,063fff5b-2200-e811-9414-f0921c16b9e5,0.2,9.999999747379e-05,72
36,063fff5b-2200-e811-9414-f0921c16b9e5,0.20273972602739726,9.999999747379e-05,73
36,063fff5b-2200-e811-9414-f0921c16b9e5,0.2054794520547945,9.999999747379e-05,74
36,063fff5b-2200-e811-9414-f0921c16b9e5,0.20821917808219179,9.999999747379e-05,75
36,063fff5b-2200-e811-9414-f0921c16b9e5,0.21095890410958903,9.999999747379e-05,76
36,063fff5b-2200-e811-9414-f0921c16b9e5,0.2136986301369863,9.999999747379e-05,77
36,063fff5b-2200-e811-9414-f0921c16b9e5,0.21643835616438356,9.999999747379e-05,78
36,063fff5b-2200-e811-9414-f0921c16b9e5,0.2191780821917808,9.999999747379e-05,79
36,063fff5b-2200-e811-9414-f0921c16b9e5,0.2219178082191781,9.999999747379e-05,80
36,063fff5b-2200-e811-9414-f0921c16b9e5,0.22465753424657534,9.999999747379e-05,81
36,063fff5b-2200-e811-9414-f0921c16b9e5,0.2273972602739726,9.999999747379e-05,82
36,063fff5b-2200-e811-9414-f0921c16b9e5,0.23013698630136986,9.999999747379e-05,83
36,063fff5b-2200-e811-9414-f0921c16b9e5,0.2328767123287671,0.0,84
36,063fff5b-2200-e811-9414-f0921c16b9e5,0.2356164383561644,0.0,85
36,063fff5b-2200-e811-9414-f0921c16b9e5,0.23835616438356164,0.0,86
36,063fff5b-2200-e811-9414-f0921c16b9e5,0.2410958904109589,0.0,87
36,063fff5b-2200-e811-9414-f0921c16b9e5,0.24383561643835616,0.0,88
36,063fff5b-2200-e811-9414-f0921c16b9e5,0.2465753424657534,0.0,89
37,053fff5b-2200-e811-9414-f0921c16b9e5,0.0027397260273972603,0.0,0
37,053fff5b-2200-e811-9414-f0921c16b9e5,0.005479452054794521,0.0006000000284985,1
37,053fff5b-2200-e811-9414-f0921c16b9e5,0.00821917808219178,0.0007999999797903,2
37,053fff5b-2200-e811-9414-f0921c16b9e5,0.010958904109589041,0.00089999998454,3
37,053fff5b-2200-e811-9414-f0921c16b9e5,0.0136986301369863,0.001300000003539,4
37,053fff5b-2200-e811-9414-f0921c16b9e5,0.01643835616438356,0.002499999944121,5
37,053fff5b-2200-e811-9414-f0921c16b9e5,0.019178082191780823,0.00289999996312,6
37,053fff5b-2200-e811-9414-f0921c16b9e5,0.021917808219178082,0.004600000102073,7
37,053fff5b-2200-e811-9414-f0921c16b9e5,0.024657534246575342,0.008200000040233,8
37,053fff5b-2200-e811-9414-f0921c16b9e5,0.0273972602739726,0.01310000009835,9
37,053fff5b-2200-e811-9414-f0921c16b9e5,0.030136986301369864,0.02140000090003,10
37,053fff5b-2200-e811-9414-f0921c16b9e5,0.03287671232876712,0.03319999948144,11
37,053fff5b-2200-e811-9414-f0921c16b9e5,0.03561643835616438,0.05200000107288,12
37,053fff5b-2200-e811-9414-f0921c16b9e5,0.038356164383561646,0.07649999856949,13
37,053fff5b-2200-e811-9414-f0921c16b9e5,0.0410958904109589,0.1120000034571,14
37,053fff5b-2200-e811-9414-f0921c16b9e5,0.043835616438356165,0.1662999987602,15
37,053fff5b-2200-e811-9414-f0921c16b9e5,0.04657534246575343,0.2301000058651,16
37,053fff5b-2200-e811-9414-f0921c16b9e5,0.049315068493150684,0.2946999967098,17
37,053fff5b-2200-e811-9414-f0921c16b9e5,0.052054794520547946,0.3499999940395,18
37,053fff5b-2200-e811-9414-f0921c16b9e5,0.0547945205479452,0.3813999891281,19
37,053fff5b-2200-e811-9414-f0921c16b9e5,0.057534246575342465,0.3862000107765,20
37,053fff5b-2200-e811-9414-f0921c16b9e5,0.06027397260273973,0.3702999949455,21
37,053fff5b-2200-e811-9414-f0921c16b9e5,0.06301369863013699,0.3314999938011,22
37,053fff5b-2200-e811-9414-f0921c16b9e5,0.06575342465753424,0.2894999980927,23
37,053fff5b-2200-e811-9414-f0921c16b9e5,0.0684931506849315,0.2504000067711,24
37,053fff5b-2200-e811-9414-f0921c16b9e5,0.07123287671232877,0.21099999547,25
37,053fff5b-2200-e811-9414-f0921c16b9e5,0.07397260273972603,0.1768999993801,26
37,053fff5b-2200-e811-9414-f0921c16b9e5,0.07671232876712329,0.1474000066519,27
37,053fff5b-2200-e811-9414-f0921c16b9e5,0.07945205479452055,0.1221999973059,28
37,053fff5b-2200-e811-9414-f0921c16b9e5,0.0821917808219178,0.09880000352859,29
37,053fff5b-2200-e811-9414-f0921c16b9e5,0.08493150684931507,0.08049999922514,30
37,053fff5b-2200-e811-9414-f0921c16b9e5,0.08767123287671233,0.06459999829531,31
37,053fff5b-2200-e811-9414-f0921c16b9e5,0.09041095890410959,0.05299999937415,32
37,053fff5b-2200-e811-9414-f0921c16b9e5,0.09315068493150686,0.04410000145435,33
37,053fff5b-2200-e811-9414-f0921c16b9e5,0.0958904109589041,0.03480000048876,34
37,053fff5b-2200-e811-9414-f0921c16b9e5,0.09863013698630137,0.0285000000149,35
37,053fff5b-2200-e811-9414-f0921c16b9e5,0.10136986301369863,0.02280000038445,36
37,053fff5b-2200-e811-9414-f0921c16b9e5,0.10410958904109589,0.01779999956489,37
37,053fff5b-2200-e811-9414-f0921c16b9e5,0.10684931506849316,0.01420000009239,38
37,053fff5b-2200-e811-9414-f0921c16b9e5,0.1095890410958904,0.01119999960065,39
37,053fff5b-2200-e811-9414-f0921c16b9e5,0.11232876712328767,0.009399999864399,40
37,053fff5b-2200-e811-9414-f0921c16b9e5,0.11506849315068493,0.007799999788404,41
37,053fff5b-2200-e811-9414-f0921c16b9e5,0.1178082191780822,0.006200000178069,42
37,053fff5b-2200-e811-9414-f0921c16b9e5,0.12054794520547946,0.004499999806285,43
37,053fff5b-2200-e811-9414-f0921c16b9e5,0.1232876712328767,0.00359999993816,44
37,053fff5b-2200-e811-9414-f0921c16b9e5,0.12602739726027398,0.00289999996312,45
37,053fff5b-2200-e811-9414-f0921c16b9e5,0.12876712328767123,0.002300000051036,46
37,053fff5b-2200-e811-9414-f0921c16b9e5,0.13150684931506848,0.001900000032037,47
37,053fff5b-2200-e811-9414-f0921c16b9e5,0.13424657534246576,0.001599999959581,48
37,053fff5b-2200-e811-9414-f0921c16b9e5,0.136986301369863,0.001500000013039,49
37,053fff5b-2200-e811-9414-f0921c16b9e5,0.13972602739726028,0.001200000056997,50
37,053fff5b-2200-e811-9414-f0921c16b9e5,0.14246575342465753,0.00089999998454,51
37,053fff5b-2200-e811-9414-f0921c16b9e5,0.14520547945205478,0.0006000000284985,52
37,053fff5b-2200-e811-9414-f0921c16b9e5,0.14794520547945206,0.0006000000284985,53
37,053fff5b-2200-e811-9414-f0921c16b9e5,0.1506849315068493,0.0006000000284985,54
37,053fff5b-2200-e811-9414-f0921c16b9e5,0.15342465753424658,0.0006000000284985,55
37,053fff5b-2200-e811-9414-f0921c16b9e5,0.15616438356164383,0.0003999999898952,56
37,053fff5b-2200-e811-9414-f0921c16b9e5,0.1589041095890411,0.0003000000142492,57
37,053fff5b-2200-e811-9414-f0921c16b9e5,0.16164383561643836,0.0001999999949476,58
37,053fff5b-2200-e811-9414-f0921c16b9e5,0.1643835616438356,9.999999747379e-05,59
37,053fff5b-2200-e811-9414-f0921c16b9e5,0.16712328767123288,9.999999747379e-05,60
37,053fff5b-2200-e811-9414-f0921c16b9e5,0.16986301369863013,9.999999747379e-05,61
37,053fff5b-2200-e811-9414-f0921c16b9e5,0.1726027397260274,9.999999747379e-05,62
37,053fff5b-2200-e811-9414-f0921c16b9e5,0.17534246575342466,9.999999747379e-05,63
37,053fff5b-2200-e811-9414-f0921c16b9e5,0.1780821917808219,9.999999747379e-05,64
37,053fff5b-2200-e811-9414-f0921c16b9e5,0.18082191780821918,9.999999747379e-05,65
37,053fff5b-2200-e811-9414-f0921c16b9e5,0.18356164383561643,0.0,66
37,053fff5b-2200-e811-9414-f0921c16b9e5,0.1863013698630137,0.0,67
37,053fff5b-2200-e811-9414-f0921c16b9e5,0.18904109589041096,0.0,68
37,053fff5b-2200-e811-9414-f0921c16b9e5,0.1917808219178082,0.0,69
37,053fff5b-2200-e811-9414-f0921c16b9e5,0.19452054794520549,0.0,70
37,053fff5b-2200-e811-9414-f0921c16b9e5,0.19726027397260273,0.0,71
37,053fff5b-2200-e811-9414-f0921c16b9e5,0.2,0.0,72
37,053fff5b-2200-e811-9414-f0921c16b9e5,0.20273972602739726,0.0,73
37,053fff5b-2200-e811-9414-f0921c16b9e5,0.2054794520547945,0.0,74
37,053fff5b-2200-e811-9414-f0921c16b9e5,0.20821917808219179,0.0,75
37,053fff5b-2200-e811-9414-f0921c16b9e5,0.21095890410958903,0.0,76
37,053fff5b-2200-e811-9414-f0921c16b9e5,0.2136986301369863,0.0,77
37,053fff5b-2200-e811-9414-f0921c16b9e5,0.21643835616438356,0.0,78
37,053fff5b-2200-e811-9414-f0921c16b9e5,0.2191780821917808,0.0,79
37,053fff5b-2200-e811-9414-f0921c16b9e5,0.2219178082191781,0.0,80
37,053fff5b-2200-e811-9414-f0921c16b9e5,0.22465753424657534,0.0,81
37,053fff5b-2200-e811-9414-f0921c16b9e5,0.2273972602739726,0.0,82
37,053fff5b-2200-e811-9414-f0921c16b9e5,0.23013698630136986,0.0,83
37,053fff5b-2200-e811-9414-f0921c16b9e5,0.2328767123287671,0.0,84
37,053fff5b-2200-e811-9414-f0921c16b9e5,0.2356164383561644,0.0,85
37,053fff5b-2200-e811-9414-f0921c16b9e5,0.23835616438356164,0.0,86
37,053fff5b-2200-e811-9414-f0921c16b9e5,0.2410958904109589,0.0,87
37,053fff5b-2200-e811-9414-f0921c16b9e5,0.24383561643835616,0.0,88
37,053fff5b-2200-e811-9414-f0921c16b9e5,0.2465753424657534,0.0,89
38,043fff5b-2200-e811-9414-f0921c16b9e5,0.0027397260273972603,0.0,0
38,043fff5b-2200-e811-9414-f0921c16b9e5,0.005479452054794521,0.0003999999898952,1
38,043fff5b-2200-e811-9414-f0921c16b9e5,0.00821917808219178,0.0006999999750406,2
38,043fff5b-2200-e811-9414-f0921c16b9e5,0.010958904109589041,0.001200000056997,3
38,043fff5b-2200-e811-9414-f0921c16b9e5,0.0136986301369863,0.002300000051036,4
38,043fff5b-2200-e811-9414-f0921c16b9e5,0.01643835616438356,0.004600000102073,5
38,043fff5b-2200-e811-9414-f0921c16b9e5,0.019178082191780823,0.006699999794364,6
38,043fff5b-2200-e811-9414-f0921c16b9e5,0.021917808219178082,0.01169999968261,7
38,043fff5b-2200-e811-9414-f0921c16b9e5,0.024657534246575342,0.02119999937713,8
38,043fff5b-2200-e811-9414-f0921c16b9e5,0.0273972602739726,0.03779999911785,9
38,043fff5b-2200-e811-9414-f0921c16b9e5,0.030136986301369864,0.0671000033617,10
38,043fff5b-2200-e811-9414-f0921c16b9e5,0.03287671232876712,0.112199999392,11
38,043fff5b-2200-e811-9414-f0921c16b9e5,0.03561643835616438,0.1875,12
38,043fff5b-2200-e811-9414-f0921c16b9e5,0.038356164383561646,0.2903000116348,13
38,043fff5b-2200-e811-9414-f0921c16b9e5,0.0410958904109589,0.4149999916553,14
38,043fff5b-2200-e811-9414-f0921c16b9e5,0.043835616438356165,0.5296999812126,15
38,043fff5b-2200-e811-9414-f0921c16b9e5,0.04657534246575343,0.6046000123024,16
38,043fff5b-2200-e811-9414-f0921c16b9e5,0.049315068493150684,0.6202999949455,17
38,043fff5b-2200-e811-9414-f0921c16b9e5,0.052054794520547946,0.5989000201225,18
38,043fff5b-2200-e811-9414-f0921c16b9e5,0.0547945205479452,0.5569000244141,19
38,043fff5b-2200-e811-9414-f0921c16b9e5,0.057534246575342465,0.5055000185966,20
38,043fff5b-2200-e811-9414-f0921c16b9e5,0.06027397260273973,0.4535000026226,21
38,043fff5b-2200-e811-9414-f0921c16b9e5,0.06301369863013699,0.4018999934196,22
38,043fff5b-2200-e811-9414-f0921c16b9e5,0.06575342465753424,0.3583999872208,23
38,043fff5b-2200-e811-9414-f0921c16b9e5,0.0684931506849315,0.3192999958992,24
38,043fff5b-2200-e811-9414-f0921c16b9e5,0.07123287671232877,0.2827999889851,25
38,043fff5b-2200-e811-9414-f0921c16b9e5,0.07397260273972603,0.2509000003338,26
38,043fff5b-2200-e811-9414-f0921c16b9e5,0.07671232876712329,0.2241999953985,27
38,043fff5b-2200-e811-9414-f0921c16b9e5,0.07945205479452055,0.1990000009537,28
38,043fff5b-2200-e811-9414-f0921c16b9e5,0.0821917808219178,0.1773000061512,29
38,043fff5b-2200-e811-9414-f0921c16b9e5,0.08493150684931507,0.1564999967813,30
38,043fff5b-2200-e811-9414-f0921c16b9e5,0.08767123287671233,0.137600004673,31
38,043fff5b-2200-e811-9414-f0921c16b9e5,0.09041095890410959,0.1221000030637,32
38,043fff5b-2200-e811-9414-f0921c16b9e5,0.09315068493150686,0.1064999997616,33
38,043fff5b-2200-e811-9414-f0921c16b9e5,0.0958904109589041,0.09350000321865,34
38,043fff5b-2200-e811-9414-f0921c16b9e5,0.09863013698630137,0.08240000158548,35
38,043fff5b-2200-e811-9414-f0921c16b9e5,0.10136986301369863,0.07370000332594,36
38,043fff5b-2200-e811-9414-f0921c16b9e5,0.10410958904109589,0.06700000166893,37
38,043fff5b-2200-e811-9414-f0921c16b9e5,0.10684931506849316,0.05860000103712,38
38,043fff5b-2200-e811-9414-f0921c16b9e5,0.1095890410958904,0.05260000005364,39
38,043fff5b-2200-e811-9414-f0921c16b9e5,0.11232876712328767,0.04580000042915,40
38,043fff5b-2200-e811-9414-f0921c16b9e5,0.11506849315068493,0.04019999876618,41
38,043fff5b-2200-e811-9414-f0921c16b9e5,0.1178082191780822,0.0346000008285,42
38,043fff5b-2200-e811-9414-f0921c16b9e5,0.12054794520547946,0.03050000034273,43
38,043fff5b-2200-e811-9414-f0921c16b9e5,0.1232876712328767,0.02710000053048,44
38,043fff5b-2200-e811-9414-f0921c16b9e5,0.12602739726027398,0.02370000071824,45
38,043fff5b-2200-e811-9414-f0921c16b9e5,0.12876712328767123,0.02089999988675,46
38,043fff5b-2200-e811-9414-f0921c16b9e5,0.13150684931506848,0.01869999989867,47
38,043fff5b-2200-e811-9414-f0921c16b9e5,0.13424657534246576,0.01600000075996,48
38,043fff5b-2200-e811-9414-f0921c16b9e5,0.136986301369863,0.01429999992251,49
38,043fff5b-2200-e811-9414-f0921c16b9e5,0.13972602739726028,0.01300000026822,50
38,043fff5b-2200-e811-9414-f0921c16b9e5,0.14246575342465753,0.01169999968261,51
38,043fff5b-2200-e811-9414-f0921c16b9e5,0.14520547945205478,0.01070000045002,52
38,043fff5b-2200-e811-9414-f0921c16b9e5,0.14794520547945206,0.009800000116229,53
38,043fff5b-2200-e811-9414-f0921c16b9e5,0.1506849315068493,0.00870000012219,54
38,043fff5b-2200-e811-9414-f0921c16b9e5,0.15342465753424658,0.00800000037998,55
38,043fff5b-2200-e811-9414-f0921c16b9e5,0.15616438356164383,0.007100000046194,56
38,043fff5b-2200-e811-9414-f0921c16b9e5,0.1589041095890411,0.006399999838322,57
38,043fff5b-2200-e811-9414-f0921c16b9e5,0.16164383561643836,0.006300000008196,58
38,043fff5b-2200-e811-9414-f0921c16b9e5,0.1643835616438356,0.005599999800324,59
38,043fff5b-2200-e811-9414-f0921c16b9e5,0.16712328767123288,0.005100000184029,60
38,043fff5b-2200-e811-9414-f0921c16b9e5,0.16986301369863013,0.004300000146031,61
38,043fff5b-2200-e811-9414-f0921c16b9e5,0.1726027397260274,0.00400000018999,62
38,043fff5b-2200-e811-9414-f0921c16b9e5,0.17534246575342466,0.003800000064075,63
38,043fff5b-2200-e811-9414-f0921c16b9e5,0.1780821917808219,0.003700000001118,64
38,043fff5b-2200-e811-9414-f0921c16b9e5,0.18082191780821918,0.00359999993816,65
38,043fff5b-2200-e811-9414-f0921c16b9e5,0.18356164383561643,0.003500000108033,66
38,043fff5b-2200-e811-9414-f0921c16b9e5,0.1863013698630137,0.003000000026077,67
38,043fff5b-2200-e811-9414-f0921c16b9e5,0.18904109589041096,0.002499999944121,68
38,043fff5b-2200-e811-9414-f0921c16b9e5,0.1917808219178082,0.002000000094995,69
38,043fff5b-2200-e811-9414-f0921c16b9e5,0.19452054794520549,0.002000000094995,70
38,043fff5b-2200-e811-9414-f0921c16b9e5,0.19726027397260273,0.00179999996908,71
38,043fff5b-2200-e811-9414-f0921c16b9e5,0.2,0.001399999950081,72
38,043fff5b-2200-e811-9414-f0921c16b9e5,0.20273972602739726,0.00109999999404,73
38,043fff5b-2200-e811-9414-f0921c16b9e5,0.2054794520547945,0.00089999998454,74
38,043fff5b-2200-e811-9414-f0921c16b9e5,0.20821917808219179,0.0006999999750406,75
38,043fff5b-2200-e811-9414-f0921c16b9e5,0.21095890410958903,0.0005000000237487,76
38,043fff5b-2200-e811-9414-f0921c16b9e5,0.2136986301369863,0.0005000000237487,77
38,043fff5b-2200-e811-9414-f0921c16b9e5,0.21643835616438356,0.0005000000237487,78
38,043fff5b-2200-e811-9414-f0921c16b9e5,0.2191780821917808,0.0003000000142492,79
38,043fff5b-2200-e811-9414-f0921c16b9e5,0.2219178082191781,0.0003000000142492,80
38,043fff5b-2200-e811-9414-f0921c16b9e5,0.22465753424657534,0.0003000000142492,81
38,043fff5b-2200-e811-9414-f0921c16b9e5,0.2273972602739726,0.0003000000142492,82
38,043fff5b-2200-e811-9414-f0921c16b9e5,0.23013698630136986,0.0003000000142492,83
38,043fff5b-2200-e811-9414-f0921c16b9e5,0.2328767123287671,0.0003000000142492,84
38,043fff5b-2200-e811-9414-f0921c16b9e5,0.2356164383561644,0.0003000000142492,85
38,043fff5b-2200-e811-9414-f0921c16b9e5,0.23835616438356164,0.0001999999949476,86
38,043fff5b-2200-e811-9414-f0921c16b9e5,0.2410958904109589,0.0001999999949476,87
38,043fff5b-2200-e811-9414-f0921c16b9e5,0.24383561643835616,0.0001999999949476,88
38,043fff5b-2200-e811-9414-f0921c16b9e5,0.2465753424657534,9.999999747379e-05,89
39,033fff5b-2200-e811-9414-f0921c16b9e5,0.0027397260273972603,0.0,0
39,033fff5b-2200-e811-9414-f0921c16b9e5,0.005479452054794521,0.0005000000237487,1
39,033fff5b-2200-e811-9414-f0921c16b9e5,0.00821917808219178,0.0006999999750406,2
39,033fff5b-2200-e811-9414-f0921c16b9e5,0.010958904109589041,0.001200000056997,3
39,033fff5b-2200-e811-9414-f0921c16b9e5,0.0136986301369863,0.00179999996908,4
39,033fff5b-2200-e811-9414-f0921c16b9e5,0.01643835616438356,0.003700000001118,5
39,033fff5b-2200-e811-9414-f0921c16b9e5,0.019178082191780823,0.005700000096112,6
39,033fff5b-2200-e811-9414-f0921c16b9e5,0.021917808219178082,0.009499999694526,7
39,033fff5b-2200-e811-9414-f0921c16b9e5,0.024657534246575342,0.01319999992847,8
39,033fff5b-2200-e811-9414-f0921c16b9e5,0.0273972602739726,0.01920000091195,9
39,033fff5b-2200-e811-9414-f0921c16b9e5,0.030136986301369864,0.02920000068843,10
39,033fff5b-2200-e811-9414-f0921c16b9e5,0.03287671232876712,0.04670000076294,11
39,033fff5b-2200-e811-9414-f0921c16b9e5,0.03561643835616438,0.06780000030994,12
39,033fff5b-2200-e811-9414-f0921c16b9e5,0.038356164383561646,0.1019999980927,13
39,033fff5b-2200-e811-9414-f0921c16b9e5,0.0410958904109589,0.1463000029325,14
39,033fff5b-2200-e811-9414-f0921c16b9e5,0.043835616438356165,0.2028000056744,15
39,033fff5b-2200-e811-9414-f0921c16b9e5,0.04657534246575343,0.2655999958515,16
39,033fff5b-2200-e811-9414-f0921c16b9e5,0.049315068493150684,0.3343000113964,17
39,033fff5b-2200-e811-9414-f0921c16b9e5,0.052054794520547946,0.3871999979019,18
39,033fff5b-2200-e811-9414-f0921c16b9e5,0.0547945205479452,0.4271000027657,19
39,033fff5b-2200-e811-9414-f0921c16b9e5,0.057534246575342465,0.4384999871254,20
39,033fff5b-2200-e811-9414-f0921c16b9e5,0.06027397260273973,0.4307999908924,21
39,033fff5b-2200-e811-9414-f0921c16b9e5,0.06301369863013699,0.406199991703,22
39,033fff5b-2200-e811-9414-f0921c16b9e5,0.06575342465753424,0.3698999881744,23
39,033fff5b-2200-e811-9414-f0921c16b9e5,0.0684931506849315,0.3287999927998,24
39,033fff5b-2200-e811-9414-f0921c16b9e5,0.07123287671232877,0.2906999886036,25
39,033fff5b-2200-e811-9414-f0921c16b9e5,0.07397260273972603,0.2493000030518,26
39,033fff5b-2200-e811-9414-f0921c16b9e5,0.07671232876712329,0.2181999981403,27
39,033fff5b-2200-e811-9414-f0921c16b9e5,0.07945205479452055,0.1862999945879,28
39,033fff5b-2200-e811-9414-f0921c16b9e5,0.0821917808219178,0.1606000065804,29
39,033fff5b-2200-e811-9414-f0921c16b9e5,0.08493150684931507,0.1360999941826,30
39,033fff5b-2200-e811-9414-f0921c16b9e5,0.08767123287671233,0.1159000024199,31
39,033fff5b-2200-e811-9414-f0921c16b9e5,0.09041095890410959,0.09780000150204,32
39,033fff5b-2200-e811-9414-f0921c16b9e5,0.09315068493150686,0.08060000091791,33
39,033fff5b-2200-e811-9414-f0921c16b9e5,0.0958904109589041,0.06719999760389,34
39,033fff5b-2200-e811-9414-f0921c16b9e5,0.09863013698630137,0.05759999901056,35
39,033fff5b-2200-e811-9414-f0921c16b9e5,0.10136986301369863,0.04800000041723,36
39,033fff5b-2200-e811-9414-f0921c16b9e5,0.10410958904109589,0.04109999909997,37
39,033fff5b-2200-e811-9414-f0921c16b9e5,0.10684931506849316,0.03510000184178,38
39,033fff5b-2200-e811-9414-f0921c16b9e5,0.1095890410958904,0.02960000000894,39
39,033fff5b-2200-e811-9414-f0921c16b9e5,0.11232876712328767,0.0249000005424,40
39,033fff5b-2200-e811-9414-f0921c16b9e5,0.11506849315068493,0.02030000090599,41
39,033fff5b-2200-e811-9414-f0921c16b9e5,0.1178082191780822,0.01730000041425,42
39,033fff5b-2200-e811-9414-f0921c16b9e5,0.12054794520547946,0.01400000043213,43
39,033fff5b-2200-e811-9414-f0921c16b9e5,0.1232876712328767,0.01159999985248,44
39,033fff5b-2200-e811-9414-f0921c16b9e5,0.12602739726027398,0.01009999960661,45
39,033fff5b-2200-e811-9414-f0921c16b9e5,0.12876712328767123,0.008600000292063,46
39,033fff5b-2200-e811-9414-f0921c16b9e5,0.13150684931506848,0.007400000002235,47
39,033fff5b-2200-e811-9414-f0921c16b9e5,0.13424657534246576,0.005799999926239,48
39,033fff5b-2200-e811-9414-f0921c16b9e5,0.136986301369863,0.004199999850243,49
39,033fff5b-2200-e811-9414-f0921c16b9e5,0.13972602739726028,0.003800000064075,50
39,033fff5b-2200-e811-9414-f0921c16b9e5,0.14246575342465753,0.003199999919161,51
39,033fff5b-2200-e811-9414-f0921c16b9e5,0.14520547945205478,0.002700000070035,52
39,033fff5b-2200-e811-9414-f0921c16b9e5,0.14794520547945206,0.002400000113994,53
39,033fff5b-2200-e811-9414-f0921c16b9e5,0.1506849315068493,0.001900000032037,54
39,033fff5b-2200-e811-9414-f0921c16b9e5,0.15342465753424658,0.001500000013039,55
39,033fff5b-2200-e811-9414-f0921c16b9e5,0.15616438356164383,0.001300000003539,56
39,033fff5b-2200-e811-9414-f0921c16b9e5,0.1589041095890411,0.001000000047497,57
39,033fff5b-2200-e811-9414-f0921c16b9e5,0.16164383561643836,0.0007999999797903,58
39,033fff5b-2200-e811-9414-f0921c16b9e5,0.1643835616438356,0.0006000000284985,59
39,033fff5b-2200-e811-9414-f0921c16b9e5,0.16712328767123288,0.0005000000237487,60
39,033fff5b-2200-e811-9414-f0921c16b9e5,0.16986301369863013,0.0003000000142492,61
39,033fff5b-2200-e811-9414-f0921c16b9e5,0.1726027397260274,0.0003000000142492,62
39,033fff5b-2200-e811-9414-f0921c16b9e5,0.17534246575342466,0.0001999999949476,63
39,033fff5b-2200-e811-9414-f0921c16b9e5,0.1780821917808219,0.0001999999949476,64
39,033fff5b-2200-e811-9414-f0921c16b9e5,0.18082191780821918,0.0001999999949476,65
39,033fff5b-2200-e811-9414-f0921c16b9e5,0.18356164383561643,9.999999747379e-05,66
39,033fff5b-2200-e811-9414-f0921c16b9e5,0.1863013698630137,0.0,67
39,033fff5b-2200-e811-9414-f0921c16b9e5,0.18904109589041096,0.0,68
39,033fff5b-2200-e811-9414-f0921c16b9e5,0.1917808219178082,0.0,69
39,033fff5b-2200-e811-9414-f0921c16b9e5,0.19452054794520549,0.0,70
39,033fff5b-2200-e811-9414-f0921c16b9e5,0.19726027397260273,0.0,71
39,033fff5b-2200-e811-9414-f0921c16b9e5,0.2,0.0,72
39,033fff5b-2200-e811-9414-f0921c16b9e5,0.20273972602739726,0.0,73
39,033fff5b-2200-e811-9414-f0921c16b9e5,0.2054794520547945,0.0,74
39,033fff5b-2200-e811-9414-f0921c16b9e5,0.20821917808219179,0.0,75
39,033fff5b-2200-e811-9414-f0921c16b9e5,0.21095890410958903,0.0,76
39,033fff5b-2200-e811-9414-f0921c16b9e5,0.2136986301369863,0.0,77
39,033fff5b-2200-e811-9414-f0921c16b9e5,0.21643835616438356,0.0,78
39,033fff5b-2200-e811-9414-f0921c16b9e5,0.2191780821917808,0.0,79
39,033fff5b-2200-e811-9414-f0921c16b9e5,0.2219178082191781,0.0,80
39,033fff5b-2200-e811-9414-f0921c16b9e5,0.22465753424657534,0.0,81
39,033fff5b-2200-e811-9414-f0921c16b9e5,0.2273972602739726,0.0,82
39,033fff5b-2200-e811-9414-f0921c16b9e5,0.23013698630136986,0.0,83
39,033fff5b-2200-e811-9414-f0921c16b9e5,0.2328767123287671,0.0,84
39,033fff5b-2200-e811-9414-f0921c16b9e5,0.2356164383561644,0.0,85
39,033fff5b-2200-e811-9414-f0921c16b9e5,0.23835616438356164,0.0,86
39,033fff5b-2200-e811-9414-f0921c16b9e5,0.2410958904109589,0.0,87
39,033fff5b-2200-e811-9414-f0921c16b9e5,0.24383561643835616,0.0,88
39,033fff5b-2200-e811-9414-f0921c16b9e5,0.2465753424657534,0.0,89
40,023fff5b-2200-e811-9414-f0921c16b9e5,0.0027397260273972603,0.0,0
40,023fff5b-2200-e811-9414-f0921c16b9e5,0.005479452054794521,0.0006999999750406,1
40,023fff5b-2200-e811-9414-f0921c16b9e5,0.00821917808219178,0.001399999950081,2
40,023fff5b-2200-e811-9414-f0921c16b9e5,0.010958904109589041,0.002300000051036,3
40,023fff5b-2200-e811-9414-f0921c16b9e5,0.0136986301369863,0.00289999996312,4
40,023fff5b-2200-e811-9414-f0921c16b9e5,0.01643835616438356,0.005900000222027,5
40,023fff5b-2200-e811-9414-f0921c16b9e5,0.019178082191780823,0.00899999961257,6
40,023fff5b-2200-e811-9414-f0921c16b9e5,0.021917808219178082,0.01400000043213,7
40,023fff5b-2200-e811-9414-f0921c16b9e5,0.024657534246575342,0.02050000056624,8
40,023fff5b-2200-e811-9414-f0921c16b9e5,0.0273972602739726,0.02999999932945,9
40,023fff5b-2200-e811-9414-f0921c16b9e5,0.030136986301369864,0.04380000010133,10
40,023fff5b-2200-e811-9414-f0921c16b9e5,0.03287671232876712,0.06570000201464,11
40,023fff5b-2200-e811-9414-f0921c16b9e5,0.03561643835616438,0.1018999963999,12
40,023fff5b-2200-e811-9414-f0921c16b9e5,0.038356164383561646,0.1508000046015,13
40,023fff5b-2200-e811-9414-f0921c16b9e5,0.0410958904109589,0.2134000062943,14
40,023fff5b-2200-e811-9414-f0921c16b9e5,0.043835616438356165,0.2784000039101,15
40,023fff5b-2200-e811-9414-f0921c16b9e5,0.04657534246575343,0.3447000086308,16
40,023fff5b-2200-e811-9414-f0921c16b9e5,0.049315068493150684,0.3944000005722,17
40,023fff5b-2200-e811-9414-f0921c16b9e5,0.052054794520547946,0.4149999916553,18
40,023fff5b-2200-e811-9414-f0921c16b9e5,0.0547945205479452,0.415499985218,19
40,023fff5b-2200-e811-9414-f0921c16b9e5,0.057534246575342465,0.3928000032902,20
40,023fff5b-2200-e811-9414-f0921c16b9e5,0.06027397260273973,0.3587000072002,21
40,023fff5b-2200-e811-9414-f0921c16b9e5,0.06301369863013699,0.3212999999523,22
40,023fff5b-2200-e811-9414-f0921c16b9e5,0.06575342465753424,0.2761000096798,23
40,023fff5b-2200-e811-9414-f0921c16b9e5,0.0684931506849315,0.238999992609,24
40,023fff5b-2200-e811-9414-f0921c16b9e5,0.07123287671232877,0.2045000046492,25
40,023fff5b-2200-e811-9414-f0921c16b9e5,0.07397260273972603,0.1787000000477,26
40,023fff5b-2200-e811-9414-f0921c16b9e5,0.07671232876712329,0.1516000032425,27
40,023fff5b-2200-e811-9414-f0921c16b9e5,0.07945205479452055,0.1263999938965,28
40,023fff5b-2200-e811-9414-f0921c16b9e5,0.0821917808219178,0.103900000453,29
40,023fff5b-2200-e811-9414-f0921c16b9e5,0.08493150684931507,0.08749999850988,30
40,023fff5b-2200-e811-9414-f0921c16b9e5,0.08767123287671233,0.07479999959469,31
40,023fff5b-2200-e811-9414-f0921c16b9e5,0.09041095890410959,0.06100000068545,32
40,023fff5b-2200-e811-9414-f0921c16b9e5,0.09315068493150686,0.04930000007153,33
40,023fff5b-2200-e811-9414-f0921c16b9e5,0.0958904109589041,0.04050000011921,34
40,023fff5b-2200-e811-9414-f0921c16b9e5,0.09863013698630137,0.03390000015497,35
40,023fff5b-2200-e811-9414-f0921c16b9e5,0.10136986301369863,0.02830000035465,36
40,023fff5b-2200-e811-9414-f0921c16b9e5,0.10410958904109589,0.02329999953508,37
40,023fff5b-2200-e811-9414-f0921c16b9e5,0.10684931506849316,0.01960000023246,38
40,023fff5b-2200-e811-9414-f0921c16b9e5,0.1095890410958904,0.01590000092983,39
40,023fff5b-2200-e811-9414-f0921c16b9e5,0.11232876712328767,0.01250000018626,40
40,023fff5b-2200-e811-9414-f0921c16b9e5,0.11506849315068493,0.01049999985844,41
40,023fff5b-2200-e811-9414-f0921c16b9e5,0.1178082191780822,0.00899999961257,42
40,023fff5b-2200-e811-9414-f0921c16b9e5,0.12054794520547946,0.007300000172108,43
40,023fff5b-2200-e811-9414-f0921c16b9e5,0.1232876712328767,0.006200000178069,44
40,023fff5b-2200-e811-9414-f0921c16b9e5,0.12602739726027398,0.005799999926239,45
40,023fff5b-2200-e811-9414-f0921c16b9e5,0.12876712328767123,0.00400000018999,46
40,023fff5b-2200-e811-9414-f0921c16b9e5,0.13150684931506848,0.003199999919161,47
40,023fff5b-2200-e811-9414-f0921c16b9e5,0.13424657534246576,0.003100000089034,48
40,023fff5b-2200-e811-9414-f0921c16b9e5,0.136986301369863,0.002600000007078,49
40,023fff5b-2200-e811-9414-f0921c16b9e5,0.13972602739726028,0.00179999996908,50
40,023fff5b-2200-e811-9414-f0921c16b9e5,0.14246575342465753,0.001300000003539,51
40,023fff5b-2200-e811-9414-f0921c16b9e5,0.14520547945205478,0.001000000047497,52
40,023fff5b-2200-e811-9414-f0921c16b9e5,0.14794520547945206,0.00089999998454,53
40,023fff5b-2200-e811-9414-f0921c16b9e5,0.1506849315068493,0.0006000000284985,54
40,023fff5b-2200-e811-9414-f0921c16b9e5,0.15342465753424658,0.0003999999898952,55
40,023fff5b-2200-e811-9414-f0921c16b9e5,0.15616438356164383,0.0001999999949476,56
40,023fff5b-2200-e811-9414-f0921c16b9e5,0.1589041095890411,0.0001999999949476,57
40,023fff5b-2200-e811-9414-f0921c16b9e5,0.16164383561643836,0.0001999999949476,58
40,023fff5b-2200-e811-9414-f0921c16b9e5,0.1643835616438356,0.0001999999949476,59
40,023fff5b-2200-e811-9414-f0921c16b9e5,0.16712328767123288,0.0001999999949476,60
40,023fff5b-2200-e811-9414-f0921c16b9e5,0.16986301369863013,0.0001999999949476,61
40,023fff5b-2200-e811-9414-f0921c16b9e5,0.1726027397260274,0.0001999999949476,62
40,023fff5b-2200-e811-9414-f0921c16b9e5,0.17534246575342466,0.0001999999949476,63
40,023fff5b-2200-e811-9414-f0921c16b9e5,0.1780821917808219,0.0001999999949476,64
40,023fff5b-2200-e811-9414-f0921c16b9e5,0.18082191780821918,0.0001999999949476,65
40,023fff5b-2200-e811-9414-f0921c16b9e5,0.18356164383561643,0.0,66
40,023fff5b-2200-e811-9414-f0921c16b9e5,0.1863013698630137,0.0,67
40,023fff5b-2200-e811-9414-f0921c16b9e5,0.18904109589041096,0.0,68
40,023fff5b-2200-e811-9414-f0921c16b9e5,0.1917808219178082,0.0,69
40,023fff5b-2200-e811-9414-f0921c16b9e5,0.19452054794520549,0.0,70
40,023fff5b-2200-e811-9414-f0921c16b9e5,0.19726027397260273,0.0,71
40,023fff5b-2200-e811-9414-f0921c16b9e5,0.2,0.0,72
40,023fff5b-2200-e811-9414-f0921c16b9e5,0.20273972602739726,0.0,73
40,023fff5b-2200-e811-9414-f0921c16b9e5,0.2054794520547945,0.0,74
40,023fff5b-2200-e811-9414-f0921c16b9e5,0.20821917808219179,0.0,75
40,023fff5b-2200-e811-9414-f0921c16b9e5,0.21095890410958903,0.0,76
40,023fff5b-2200-e811-9414-f0921c16b9e5,0.2136986301369863,0.0,77
40,023fff5b-2200-e811-9414-f0921c16b9e5,0.21643835616438356,0.0,78
40,023fff5b-2200-e811-9414-f0921c16b9e5,0.2191780821917808,0.0,79
40,023fff5b-2200-e811-9414-f0921c16b9e5,0.2219178082191781,0.0,80
40,023fff5b-2200-e811-9414-f0921c16b9e5,0.22465753424657534,0.0,81
40,023fff5b-2200-e811-9414-f0921c16b9e5,0.2273972602739726,0.0,82
40,023fff5b-2200-e811-9414-f0921c16b9e5,0.23013698630136986,0.0,83
40,023fff5b-2200-e811-9414-f0921c16b9e5,0.2328767123287671,0.0,84
40,023fff5b-2200-e811-9414-f0921c16b9e5,0.2356164383561644,0.0,85
40,023fff5b-2200-e811-9414-f0921c16b9e5,0.23835616438356164,0.0,86
40,023fff5b-2200-e811-9414-f0921c16b9e5,0.2410958904109589,0.0,87
40,023fff5b-2200-e811-9414-f0921c16b9e5,0.24383561643835616,0.0,88
40,023fff5b-2200-e811-9414-f0921c16b9e5,0.2465753424657534,0.0,89
41,013fff5b-2200-e811-9414-f0921c16b9e5,0.0027397260273972603,0.0,0
41,013fff5b-2200-e811-9414-f0921c16b9e5,0.005479452054794521,0.0006000000284985,1
41,013fff5b-2200-e811-9414-f0921c16b9e5,0.00821917808219178,0.00089999998454,2
41,013fff5b-2200-e811-9414-f0921c16b9e5,0.010958904109589041,0.001599999959581,3
41,013fff5b-2200-e811-9414-f0921c16b9e5,0.0136986301369863,0.003199999919161,4
41,013fff5b-2200-e811-9414-f0921c16b9e5,0.01643835616438356,0.006300000008196,5
41,013fff5b-2200-e811-9414-f0921c16b9e5,0.019178082191780823,0.01140000019222,6
41,013fff5b-2200-e811-9414-f0921c16b9e5,0.021917808219178082,0.02119999937713,7
41,013fff5b-2200-e811-9414-f0921c16b9e5,0.024657534246575342,0.03959999978542,8
41,013fff5b-2200-e811-9414-f0921c16b9e5,0.0273972602739726,0.0688000023365,9
41,013fff5b-2200-e811-9414-f0921c16b9e5,0.030136986301369864,0.1190000027418,10
41,013fff5b-2200-e811-9414-f0921c16b9e5,0.03287671232876712,0.1994999945164,11
41,013fff5b-2200-e811-9414-f0921c16b9e5,0.03561643835616438,0.3095999956131,12
41,013fff5b-2200-e811-9414-f0921c16b9e5,0.038356164383561646,0.4478999972343,13
41,013fff5b-2200-e811-9414-f0921c16b9e5,0.0410958904109589,0.5662999749184,14
41,013fff5b-2200-e811-9414-f0921c16b9e5,0.043835616438356165,0.6355999708176,15
41,013fff5b-2200-e811-9414-f0921c16b9e5,0.04657534246575343,0.652499973774,16
41,013fff5b-2200-e811-9414-f0921c16b9e5,0.049315068493150684,0.6233000159264,17
41,013fff5b-2200-e811-9414-f0921c16b9e5,0.052054794520547946,0.5806000232697,18
41,013fff5b-2200-e811-9414-f0921c16b9e5,0.0547945205479452,0.5358999967575,19
41,013fff5b-2200-e811-9414-f0921c16b9e5,0.057534246575342465,0.4857000112534,20
41,013fff5b-2200-e811-9414-f0921c16b9e5,0.06027397260273973,0.4413999915123,21
41,013fff5b-2200-e811-9414-f0921c16b9e5,0.06301369863013699,0.3977999985218,22
41,013fff5b-2200-e811-9414-f0921c16b9e5,0.06575342465753424,0.3571999967098,23
41,013fff5b-2200-e811-9414-f0921c16b9e5,0.0684931506849315,0.3194000124931,24
41,013fff5b-2200-e811-9414-f0921c16b9e5,0.07123287671232877,0.285699993372,25
41,013fff5b-2200-e811-9414-f0921c16b9e5,0.07397260273972603,0.2587000131607,26
41,013fff5b-2200-e811-9414-f0921c16b9e5,0.07671232876712329,0.2314999997616,27
41,013fff5b-2200-e811-9414-f0921c16b9e5,0.07945205479452055,0.2066999971867,28
41,013fff5b-2200-e811-9414-f0921c16b9e5,0.0821917808219178,0.1849000006914,29
41,013fff5b-2200-e811-9414-f0921c16b9e5,0.08493150684931507,0.1659000068903,30
41,013fff5b-2200-e811-9414-f0921c16b9e5,0.08767123287671233,0.1493999958038,31
41,013fff5b-2200-e811-9414-f0921c16b9e5,0.09041095890410959,0.1317999958992,32
41,013fff5b-2200-e811-9414-f0921c16b9e5,0.09315068493150686,0.1204999983311,33
41,013fff5b-2200-e811-9414-f0921c16b9e5,0.0958904109589041,0.1102000027895,34
41,013fff5b-2200-e811-9414-f0921c16b9e5,0.09863013698630137,0.09960000216961,35
41,013fff5b-2200-e811-9414-f0921c16b9e5,0.10136986301369863,0.08919999748468,36
41,013fff5b-2200-e811-9414-f0921c16b9e5,0.10410958904109589,0.0802000015974,37
41,013fff5b-2200-e811-9414-f0921c16b9e5,0.10684931506849316,0.07320000231266,38
41,013fff5b-2200-e811-9414-f0921c16b9e5,0.1095890410958904,0.06499999761581,39
41,013fff5b-2200-e811-9414-f0921c16b9e5,0.11232876712328767,0.05889999866486,40
41,013fff5b-2200-e811-9414-f0921c16b9e5,0.11506849315068493,0.0531999990344,41
41,013fff5b-2200-e811-9414-f0921c16b9e5,0.1178082191780822,0.04800000041723,42
41,013fff5b-2200-e811-9414-f0921c16b9e5,0.12054794520547946,0.04210000112653,43
41,013fff5b-2200-e811-9414-f0921c16b9e5,0.1232876712328767,0.03689999878407,44
41,013fff5b-2200-e811-9414-f0921c16b9e5,0.12602739726027398,0.0337999984622,45
41,013fff5b-2200-e811-9414-f0921c16b9e5,0.12876712328767123,0.02920000068843,46
41,013fff5b-2200-e811-9414-f0921c16b9e5,0.13150684931506848,0.0262000001967,47
41,013fff5b-2200-e811-9414-f0921c16b9e5,0.13424657534246576,0.0223999992013,48
41,013fff5b-2200-e811-9414-f0921c16b9e5,0.136986301369863,0.02019999921322,49
41,013fff5b-2200-e811-9414-f0921c16b9e5,0.13972602739726028,0.01840000040829,50
41,013fff5b-2200-e811-9414-f0921c16b9e5,0.14246575342465753,0.01620000042021,51
41,013fff5b-2200-e811-9414-f0921c16b9e5,0.14520547945205478,0.01410000026226,52
41,013fff5b-2200-e811-9414-f0921c16b9e5,0.14794520547945206,0.01209999993443,53
41,013fff5b-2200-e811-9414-f0921c16b9e5,0.1506849315068493,0.01059999968857,54
41,013fff5b-2200-e811-9414-f0921c16b9e5,0.15342465753424658,0.009499999694526,55
41,013fff5b-2200-e811-9414-f0921c16b9e5,0.15616438356164383,0.009100000374019,56
41,013fff5b-2200-e811-9414-f0921c16b9e5,0.1589041095890411,0.008200000040233,57
41,013fff5b-2200-e811-9414-f0921c16b9e5,0.16164383561643836,0.007300000172108,58
41,013fff5b-2200-e811-9414-f0921c16b9e5,0.1643835616438356,0.00650000013411,59
41,013fff5b-2200-e811-9414-f0921c16b9e5,0.16712328767123288,0.006099999882281,60
41,013fff5b-2200-e811-9414-f0921c16b9e5,0.16986301369863013,0.005499999970198,61
41,013fff5b-2200-e811-9414-f0921c16b9e5,0.1726027397260274,0.004999999888241,62
41,013fff5b-2200-e811-9414-f0921c16b9e5,0.17534246575342466,0.004499999806285,63
41,013fff5b-2200-e811-9414-f0921c16b9e5,0.1780821917808219,0.004300000146031,64
41,013fff5b-2200-e811-9414-f0921c16b9e5,0.18082191780821918,0.003899999894202,65
41,013fff5b-2200-e811-9414-f0921c16b9e5,0.18356164383561643,0.003500000108033,66
41,013fff5b-2200-e811-9414-f0921c16b9e5,0.1863013698630137,0.003299999982119,67
41,013fff5b-2200-e811-9414-f0921c16b9e5,0.18904109589041096,0.00289999996312,68
41,013fff5b-2200-e811-9414-f0921c16b9e5,0.1917808219178082,0.002799999900162,69
41,013fff5b-2200-e811-9414-f0921c16b9e5,0.19452054794520549,0.002499999944121,70
41,013fff5b-2200-e811-9414-f0921c16b9e5,0.19726027397260273,0.002400000113994,71
41,013fff5b-2200-e811-9414-f0921c16b9e5,0.2,0.002199999988079,72
41,013fff5b-2200-e811-9414-f0921c16b9e5,0.20273972602739726,0.001900000032037,73
41,013fff5b-2200-e811-9414-f0921c16b9e5,0.2054794520547945,0.001599999959581,74
41,013fff5b-2200-e811-9414-f0921c16b9e5,0.20821917808219179,0.001399999950081,75
41,013fff5b-2200-e811-9414-f0921c16b9e5,0.21095890410958903,0.001399999950081,76
41,013fff5b-2200-e811-9414-f0921c16b9e5,0.2136986301369863,0.001200000056997,77
41,013fff5b-2200-e811-9414-f0921c16b9e5,0.21643835616438356,0.001000000047497,78
41,013fff5b-2200-e811-9414-f0921c16b9e5,0.2191780821917808,0.00089999998454,79
41,013fff5b-2200-e811-9414-f0921c16b9e5,0.2219178082191781,0.00089999998454,80
41,013fff5b-2200-e811-9414-f0921c16b9e5,0.22465753424657534,0.0006000000284985,81
41,013fff5b-2200-e811-9414-f0921c16b9e5,0.2273972602739726,0.0003999999898952,82
41,013fff5b-2200-e811-9414-f0921c16b9e5,0.23013698630136986,0.0003000000142492,83
41,013fff5b-2200-e811-9414-f0921c16b9e5,0.2328767123287671,0.0003000000142492,84
41,013fff5b-2200-e811-9414-f0921c16b9e5,0.2356164383561644,0.0003000000142492,85
41,013fff5b-2200-e811-9414-f0921c16b9e5,0.23835616438356164,0.0003000000142492,86
41,013fff5b-2200-e811-9414-f0921c16b9e5,0.2410958904109589,0.0003000000142492,87
41,013fff5b-2200-e811-9414-f0921c16b9e5,0.24383561643835616,0.0003000000142492,88
41,013fff5b-2200-e811-9414-f0921c16b9e5,0.2465753424657534,0.0001999999949476,89
42,003fff5b-2200-e811-9414-f0921c16b9e5,0.0027397260273972603,0.0,0
42,003fff5b-2200-e811-9414-f0921c16b9e5,0.005479452054794521,0.0006000000284985,1
42,003fff5b-2200-e811-9414-f0921c16b9e5,0.00821917808219178,0.001000000047497,2
42,003fff5b-2200-e811-9414-f0921c16b9e5,0.010958904109589041,0.001700000022538,3
42,003fff5b-2200-e811-9414-f0921c16b9e5,0.0136986301369863,0.002799999900162,4
42,003fff5b-2200-e811-9414-f0921c16b9e5,0.01643835616438356,0.005599999800324,5
42,003fff5b-2200-e811-9414-f0921c16b9e5,0.019178082191780823,0.01030000019819,6
42,003fff5b-2200-e811-9414-f0921c16b9e5,0.021917808219178082,0.02180000022054,7
42,003fff5b-2200-e811-9414-f0921c16b9e5,0.024657534246575342,0.04430000111461,8
42,003fff5b-2200-e811-9414-f0921c16b9e5,0.0273972602739726,0.08500000089407,9
42,003fff5b-2200-e811-9414-f0921c16b9e5,0.030136986301369864,0.1533000022173,10
42,003fff5b-2200-e811-9414-f0921c16b9e5,0.03287671232876712,0.2599999904633,11
42,003fff5b-2200-e811-9414-f0921c16b9e5,0.03561643835616438,0.4011000096798,12
42,003fff5b-2200-e811-9414-f0921c16b9e5,0.038356164383561646,0.5368999838829,13
42,003fff5b-2200-e811-9414-f0921c16b9e5,0.0410958904109589,0.6098999977112,14
42,003fff5b-2200-e811-9414-f0921c16b9e5,0.043835616438356165,0.6268000006676,15
42,003fff5b-2200-e811-9414-f0921c16b9e5,0.04657534246575343,0.5902000069618,16
42,003fff5b-2200-e811-9414-f0921c16b9e5,0.049315068493150684,0.5389000177383,17
42,003fff5b-2200-e811-9414-f0921c16b9e5,0.052054794520547946,0.4778999984264,18
42,003fff5b-2200-e811-9414-f0921c16b9e5,0.0547945205479452,0.4255999922752,19
42,003fff5b-2200-e811-9414-f0921c16b9e5,0.057534246575342465,0.376599997282,20
42,003fff5b-2200-e811-9414-f0921c16b9e5,0.06027397260273973,0.3264999985695,21
42,003fff5b-2200-e811-9414-f0921c16b9e5,0.06301369863013699,0.2849000096321,22
42,003fff5b-2200-e811-9414-f0921c16b9e5,0.06575342465753424,0.2513999938965,23
42,003fff5b-2200-e811-9414-f0921c16b9e5,0.0684931506849315,0.2184000015259,24
42,003fff5b-2200-e811-9414-f0921c16b9e5,0.07123287671232877,0.1868000030518,25
42,003fff5b-2200-e811-9414-f0921c16b9e5,0.07397260273972603,0.1627999991179,26
42,003fff5b-2200-e811-9414-f0921c16b9e5,0.07671232876712329,0.1444000005722,27
42,003fff5b-2200-e811-9414-f0921c16b9e5,0.07945205479452055,0.1240999996662,28
42,003fff5b-2200-e811-9414-f0921c16b9e5,0.0821917808219178,0.1076000034809,29
42,003fff5b-2200-e811-9414-f0921c16b9e5,0.08493150684931507,0.09589999914169,30
42,003fff5b-2200-e811-9414-f0921c16b9e5,0.08767123287671233,0.08389999717474,31
42,003fff5b-2200-e811-9414-f0921c16b9e5,0.09041095890410959,0.0734999999404,32
42,003fff5b-2200-e811-9414-f0921c16b9e5,0.09315068493150686,0.06340000033379,33
42,003fff5b-2200-e811-9414-f0921c16b9e5,0.0958904109589041,0.05460000038147,34
42,003fff5b-2200-e811-9414-f0921c16b9e5,0.09863013698630137,0.04789999872446,35
42,003fff5b-2200-e811-9414-f0921c16b9e5,0.10136986301369863,0.04120000079274,36
42,003fff5b-2200-e811-9414-f0921c16b9e5,0.10410958904109589,0.03539999946952,37
42,003fff5b-2200-e811-9414-f0921c16b9e5,0.10684931506849316,0.03020000085235,38
42,003fff5b-2200-e811-9414-f0921c16b9e5,0.1095890410958904,0.02549999952316,39
42,003fff5b-2200-e811-9414-f0921c16b9e5,0.11232876712328767,0.02250000089407,40
42,003fff5b-2200-e811-9414-f0921c16b9e5,0.11506849315068493,0.02050000056624,41
42,003fff5b-2200-e811-9414-f0921c16b9e5,0.1178082191780822,0.01769999973476,42
42,003fff5b-2200-e811-9414-f0921c16b9e5,0.12054794520547946,0.01499999966472,43
42,003fff5b-2200-e811-9414-f0921c16b9e5,0.1232876712328767,0.01300000026822,44
42,003fff5b-2200-e811-9414-f0921c16b9e5,0.12602739726027398,0.0113000003621,45
42,003fff5b-2200-e811-9414-f0921c16b9e5,0.12876712328767123,0.009300000034273,46
42,003fff5b-2200-e811-9414-f0921c16b9e5,0.13150684931506848,0.008500000461936,47
42,003fff5b-2200-e811-9414-f0921c16b9e5,0.13424657534246576,0.00760000012815,48
42,003fff5b-2200-e811-9414-f0921c16b9e5,0.136986301369863,0.006599999964237,49
42,003fff5b-2200-e811-9414-f0921c16b9e5,0.13972602739726028,0.005400000140071,50
42,003fff5b-2200-e811-9414-f0921c16b9e5,0.14246575342465753,0.004900000058115,51
42,003fff5b-2200-e811-9414-f0921c16b9e5,0.14520547945205478,0.004100000020117,52
42,003fff5b-2200-e811-9414-f0921c16b9e5,0.14794520547945206,0.003700000001118,53
42,003fff5b-2200-e811-9414-f0921c16b9e5,0.1506849315068493,0.003299999982119,54
42,003fff5b-2200-e811-9414-f0921c16b9e5,0.15342465753424658,0.002199999988079,55
42,003fff5b-2200-e811-9414-f0921c16b9e5,0.15616438356164383,0.00179999996908,56
42,003fff5b-2200-e811-9414-f0921c16b9e5,0.1589041095890411,0.001399999950081,57
42,003fff5b-2200-e811-9414-f0921c16b9e5,0.16164383561643836,0.001300000003539,58
42,003fff5b-2200-e811-9414-f0921c16b9e5,0.1643835616438356,0.001300000003539,59
42,003fff5b-2200-e811-9414-f0921c16b9e5,0.16712328767123288,0.00109999999404,60
42,003fff5b-2200-e811-9414-f0921c16b9e5,0.16986301369863013,0.0007999999797903,61
42,003fff5b-2200-e811-9414-f0921c16b9e5,0.1726027397260274,0.0006999999750406,62
42,003fff5b-2200-e811-9414-f0921c16b9e5,0.17534246575342466,0.0005000000237487,63
42,003fff5b-2200-e811-9414-f0921c16b9e5,0.1780821917808219,0.0005000000237487,64
42,003fff5b-2200-e811-9414-f0921c16b9e5,0.18082191780821918,0.0003999999898952,65
42,003fff5b-2200-e811-9414-f0921c16b9e5,0.18356164383561643,0.0003000000142492,66
42,003fff5b-2200-e811-9414-f0921c16b9e5,0.1863013698630137,0.0003000000142492,67
42,003fff5b-2200-e811-9414-f0921c16b9e5,0.18904109589041096,0.0001999999949476,68
42,003fff5b-2200-e811-9414-f0921c16b9e5,0.1917808219178082,0.0001999999949476,69
42,003fff5b-2200-e811-9414-f0921c16b9e5,0.19452054794520549,0.0001999999949476,70
42,003fff5b-2200-e811-9414-f0921c16b9e5,0.19726027397260273,9.999999747379e-05,71
42,003fff5b-2200-e811-9414-f0921c16b9e5,0.2,9.999999747379e-05,72
42,003fff5b-2200-e811-9414-f0921c16b9e5,0.20273972602739726,9.999999747379e-05,73
42,003fff5b-2200-e811-9414-f0921c16b9e5,0.2054794520547945,9.999999747379e-05,74
42,003fff5b-2200-e811-9414-f0921c16b9e5,0.20821917808219179,9.999999747379e-05,75
42,003fff5b-2200-e811-9414-f0921c16b9e5,0.21095890410958903,0.0,76
42,003fff5b-2200-e811-9414-f0921c16b9e5,0.2136986301369863,0.0,77
42,003fff5b-2200-e811-9414-f0921c16b9e5,0.21643835616438356,0.0,78
42,003fff5b-2200-e811-9414-f0921c16b9e5,0.2191780821917808,0.0,79
42,003fff5b-2200-e811-9414-f0921c16b9e5,0.2219178082191781,0.0,80
42,003fff5b-2200-e811-9414-f0921c16b9e5,0.22465753424657534,0.0,81
42,003fff5b-2200-e811-9414-f0921c16b9e5,0.2273972602739726,0.0,82
42,003fff5b-2200-e811-9414-f0921c16b9e5,0.23013698630136986,0.0,83
42,003fff5b-2200-e811-9414-f0921c16b9e5,0.2328767123287671,0.0,84
42,003fff5b-2200-e811-9414-f0921c16b9e5,0.2356164383561644,0.0,85
42,003fff5b-2200-e811-9414-f0921c16b9e5,0.23835616438356164,0.0,86
42,003fff5b-2200-e811-9414-f0921c16b9e5,0.2410958904109589,0.0,87
42,003fff5b-2200-e811-9414-f0921c16b9e5,0.24383561643835616,0.0,88
42,003fff5b-2200-e811-9414-f0921c16b9e5,0.2465753424657534,0.0,89
43,ff3eff5b-2200-e811-9414-f0921c16b9e5,0.0027397260273972603,0.0,0
43,ff3eff5b-2200-e811-9414-f0921c16b9e5,0.005479452054794521,0.0005000000237487,1
43,ff3eff5b-2200-e811-9414-f0921c16b9e5,0.00821917808219178,0.001300000003539,2
43,ff3eff5b-2200-e811-9414-f0921c16b9e5,0.010958904109589041,0.00289999996312,3
43,ff3eff5b-2200-e811-9414-f0921c16b9e5,0.0136986301369863,0.005900000222027,4
43,ff3eff5b-2200-e811-9414-f0921c16b9e5,0.01643835616438356,0.01339999958873,5
43,ff3eff5b-2200-e811-9414-f0921c16b9e5,0.019178082191780823,0.02779999934137,6
43,ff3eff5b-2200-e811-9414-f0921c16b9e5,0.021917808219178082,0.0544999986887,7
43,ff3eff5b-2200-e811-9414-f0921c16b9e5,0.024657534246575342,0.1042999997735,8
43,ff3eff5b-2200-e811-9414-f0921c16b9e5,0.0273972602739726,0.2010000050068,9
43,ff3eff5b-2200-e811-9414-f0921c16b9e5,0.030136986301369864,0.3458999991417,10
43,ff3eff5b-2200-e811-9414-f0921c16b9e5,0.03287671232876712,0.5188000202179,11
43,ff3eff5b-2200-e811-9414-f0921c16b9e5,0.03561643835616438,0.6498000025749,12
43,ff3eff5b-2200-e811-9414-f0921c16b9e5,0.038356164383561646,0.7056999802589,13
43,ff3eff5b-2200-e811-9414-f0921c16b9e5,0.0410958904109589,0.6951000094414,14
43,ff3eff5b-2200-e811-9414-f0921c16b9e5,0.043835616438356165,0.6475999951363,15
43,ff3eff5b-2200-e811-9414-f0921c16b9e5,0.04657534246575343,0.5972999930382,16
43,ff3eff5b-2200-e811-9414-f0921c16b9e5,0.049315068493150684,0.5425999760628,17
43,ff3eff5b-2200-e811-9414-f0921c16b9e5,0.052054794520547946,0.4932000041008,18
43,ff3eff5b-2200-e811-9414-f0921c16b9e5,0.0547945205479452,0.445199996233,19
43,ff3eff5b-2200-e811-9414-f0921c16b9e5,0.057534246575342465,0.4050999879837,20
43,ff3eff5b-2200-e811-9414-f0921c16b9e5,0.06027397260273973,0.3693999946117,21
43,ff3eff5b-2200-e811-9414-f0921c16b9e5,0.06301369863013699,0.3312999904156,22
43,ff3eff5b-2200-e811-9414-f0921c16b9e5,0.06575342465753424,0.301600009203,23
43,ff3eff5b-2200-e811-9414-f0921c16b9e5,0.0684931506849315,0.2734000086784,24
43,ff3eff5b-2200-e811-9414-f0921c16b9e5,0.07123287671232877,0.2452999949455,25
43,ff3eff5b-2200-e811-9414-f0921c16b9e5,0.07397260273972603,0.2222999930382,26
43,ff3eff5b-2200-e811-9414-f0921c16b9e5,0.07671232876712329,0.2010000050068,27
43,ff3eff5b-2200-e811-9414-f0921c16b9e5,0.07945205479452055,0.1817000061274,28
43,ff3eff5b-2200-e811-9414-f0921c16b9e5,0.0821917808219178,0.1627999991179,29
43,ff3eff5b-2200-e811-9414-f0921c16b9e5,0.08493150684931507,0.1474999934435,30
43,ff3eff5b-2200-e811-9414-f0921c16b9e5,0.08767123287671233,0.1339000016451,31
43,ff3eff5b-2200-e811-9414-f0921c16b9e5,0.09041095890410959,0.1193000003695,32
43,ff3eff5b-2200-e811-9414-f0921c16b9e5,0.09315068493150686,0.1101000010967,33
43,ff3eff5b-2200-e811-9414-f0921c16b9e5,0.0958904109589041,0.09860000014305,34
43,ff3eff5b-2200-e811-9414-f0921c16b9e5,0.09863013698630137,0.08980000019073,35
43,ff3eff5b-2200-e811-9414-f0921c16b9e5,0.10136986301369863,0.07949999719858,36
43,ff3eff5b-2200-e811-9414-f0921c16b9e5,0.10410958904109589,0.07280000299215,37
43,ff3eff5b-2200-e811-9414-f0921c16b9e5,0.10684931506849316,0.06560000032187,38
43,ff3eff5b-2200-e811-9414-f0921c16b9e5,0.1095890410958904,0.05889999866486,39
43,ff3eff5b-2200-e811-9414-f0921c16b9e5,0.11232876712328767,0.05380000174046,40
43,ff3eff5b-2200-e811-9414-f0921c16b9e5,0.11506849315068493,0.04820000007749,41
43,ff3eff5b-2200-e811-9414-f0921c16b9e5,0.1178082191780822,0.04410000145435,42
43,ff3eff5b-2200-e811-9414-f0921c16b9e5,0.12054794520547946,0.03959999978542,43
43,ff3eff5b-2200-e811-9414-f0921c16b9e5,0.1232876712328767,0.03469999879599,44
43,ff3eff5b-2200-e811-9414-f0921c16b9e5,0.12602739726027398,0.03170000016689,45
43,ff3eff5b-2200-e811-9414-f0921c16b9e5,0.12876712328767123,0.02800000086427,46
43,ff3eff5b-2200-e811-9414-f0921c16b9e5,0.13150684931506848,0.02500000037253,47
43,ff3eff5b-2200-e811-9414-f0921c16b9e5,0.13424657534246576,0.02199999988079,48
43,ff3eff5b-2200-e811-9414-f0921c16b9e5,0.136986301369863,0.02030000090599,49
43,ff3eff5b-2200-e811-9414-f0921c16b9e5,0.13972602739726028,0.01700000092387,50
43,ff3eff5b-2200-e811-9414-f0921c16b9e5,0.14246575342465753,0.01510000042617,51
43,ff3eff5b-2200-e811-9414-f0921c16b9e5,0.14520547945205478,0.01310000009835,52
43,ff3eff5b-2200-e811-9414-f0921c16b9e5,0.14794520547945206,0.01200000010431,53
43,ff3eff5b-2200-e811-9414-f0921c16b9e5,0.1506849315068493,0.01090000011027,54
43,ff3eff5b-2200-e811-9414-f0921c16b9e5,0.15342465753424658,0.009700000286102,55
43,ff3eff5b-2200-e811-9414-f0921c16b9e5,0.15616438356164383,0.008899999782443,56
43,ff3eff5b-2200-e811-9414-f0921c16b9e5,0.1589041095890411,0.00829999987036,57
43,ff3eff5b-2200-e811-9414-f0921c16b9e5,0.16164383561643836,0.00789999961853,58
43,ff3eff5b-2200-e811-9414-f0921c16b9e5,0.1643835616438356,0.00719999987632,59
43,ff3eff5b-2200-e811-9414-f0921c16b9e5,0.16712328767123288,0.006800000090152,60
43,ff3eff5b-2200-e811-9414-f0921c16b9e5,0.16986301369863013,0.006300000008196,61
43,ff3eff5b-2200-e811-9414-f0921c16b9e5,0.1726027397260274,0.005499999970198,62
43,ff3eff5b-2200-e811-9414-f0921c16b9e5,0.17534246575342466,0.005200000014156,63
43,ff3eff5b-2200-e811-9414-f0921c16b9e5,0.1780821917808219,0.004999999888241,64
43,ff3eff5b-2200-e811-9414-f0921c16b9e5,0.18082191780821918,0.004800000227988,65
43,ff3eff5b-2200-e811-9414-f0921c16b9e5,0.18356164383561643,0.004600000102073,66
43,ff3eff5b-2200-e811-9414-f0921c16b9e5,0.1863013698630137,0.004199999850243,67
43,ff3eff5b-2200-e811-9414-f0921c16b9e5,0.18904109589041096,0.00400000018999,68
43,ff3eff5b-2200-e811-9414-f0921c16b9e5,0.1917808219178082,0.003800000064075,69
43,ff3eff5b-2200-e811-9414-f0921c16b9e5,0.19452054794520549,0.003400000045076,70
43,ff3eff5b-2200-e811-9414-f0921c16b9e5,0.19726027397260273,0.003100000089034,71
43,ff3eff5b-2200-e811-9414-f0921c16b9e5,0.2,0.002799999900162,72
43,ff3eff5b-2200-e811-9414-f0921c16b9e5,0.20273972602739726,0.002499999944121,73
43,ff3eff5b-2200-e811-9414-f0921c16b9e5,0.2054794520547945,0.002099999925122,74
43,ff3eff5b-2200-e811-9414-f0921c16b9e5,0.20821917808219179,0.001900000032037,75
43,ff3eff5b-2200-e811-9414-f0921c16b9e5,0.21095890410958903,0.00179999996908,76
43,ff3eff5b-2200-e811-9414-f0921c16b9e5,0.2136986301369863,0.001599999959581,77
43,ff3eff5b-2200-e811-9414-f0921c16b9e5,0.21643835616438356,0.001500000013039,78
43,ff3eff5b-2200-e811-9414-f0921c16b9e5,0.2191780821917808,0.001399999950081,79
43,ff3eff5b-2200-e811-9414-f0921c16b9e5,0.2219178082191781,0.001300000003539,80
43,ff3eff5b-2200-e811-9414-f0921c16b9e5,0.22465753424657534,0.001200000056997,81
43,ff3eff5b-2200-e811-9414-f0921c16b9e5,0.2273972602739726,0.001000000047497,82
43,ff3eff5b-2200-e811-9414-f0921c16b9e5,0.23013698630136986,0.0007999999797903,83
43,ff3eff5b-2200-e811-9414-f0921c16b9e5,0.2328767123287671,0.0006999999750406,84
43,ff3eff5b-2200-e811-9414-f0921c16b9e5,0.2356164383561644,0.0006999999750406,85
43,ff3eff5b-2200-e811-9414-f0921c16b9e5,0.23835616438356164,0.0006999999750406,86
43,ff3eff5b-2200-e811-9414-f0921c16b9e5,0.2410958904109589,0.0006999999750406,87
43,ff3eff5b-2200-e811-9414-f0921c16b9e5,0.24383561643835616,0.0006000000284985,88
43,ff3eff5b-2200-e811-9414-f0921c16b9e5,0.2465753424657534,0.0006000000284985,89
44,fe3eff5b-2200-e811-9414-f0921c16b9e5,0.0027397260273972603,0.0,0
44,fe3eff5b-2200-e811-9414-f0921c16b9e5,0.005479452054794521,0.0001999999949476,1
44,fe3eff5b-2200-e811-9414-f0921c16b9e5,0.00821917808219178,0.0001999999949476,2
44,fe3eff5b-2200-e811-9414-f0921c16b9e5,0.010958904109589041,0.0005000000237487,3
44,fe3eff5b-2200-e811-9414-f0921c16b9e5,0.0136986301369863,0.0006999999750406,4
44,fe3eff5b-2200-e811-9414-f0921c16b9e5,0.01643835616438356,0.001399999950081,5
44,fe3eff5b-2200-e811-9414-f0921c16b9e5,0.019178082191780823,0.001700000022538,6
44,fe3eff5b-2200-e811-9414-f0921c16b9e5,0.021917808219178082,0.003000000026077,7
44,fe3eff5b-2200-e811-9414-f0921c16b9e5,0.024657534246575342,0.005700000096112,8
44,fe3eff5b-2200-e811-9414-f0921c16b9e5,0.0273972602739726,0.009600000455976,9
44,fe3eff5b-2200-e811-9414-f0921c16b9e5,0.030136986301369864,0.01429999992251,10
44,fe3eff5b-2200-e811-9414-f0921c16b9e5,0.03287671232876712,0.0230000000447,11
44,fe3eff5b-2200-e811-9414-f0921c16b9e5,0.03561643835616438,0.03720000013709,12
44,fe3eff5b-2200-e811-9414-f0921c16b9e5,0.038356164383561646,0.05739999935031,13
44,fe3eff5b-2200-e811-9414-f0921c16b9e5,0.0410958904109589,0.08609999716282,14
44,fe3eff5b-2200-e811-9414-f0921c16b9e5,0.043835616438356165,0.131500005722,15
44,fe3eff5b-2200-e811-9414-f0921c16b9e5,0.04657534246575343,0.1917999982834,16
44,fe3eff5b-2200-e811-9414-f0921c16b9e5,0.049315068493150684,0.2727000117302,17
44,fe3eff5b-2200-e811-9414-f0921c16b9e5,0.052054794520547946,0.3535999953747,18
44,fe3eff5b-2200-e811-9414-f0921c16b9e5,0.0547945205479452,0.4377000033855,19
44,fe3eff5b-2200-e811-9414-f0921c16b9e5,0.057534246575342465,0.5076000094414,20
44,fe3eff5b-2200-e811-9414-f0921c16b9e5,0.06027397260273973,0.5460000038147,21
44,fe3eff5b-2200-e811-9414-f0921c16b9e5,0.06301369863013699,0.5533999800682,22
44,fe3eff5b-2200-e811-9414-f0921c16b9e5,0.06575342465753424,0.5353999733925,23
44,fe3eff5b-2200-e811-9414-f0921c16b9e5,0.0684931506849315,0.5062000155449,24
44,fe3eff5b-2200-e811-9414-f0921c16b9e5,0.07123287671232877,0.4668000042439,25
44,fe3eff5b-2200-e811-9414-f0921c16b9e5,0.07397260273972603,0.4235999882221,26
44,fe3eff5b-2200-e811-9414-f0921c16b9e5,0.07671232876712329,0.3858000040054,27
44,fe3eff5b-2200-e811-9414-f0921c16b9e5,0.07945205479452055,0.3479000031948,28
44,fe3eff5b-2200-e811-9414-f0921c16b9e5,0.0821917808219178,0.3120000064373,29
44,fe3eff5b-2200-e811-9414-f0921c16b9e5,0.08493150684931507,0.2766000032425,30
44,fe3eff5b-2200-e811-9414-f0921c16b9e5,0.08767123287671233,0.2469000071287,31
44,fe3eff5b-2200-e811-9414-f0921c16b9e5,0.09041095890410959,0.2199999988079,32
44,fe3eff5b-2200-e811-9414-f0921c16b9e5,0.09315068493150686,0.1976999938488,33
44,fe3eff5b-2200-e811-9414-f0921c16b9e5,0.0958904109589041,0.176499992609,34
44,fe3eff5b-2200-e811-9414-f0921c16b9e5,0.09863013698630137,0.1580000072718,35
44,fe3eff5b-2200-e811-9414-f0921c16b9e5,0.10136986301369863,0.1381999999285,36
44,fe3eff5b-2200-e811-9414-f0921c16b9e5,0.10410958904109589,0.123400002718,37
44,fe3eff5b-2200-e811-9414-f0921c16b9e5,0.10684931506849316,0.1090999990702,38
44,fe3eff5b-2200-e811-9414-f0921c16b9e5,0.1095890410958904,0.09690000116825,39
44,fe3eff5b-2200-e811-9414-f0921c16b9e5,0.11232876712328767,0.08540000021458,40
44,fe3eff5b-2200-e811-9414-f0921c16b9e5,0.11506849315068493,0.07660000026226,41
44,fe3eff5b-2200-e811-9414-f0921c16b9e5,0.1178082191780822,0.06889999657869,42
44,fe3eff5b-2200-e811-9414-f0921c16b9e5,0.12054794520547946,0.06140000000596,43
44,fe3eff5b-2200-e811-9414-f0921c16b9e5,0.1232876712328767,0.0549000017345,44
44,fe3eff5b-2200-e811-9414-f0921c16b9e5,0.12602739726027398,0.04769999906421,45
44,fe3eff5b-2200-e811-9414-f0921c16b9e5,0.12876712328767123,0.04210000112653,46
44,fe3eff5b-2200-e811-9414-f0921c16b9e5,0.13150684931506848,0.03720000013709,47
44,fe3eff5b-2200-e811-9414-f0921c16b9e5,0.13424657534246576,0.03319999948144,48
44,fe3eff5b-2200-e811-9414-f0921c16b9e5,0.136986301369863,0.02920000068843,49
44,fe3eff5b-2200-e811-9414-f0921c16b9e5,0.13972602739726028,0.02549999952316,50
44,fe3eff5b-2200-e811-9414-f0921c16b9e5,0.14246575342465753,0.02270000055432,51
44,fe3eff5b-2200-e811-9414-f0921c16b9e5,0.14520547945205478,0.01979999989271,52
44,fe3eff5b-2200-e811-9414-f0921c16b9e5,0.14794520547945206,0.01799999922514,53
44,fe3eff5b-2200-e811-9414-f0921c16b9e5,0.1506849315068493,0.01499999966472,54
44,fe3eff5b-2200-e811-9414-f0921c16b9e5,0.15342465753424658,0.0132999997586,55
44,fe3eff5b-2200-e811-9414-f0921c16b9e5,0.15616438356164383,0.01200000010431,56
44,fe3eff5b-2200-e811-9414-f0921c16b9e5,0.1589041095890411,0.01150000002235,57
44,fe3eff5b-2200-e811-9414-f0921c16b9e5,0.16164383561643836,0.01030000019819,58
44,fe3eff5b-2200-e811-9414-f0921c16b9e5,0.1643835616438356,0.009200000204146,59
44,fe3eff5b-2200-e811-9414-f0921c16b9e5,0.16712328767123288,0.008200000040233,60
44,fe3eff5b-2200-e811-9414-f0921c16b9e5,0.16986301369863013,0.00719999987632,61
44,fe3eff5b-2200-e811-9414-f0921c16b9e5,0.1726027397260274,0.006699999794364,62
44,fe3eff5b-2200-e811-9414-f0921c16b9e5,0.17534246575342466,0.005799999926239,63
44,fe3eff5b-2200-e811-9414-f0921c16b9e5,0.1780821917808219,0.005100000184029,64
44,fe3eff5b-2200-e811-9414-f0921c16b9e5,0.18082191780821918,0.004399999976158,65
44,fe3eff5b-2200-e811-9414-f0921c16b9e5,0.18356164383561643,0.00400000018999,66
44,fe3eff5b-2200-e811-9414-f0921c16b9e5,0.1863013698630137,0.003400000045076,67
44,fe3eff5b-2200-e811-9414-f0921c16b9e5,0.18904109589041096,0.003100000089034,68
44,fe3eff5b-2200-e811-9414-f0921c16b9e5,0.1917808219178082,0.003000000026077,69
44,fe3eff5b-2200-e811-9414-f0921c16b9e5,0.19452054794520549,0.002799999900162,70
44,fe3eff5b-2200-e811-9414-f0921c16b9e5,0.19726027397260273,0.002499999944121,71
44,fe3eff5b-2200-e811-9414-f0921c16b9e5,0.2,0.002400000113994,72
44,fe3eff5b-2200-e811-9414-f0921c16b9e5,0.20273972602739726,0.002099999925122,73
44,fe3eff5b-2200-e811-9414-f0921c16b9e5,0.2054794520547945,0.002099999925122,74
44,fe3eff5b-2200-e811-9414-f0921c16b9e5,0.20821917808219179,0.002000000094995,75
44,fe3eff5b-2200-e811-9414-f0921c16b9e5,0.21095890410958903,0.001900000032037,76
44,fe3eff5b-2200-e811-9414-f0921c16b9e5,0.2136986301369863,0.00179999996908,77
44,fe3eff5b-2200-e811-9414-f0921c16b9e5,0.21643835616438356,0.001500000013039,78
44,fe3eff5b-2200-e811-9414-f0921c16b9e5,0.2191780821917808,0.001300000003539,79
44,fe3eff5b-2200-e811-9414-f0921c16b9e5,0.2219178082191781,0.001200000056997,80
44,fe3eff5b-2200-e811-9414-f0921c16b9e5,0.22465753424657534,0.00089999998454,81
44,fe3eff5b-2200-e811-9414-f0921c16b9e5,0.2273972602739726,0.0007999999797903,82
44,fe3eff5b-2200-e811-9414-f0921c16b9e5,0.23013698630136986,0.0007999999797903,83
44,fe3eff5b-2200-e811-9414-f0921c16b9e5,0.2328767123287671,0.0006999999750406,84
44,fe3eff5b-2200-e811-9414-f0921c16b9e5,0.2356164383561644,0.0006000000284985,85
44,fe3eff5b-2200-e811-9414-f0921c16b9e5,0.23835616438356164,0.0006000000284985,86
44,fe3eff5b-2200-e811-9414-f0921c16b9e5,0.2410958904109589,0.0005000000237487,87
44,fe3eff5b-2200-e811-9414-f0921c16b9e5,0.24383561643835616,0.0005000000237487,88
44,fe3eff5b-2200-e811-9414-f0921c16b9e5,0.2465753424657534,0.0003999999898952,89
45,fd3eff5b-2200-e811-9414-f0921c16b9e5,0.0027397260273972603,0.0,0
45,fd3eff5b-2200-e811-9414-f0921c16b9e5,0.005479452054794521,0.0005000000237487,1
45,fd3eff5b-2200-e811-9414-f0921c16b9e5,0.00821917808219178,0.001399999950081,2
45,fd3eff5b-2200-e811-9414-f0921c16b9e5,0.010958904109589041,0.002700000070035,3
45,fd3eff5b-2200-e811-9414-f0921c16b9e5,0.0136986301369863,0.005299999844283,4
45,fd3eff5b-2200-e811-9414-f0921c16b9e5,0.01643835616438356,0.01080000028014,5
45,fd3eff5b-2200-e811-9414-f0921c16b9e5,0.019178082191780823,0.021099999547,6
45,fd3eff5b-2200-e811-9414-f0921c16b9e5,0.021917808219178082,0.03709999844432,7
45,fd3eff5b-2200-e811-9414-f0921c16b9e5,0.024657534246575342,0.06669999659061,8
45,fd3eff5b-2200-e811-9414-f0921c16b9e5,0.0273972602739726,0.1194999963045,9
45,fd3eff5b-2200-e811-9414-f0921c16b9e5,0.030136986301369864,0.2087000012398,10
45,fd3eff5b-2200-e811-9414-f0921c16b9e5,0.03287671232876712,0.3257000148296,11
45,fd3eff5b-2200-e811-9414-f0921c16b9e5,0.03561643835616438,0.4735000133514,12
45,fd3eff5b-2200-e811-9414-f0921c16b9e5,0.038356164383561646,0.609700024128,13
45,fd3eff5b-2200-e811-9414-f0921c16b9e5,0.0410958904109589,0.6771000027657,14
45,fd3eff5b-2200-e811-9414-f0921c16b9e5,0.043835616438356165,0.6837999820709,15
45,fd3eff5b-2200-e811-9414-f0921c16b9e5,0.04657534246575343,0.6553000211716,16
45,fd3eff5b-2200-e811-9414-f0921c16b9e5,0.049315068493150684,0.6090000271797,17
45,fd3eff5b-2200-e811-9414-f0921c16b9e5,0.052054794520547946,0.5593000054359,18
45,fd3eff5b-2200-e811-9414-f0921c16b9e5,0.0547945205479452,0.5091000199318,19
45,fd3eff5b-2200-e811-9414-f0921c16b9e5,0.057534246575342465,0.4614999890327,20
45,fd3eff5b-2200-e811-9414-f0921c16b9e5,0.06027397260273973,0.4172999858856,21
45,fd3eff5b-2200-e811-9414-f0921c16b9e5,0.06301369863013699,0.3765000104904,22
45,fd3eff5b-2200-e811-9414-f0921c16b9e5,0.06575342465753424,0.3400000035763,23
45,fd3eff5b-2200-e811-9414-f0921c16b9e5,0.0684931506849315,0.309199988842,24
45,fd3eff5b-2200-e811-9414-f0921c16b9e5,0.07123287671232877,0.2816999852657,25
45,fd3eff5b-2200-e811-9414-f0921c16b9e5,0.07397260273972603,0.2535000145435,26
45,fd3eff5b-2200-e811-9414-f0921c16b9e5,0.07671232876712329,0.2293999940157,27
45,fd3eff5b-2200-e811-9414-f0921c16b9e5,0.07945205479452055,0.2081999927759,28
45,fd3eff5b-2200-e811-9414-f0921c16b9e5,0.0821917808219178,0.1876000016928,29
45,fd3eff5b-2200-e811-9414-f0921c16b9e5,0.08493150684931507,0.168799996376,30
45,fd3eff5b-2200-e811-9414-f0921c16b9e5,0.08767123287671233,0.1520999968052,31
45,fd3eff5b-2200-e811-9414-f0921c16b9e5,0.09041095890410959,0.1351000070572,32
45,fd3eff5b-2200-e811-9414-f0921c16b9e5,0.09315068493150686,0.1216000020504,33
45,fd3eff5b-2200-e811-9414-f0921c16b9e5,0.0958904109589041,0.1111000031233,34
45,fd3eff5b-2200-e811-9414-f0921c16b9e5,0.09863013698630137,0.1013000011444,35
45,fd3eff5b-2200-e811-9414-f0921c16b9e5,0.10136986301369863,0.09099999815226,36
45,fd3eff5b-2200-e811-9414-f0921c16b9e5,0.10410958904109589,0.08209999650717,37
45,fd3eff5b-2200-e811-9414-f0921c16b9e5,0.10684931506849316,0.07509999722242,38
45,fd3eff5b-2200-e811-9414-f0921c16b9e5,0.1095890410958904,0.06769999861717,39
45,fd3eff5b-2200-e811-9414-f0921c16b9e5,0.11232876712328767,0.06179999932647,40
45,fd3eff5b-2200-e811-9414-f0921c16b9e5,0.11506849315068493,0.05539999902248,41
45,fd3eff5b-2200-e811-9414-f0921c16b9e5,0.1178082191780822,0.05000000074506,42
45,fd3eff5b-2200-e811-9414-f0921c16b9e5,0.12054794520547946,0.04399999976158,43
45,fd3eff5b-2200-e811-9414-f0921c16b9e5,0.1232876712328767,0.04050000011921,44
45,fd3eff5b-2200-e811-9414-f0921c16b9e5,0.12602739726027398,0.03640000149608,45
45,fd3eff5b-2200-e811-9414-f0921c16b9e5,0.12876712328767123,0.03310000151396,46
45,fd3eff5b-2200-e811-9414-f0921c16b9e5,0.13150684931506848,0.02989999949932,47
45,fd3eff5b-2200-e811-9414-f0921c16b9e5,0.13424657534246576,0.02649999968708,48
45,fd3eff5b-2200-e811-9414-f0921c16b9e5,0.136986301369863,0.02390000037849,49
45,fd3eff5b-2200-e811-9414-f0921c16b9e5,0.13972602739726028,0.02160000056028,50
45,fd3eff5b-2200-e811-9414-f0921c16b9e5,0.14246575342465753,0.01970000006258,51
45,fd3eff5b-2200-e811-9414-f0921c16b9e5,0.14520547945205478,0.01750000007451,52
45,fd3eff5b-2200-e811-9414-f0921c16b9e5,0.14794520547945206,0.01559999957681,53
45,fd3eff5b-2200-e811-9414-f0921c16b9e5,0.1506849315068493,0.01410000026226,54
45,fd3eff5b-2200-e811-9414-f0921c16b9e5,0.15342465753424658,0.01319999992847,55
45,fd3eff5b-2200-e811-9414-f0921c16b9e5,0.15616438356164383,0.01219999976456,56
45,fd3eff5b-2200-e811-9414-f0921c16b9e5,0.1589041095890411,0.01119999960065,57
45,fd3eff5b-2200-e811-9414-f0921c16b9e5,0.16164383561643836,0.009800000116229,58
45,fd3eff5b-2200-e811-9414-f0921c16b9e5,0.1643835616438356,0.008799999952316,59
45,fd3eff5b-2200-e811-9414-f0921c16b9e5,0.16712328767123288,0.008200000040233,60
45,fd3eff5b-2200-e811-9414-f0921c16b9e5,0.16986301369863013,0.007300000172108,61
45,fd3eff5b-2200-e811-9414-f0921c16b9e5,0.1726027397260274,0.00650000013411,62
45,fd3eff5b-2200-e811-9414-f0921c16b9e5,0.17534246575342466,0.006000000052154,63
45,fd3eff5b-2200-e811-9414-f0921c16b9e5,0.1780821917808219,0.004900000058115,64
45,fd3eff5b-2200-e811-9414-f0921c16b9e5,0.18082191780821918,0.004399999976158,65
45,fd3eff5b-2200-e811-9414-f0921c16b9e5,0.18356164383561643,0.00400000018999,66
45,fd3eff5b-2200-e811-9414-f0921c16b9e5,0.1863013698630137,0.003700000001118,67
45,fd3eff5b-2200-e811-9414-f0921c16b9e5,0.18904109589041096,0.003100000089034,68
45,fd3eff5b-2200-e811-9414-f0921c16b9e5,0.1917808219178082,0.002799999900162,69
45,fd3eff5b-2200-e811-9414-f0921c16b9e5,0.19452054794520549,0.002700000070035,70
45,fd3eff5b-2200-e811-9414-f0921c16b9e5,0.19726027397260273,0.002600000007078,71
45,fd3eff5b-2200-e811-9414-f0921c16b9e5,0.2,0.002300000051036,72
45,fd3eff5b-2200-e811-9414-f0921c16b9e5,0.20273972602739726,0.00179999996908,73
45,fd3eff5b-2200-e811-9414-f0921c16b9e5,0.2054794520547945,0.00179999996908,74
45,fd3eff5b-2200-e811-9414-f0921c16b9e5,0.20821917808219179,0.001700000022538,75
45,fd3eff5b-2200-e811-9414-f0921c16b9e5,0.21095890410958903,0.001700000022538,76
45,fd3eff5b-2200-e811-9414-f0921c16b9e5,0.2136986301369863,0.001500000013039,77
45,fd3eff5b-2200-e811-9414-f0921c16b9e5,0.21643835616438356,0.001399999950081,78
45,fd3eff5b-2200-e811-9414-f0921c16b9e5,0.2191780821917808,0.001200000056997,79
45,fd3eff5b-2200-e811-9414-f0921c16b9e5,0.2219178082191781,0.001200000056997,80
45,fd3eff5b-2200-e811-9414-f0921c16b9e5,0.22465753424657534,0.00109999999404,81
45,fd3eff5b-2200-e811-9414-f0921c16b9e5,0.2273972602739726,0.00109999999404,82
45,fd3eff5b-2200-e811-9414-f0921c16b9e5,0.23013698630136986,0.00089999998454,83
45,fd3eff5b-2200-e811-9414-f0921c16b9e5,0.2328767123287671,0.00089999998454,84
45,fd3eff5b-2200-e811-9414-f0921c16b9e5,0.2356164383561644,0.0007999999797903,85
45,fd3eff5b-2200-e811-9414-f0921c16b9e5,0.23835616438356164,0.0007999999797903,86
45,fd3eff5b-2200-e811-9414-f0921c16b9e5,0.2410958904109589,0.0006999999750406,87
45,fd3eff5b-2200-e811-9414-f0921c16b9e5,0.24383561643835616,0.0006999999750406,88
45,fd3eff5b-2200-e811-9414-f0921c16b9e5,0.2465753424657534,0.0006000000284985,89
46,fc3eff5b-2200-e811-9414-f0921c16b9e5,0.0027397260273972603,0.0,0
46,fc3eff5b-2200-e811-9414-f0921c16b9e5,0.005479452054794521,0.0005000000237487,1
46,fc3eff5b-2200-e811-9414-f0921c16b9e5,0.00821917808219178,0.00109999999404,2
46,fc3eff5b-2200-e811-9414-f0921c16b9e5,0.010958904109589041,0.002199999988079,3
46,fc3eff5b-2200-e811-9414-f0921c16b9e5,0.0136986301369863,0.004300000146031,4
46,fc3eff5b-2200-e811-9414-f0921c16b9e5,0.01643835616438356,0.007100000046194,5
46,fc3eff5b-2200-e811-9414-f0921c16b9e5,0.019178082191780823,0.01279999967664,6
46,fc3eff5b-2200-e811-9414-f0921c16b9e5,0.021917808219178082,0.02329999953508,7
46,fc3eff5b-2200-e811-9414-f0921c16b9e5,0.024657534246575342,0.04250000044703,8
46,fc3eff5b-2200-e811-9414-f0921c16b9e5,0.0273972602739726,0.07079999893904,9
46,fc3eff5b-2200-e811-9414-f0921c16b9e5,0.030136986301369864,0.1244999989867,10
46,fc3eff5b-2200-e811-9414-f0921c16b9e5,0.03287671232876712,0.2029000073671,11
46,fc3eff5b-2200-e811-9414-f0921c16b9e5,0.03561643835616438,0.3066000044346,12
46,fc3eff5b-2200-e811-9414-f0921c16b9e5,0.038356164383561646,0.4287000000477,13
46,fc3eff5b-2200-e811-9414-f0921c16b9e5,0.0410958904109589,0.5324000120163,14
46,fc3eff5b-2200-e811-9414-f0921c16b9e5,0.043835616438356165,0.5889999866486,15
46,fc3eff5b-2200-e811-9414-f0921c16b9e5,0.04657534246575343,0.5978999733925,16
46,fc3eff5b-2200-e811-9414-f0921c16b9e5,0.049315068493150684,0.5687999725342,17
46,fc3eff5b-2200-e811-9414-f0921c16b9e5,0.052054794520547946,0.5249000191689,18
46,fc3eff5b-2200-e811-9414-f0921c16b9e5,0.0547945205479452,0.475300014019,19
46,fc3eff5b-2200-e811-9414-f0921c16b9e5,0.057534246575342465,0.4235000014305,20
46,fc3eff5b-2200-e811-9414-f0921c16b9e5,0.06027397260273973,0.3722999989986,21
46,fc3eff5b-2200-e811-9414-f0921c16b9e5,0.06301369863013699,0.3282000124454,22
46,fc3eff5b-2200-e811-9414-f0921c16b9e5,0.06575342465753424,0.287800014019,23
46,fc3eff5b-2200-e811-9414-f0921c16b9e5,0.0684931506849315,0.2529000043869,24
46,fc3eff5b-2200-e811-9414-f0921c16b9e5,0.07123287671232877,0.2216999977827,25
46,fc3eff5b-2200-e811-9414-f0921c16b9e5,0.07397260273972603,0.1941000074148,26
46,fc3eff5b-2200-e811-9414-f0921c16b9e5,0.07671232876712329,0.1723999977112,27
46,fc3eff5b-2200-e811-9414-f0921c16b9e5,0.07945205479452055,0.1499000042677,28
46,fc3eff5b-2200-e811-9414-f0921c16b9e5,0.0821917808219178,0.131899997592,29
46,fc3eff5b-2200-e811-9414-f0921c16b9e5,0.08493150684931507,0.1154000014067,30
46,fc3eff5b-2200-e811-9414-f0921c16b9e5,0.08767123287671233,0.09989999979734,31
46,fc3eff5b-2200-e811-9414-f0921c16b9e5,0.09041095890410959,0.08709999918938,32
46,fc3eff5b-2200-e811-9414-f0921c16b9e5,0.09315068493150686,0.07689999789,33
46,fc3eff5b-2200-e811-9414-f0921c16b9e5,0.0958904109589041,0.06729999929667,34
46,fc3eff5b-2200-e811-9414-f0921c16b9e5,0.09863013698630137,0.05970000103116,35
46,fc3eff5b-2200-e811-9414-f0921c16b9e5,0.10136986301369863,0.0527999997139,36
46,fc3eff5b-2200-e811-9414-f0921c16b9e5,0.10410958904109589,0.04720000177622,37
46,fc3eff5b-2200-e811-9414-f0921c16b9e5,0.10684931506849316,0.04120000079274,38
46,fc3eff5b-2200-e811-9414-f0921c16b9e5,0.1095890410958904,0.03510000184178,39
46,fc3eff5b-2200-e811-9414-f0921c16b9e5,0.11232876712328767,0.03089999966323,40
46,fc3eff5b-2200-e811-9414-f0921c16b9e5,0.11506849315068493,0.02730000019073,41
46,fc3eff5b-2200-e811-9414-f0921c16b9e5,0.1178082191780822,0.024299999699,42
46,fc3eff5b-2200-e811-9414-f0921c16b9e5,0.12054794520547946,0.02080000005662,43
46,fc3eff5b-2200-e811-9414-f0921c16b9e5,0.1232876712328767,0.01860000006855,44
46,fc3eff5b-2200-e811-9414-f0921c16b9e5,0.12602739726027398,0.01620000042021,45
46,fc3eff5b-2200-e811-9414-f0921c16b9e5,0.12876712328767123,0.01470000017434,46
46,fc3eff5b-2200-e811-9414-f0921c16b9e5,0.13150684931506848,0.01350000035018,47
46,fc3eff5b-2200-e811-9414-f0921c16b9e5,0.13424657534246576,0.01209999993443,48
46,fc3eff5b-2200-e811-9414-f0921c16b9e5,0.136986301369863,0.01090000011027,49
46,fc3eff5b-2200-e811-9414-f0921c16b9e5,0.13972602739726028,0.009200000204146,50
46,fc3eff5b-2200-e811-9414-f0921c16b9e5,0.14246575342465753,0.00800000037998,51
46,fc3eff5b-2200-e811-9414-f0921c16b9e5,0.14520547945205478,0.00760000012815,52
46,fc3eff5b-2200-e811-9414-f0921c16b9e5,0.14794520547945206,0.006099999882281,53
46,fc3eff5b-2200-e811-9414-f0921c16b9e5,0.1506849315068493,0.005599999800324,54
46,fc3eff5b-2200-e811-9414-f0921c16b9e5,0.15342465753424658,0.005200000014156,55
46,fc3eff5b-2200-e811-9414-f0921c16b9e5,0.15616438356164383,0.004800000227988,56
46,fc3eff5b-2200-e811-9414-f0921c16b9e5,0.1589041095890411,0.004399999976158,57
46,fc3eff5b-2200-e811-9414-f0921c16b9e5,0.16164383561643836,0.00359999993816,58
46,fc3eff5b-2200-e811-9414-f0921c16b9e5,0.1643835616438356,0.003400000045076,59
46,fc3eff5b-2200-e811-9414-f0921c16b9e5,0.16712328767123288,0.003000000026077,60
46,fc3eff5b-2200-e811-9414-f0921c16b9e5,0.16986301369863013,0.002700000070035,61
46,fc3eff5b-2200-e811-9414-f0921c16b9e5,0.1726027397260274,0.002600000007078,62
46,fc3eff5b-2200-e811-9414-f0921c16b9e5,0.17534246575342466,0.002099999925122,63
46,fc3eff5b-2200-e811-9414-f0921c16b9e5,0.1780821917808219,0.001900000032037,64
46,fc3eff5b-2200-e811-9414-f0921c16b9e5,0.18082191780821918,0.001700000022538,65
46,fc3eff5b-2200-e811-9414-f0921c16b9e5,0.18356164383561643,0.001700000022538,66
46,fc3eff5b-2200-e811-9414-f0921c16b9e5,0.1863013698630137,0.001599999959581,67
46,fc3eff5b-2200-e811-9414-f0921c16b9e5,0.18904109589041096,0.001500000013039,68
46,fc3eff5b-2200-e811-9414-f0921c16b9e5,0.1917808219178082,0.001200000056997,69
46,fc3eff5b-2200-e811-9414-f0921c16b9e5,0.19452054794520549,0.0007999999797903,70
46,fc3eff5b-2200-e811-9414-f0921c16b9e5,0.19726027397260273,0.0006999999750406,71
46,fc3eff5b-2200-e811-9414-f0921c16b9e5,0.2,0.0006999999750406,72
46,fc3eff5b-2200-e811-9414-f0921c16b9e5,0.20273972602739726,0.0006000000284985,73
46,fc3eff5b-2200-e811-9414-f0921c16b9e5,0.2054794520547945,0.0003000000142492,74
46,fc3eff5b-2200-e811-9414-f0921c16b9e5,0.20821917808219179,0.0001999999949476,75
46,fc3eff5b-2200-e811-9414-f0921c16b9e5,0.21095890410958903,0.0001999999949476,76
46,fc3eff5b-2200-e811-9414-f0921c16b9e5,0.2136986301369863,9.999999747379e-05,77
46,fc3eff5b-2200-e811-9414-f0921c16b9e5,0.21643835616438356,9.999999747379e-05,78
46,fc3eff5b-2200-e811-9414-f0921c16b9e5,0.2191780821917808,9.999999747379e-05,79
46,fc3eff5b-2200-e811-9414-f0921c16b9e5,0.2219178082191781,9.999999747379e-05,80
46,fc3eff5b-2200-e811-9414-f0921c16b9e5,0.22465753424657534,9.999999747379e-05,81
46,fc3eff5b-2200-e811-9414-f0921c16b9e5,0.2273972602739726,9.999999747379e-05,82
46,fc3eff5b-2200-e811-9414-f0921c16b9e5,0.23013698630136986,9.999999747379e-05,83
46,fc3eff5b-2200-e811-9414-f0921c16b9e5,0.2328767123287671,9.999999747379e-05,84
46,fc3eff5b-2200-e811-9414-f0921c16b9e5,0.2356164383561644,9.999999747379e-05,85
46,fc3eff5b-2200-e811-9414-f0921c16b9e5,0.23835616438356164,9.999999747379e-05,86
46,fc3eff5b-2200-e811-9414-f0921c16b9e5,0.2410958904109589,9.999999747379e-05,87
46,fc3eff5b-2200-e811-9414-f0921c16b9e5,0.24383561643835616,9.999999747379e-05,88
46,fc3eff5b-2200-e811-9414-f0921c16b9e5,0.2465753424657534,9.999999747379e-05,89
47,fb3eff5b-2200-e811-9414-f0921c16b9e5,0.0027397260273972603,0.0,0
47,fb3eff5b-2200-e811-9414-f0921c16b9e5,0.005479452054794521,0.0001999999949476,1
47,fb3eff5b-2200-e811-9414-f0921c16b9e5,0.00821917808219178,0.0001999999949476,2
47,fb3eff5b-2200-e811-9414-f0921c16b9e5,0.010958904109589041,0.0006000000284985,3
47,fb3eff5b-2200-e811-9414-f0921c16b9e5,0.0136986301369863,0.0007999999797903,4
47,fb3eff5b-2200-e811-9414-f0921c16b9e5,0.01643835616438356,0.001500000013039,5
47,fb3eff5b-2200-e811-9414-f0921c16b9e5,0.019178082191780823,0.00289999996312,6
47,fb3eff5b-2200-e811-9414-f0921c16b9e5,0.021917808219178082,0.004399999976158,7
47,fb3eff5b-2200-e811-9414-f0921c16b9e5,0.024657534246575342,0.007699999958277,8
47,fb3eff5b-2200-e811-9414-f0921c16b9e5,0.0273972602739726,0.01119999960065,9
47,fb3eff5b-2200-e811-9414-f0921c16b9e5,0.030136986301369864,0.01869999989867,10
47,fb3eff5b-2200-e811-9414-f0921c16b9e5,0.03287671232876712,0.03220000118017,11
47,fb3eff5b-2200-e811-9414-f0921c16b9e5,0.03561643835616438,0.05050000175834,12
47,fb3eff5b-2200-e811-9414-f0921c16b9e5,0.038356164383561646,0.08160000294447,13
47,fb3eff5b-2200-e811-9414-f0921c16b9e5,0.0410958904109589,0.1251000016928,14
47,fb3eff5b-2200-e811-9414-f0921c16b9e5,0.043835616438356165,0.1854999959469,15
47,fb3eff5b-2200-e811-9414-f0921c16b9e5,0.04657534246575343,0.2671000063419,16
47,fb3eff5b-2200-e811-9414-f0921c16b9e5,0.049315068493150684,0.35640001297,17
47,fb3eff5b-2200-e811-9414-f0921c16b9e5,0.052054794520547946,0.4323999881744,18
47,fb3eff5b-2200-e811-9414-f0921c16b9e5,0.0547945205479452,0.4814999997616,19
47,fb3eff5b-2200-e811-9414-f0921c16b9e5,0.057534246575342465,0.5049999952316,20
47,fb3eff5b-2200-e811-9414-f0921c16b9e5,0.06027397260273973,0.4869999885559,21
47,fb3eff5b-2200-e811-9414-f0921c16b9e5,0.06301369863013699,0.4541999995708,22
47,fb3eff5b-2200-e811-9414-f0921c16b9e5,0.06575342465753424,0.4113000035286,23
47,fb3eff5b-2200-e811-9414-f0921c16b9e5,0.0684931506849315,0.368499994278,24
47,fb3eff5b-2200-e811-9414-f0921c16b9e5,0.07123287671232877,0.3239000141621,25
47,fb3eff5b-2200-e811-9414-f0921c16b9e5,0.07397260273972603,0.2863999903202,26
47,fb3eff5b-2200-e811-9414-f0921c16b9e5,0.07671232876712329,0.2504000067711,27
47,fb3eff5b-2200-e811-9414-f0921c16b9e5,0.07945205479452055,0.2134000062943,28
47,fb3eff5b-2200-e811-9414-f0921c16b9e5,0.0821917808219178,0.1826000064611,29
47,fb3eff5b-2200-e811-9414-f0921c16b9e5,0.08493150684931507,0.1574999988079,30
47,fb3eff5b-2200-e811-9414-f0921c16b9e5,0.08767123287671233,0.1367000043392,31
47,fb3eff5b-2200-e811-9414-f0921c16b9e5,0.09041095890410959,0.116700001061,32
47,fb3eff5b-2200-e811-9414-f0921c16b9e5,0.09315068493150686,0.1006999984384,33
47,fb3eff5b-2200-e811-9414-f0921c16b9e5,0.0958904109589041,0.0865999981761,34
47,fb3eff5b-2200-e811-9414-f0921c16b9e5,0.09863013698630137,0.07419999688864,35
47,fb3eff5b-2200-e811-9414-f0921c16b9e5,0.10136986301369863,0.06459999829531,36
47,fb3eff5b-2200-e811-9414-f0921c16b9e5,0.10410958904109589,0.055300001055,37
47,fb3eff5b-2200-e811-9414-f0921c16b9e5,0.10684931506849316,0.04740000143647,38
47,fb3eff5b-2200-e811-9414-f0921c16b9e5,0.1095890410958904,0.04230000078678,39
47,fb3eff5b-2200-e811-9414-f0921c16b9e5,0.11232876712328767,0.0359000004828,40
47,fb3eff5b-2200-e811-9414-f0921c16b9e5,0.11506849315068493,0.03050000034273,41
47,fb3eff5b-2200-e811-9414-f0921c16b9e5,0.1178082191780822,0.02520000003278,42
47,fb3eff5b-2200-e811-9414-f0921c16b9e5,0.12054794520547946,0.0223999992013,43
47,fb3eff5b-2200-e811-9414-f0921c16b9e5,0.1232876712328767,0.01899999938905,44
47,fb3eff5b-2200-e811-9414-f0921c16b9e5,0.12602739726027398,0.01590000092983,45
47,fb3eff5b-2200-e811-9414-f0921c16b9e5,0.12876712328767123,0.01350000035018,46
47,fb3eff5b-2200-e811-9414-f0921c16b9e5,0.13150684931506848,0.01150000002235,47
47,fb3eff5b-2200-e811-9414-f0921c16b9e5,0.13424657534246576,0.009800000116229,48
47,fb3eff5b-2200-e811-9414-f0921c16b9e5,0.136986301369863,0.00789999961853,49
47,fb3eff5b-2200-e811-9414-f0921c16b9e5,0.13972602739726028,0.006099999882281,50
47,fb3eff5b-2200-e811-9414-f0921c16b9e5,0.14246575342465753,0.005499999970198,51
47,fb3eff5b-2200-e811-9414-f0921c16b9e5,0.14520547945205478,0.004900000058115,52
47,fb3eff5b-2200-e811-9414-f0921c16b9e5,0.14794520547945206,0.004399999976158,53
47,fb3eff5b-2200-e811-9414-f0921c16b9e5,0.1506849315068493,0.003899999894202,54
47,fb3eff5b-2200-e811-9414-f0921c16b9e5,0.15342465753424658,0.003000000026077,55
47,fb3eff5b-2200-e811-9414-f0921c16b9e5,0.15616438356164383,0.002400000113994,56
47,fb3eff5b-2200-e811-9414-f0921c16b9e5,0.1589041095890411,0.001900000032037,57
47,fb3eff5b-2200-e811-9414-f0921c16b9e5,0.16164383561643836,0.001300000003539,58
47,fb3eff5b-2200-e811-9414-f0921c16b9e5,0.1643835616438356,0.0007999999797903,59
47,fb3eff5b-2200-e811-9414-f0921c16b9e5,0.16712328767123288,0.0006000000284985,60
47,fb3eff5b-2200-e811-9414-f0921c16b9e5,0.16986301369863013,0.0006000000284985,61
47,fb3eff5b-2200-e811-9414-f0921c16b9e5,0.1726027397260274,0.0003999999898952,62
47,fb3eff5b-2200-e811-9414-f0921c16b9e5,0.17534246575342466,0.0005000000237487,63
47,fb3eff5b-2200-e811-9414-f0921c16b9e5,0.1780821917808219,0.0005000000237487,64
47,fb3eff5b-2200-e811-9414-f0921c16b9e5,0.18082191780821918,0.0003999999898952,65
47,fb3eff5b-2200-e811-9414-f0921c16b9e5,0.18356164383561643,0.0003999999898952,66
47,fb3eff5b-2200-e811-9414-f0921c16b9e5,0.1863013698630137,0.0003999999898952,67
47,fb3eff5b-2200-e811-9414-f0921c16b9e5,0.18904109589041096,0.0003000000142492,68
47,fb3eff5b-2200-e811-9414-f0921c16b9e5,0.1917808219178082,9.999999747379e-05,69
47,fb3eff5b-2200-e811-9414-f0921c16b9e5,0.19452054794520549,9.999999747379e-05,70
47,fb3eff5b-2200-e811-9414-f0921c16b9e5,0.19726027397260273,9.999999747379e-05,71
47,fb3eff5b-2200-e811-9414-f0921c16b9e5,0.2,9.999999747379e-05,72
47,fb3eff5b-2200-e811-9414-f0921c16b9e5,0.20273972602739726,9.999999747379e-05,73
47,fb3eff5b-2200-e811-9414-f0921c16b9e5,0.2054794520547945,9.999999747379e-05,74
47,fb3eff5b-2200-e811-9414-f0921c16b9e5,0.20821917808219179,0.0,75
47,fb3eff5b-2200-e811-9414-f0921c16b9e5,0.21095890410958903,0.0,76
47,fb3eff5b-2200-e811-9414-f0921c16b9e5,0.2136986301369863,0.0,77
47,fb3eff5b-2200-e811-9414-f0921c16b9e5,0.21643835616438356,0.0,78
47,fb3eff5b-2200-e811-9414-f0921c16b9e5,0.2191780821917808,0.0,79
47,fb3eff5b-2200-e811-9414-f0921c16b9e5,0.2219178082191781,0.0,80
47,fb3eff5b-2200-e811-9414-f0921c16b9e5,0.22465753424657534,0.0,81
47,fb3eff5b-2200-e811-9414-f0921c16b9e5,0.2273972602739726,0.0,82
47,fb3eff5b-2200-e811-9414-f0921c16b9e5,0.23013698630136986,0.0,83
47,fb3eff5b-2200-e811-9414-f0921c16b9e5,0.2328767123287671,0.0,84
47,fb3eff5b-2200-e811-9414-f0921c16b9e5,0.2356164383561644,0.0,85
47,fb3eff5b-2200-e811-9414-f0921c16b9e5,0.23835616438356164,0.0,86
47,fb3eff5b-2200-e811-9414-f0921c16b9e5,0.2410958904109589,0.0,87
47,fb3eff5b-2200-e811-9414-f0921c16b9e5,0.24383561643835616,0.0,88
47,fb3eff5b-2200-e811-9414-f0921c16b9e5,0.2465753424657534,0.0,89
48,fa3eff5b-2200-e811-9414-f0921c16b9e5,0.0027397260273972603,0.0,0
48,fa3eff5b-2200-e811-9414-f0921c16b9e5,0.005479452054794521,0.0003999999898952,1
48,fa3eff5b-2200-e811-9414-f0921c16b9e5,0.00821917808219178,0.0006999999750406,2
48,fa3eff5b-2200-e811-9414-f0921c16b9e5,0.010958904109589041,0.001399999950081,3
48,fa3eff5b-2200-e811-9414-f0921c16b9e5,0.0136986301369863,0.001599999959581,4
48,fa3eff5b-2200-e811-9414-f0921c16b9e5,0.01643835616438356,0.002600000007078,5
48,fa3eff5b-2200-e811-9414-f0921c16b9e5,0.019178082191780823,0.005100000184029,6
48,fa3eff5b-2200-e811-9414-f0921c16b9e5,0.021917808219178082,0.008899999782443,7
48,fa3eff5b-2200-e811-9414-f0921c16b9e5,0.024657534246575342,0.01630000025034,8
48,fa3eff5b-2200-e811-9414-f0921c16b9e5,0.0273972602739726,0.02779999934137,9
48,fa3eff5b-2200-e811-9414-f0921c16b9e5,0.030136986301369864,0.04699999839067,10
48,fa3eff5b-2200-e811-9414-f0921c16b9e5,0.03287671232876712,0.07779999822378,11
48,fa3eff5b-2200-e811-9414-f0921c16b9e5,0.03561643835616438,0.1225999966264,12
48,fa3eff5b-2200-e811-9414-f0921c16b9e5,0.038356164383561646,0.1865999996662,13
48,fa3eff5b-2200-e811-9414-f0921c16b9e5,0.0410958904109589,0.2646000087261,14
48,fa3eff5b-2200-e811-9414-f0921c16b9e5,0.043835616438356165,0.3522000014782,15
48,fa3eff5b-2200-e811-9414-f0921c16b9e5,0.04657534246575343,0.4277000129223,16
48,fa3eff5b-2200-e811-9414-f0921c16b9e5,0.049315068493150684,0.4641000032425,17
48,fa3eff5b-2200-e811-9414-f0921c16b9e5,0.052054794520547946,0.46099999547,18
48,fa3eff5b-2200-e811-9414-f0921c16b9e5,0.0547945205479452,0.43259999156,19
48,fa3eff5b-2200-e811-9414-f0921c16b9e5,0.057534246575342465,0.3874000012875,20
48,fa3eff5b-2200-e811-9414-f0921c16b9e5,0.06027397260273973,0.3375000059605,21
48,fa3eff5b-2200-e811-9414-f0921c16b9e5,0.06301369863013699,0.2860000133514,22
48,fa3eff5b-2200-e811-9414-f0921c16b9e5,0.06575342465753424,0.2413000017405,23
48,fa3eff5b-2200-e811-9414-f0921c16b9e5,0.0684931506849315,0.2026000022888,24
48,fa3eff5b-2200-e811-9414-f0921c16b9e5,0.07123287671232877,0.1696999967098,25
48,fa3eff5b-2200-e811-9414-f0921c16b9e5,0.07397260273972603,0.139200001955,26
48,fa3eff5b-2200-e811-9414-f0921c16b9e5,0.07671232876712329,0.1142999976873,27
48,fa3eff5b-2200-e811-9414-f0921c16b9e5,0.07945205479452055,0.09719999879599,28
48,fa3eff5b-2200-e811-9414-f0921c16b9e5,0.0821917808219178,0.08030000329018,29
48,fa3eff5b-2200-e811-9414-f0921c16b9e5,0.08493150684931507,0.06740000098944,30
48,fa3eff5b-2200-e811-9414-f0921c16b9e5,0.08767123287671233,0.05249999836087,31
48,fa3eff5b-2200-e811-9414-f0921c16b9e5,0.09041095890410959,0.04270000010729,32
48,fa3eff5b-2200-e811-9414-f0921c16b9e5,0.09315068493150686,0.03579999879003,33
48,fa3eff5b-2200-e811-9414-f0921c16b9e5,0.0958904109589041,0.02969999983907,34
48,fa3eff5b-2200-e811-9414-f0921c16b9e5,0.09863013698630137,0.02459999918938,35
48,fa3eff5b-2200-e811-9414-f0921c16b9e5,0.10136986301369863,0.02040000073612,36
48,fa3eff5b-2200-e811-9414-f0921c16b9e5,0.10410958904109589,0.01600000075996,37
48,fa3eff5b-2200-e811-9414-f0921c16b9e5,0.10684931506849316,0.01310000009835,38
48,fa3eff5b-2200-e811-9414-f0921c16b9e5,0.1095890410958904,0.01080000028014,39
48,fa3eff5b-2200-e811-9414-f0921c16b9e5,0.11232876712328767,0.00870000012219,40
48,fa3eff5b-2200-e811-9414-f0921c16b9e5,0.11506849315068493,0.007100000046194,41
48,fa3eff5b-2200-e811-9414-f0921c16b9e5,0.1178082191780822,0.006000000052154,42
48,fa3eff5b-2200-e811-9414-f0921c16b9e5,0.12054794520547946,0.005299999844283,43
48,fa3eff5b-2200-e811-9414-f0921c16b9e5,0.1232876712328767,0.004499999806285,44
48,fa3eff5b-2200-e811-9414-f0921c16b9e5,0.12602739726027398,0.003700000001118,45
48,fa3eff5b-2200-e811-9414-f0921c16b9e5,0.12876712328767123,0.003000000026077,46
48,fa3eff5b-2200-e811-9414-f0921c16b9e5,0.13150684931506848,0.00289999996312,47
48,fa3eff5b-2200-e811-9414-f0921c16b9e5,0.13424657534246576,0.002099999925122,48
48,fa3eff5b-2200-e811-9414-f0921c16b9e5,0.136986301369863,0.001700000022538,49
48,fa3eff5b-2200-e811-9414-f0921c16b9e5,0.13972602739726028,0.001300000003539,50
48,fa3eff5b-2200-e811-9414-f0921c16b9e5,0.14246575342465753,0.00109999999404,51
48,fa3eff5b-2200-e811-9414-f0921c16b9e5,0.14520547945205478,0.00089999998454,52
48,fa3eff5b-2200-e811-9414-f0921c16b9e5,0.14794520547945206,0.0006999999750406,53
48,fa3eff5b-2200-e811-9414-f0921c16b9e5,0.1506849315068493,0.0006000000284985,54
48,fa3eff5b-2200-e811-9414-f0921c16b9e5,0.15342465753424658,0.0005000000237487,55
48,fa3eff5b-2200-e811-9414-f0921c16b9e5,0.15616438356164383,0.0005000000237487,56
48,fa3eff5b-2200-e811-9414-f0921c16b9e5,0.1589041095890411,0.0003000000142492,57
48,fa3eff5b-2200-e811-9414-f0921c16b9e5,0.16164383561643836,0.0001999999949476,58
48,fa3eff5b-2200-e811-9414-f0921c16b9e5,0.1643835616438356,0.0001999999949476,59
48,fa3eff5b-2200-e811-9414-f0921c16b9e5,0.16712328767123288,0.0001999999949476,60
48,fa3eff5b-2200-e811-9414-f0921c16b9e5,0.16986301369863013,0.0001999999949476,61
48,fa3eff5b-2200-e811-9414-f0921c16b9e5,0.1726027397260274,9.999999747379e-05,62
48,fa3eff5b-2200-e811-9414-f0921c16b9e5,0.17534246575342466,0.0,63
48,fa3eff5b-2200-e811-9414-f0921c16b9e5,0.1780821917808219,0.0,64
48,fa3eff5b-2200-e811-9414-f0921c16b9e5,0.18082191780821918,0.0,65
48,fa3eff5b-2200-e811-9414-f0921c16b9e5,0.18356164383561643,0.0,66
48,fa3eff5b-2200-e811-9414-f0921c16b9e5,0.1863013698630137,0.0,67
48,fa3eff5b-2200-e811-9414-f0921c16b9e5,0.18904109589041096,0.0,68
48,fa3eff5b-2200-e811-9414-f0921c16b9e5,0.1917808219178082,0.0,69
48,fa3eff5b-2200-e811-9414-f0921c16b9e5,0.19452054794520549,0.0,70
48,fa3eff5b-2200-e811-9414-f0921c16b9e5,0.19726027397260273,0.0,71
48,fa3eff5b-2200-e811-9414-f0921c16b9e5,0.2,0.0,72
48,fa3eff5b-2200-e811-9414-f0921c16b9e5,0.20273972602739726,0.0,73
48,fa3eff5b-2200-e811-9414-f0921c16b9e5,0.2054794520547945,0.0,74
48,fa3eff5b-2200-e811-9414-f0921c16b9e5,0.20821917808219179,0.0,75
48,fa3eff5b-2200-e811-9414-f0921c16b9e5,0.21095890410958903,0.0,76
48,fa3eff5b-2200-e811-9414-f0921c16b9e5,0.2136986301369863,0.0,77
48,fa3eff5b-2200-e811-9414-f0921c16b9e5,0.21643835616438356,0.0,78
48,fa3eff5b-2200-e811-9414-f0921c16b9e5,0.2191780821917808,0.0,79
48,fa3eff5b-2200-e811-9414-f0921c16b9e5,0.2219178082191781,0.0,80
48,fa3eff5b-2200-e811-9414-f0921c16b9e5,0.22465753424657534,0.0,81
48,fa3eff5b-2200-e811-9414-f0921c16b9e5,0.2273972602739726,0.0,82
48,fa3eff5b-2200-e811-9414-f0921c16b9e5,0.23013698630136986,0.0,83
48,fa3eff5b-2200-e811-9414-f0921c16b9e5,0.2328767123287671,0.0,84
48,fa3eff5b-2200-e811-9414-f0921c16b9e5,0.2356164383561644,0.0,85
48,fa3eff5b-2200-e811-9414-f0921c16b9e5,0.23835616438356164,0.0,86
48,fa3eff5b-2200-e811-9414-f0921c16b9e5,0.2410958904109589,0.0,87
48,fa3eff5b-2200-e811-9414-f0921c16b9e5,0.24383561643835616,0.0,88
48,fa3eff5b-2200-e811-9414-f0921c16b9e5,0.2465753424657534,0.0,89
49,f93eff5b-2200-e811-9414-f0921c16b9e5,0.0027397260273972603,0.0,0
49,f93eff5b-2200-e811-9414-f0921c16b9e5,0.005479452054794521,0.0,1
49,f93eff5b-2200-e811-9414-f0921c16b9e5,0.00821917808219178,0.0,2
49,f93eff5b-2200-e811-9414-f0921c16b9e5,0.010958904109589041,0.0,3
49,f93eff5b-2200-e811-9414-f0921c16b9e5,0.0136986301369863,0.0,4
49,f93eff5b-2200-e811-9414-f0921c16b9e5,0.01643835616438356,0.0,5
49,f93eff5b-2200-e811-9414-f0921c16b9e5,0.019178082191780823,0.0,6
49,f93eff5b-2200-e811-9414-f0921c16b9e5,0.021917808219178082,0.0,7
49,f93eff5b-2200-e811-9414-f0921c16b9e5,0.024657534246575342,0.0,8
49,f93eff5b-2200-e811-9414-f0921c16b9e5,0.0273972602739726,0.0,9
49,f93eff5b-2200-e811-9414-f0921c16b9e5,0.030136986301369864,0.0,10
49,f93eff5b-2200-e811-9414-f0921c16b9e5,0.03287671232876712,0.0,11
49,f93eff5b-2200-e811-9414-f0921c16b9e5,0.03561643835616438,0.0,12
49,f93eff5b-2200-e811-9414-f0921c16b9e5,0.038356164383561646,0.0,13
49,f93eff5b-2200-e811-9414-f0921c16b9e5,0.0410958904109589,0.0,14
49,f93eff5b-2200-e811-9414-f0921c16b9e5,0.043835616438356165,0.0,15
49,f93eff5b-2200-e811-9414-f0921c16b9e5,0.04657534246575343,0.0,16
49,f93eff5b-2200-e811-9414-f0921c16b9e5,0.049315068493150684,0.0,17
49,f93eff5b-2200-e811-9414-f0921c16b9e5,0.052054794520547946,0.0,18
49,f93eff5b-2200-e811-9414-f0921c16b9e5,0.0547945205479452,0.0,19
49,f93eff5b-2200-e811-9414-f0921c16b9e5,0.057534246575342465,0.0,20
49,f93eff5b-2200-e811-9414-f0921c16b9e5,0.06027397260273973,0.0,21
49,f93eff5b-2200-e811-9414-f0921c16b9e5,0.06301369863013699,0.0,22
49,f93eff5b-2200-e811-9414-f0921c16b9e5,0.06575342465753424,0.0,23
49,f93eff5b-2200-e811-9414-f0921c16b9e5,0.0684931506849315,0.0,24
49,f93eff5b-2200-e811-9414-f0921c16b9e5,0.07123287671232877,0.0,25
49,f93eff5b-2200-e811-9414-f0921c16b9e5,0.07397260273972603,0.0,26
49,f93eff5b-2200-e811-9414-f0921c16b9e5,0.07671232876712329,0.0,27
49,f93eff5b-2200-e811-9414-f0921c16b9e5,0.07945205479452055,0.0,28
49,f93eff5b-2200-e811-9414-f0921c16b9e5,0.0821917808219178,0.0,29
49,f93eff5b-2200-e811-9414-f0921c16b9e5,0.08493150684931507,0.0,30
49,f93eff5b-2200-e811-9414-f0921c16b9e5,0.08767123287671233,0.0,31
49,f93eff5b-2200-e811-9414-f0921c16b9e5,0.09041095890410959,0.0,32
49,f93eff5b-2200-e811-9414-f0921c16b9e5,0.09315068493150686,0.0,33
49,f93eff5b-2200-e811-9414-f0921c16b9e5,0.0958904109589041,0.0,34
49,f93eff5b-2200-e811-9414-f0921c16b9e5,0.09863013698630137,0.0,35
49,f93eff5b-2200-e811-9414-f0921c16b9e5,0.10136986301369863,0.0,36
49,f93eff5b-2200-e811-9414-f0921c16b9e5,0.10410958904109589,0.0,37
49,f93eff5b-2200-e811-9414-f0921c16b9e5,0.10684931506849316,0.0,38
49,f93eff5b-2200-e811-9414-f0921c16b9e5,0.1095890410958904,0.0,39
49,f93eff5b-2200-e811-9414-f0921c16b9e5,0.11232876712328767,0.0,40
49,f93eff5b-2200-e811-9414-f0921c16b9e5,0.11506849315068493,0.0,41
49,f93eff5b-2200-e811-9414-f0921c16b9e5,0.1178082191780822,0.0,42
49,f93eff5b-2200-e811-9414-f0921c16b9e5,0.12054794520547946,0.0,43
49,f93eff5b-2200-e811-9414-f0921c16b9e5,0.1232876712328767,0.0,44
49,f93eff5b-2200-e811-9414-f0921c16b9e5,0.12602739726027398,0.0,45
49,f93eff5b-2200-e811-9414-f0921c16b9e5,0.12876712328767123,0.0,46
49,f93eff5b-2200-e811-9414-f0921c16b9e5,0.13150684931506848,0.0,47
49,f93eff5b-2200-e811-9414-f0921c16b9e5,0.13424657534246576,0.0,48
49,f93eff5b-2200-e811-9414-f0921c16b9e5,0.136986301369863,0.0,49
49,f93eff5b-2200-e811-9414-f0921c16b9e5,0.13972602739726028,0.0,50
49,f93eff5b-2200-e811-9414-f0921c16b9e5,0.14246575342465753,0.0,51
49,f93eff5b-2200-e811-9414-f0921c16b9e5,0.14520547945205478,0.0,52
49,f93eff5b-2200-e811-9414-f0921c16b9e5,0.14794520547945206,0.0,53
49,f93eff5b-2200-e811-9414-f0921c16b9e5,0.1506849315068493,0.0,54
49,f93eff5b-2200-e811-9414-f0921c16b9e5,0.15342465753424658,0.0,55
49,f93eff5b-2200-e811-9414-f0921c16b9e5,0.15616438356164383,0.0,56
49,f93eff5b-2200-e811-9414-f0921c16b9e5,0.1589041095890411,0.0,57
49,f93eff5b-2200-e811-9414-f0921c16b9e5,0.16164383561643836,0.0,58
49,f93eff5b-2200-e811-9414-f0921c16b9e5,0.1643835616438356,0.0,59
49,f93eff5b-2200-e811-9414-f0921c16b9e5,0.16712328767123288,0.0,60
49,f93eff5b-2200-e811-9414-f0921c16b9e5,0.16986301369863013,0.0,61
49,f93eff5b-2200-e811-9414-f0921c16b9e5,0.1726027397260274,0.0,62
49,f93eff5b-2200-e811-9414-f0921c16b9e5,0.17534246575342466,0.0,63
49,f93eff5b-2200-e811-9414-f0921c16b9e5,0.1780821917808219,0.0,64
49,f93eff5b-2200-e811-9414-f0921c16b9e5,0.18082191780821918,0.0,65
49,f93eff5b-2200-e811-9414-f0921c16b9e5,0.18356164383561643,0.0,66
49,f93eff5b-2200-e811-9414-f0921c16b9e5,0.1863013698630137,0.0,67
49,f93eff5b-2200-e811-9414-f0921c16b9e5,0.18904109589041096,0.0,68
49,f93eff5b-2200-e811-9414-f0921c16b9e5,0.1917808219178082,0.0,69
49,f93eff5b-2200-e811-9414-f0921c16b9e5,0.19452054794520549,0.0,70
49,f93eff5b-2200-e811-9414-f0921c16b9e5,0.19726027397260273,0.0,71
49,f93eff5b-2200-e811-9414-f0921c16b9e5,0.2,0.0,72
49,f93eff5b-2200-e811-9414-f0921c16b9e5,0.20273972602739726,0.0,73
49,f93eff5b-2200-e811-9414-f0921c16b9e5,0.2054794520547945,0.0,74
49,f93eff5b-2200-e811-9414-f0921c16b9e5,0.20821917808219179,0.0,75
49,f93eff5b-2200-e811-9414-f0921c16b9e5,0.21095890410958903,0.0,76
49,f93eff5b-2200-e811-9414-f0921c16b9e5,0.2136986301369863,0.0,77
49,f93eff5b-2200-e811-9414-f0921c16b9e5,0.21643835616438356,0.0,78
49,f93eff5b-2200-e811-9414-f0921c16b9e5,0.2191780821917808,0.0,79
49,f93eff5b-2200-e811-9414-f0921c16b9e5,0.2219178082191781,0.0,80
49,f93eff5b-2200-e811-9414-f0921c16b9e5,0.22465753424657534,0.0,81
49,f93eff5b-2200-e811-9414-f0921c16b9e5,0.2273972602739726,0.0,82
49,f93eff5b-2200-e811-9414-f0921c16b9e5,0.23013698630136986,0.0,83
49,f93eff5b-2200-e811-9414-f0921c16b9e5,0.2328767123287671,0.0,84
49,f93eff5b-2200-e811-9414-f0921c16b9e5,0.2356164383561644,0.0,85
49,f93eff5b-2200-e811-9414-f0921c16b9e5,0.23835616438356164,0.0,86
49,f93eff5b-2200-e811-9414-f0921c16b9e5,0.2410958904109589,0.0,87
49,f93eff5b-2200-e811-9414-f0921c16b9e5,0.24383561643835616,0.0,88
49,f93eff5b-2200-e811-9414-f0921c16b9e5,0.2465753424657534,0.0,89
