Sample,Sim_Id,Year,Prevalence,Timestep
0,c1c14057-1c00-e811-9414-f0921c16b9e5,0.0027397260273972603,0.0,0
0,c1c14057-1c00-e811-9414-f0921c16b9e5,0.005479452054794521,0.0003999999898952,1
0,c1c14057-1c00-e811-9414-f0921c16b9e5,0.00821917808219178,0.0005000000237487,2
0,c1c14057-1c00-e811-9414-f0921c16b9e5,0.010958904109589041,0.00109999999404,3
0,c1c14057-1c00-e811-9414-f0921c16b9e5,0.0136986301369863,0.00179999996908,4
0,c1c14057-1c00-e811-9414-f0921c16b9e5,0.01643835616438356,0.002400000113994,5
0,c1c14057-1c00-e811-9414-f0921c16b9e5,0.019178082191780823,0.004999999888241,6
0,c1c14057-1c00-e811-9414-f0921c16b9e5,0.021917808219178082,0.01009999960661,7
0,c1c14057-1c00-e811-9414-f0921c16b9e5,0.024657534246575342,0.01820000074804,8
0,c1c14057-1c00-e811-9414-f0921c16b9e5,0.0273972602739726,0.03449999913573,9
0,c1c14057-1c00-e811-9414-f0921c16b9e5,0.030136986301369864,0.0705000013113,10
0,c1c14057-1c00-e811-9414-f0921c16b9e5,0.03287671232876712,0.1350000053644,11
0,c1c14057-1c00-e811-9414-f0921c16b9e5,0.03561643835616438,0.2362000048161,12
0,c1c14057-1c00-e811-9414-f0921c16b9e5,0.038356164383561646,0.3738999962807,13
0,c1c14057-1c00-e811-9414-f0921c16b9e5,0.0410958904109589,0.5289999842644,14
0,c1c14057-1c00-e811-9414-f0921c16b9e5,0.043835616438356165,0.6471999883652,15
0,c1c14057-1c00-e811-9414-f0921c16b9e5,0.04657534246575343,0.6934000253677,16
0,c1c14057-1c00-e811-9414-f0921c16b9e5,0.049315068493150684,0.6822999715805,17
0,c1c14057-1c00-e811-9414-f0921c16b9e5,0.052054794520547946,0.6438000202179,18
0,c1c14057-1c00-e811-9414-f0921c16b9e5,0.0547945205479452,0.5964000225067,19
0,c1c14057-1c00-e811-9414-f0921c16b9e5,0.057534246575342465,0.547200024128,20
0,c1c14057-1c00-e811-9414-f0921c16b9e5,0.06027397260273973,0.4995000064373,21
0,c1c14057-1c00-e811-9414-f0921c16b9e5,0.06301369863013699,0.4539999961853,22
0,c1c14057-1c00-e811-9414-f0921c16b9e5,0.06575342465753424,0.4115000069141,23
0,c1c14057-1c00-e811-9414-f0921c16b9e5,0.0684931506849315,0.3745999932289,24
0,c1c14057-1c00-e811-9414-f0921c16b9e5,0.07123287671232877,0.3395999968052,25
0,c1c14057-1c00-e811-9414-f0921c16b9e5,0.07397260273972603,0.3066000044346,26
0,c1c14057-1c00-e811-9414-f0921c16b9e5,0.07671232876712329,0.2752999961376,27
0,c1c14057-1c00-e811-9414-f0921c16b9e5,0.07945205479452055,0.2504999935627,28
0,c1c14057-1c00-e811-9414-f0921c16b9e5,0.0821917808219178,0.2258999943733,29
0,c1c14057-1c00-e811-9414-f0921c16b9e5,0.08493150684931507,0.2038999944925,30
0,c1c14057-1c00-e811-9414-f0921c16b9e5,0.08767123287671233,0.1849000006914,31
0,c1c14057-1c00-e811-9414-f0921c16b9e5,0.09041095890410959,0.167999997735,32
0,c1c14057-1c00-e811-9414-f0921c16b9e5,0.09315068493150686,0.1508000046015,33
0,c1c14057-1c00-e811-9414-f0921c16b9e5,0.0958904109589041,0.1358000040054,34
0,c1c14057-1c00-e811-9414-f0921c16b9e5,0.09863013698630137,0.1221999973059,35
0,c1c14057-1c00-e811-9414-f0921c16b9e5,0.10136986301369863,0.1108999997377,36
0,c1c14057-1c00-e811-9414-f0921c16b9e5,0.10410958904109589,0.0992000028491,37
0,c1c14057-1c00-e811-9414-f0921c16b9e5,0.10684931506849316,0.09049999713898,38
0,c1c14057-1c00-e811-9414-f0921c16b9e5,0.1095890410958904,0.08139999955893,39
0,c1c14057-1c00-e811-9414-f0921c16b9e5,0.11232876712328767,0.07419999688864,40
0,c1c14057-1c00-e811-9414-f0921c16b9e5,0.11506849315068493,0.06679999828339,41
0,c1c14057-1c00-e811-9414-f0921c16b9e5,0.1178082191780822,0.06140000000596,42
0,c1c14057-1c00-e811-9414-f0921c16b9e5,0.12054794520547946,0.05579999834299,43
0,c1c14057-1c00-e811-9414-f0921c16b9e5,0.1232876712328767,0.05009999871254,44
0,c1c14057-1c00-e811-9414-f0921c16b9e5,0.12602739726027398,0.04580000042915,45
0,c1c14057-1c00-e811-9414-f0921c16b9e5,0.12876712328767123,0.04019999876618,46
0,c1c14057-1c00-e811-9414-f0921c16b9e5,0.13150684931506848,0.03660000115633,47
0,c1c14057-1c00-e811-9414-f0921c16b9e5,0.13424657534246576,0.03319999948144,48
0,c1c14057-1c00-e811-9414-f0921c16b9e5,0.136986301369863,0.03089999966323,49
0,c1c14057-1c00-e811-9414-f0921c16b9e5,0.13972602739726028,0.02820000052452,50
0,c1c14057-1c00-e811-9414-f0921c16b9e5,0.14246575342465753,0.02539999969304,51
0,c1c14057-1c00-e811-9414-f0921c16b9e5,0.14520547945205478,0.02280000038445,52
0,c1c14057-1c00-e811-9414-f0921c16b9e5,0.14794520547945206,0.01989999972284,53
0,c1c14057-1c00-e811-9414-f0921c16b9e5,0.1506849315068493,0.01759999990463,54
0,c1c14057-1c00-e811-9414-f0921c16b9e5,0.15342465753424658,0.01640000008047,55
0,c1c14057-1c00-e811-9414-f0921c16b9e5,0.15616438356164383,0.01460000034422,56
0,c1c14057-1c00-e811-9414-f0921c16b9e5,0.1589041095890411,0.01310000009835,57
0,c1c14057-1c00-e811-9414-f0921c16b9e5,0.16164383561643836,0.01180000044405,58
0,c1c14057-1c00-e811-9414-f0921c16b9e5,0.1643835616438356,0.0109999999404,59
0,c1c14057-1c00-e811-9414-f0921c16b9e5,0.16712328767123288,0.009399999864399,60
0,c1c14057-1c00-e811-9414-f0921c16b9e5,0.16986301369863013,0.00870000012219,61
0,c1c14057-1c00-e811-9414-f0921c16b9e5,0.1726027397260274,0.008100000210106,62
0,c1c14057-1c00-e811-9414-f0921c16b9e5,0.17534246575342466,0.007300000172108,63
0,c1c14057-1c00-e811-9414-f0921c16b9e5,0.1780821917808219,0.006599999964237,64
0,c1c14057-1c00-e811-9414-f0921c16b9e5,0.18082191780821918,0.006099999882281,65
0,c1c14057-1c00-e811-9414-f0921c16b9e5,0.18356164383561643,0.005499999970198,66
0,c1c14057-1c00-e811-9414-f0921c16b9e5,0.1863013698630137,0.005200000014156,67
0,c1c14057-1c00-e811-9414-f0921c16b9e5,0.18904109589041096,0.004800000227988,68
0,c1c14057-1c00-e811-9414-f0921c16b9e5,0.1917808219178082,0.004499999806285,69
0,c1c14057-1c00-e811-9414-f0921c16b9e5,0.19452054794520549,0.00400000018999,70
0,c1c14057-1c00-e811-9414-f0921c16b9e5,0.19726027397260273,0.00359999993816,71
0,c1c14057-1c00-e811-9414-f0921c16b9e5,0.2,0.003400000045076,72
0,c1c14057-1c00-e811-9414-f0921c16b9e5,0.20273972602739726,0.003000000026077,73
0,c1c14057-1c00-e811-9414-f0921c16b9e5,0.2054794520547945,0.002799999900162,74
0,c1c14057-1c00-e811-9414-f0921c16b9e5,0.20821917808219179,0.002499999944121,75
0,c1c14057-1c00-e811-9414-f0921c16b9e5,0.21095890410958903,0.002000000094995,76
0,c1c14057-1c00-e811-9414-f0921c16b9e5,0.2136986301369863,0.00179999996908,77
0,c1c14057-1c00-e811-9414-f0921c16b9e5,0.21643835616438356,0.001399999950081,78
0,c1c14057-1c00-e811-9414-f0921c16b9e5,0.2191780821917808,0.001399999950081,79
0,c1c14057-1c00-e811-9414-f0921c16b9e5,0.2219178082191781,0.001200000056997,80
0,c1c14057-1c00-e811-9414-f0921c16b9e5,0.22465753424657534,0.00109999999404,81
0,c1c14057-1c00-e811-9414-f0921c16b9e5,0.2273972602739726,0.001000000047497,82
0,c1c14057-1c00-e811-9414-f0921c16b9e5,0.23013698630136986,0.001000000047497,83
0,c1c14057-1c00-e811-9414-f0921c16b9e5,0.2328767123287671,0.00089999998454,84
0,c1c14057-1c00-e811-9414-f0921c16b9e5,0.2356164383561644,0.0007999999797903,85
0,c1c14057-1c00-e811-9414-f0921c16b9e5,0.23835616438356164,0.0007999999797903,86
0,c1c14057-1c00-e811-9414-f0921c16b9e5,0.2410958904109589,0.0006999999750406,87
0,c1c14057-1c00-e811-9414-f0921c16b9e5,0.24383561643835616,0.0006999999750406,88
0,c1c14057-1c00-e811-9414-f0921c16b9e5,0.2465753424657534,0.0005000000237487,89
1,c0c14057-1c00-e811-9414-f0921c16b9e5,0.0027397260273972603,0.0,0
1,c0c14057-1c00-e811-9414-f0921c16b9e5,0.005479452054794521,0.0003999999898952,1
1,c0c14057-1c00-e811-9414-f0921c16b9e5,0.00821917808219178,0.002300000051036,2
1,c0c14057-1c00-e811-9414-f0921c16b9e5,0.010958904109589041,0.01750000007451,3
1,c0c14057-1c00-e811-9414-f0921c16b9e5,0.0136986301369863,0.1123000010848,4
1,c0c14057-1c00-e811-9414-f0921c16b9e5,0.01643835616438356,0.5223000049591,5
1,c0c14057-1c00-e811-9414-f0921c16b9e5,0.019178082191780823,0.706700026989,6
1,c0c14057-1c00-e811-9414-f0921c16b9e5,0.021917808219178082,0.428200006485,7
1,c0c14057-1c00-e811-9414-f0921c16b9e5,0.024657534246575342,0.2477999925613,8
1,c0c14057-1c00-e811-9414-f0921c16b9e5,0.0273972602739726,0.1475999951363,9
1,c0c14057-1c00-e811-9414-f0921c16b9e5,0.030136986301369864,0.08630000054836,10
1,c0c14057-1c00-e811-9414-f0921c16b9e5,0.03287671232876712,0.05040000006557,11
1,c0c14057-1c00-e811-9414-f0921c16b9e5,0.03561643835616438,0.02999999932945,12
1,c0c14057-1c00-e811-9414-f0921c16b9e5,0.038356164383561646,0.01590000092983,13
1,c0c14057-1c00-e811-9414-f0921c16b9e5,0.0410958904109589,0.01020000036806,14
1,c0c14057-1c00-e811-9414-f0921c16b9e5,0.043835616438356165,0.006200000178069,15
1,c0c14057-1c00-e811-9414-f0921c16b9e5,0.04657534246575343,0.003700000001118,16
1,c0c14057-1c00-e811-9414-f0921c16b9e5,0.049315068493150684,0.002300000051036,17
1,c0c14057-1c00-e811-9414-f0921c16b9e5,0.052054794520547946,0.001399999950081,18
1,c0c14057-1c00-e811-9414-f0921c16b9e5,0.0547945205479452,0.0007999999797903,19
1,c0c14057-1c00-e811-9414-f0921c16b9e5,0.057534246575342465,0.0005000000237487,20
1,c0c14057-1c00-e811-9414-f0921c16b9e5,0.06027397260273973,0.0003000000142492,21
1,c0c14057-1c00-e811-9414-f0921c16b9e5,0.06301369863013699,0.0003000000142492,22
1,c0c14057-1c00-e811-9414-f0921c16b9e5,0.06575342465753424,9.999999747379e-05,23
1,c0c14057-1c00-e811-9414-f0921c16b9e5,0.0684931506849315,0.0,24
1,c0c14057-1c00-e811-9414-f0921c16b9e5,0.07123287671232877,0.0,25
1,c0c14057-1c00-e811-9414-f0921c16b9e5,0.07397260273972603,0.0,26
1,c0c14057-1c00-e811-9414-f0921c16b9e5,0.07671232876712329,0.0,27
1,c0c14057-1c00-e811-9414-f0921c16b9e5,0.07945205479452055,0.0,28
1,c0c14057-1c00-e811-9414-f0921c16b9e5,0.0821917808219178,0.0,29
1,c0c14057-1c00-e811-9414-f0921c16b9e5,0.08493150684931507,0.0,30
1,c0c14057-1c00-e811-9414-f0921c16b9e5,0.08767123287671233,0.0,31
1,c0c14057-1c00-e811-9414-f0921c16b9e5,0.09041095890410959,0.0,32
1,c0c14057-1c00-e811-9414-f0921c16b9e5,0.09315068493150686,0.0,33
1,c0c14057-1c00-e811-9414-f0921c16b9e5,0.0958904109589041,0.0,34
1,c0c14057-1c00-e811-9414-f0921c16b9e5,0.09863013698630137,0.0,35
1,c0c14057-1c00-e811-9414-f0921c16b9e5,0.10136986301369863,0.0,36
1,c0c14057-1c00-e811-9414-f0921c16b9e5,0.10410958904109589,0.0,37
1,c0c14057-1c00-e811-9414-f0921c16b9e5,0.10684931506849316,0.0,38
1,c0c14057-1c00-e811-9414-f0921c16b9e5,0.1095890410958904,0.0,39
1,c0c14057-1c00-e811-9414-f0921c16b9e5,0.11232876712328767,0.0,40
1,c0c14057-1c00-e811-9414-f0921c16b9e5,0.11506849315068493,0.0,41
1,c0c14057-1c00-e811-9414-f0921c16b9e5,0.1178082191780822,0.0,42
1,c0c14057-1c00-e811-9414-f0921c16b9e5,0.12054794520547946,0.0,43
1,c0c14057-1c00-e811-9414-f0921c16b9e5,0.1232876712328767,0.0,44
1,c0c14057-1c00-e811-9414-f0921c16b9e5,0.12602739726027398,0.0,45
1,c0c14057-1c00-e811-9414-f0921c16b9e5,0.12876712328767123,0.0,46
1,c0c14057-1c00-e811-9414-f0921c16b9e5,0.13150684931506848,0.0,47
1,c0c14057-1c00-e811-9414-f0921c16b9e5,0.13424657534246576,0.0,48
1,c0c14057-1c00-e811-9414-f0921c16b9e5,0.136986301369863,0.0,49
1,c0c14057-1c00-e811-9414-f0921c16b9e5,0.13972602739726028,0.0,50
1,c0c14057-1c00-e811-9414-f0921c16b9e5,0.14246575342465753,0.0,51
1,c0c14057-1c00-e811-9414-f0921c16b9e5,0.14520547945205478,0.0,52
1,c0c14057-1c00-e811-9414-f0921c16b9e5,0.14794520547945206,0.0,53
1,c0c14057-1c00-e811-9414-f0921c16b9e5,0.1506849315068493,0.0,54
1,c0c14057-1c00-e811-9414-f0921c16b9e5,0.15342465753424658,0.0,55
1,c0c14057-1c00-e811-9414-f0921c16b9e5,0.15616438356164383,0.0,56
1,c0c14057-1c00-e811-9414-f0921c16b9e5,0.1589041095890411,0.0,57
1,c0c14057-1c00-e811-9414-f0921c16b9e5,0.16164383561643836,0.0,58
1,c0c14057-1c00-e811-9414-f0921c16b9e5,0.1643835616438356,0.0,59
1,c0c14057-1c00-e811-9414-f0921c16b9e5,0.16712328767123288,0.0,60
1,c0c14057-1c00-e811-9414-f0921c16b9e5,0.16986301369863013,0.0,61
1,c0c14057-1c00-e811-9414-f0921c16b9e5,0.1726027397260274,0.0,62
1,c0c14057-1c00-e811-9414-f0921c16b9e5,0.17534246575342466,0.0,63
1,c0c14057-1c00-e811-9414-f0921c16b9e5,0.1780821917808219,0.0,64
1,c0c14057-1c00-e811-9414-f0921c16b9e5,0.18082191780821918,0.0,65
1,c0c14057-1c00-e811-9414-f0921c16b9e5,0.18356164383561643,0.0,66
1,c0c14057-1c00-e811-9414-f0921c16b9e5,0.1863013698630137,0.0,67
1,c0c14057-1c00-e811-9414-f0921c16b9e5,0.18904109589041096,0.0,68
1,c0c14057-1c00-e811-9414-f0921c16b9e5,0.1917808219178082,0.0,69
1,c0c14057-1c00-e811-9414-f0921c16b9e5,0.19452054794520549,0.0,70
1,c0c14057-1c00-e811-9414-f0921c16b9e5,0.19726027397260273,0.0,71
1,c0c14057-1c00-e811-9414-f0921c16b9e5,0.2,0.0,72
1,c0c14057-1c00-e811-9414-f0921c16b9e5,0.20273972602739726,0.0,73
1,c0c14057-1c00-e811-9414-f0921c16b9e5,0.2054794520547945,0.0,74
1,c0c14057-1c00-e811-9414-f0921c16b9e5,0.20821917808219179,0.0,75
1,c0c14057-1c00-e811-9414-f0921c16b9e5,0.21095890410958903,0.0,76
1,c0c14057-1c00-e811-9414-f0921c16b9e5,0.2136986301369863,0.0,77
1,c0c14057-1c00-e811-9414-f0921c16b9e5,0.21643835616438356,0.0,78
1,c0c14057-1c00-e811-9414-f0921c16b9e5,0.2191780821917808,0.0,79
1,c0c14057-1c00-e811-9414-f0921c16b9e5,0.2219178082191781,0.0,80
1,c0c14057-1c00-e811-9414-f0921c16b9e5,0.22465753424657534,0.0,81
1,c0c14057-1c00-e811-9414-f0921c16b9e5,0.2273972602739726,0.0,82
1,c0c14057-1c00-e811-9414-f0921c16b9e5,0.23013698630136986,0.0,83
1,c0c14057-1c00-e811-9414-f0921c16b9e5,0.2328767123287671,0.0,84
1,c0c14057-1c00-e811-9414-f0921c16b9e5,0.2356164383561644,0.0,85
1,c0c14057-1c00-e811-9414-f0921c16b9e5,0.23835616438356164,0.0,86
1,c0c14057-1c00-e811-9414-f0921c16b9e5,0.2410958904109589,0.0,87
1,c0c14057-1c00-e811-9414-f0921c16b9e5,0.24383561643835616,0.0,88
1,c0c14057-1c00-e811-9414-f0921c16b9e5,0.2465753424657534,0.0,89
2,bfc14057-1c00-e811-9414-f0921c16b9e5,0.0027397260273972603,0.0,0
2,bfc14057-1c00-e811-9414-f0921c16b9e5,0.005479452054794521,0.0003000000142492,1
2,bfc14057-1c00-e811-9414-f0921c16b9e5,0.00821917808219178,0.001399999950081,2
2,bfc14057-1c00-e811-9414-f0921c16b9e5,0.010958904109589041,0.00870000012219,3
2,bfc14057-1c00-e811-9414-f0921c16b9e5,0.0136986301369863,0.05359999835491,4
2,bfc14057-1c00-e811-9414-f0921c16b9e5,0.01643835616438356,0.276800006628,5
2,bfc14057-1c00-e811-9414-f0921c16b9e5,0.019178082191780823,0.7516000270844,6
2,bfc14057-1c00-e811-9414-f0921c16b9e5,0.021917808219178082,0.7372000217438,7
2,bfc14057-1c00-e811-9414-f0921c16b9e5,0.024657534246575342,0.5630999803543,8
2,bfc14057-1c00-e811-9414-f0921c16b9e5,0.0273972602739726,0.4300999939442,9
2,bfc14057-1c00-e811-9414-f0921c16b9e5,0.030136986301369864,0.3300999999046,10
2,bfc14057-1c00-e811-9414-f0921c16b9e5,0.03287671232876712,0.2513000071049,11
2,bfc14057-1c00-e811-9414-f0921c16b9e5,0.03561643835616438,0.1941000074148,12
2,bfc14057-1c00-e811-9414-f0921c16b9e5,0.038356164383561646,0.1517000049353,13
2,bfc14057-1c00-e811-9414-f0921c16b9e5,0.0410958904109589,0.1154000014067,14
2,bfc14057-1c00-e811-9414-f0921c16b9e5,0.043835616438356165,0.08850000053644,15
2,bfc14057-1c00-e811-9414-f0921c16b9e5,0.04657534246575343,0.06780000030994,16
2,bfc14057-1c00-e811-9414-f0921c16b9e5,0.049315068493150684,0.05299999937415,17
2,bfc14057-1c00-e811-9414-f0921c16b9e5,0.052054794520547946,0.04069999977946,18
2,bfc14057-1c00-e811-9414-f0921c16b9e5,0.0547945205479452,0.03139999881387,19
2,bfc14057-1c00-e811-9414-f0921c16b9e5,0.057534246575342465,0.02370000071824,20
2,bfc14057-1c00-e811-9414-f0921c16b9e5,0.06027397260273973,0.01810000091791,21
2,bfc14057-1c00-e811-9414-f0921c16b9e5,0.06301369863013699,0.01260000001639,22
2,bfc14057-1c00-e811-9414-f0921c16b9e5,0.06575342465753424,0.009800000116229,23
2,bfc14057-1c00-e811-9414-f0921c16b9e5,0.0684931506849315,0.007799999788404,24
2,bfc14057-1c00-e811-9414-f0921c16b9e5,0.07123287671232877,0.005799999926239,25
2,bfc14057-1c00-e811-9414-f0921c16b9e5,0.07397260273972603,0.003800000064075,26
2,bfc14057-1c00-e811-9414-f0921c16b9e5,0.07671232876712329,0.003000000026077,27
2,bfc14057-1c00-e811-9414-f0921c16b9e5,0.07945205479452055,0.002600000007078,28
2,bfc14057-1c00-e811-9414-f0921c16b9e5,0.0821917808219178,0.001900000032037,29
2,bfc14057-1c00-e811-9414-f0921c16b9e5,0.08493150684931507,0.001599999959581,30
2,bfc14057-1c00-e811-9414-f0921c16b9e5,0.08767123287671233,0.001399999950081,31
2,bfc14057-1c00-e811-9414-f0921c16b9e5,0.09041095890410959,0.00109999999404,32
2,bfc14057-1c00-e811-9414-f0921c16b9e5,0.09315068493150686,0.00089999998454,33
2,bfc14057-1c00-e811-9414-f0921c16b9e5,0.0958904109589041,0.0007999999797903,34
2,bfc14057-1c00-e811-9414-f0921c16b9e5,0.09863013698630137,0.0003999999898952,35
2,bfc14057-1c00-e811-9414-f0921c16b9e5,0.10136986301369863,0.0003999999898952,36
2,bfc14057-1c00-e811-9414-f0921c16b9e5,0.10410958904109589,0.0003000000142492,37
2,bfc14057-1c00-e811-9414-f0921c16b9e5,0.10684931506849316,9.999999747379e-05,38
2,bfc14057-1c00-e811-9414-f0921c16b9e5,0.1095890410958904,9.999999747379e-05,39
2,bfc14057-1c00-e811-9414-f0921c16b9e5,0.11232876712328767,0.0,40
2,bfc14057-1c00-e811-9414-f0921c16b9e5,0.11506849315068493,0.0,41
2,bfc14057-1c00-e811-9414-f0921c16b9e5,0.1178082191780822,0.0,42
2,bfc14057-1c00-e811-9414-f0921c16b9e5,0.12054794520547946,0.0,43
2,bfc14057-1c00-e811-9414-f0921c16b9e5,0.1232876712328767,0.0,44
2,bfc14057-1c00-e811-9414-f0921c16b9e5,0.12602739726027398,0.0,45
2,bfc14057-1c00-e811-9414-f0921c16b9e5,0.12876712328767123,0.0,46
2,bfc14057-1c00-e811-9414-f0921c16b9e5,0.13150684931506848,0.0,47
2,bfc14057-1c00-e811-9414-f0921c16b9e5,0.13424657534246576,0.0,48
2,bfc14057-1c00-e811-9414-f0921c16b9e5,0.136986301369863,0.0,49
2,bfc14057-1c00-e811-9414-f0921c16b9e5,0.13972602739726028,0.0,50
2,bfc14057-1c00-e811-9414-f0921c16b9e5,0.14246575342465753,0.0,51
2,bfc14057-1c00-e811-9414-f0921c16b9e5,0.14520547945205478,0.0,52
2,bfc14057-1c00-e811-9414-f0921c16b9e5,0.14794520547945206,0.0,53
2,bfc14057-1c00-e811-9414-f0921c16b9e5,0.1506849315068493,0.0,54
2,bfc14057-1c00-e811-9414-f0921c16b9e5,0.15342465753424658,0.0,55
2,bfc14057-1c00-e811-9414-f0921c16b9e5,0.15616438356164383,0.0,56
2,bfc14057-1c00-e811-9414-f0921c16b9e5,0.1589041095890411,0.0,57
2,bfc14057-1c00-e811-9414-f0921c16b9e5,0.16164383561643836,0.0,58
2,bfc14057-1c00-e811-9414-f0921c16b9e5,0.1643835616438356,0.0,59
2,bfc14057-1c00-e811-9414-f0921c16b9e5,0.16712328767123288,0.0,60
2,bfc14057-1c00-e811-9414-f0921c16b9e5,0.16986301369863013,0.0,61
2,bfc14057-1c00-e811-9414-f0921c16b9e5,0.1726027397260274,0.0,62
2,bfc14057-1c00-e811-9414-f0921c16b9e5,0.17534246575342466,0.0,63
2,bfc14057-1c00-e811-9414-f0921c16b9e5,0.1780821917808219,0.0,64
2,bfc14057-1c00-e811-9414-f0921c16b9e5,0.18082191780821918,0.0,65
2,bfc14057-1c00-e811-9414-f0921c16b9e5,0.18356164383561643,0.0,66
2,bfc14057-1c00-e811-9414-f0921c16b9e5,0.1863013698630137,0.0,67
2,bfc14057-1c00-e811-9414-f0921c16b9e5,0.18904109589041096,0.0,68
2,bfc14057-1c00-e811-9414-f0921c16b9e5,0.1917808219178082,0.0,69
2,bfc14057-1c00-e811-9414-f0921c16b9e5,0.19452054794520549,0.0,70
2,bfc14057-1c00-e811-9414-f0921c16b9e5,0.19726027397260273,0.0,71
2,bfc14057-1c00-e811-9414-f0921c16b9e5,0.2,0.0,72
2,bfc14057-1c00-e811-9414-f0921c16b9e5,0.20273972602739726,0.0,73
2,bfc14057-1c00-e811-9414-f0921c16b9e5,0.2054794520547945,0.0,74
2,bfc14057-1c00-e811-9414-f0921c16b9e5,0.20821917808219179,0.0,75
2,bfc14057-1c00-e811-9414-f0921c16b9e5,0.21095890410958903,0.0,76
2,bfc14057-1c00-e811-9414-f0921c16b9e5,0.2136986301369863,0.0,77
2,bfc14057-1c00-e811-9414-f0921c16b9e5,0.21643835616438356,0.0,78
2,bfc14057-1c00-e811-9414-f0921c16b9e5,0.2191780821917808,0.0,79
2,bfc14057-1c00-e811-9414-f0921c16b9e5,0.2219178082191781,0.0,80
2,bfc14057-1c00-e811-9414-f0921c16b9e5,0.22465753424657534,0.0,81
2,bfc14057-1c00-e811-9414-f0921c16b9e5,0.2273972602739726,0.0,82
2,bfc14057-1c00-e811-9414-f0921c16b9e5,0.23013698630136986,0.0,83
2,bfc14057-1c00-e811-9414-f0921c16b9e5,0.2328767123287671,0.0,84
2,bfc14057-1c00-e811-9414-f0921c16b9e5,0.2356164383561644,0.0,85
2,bfc14057-1c00-e811-9414-f0921c16b9e5,0.23835616438356164,0.0,86
2,bfc14057-1c00-e811-9414-f0921c16b9e5,0.2410958904109589,0.0,87
2,bfc14057-1c00-e811-9414-f0921c16b9e5,0.24383561643835616,0.0,88
2,bfc14057-1c00-e811-9414-f0921c16b9e5,0.2465753424657534,0.0,89
3,bec14057-1c00-e811-9414-f0921c16b9e5,0.0027397260273972603,0.0,0
3,bec14057-1c00-e811-9414-f0921c16b9e5,0.005479452054794521,0.00109999999404,1
3,bec14057-1c00-e811-9414-f0921c16b9e5,0.00821917808219178,0.002400000113994,2
3,bec14057-1c00-e811-9414-f0921c16b9e5,0.010958904109589041,0.004800000227988,3
3,bec14057-1c00-e811-9414-f0921c16b9e5,0.0136986301369863,0.009300000034273,4
3,bec14057-1c00-e811-9414-f0921c16b9e5,0.01643835616438356,0.01759999990463,5
3,bec14057-1c00-e811-9414-f0921c16b9e5,0.019178082191780823,0.02920000068843,6
3,bec14057-1c00-e811-9414-f0921c16b9e5,0.021917808219178082,0.05180000141263,7
3,bec14057-1c00-e811-9414-f0921c16b9e5,0.024657534246575342,0.0882999971509,8
3,bec14057-1c00-e811-9414-f0921c16b9e5,0.0273972602739726,0.1411000043154,9
3,bec14057-1c00-e811-9414-f0921c16b9e5,0.030136986301369864,0.2100999951363,10
3,bec14057-1c00-e811-9414-f0921c16b9e5,0.03287671232876712,0.2852999866009,11
3,bec14057-1c00-e811-9414-f0921c16b9e5,0.03561643835616438,0.3314999938011,12
3,bec14057-1c00-e811-9414-f0921c16b9e5,0.038356164383561646,0.3366000056267,13
3,bec14057-1c00-e811-9414-f0921c16b9e5,0.0410958904109589,0.2969000041485,14
3,bec14057-1c00-e811-9414-f0921c16b9e5,0.043835616438356165,0.247600004077,15
3,bec14057-1c00-e811-9414-f0921c16b9e5,0.04657534246575343,0.186700001359,16
3,bec14057-1c00-e811-9414-f0921c16b9e5,0.049315068493150684,0.1352999955416,17
3,bec14057-1c00-e811-9414-f0921c16b9e5,0.052054794520547946,0.09780000150204,18
3,bec14057-1c00-e811-9414-f0921c16b9e5,0.0547945205479452,0.07119999825954,19
3,bec14057-1c00-e811-9414-f0921c16b9e5,0.057534246575342465,0.05090000107884,20
3,bec14057-1c00-e811-9414-f0921c16b9e5,0.06027397260273973,0.03610000014305,21
3,bec14057-1c00-e811-9414-f0921c16b9e5,0.06301369863013699,0.02690000087023,22
3,bec14057-1c00-e811-9414-f0921c16b9e5,0.06575342465753424,0.01920000091195,23
3,bec14057-1c00-e811-9414-f0921c16b9e5,0.0684931506849315,0.01370000001043,24
3,bec14057-1c00-e811-9414-f0921c16b9e5,0.07123287671232877,0.00870000012219,25
3,bec14057-1c00-e811-9414-f0921c16b9e5,0.07397260273972603,0.006800000090152,26
3,bec14057-1c00-e811-9414-f0921c16b9e5,0.07671232876712329,0.005100000184029,27
3,bec14057-1c00-e811-9414-f0921c16b9e5,0.07945205479452055,0.003199999919161,28
3,bec14057-1c00-e811-9414-f0921c16b9e5,0.0821917808219178,0.002499999944121,29
3,bec14057-1c00-e811-9414-f0921c16b9e5,0.08493150684931507,0.001599999959581,30
3,bec14057-1c00-e811-9414-f0921c16b9e5,0.08767123287671233,0.001000000047497,31
3,bec14057-1c00-e811-9414-f0921c16b9e5,0.09041095890410959,0.0006999999750406,32
3,bec14057-1c00-e811-9414-f0921c16b9e5,0.09315068493150686,0.0006000000284985,33
3,bec14057-1c00-e811-9414-f0921c16b9e5,0.0958904109589041,0.0005000000237487,34
3,bec14057-1c00-e811-9414-f0921c16b9e5,0.09863013698630137,0.0006000000284985,35
3,bec14057-1c00-e811-9414-f0921c16b9e5,0.10136986301369863,0.0005000000237487,36
3,bec14057-1c00-e811-9414-f0921c16b9e5,0.10410958904109589,0.0003999999898952,37
3,bec14057-1c00-e811-9414-f0921c16b9e5,0.10684931506849316,0.0003000000142492,38
3,bec14057-1c00-e811-9414-f0921c16b9e5,0.1095890410958904,9.999999747379e-05,39
3,bec14057-1c00-e811-9414-f0921c16b9e5,0.11232876712328767,9.999999747379e-05,40
3,bec14057-1c00-e811-9414-f0921c16b9e5,0.11506849315068493,0.0,41
3,bec14057-1c00-e811-9414-f0921c16b9e5,0.1178082191780822,0.0,42
3,bec14057-1c00-e811-9414-f0921c16b9e5,0.12054794520547946,0.0,43
3,bec14057-1c00-e811-9414-f0921c16b9e5,0.1232876712328767,0.0,44
3,bec14057-1c00-e811-9414-f0921c16b9e5,0.12602739726027398,0.0,45
3,bec14057-1c00-e811-9414-f0921c16b9e5,0.12876712328767123,0.0,46
3,bec14057-1c00-e811-9414-f0921c16b9e5,0.13150684931506848,0.0,47
3,bec14057-1c00-e811-9414-f0921c16b9e5,0.13424657534246576,0.0,48
3,bec14057-1c00-e811-9414-f0921c16b9e5,0.136986301369863,0.0,49
3,bec14057-1c00-e811-9414-f0921c16b9e5,0.13972602739726028,0.0,50
3,bec14057-1c00-e811-9414-f0921c16b9e5,0.14246575342465753,0.0,51
3,bec14057-1c00-e811-9414-f0921c16b9e5,0.14520547945205478,0.0,52
3,bec14057-1c00-e811-9414-f0921c16b9e5,0.14794520547945206,0.0,53
3,bec14057-1c00-e811-9414-f0921c16b9e5,0.1506849315068493,0.0,54
3,bec14057-1c00-e811-9414-f0921c16b9e5,0.15342465753424658,0.0,55
3,bec14057-1c00-e811-9414-f0921c16b9e5,0.15616438356164383,0.0,56
3,bec14057-1c00-e811-9414-f0921c16b9e5,0.1589041095890411,0.0,57
3,bec14057-1c00-e811-9414-f0921c16b9e5,0.16164383561643836,0.0,58
3,bec14057-1c00-e811-9414-f0921c16b9e5,0.1643835616438356,0.0,59
3,bec14057-1c00-e811-9414-f0921c16b9e5,0.16712328767123288,0.0,60
3,bec14057-1c00-e811-9414-f0921c16b9e5,0.16986301369863013,0.0,61
3,bec14057-1c00-e811-9414-f0921c16b9e5,0.1726027397260274,0.0,62
3,bec14057-1c00-e811-9414-f0921c16b9e5,0.17534246575342466,0.0,63
3,bec14057-1c00-e811-9414-f0921c16b9e5,0.1780821917808219,0.0,64
3,bec14057-1c00-e811-9414-f0921c16b9e5,0.18082191780821918,0.0,65
3,bec14057-1c00-e811-9414-f0921c16b9e5,0.18356164383561643,0.0,66
3,bec14057-1c00-e811-9414-f0921c16b9e5,0.1863013698630137,0.0,67
3,bec14057-1c00-e811-9414-f0921c16b9e5,0.18904109589041096,0.0,68
3,bec14057-1c00-e811-9414-f0921c16b9e5,0.1917808219178082,0.0,69
3,bec14057-1c00-e811-9414-f0921c16b9e5,0.19452054794520549,0.0,70
3,bec14057-1c00-e811-9414-f0921c16b9e5,0.19726027397260273,0.0,71
3,bec14057-1c00-e811-9414-f0921c16b9e5,0.2,0.0,72
3,bec14057-1c00-e811-9414-f0921c16b9e5,0.20273972602739726,0.0,73
3,bec14057-1c00-e811-9414-f0921c16b9e5,0.2054794520547945,0.0,74
3,bec14057-1c00-e811-9414-f0921c16b9e5,0.20821917808219179,0.0,75
3,bec14057-1c00-e811-9414-f0921c16b9e5,0.21095890410958903,0.0,76
3,bec14057-1c00-e811-9414-f0921c16b9e5,0.2136986301369863,0.0,77
3,bec14057-1c00-e811-9414-f0921c16b9e5,0.21643835616438356,0.0,78
3,bec14057-1c00-e811-9414-f0921c16b9e5,0.2191780821917808,0.0,79
3,bec14057-1c00-e811-9414-f0921c16b9e5,0.2219178082191781,0.0,80
3,bec14057-1c00-e811-9414-f0921c16b9e5,0.22465753424657534,0.0,81
3,bec14057-1c00-e811-9414-f0921c16b9e5,0.2273972602739726,0.0,82
3,bec14057-1c00-e811-9414-f0921c16b9e5,0.23013698630136986,0.0,83
3,bec14057-1c00-e811-9414-f0921c16b9e5,0.2328767123287671,0.0,84
3,bec14057-1c00-e811-9414-f0921c16b9e5,0.2356164383561644,0.0,85
3,bec14057-1c00-e811-9414-f0921c16b9e5,0.23835616438356164,0.0,86
3,bec14057-1c00-e811-9414-f0921c16b9e5,0.2410958904109589,0.0,87
3,bec14057-1c00-e811-9414-f0921c16b9e5,0.24383561643835616,0.0,88
3,bec14057-1c00-e811-9414-f0921c16b9e5,0.2465753424657534,0.0,89
4,bdc14057-1c00-e811-9414-f0921c16b9e5,0.0027397260273972603,0.0,0
4,bdc14057-1c00-e811-9414-f0921c16b9e5,0.005479452054794521,0.00109999999404,1
4,bdc14057-1c00-e811-9414-f0921c16b9e5,0.00821917808219178,0.008399999700487,2
4,bdc14057-1c00-e811-9414-f0921c16b9e5,0.010958904109589041,0.06049999967217,3
4,bdc14057-1c00-e811-9414-f0921c16b9e5,0.0136986301369863,0.35150000453,4
4,bdc14057-1c00-e811-9414-f0921c16b9e5,0.01643835616438356,0.8145999908447,5
4,bdc14057-1c00-e811-9414-f0921c16b9e5,0.019178082191780823,0.622300028801,6
4,bdc14057-1c00-e811-9414-f0921c16b9e5,0.021917808219178082,0.4278999865055,7
4,bdc14057-1c00-e811-9414-f0921c16b9e5,0.024657534246575342,0.2960000038147,8
4,bdc14057-1c00-e811-9414-f0921c16b9e5,0.0273972602739726,0.2044000029564,9
4,bdc14057-1c00-e811-9414-f0921c16b9e5,0.030136986301369864,0.1425999999046,10
4,bdc14057-1c00-e811-9414-f0921c16b9e5,0.03287671232876712,0.09989999979734,11
4,bdc14057-1c00-e811-9414-f0921c16b9e5,0.03561643835616438,0.07079999893904,12
4,bdc14057-1c00-e811-9414-f0921c16b9e5,0.038356164383561646,0.05090000107884,13
4,bdc14057-1c00-e811-9414-f0921c16b9e5,0.0410958904109589,0.03469999879599,14
4,bdc14057-1c00-e811-9414-f0921c16b9e5,0.043835616438356165,0.02610000036657,15
4,bdc14057-1c00-e811-9414-f0921c16b9e5,0.04657534246575343,0.01869999989867,16
4,bdc14057-1c00-e811-9414-f0921c16b9e5,0.049315068493150684,0.01269999984652,17
4,bdc14057-1c00-e811-9414-f0921c16b9e5,0.052054794520547946,0.009499999694526,18
4,bdc14057-1c00-e811-9414-f0921c16b9e5,0.0547945205479452,0.006800000090152,19
4,bdc14057-1c00-e811-9414-f0921c16b9e5,0.057534246575342465,0.004800000227988,20
4,bdc14057-1c00-e811-9414-f0921c16b9e5,0.06027397260273973,0.00359999993816,21
4,bdc14057-1c00-e811-9414-f0921c16b9e5,0.06301369863013699,0.002199999988079,22
4,bdc14057-1c00-e811-9414-f0921c16b9e5,0.06575342465753424,0.001900000032037,23
4,bdc14057-1c00-e811-9414-f0921c16b9e5,0.0684931506849315,0.001399999950081,24
4,bdc14057-1c00-e811-9414-f0921c16b9e5,0.07123287671232877,0.00089999998454,25
4,bdc14057-1c00-e811-9414-f0921c16b9e5,0.07397260273972603,0.0006999999750406,26
4,bdc14057-1c00-e811-9414-f0921c16b9e5,0.07671232876712329,0.0005000000237487,27
4,bdc14057-1c00-e811-9414-f0921c16b9e5,0.07945205479452055,0.0003000000142492,28
4,bdc14057-1c00-e811-9414-f0921c16b9e5,0.0821917808219178,0.0003000000142492,29
4,bdc14057-1c00-e811-9414-f0921c16b9e5,0.08493150684931507,0.0003000000142492,30
4,bdc14057-1c00-e811-9414-f0921c16b9e5,0.08767123287671233,0.0001999999949476,31
4,bdc14057-1c00-e811-9414-f0921c16b9e5,0.09041095890410959,9.999999747379e-05,32
4,bdc14057-1c00-e811-9414-f0921c16b9e5,0.09315068493150686,0.0,33
4,bdc14057-1c00-e811-9414-f0921c16b9e5,0.0958904109589041,0.0,34
4,bdc14057-1c00-e811-9414-f0921c16b9e5,0.09863013698630137,0.0,35
4,bdc14057-1c00-e811-9414-f0921c16b9e5,0.10136986301369863,0.0,36
4,bdc14057-1c00-e811-9414-f0921c16b9e5,0.10410958904109589,0.0,37
4,bdc14057-1c00-e811-9414-f0921c16b9e5,0.10684931506849316,0.0,38
4,bdc14057-1c00-e811-9414-f0921c16b9e5,0.1095890410958904,0.0,39
4,bdc14057-1c00-e811-9414-f0921c16b9e5,0.11232876712328767,0.0,40
4,bdc14057-1c00-e811-9414-f0921c16b9e5,0.11506849315068493,0.0,41
4,bdc14057-1c00-e811-9414-f0921c16b9e5,0.1178082191780822,0.0,42
4,bdc14057-1c00-e811-9414-f0921c16b9e5,0.12054794520547946,0.0,43
4,bdc14057-1c00-e811-9414-f0921c16b9e5,0.1232876712328767,0.0,44
4,bdc14057-1c00-e811-9414-f0921c16b9e5,0.12602739726027398,0.0,45
4,bdc14057-1c00-e811-9414-f0921c16b9e5,0.12876712328767123,0.0,46
4,bdc14057-1c00-e811-9414-f0921c16b9e5,0.13150684931506848,0.0,47
4,bdc14057-1c00-e811-9414-f0921c16b9e5,0.13424657534246576,0.0,48
4,bdc14057-1c00-e811-9414-f0921c16b9e5,0.136986301369863,0.0,49
4,bdc14057-1c00-e811-9414-f0921c16b9e5,0.13972602739726028,0.0,50
4,bdc14057-1c00-e811-9414-f0921c16b9e5,0.14246575342465753,0.0,51
4,bdc14057-1c00-e811-9414-f0921c16b9e5,0.14520547945205478,0.0,52
4,bdc14057-1c00-e811-9414-f0921c16b9e5,0.14794520547945206,0.0,53
4,bdc14057-1c00-e811-9414-f0921c16b9e5,0.1506849315068493,0.0,54
4,bdc14057-1c00-e811-9414-f0921c16b9e5,0.15342465753424658,0.0,55
4,bdc14057-1c00-e811-9414-f0921c16b9e5,0.15616438356164383,0.0,56
4,bdc14057-1c00-e811-9414-f0921c16b9e5,0.1589041095890411,0.0,57
4,bdc14057-1c00-e811-9414-f0921c16b9e5,0.16164383561643836,0.0,58
4,bdc14057-1c00-e811-9414-f0921c16b9e5,0.1643835616438356,0.0,59
4,bdc14057-1c00-e811-9414-f0921c16b9e5,0.16712328767123288,0.0,60
4,bdc14057-1c00-e811-9414-f0921c16b9e5,0.16986301369863013,0.0,61
4,bdc14057-1c00-e811-9414-f0921c16b9e5,0.1726027397260274,0.0,62
4,bdc14057-1c00-e811-9414-f0921c16b9e5,0.17534246575342466,0.0,63
4,bdc14057-1c00-e811-9414-f0921c16b9e5,0.1780821917808219,0.0,64
4,bdc14057-1c00-e811-9414-f0921c16b9e5,0.18082191780821918,0.0,65
4,bdc14057-1c00-e811-9414-f0921c16b9e5,0.18356164383561643,0.0,66
4,bdc14057-1c00-e811-9414-f0921c16b9e5,0.1863013698630137,0.0,67
4,bdc14057-1c00-e811-9414-f0921c16b9e5,0.18904109589041096,0.0,68
4,bdc14057-1c00-e811-9414-f0921c16b9e5,0.1917808219178082,0.0,69
4,bdc14057-1c00-e811-9414-f0921c16b9e5,0.19452054794520549,0.0,70
4,bdc14057-1c00-e811-9414-f0921c16b9e5,0.19726027397260273,0.0,71
4,bdc14057-1c00-e811-9414-f0921c16b9e5,0.2,0.0,72
4,bdc14057-1c00-e811-9414-f0921c16b9e5,0.20273972602739726,0.0,73
4,bdc14057-1c00-e811-9414-f0921c16b9e5,0.2054794520547945,0.0,74
4,bdc14057-1c00-e811-9414-f0921c16b9e5,0.20821917808219179,0.0,75
4,bdc14057-1c00-e811-9414-f0921c16b9e5,0.21095890410958903,0.0,76
4,bdc14057-1c00-e811-9414-f0921c16b9e5,0.2136986301369863,0.0,77
4,bdc14057-1c00-e811-9414-f0921c16b9e5,0.21643835616438356,0.0,78
4,bdc14057-1c00-e811-9414-f0921c16b9e5,0.2191780821917808,0.0,79
4,bdc14057-1c00-e811-9414-f0921c16b9e5,0.2219178082191781,0.0,80
4,bdc14057-1c00-e811-9414-f0921c16b9e5,0.22465753424657534,0.0,81
4,bdc14057-1c00-e811-9414-f0921c16b9e5,0.2273972602739726,0.0,82
4,bdc14057-1c00-e811-9414-f0921c16b9e5,0.23013698630136986,0.0,83
4,bdc14057-1c00-e811-9414-f0921c16b9e5,0.2328767123287671,0.0,84
4,bdc14057-1c00-e811-9414-f0921c16b9e5,0.2356164383561644,0.0,85
4,bdc14057-1c00-e811-9414-f0921c16b9e5,0.23835616438356164,0.0,86
4,bdc14057-1c00-e811-9414-f0921c16b9e5,0.2410958904109589,0.0,87
4,bdc14057-1c00-e811-9414-f0921c16b9e5,0.24383561643835616,0.0,88
4,bdc14057-1c00-e811-9414-f0921c16b9e5,0.2465753424657534,0.0,89
5,bcc14057-1c00-e811-9414-f0921c16b9e5,0.0027397260273972603,0.0,0
5,bcc14057-1c00-e811-9414-f0921c16b9e5,0.005479452054794521,9.999999747379e-05,1
5,bcc14057-1c00-e811-9414-f0921c16b9e5,0.00821917808219178,0.0003000000142492,2
5,bcc14057-1c00-e811-9414-f0921c16b9e5,0.010958904109589041,0.0003999999898952,3
5,bcc14057-1c00-e811-9414-f0921c16b9e5,0.0136986301369863,0.001000000047497,4
5,bcc14057-1c00-e811-9414-f0921c16b9e5,0.01643835616438356,0.002700000070035,5
5,bcc14057-1c00-e811-9414-f0921c16b9e5,0.019178082191780823,0.006599999964237,6
5,bcc14057-1c00-e811-9414-f0921c16b9e5,0.021917808219178082,0.0152000002563,7
5,bcc14057-1c00-e811-9414-f0921c16b9e5,0.024657534246575342,0.03579999879003,8
5,bcc14057-1c00-e811-9414-f0921c16b9e5,0.0273972602739726,0.07630000263453,9
5,bcc14057-1c00-e811-9414-f0921c16b9e5,0.030136986301369864,0.1538999974728,10
5,bcc14057-1c00-e811-9414-f0921c16b9e5,0.03287671232876712,0.2655999958515,11
5,bcc14057-1c00-e811-9414-f0921c16b9e5,0.03561643835616438,0.3416000008583,12
5,bcc14057-1c00-e811-9414-f0921c16b9e5,0.038356164383561646,0.310799986124,13
5,bcc14057-1c00-e811-9414-f0921c16b9e5,0.0410958904109589,0.2163999974728,14
5,bcc14057-1c00-e811-9414-f0921c16b9e5,0.043835616438356165,0.1264999955893,15
5,bcc14057-1c00-e811-9414-f0921c16b9e5,0.04657534246575343,0.06870000064373,16
5,bcc14057-1c00-e811-9414-f0921c16b9e5,0.049315068493150684,0.03359999880195,17
5,bcc14057-1c00-e811-9414-f0921c16b9e5,0.052054794520547946,0.01810000091791,18
5,bcc14057-1c00-e811-9414-f0921c16b9e5,0.0547945205479452,0.00789999961853,19
5,bcc14057-1c00-e811-9414-f0921c16b9e5,0.057534246575342465,0.004199999850243,20
5,bcc14057-1c00-e811-9414-f0921c16b9e5,0.06027397260273973,0.002400000113994,21
5,bcc14057-1c00-e811-9414-f0921c16b9e5,0.06301369863013699,0.0007999999797903,22
5,bcc14057-1c00-e811-9414-f0921c16b9e5,0.06575342465753424,9.999999747379e-05,23
5,bcc14057-1c00-e811-9414-f0921c16b9e5,0.0684931506849315,0.0,24
5,bcc14057-1c00-e811-9414-f0921c16b9e5,0.07123287671232877,0.0,25
5,bcc14057-1c00-e811-9414-f0921c16b9e5,0.07397260273972603,0.0,26
5,bcc14057-1c00-e811-9414-f0921c16b9e5,0.07671232876712329,0.0,27
5,bcc14057-1c00-e811-9414-f0921c16b9e5,0.07945205479452055,0.0,28
5,bcc14057-1c00-e811-9414-f0921c16b9e5,0.0821917808219178,0.0,29
5,bcc14057-1c00-e811-9414-f0921c16b9e5,0.08493150684931507,0.0,30
5,bcc14057-1c00-e811-9414-f0921c16b9e5,0.08767123287671233,0.0,31
5,bcc14057-1c00-e811-9414-f0921c16b9e5,0.09041095890410959,0.0,32
5,bcc14057-1c00-e811-9414-f0921c16b9e5,0.09315068493150686,0.0,33
5,bcc14057-1c00-e811-9414-f0921c16b9e5,0.0958904109589041,0.0,34
5,bcc14057-1c00-e811-9414-f0921c16b9e5,0.09863013698630137,0.0,35
5,bcc14057-1c00-e811-9414-f0921c16b9e5,0.10136986301369863,0.0,36
5,bcc14057-1c00-e811-9414-f0921c16b9e5,0.10410958904109589,0.0,37
5,bcc14057-1c00-e811-9414-f0921c16b9e5,0.10684931506849316,0.0,38
5,bcc14057-1c00-e811-9414-f0921c16b9e5,0.1095890410958904,0.0,39
5,bcc14057-1c00-e811-9414-f0921c16b9e5,0.11232876712328767,0.0,40
5,bcc14057-1c00-e811-9414-f0921c16b9e5,0.11506849315068493,0.0,41
5,bcc14057-1c00-e811-9414-f0921c16b9e5,0.1178082191780822,0.0,42
5,bcc14057-1c00-e811-9414-f0921c16b9e5,0.12054794520547946,0.0,43
5,bcc14057-1c00-e811-9414-f0921c16b9e5,0.1232876712328767,0.0,44
5,bcc14057-1c00-e811-9414-f0921c16b9e5,0.12602739726027398,0.0,45
5,bcc14057-1c00-e811-9414-f0921c16b9e5,0.12876712328767123,0.0,46
5,bcc14057-1c00-e811-9414-f0921c16b9e5,0.13150684931506848,0.0,47
5,bcc14057-1c00-e811-9414-f0921c16b9e5,0.13424657534246576,0.0,48
5,bcc14057-1c00-e811-9414-f0921c16b9e5,0.136986301369863,0.0,49
5,bcc14057-1c00-e811-9414-f0921c16b9e5,0.13972602739726028,0.0,50
5,bcc14057-1c00-e811-9414-f0921c16b9e5,0.14246575342465753,0.0,51
5,bcc14057-1c00-e811-9414-f0921c16b9e5,0.14520547945205478,0.0,52
5,bcc14057-1c00-e811-9414-f0921c16b9e5,0.14794520547945206,0.0,53
5,bcc14057-1c00-e811-9414-f0921c16b9e5,0.1506849315068493,0.0,54
5,bcc14057-1c00-e811-9414-f0921c16b9e5,0.15342465753424658,0.0,55
5,bcc14057-1c00-e811-9414-f0921c16b9e5,0.15616438356164383,0.0,56
5,bcc14057-1c00-e811-9414-f0921c16b9e5,0.1589041095890411,0.0,57
5,bcc14057-1c00-e811-9414-f0921c16b9e5,0.16164383561643836,0.0,58
5,bcc14057-1c00-e811-9414-f0921c16b9e5,0.1643835616438356,0.0,59
5,bcc14057-1c00-e811-9414-f0921c16b9e5,0.16712328767123288,0.0,60
5,bcc14057-1c00-e811-9414-f0921c16b9e5,0.16986301369863013,0.0,61
5,bcc14057-1c00-e811-9414-f0921c16b9e5,0.1726027397260274,0.0,62
5,bcc14057-1c00-e811-9414-f0921c16b9e5,0.17534246575342466,0.0,63
5,bcc14057-1c00-e811-9414-f0921c16b9e5,0.1780821917808219,0.0,64
5,bcc14057-1c00-e811-9414-f0921c16b9e5,0.18082191780821918,0.0,65
5,bcc14057-1c00-e811-9414-f0921c16b9e5,0.18356164383561643,0.0,66
5,bcc14057-1c00-e811-9414-f0921c16b9e5,0.1863013698630137,0.0,67
5,bcc14057-1c00-e811-9414-f0921c16b9e5,0.18904109589041096,0.0,68
5,bcc14057-1c00-e811-9414-f0921c16b9e5,0.1917808219178082,0.0,69
5,bcc14057-1c00-e811-9414-f0921c16b9e5,0.19452054794520549,0.0,70
5,bcc14057-1c00-e811-9414-f0921c16b9e5,0.19726027397260273,0.0,71
5,bcc14057-1c00-e811-9414-f0921c16b9e5,0.2,0.0,72
5,bcc14057-1c00-e811-9414-f0921c16b9e5,0.20273972602739726,0.0,73
5,bcc14057-1c00-e811-9414-f0921c16b9e5,0.2054794520547945,0.0,74
5,bcc14057-1c00-e811-9414-f0921c16b9e5,0.20821917808219179,0.0,75
5,bcc14057-1c00-e811-9414-f0921c16b9e5,0.21095890410958903,0.0,76
5,bcc14057-1c00-e811-9414-f0921c16b9e5,0.2136986301369863,0.0,77
5,bcc14057-1c00-e811-9414-f0921c16b9e5,0.21643835616438356,0.0,78
5,bcc14057-1c00-e811-9414-f0921c16b9e5,0.2191780821917808,0.0,79
5,bcc14057-1c00-e811-9414-f0921c16b9e5,0.2219178082191781,0.0,80
5,bcc14057-1c00-e811-9414-f0921c16b9e5,0.22465753424657534,0.0,81
5,bcc14057-1c00-e811-9414-f0921c16b9e5,0.2273972602739726,0.0,82
5,bcc14057-1c00-e811-9414-f0921c16b9e5,0.23013698630136986,0.0,83
5,bcc14057-1c00-e811-9414-f0921c16b9e5,0.2328767123287671,0.0,84
5,bcc14057-1c00-e811-9414-f0921c16b9e5,0.2356164383561644,0.0,85
5,bcc14057-1c00-e811-9414-f0921c16b9e5,0.23835616438356164,0.0,86
5,bcc14057-1c00-e811-9414-f0921c16b9e5,0.2410958904109589,0.0,87
5,bcc14057-1c00-e811-9414-f0921c16b9e5,0.24383561643835616,0.0,88
5,bcc14057-1c00-e811-9414-f0921c16b9e5,0.2465753424657534,0.0,89
6,bbc14057-1c00-e811-9414-f0921c16b9e5,0.0027397260273972603,0.0,0
6,bbc14057-1c00-e811-9414-f0921c16b9e5,0.005479452054794521,0.00109999999404,1
6,bbc14057-1c00-e811-9414-f0921c16b9e5,0.00821917808219178,0.002799999900162,2
6,bbc14057-1c00-e811-9414-f0921c16b9e5,0.010958904109589041,0.006599999964237,3
6,bbc14057-1c00-e811-9414-f0921c16b9e5,0.0136986301369863,0.01250000018626,4
6,bbc14057-1c00-e811-9414-f0921c16b9e5,0.01643835616438356,0.02679999917746,5
6,bbc14057-1c00-e811-9414-f0921c16b9e5,0.019178082191780823,0.05770000070333,6
6,bbc14057-1c00-e811-9414-f0921c16b9e5,0.021917808219178082,0.1195999979973,7
6,bbc14057-1c00-e811-9414-f0921c16b9e5,0.024657534246575342,0.2287999987602,8
6,bbc14057-1c00-e811-9414-f0921c16b9e5,0.0273972602739726,0.3847999870777,9
6,bbc14057-1c00-e811-9414-f0921c16b9e5,0.030136986301369864,0.5475000143051,10
6,bbc14057-1c00-e811-9414-f0921c16b9e5,0.03287671232876712,0.6493999958038,11
6,bbc14057-1c00-e811-9414-f0921c16b9e5,0.03561643835616438,0.665499985218,12
6,bbc14057-1c00-e811-9414-f0921c16b9e5,0.038356164383561646,0.6225000023842,13
6,bbc14057-1c00-e811-9414-f0921c16b9e5,0.0410958904109589,0.5625,14
6,bbc14057-1c00-e811-9414-f0921c16b9e5,0.043835616438356165,0.4975999891758,15
6,bbc14057-1c00-e811-9414-f0921c16b9e5,0.04657534246575343,0.4379000067711,16
6,bbc14057-1c00-e811-9414-f0921c16b9e5,0.049315068493150684,0.381500005722,17
6,bbc14057-1c00-e811-9414-f0921c16b9e5,0.052054794520547946,0.3289000093937,18
6,bbc14057-1c00-e811-9414-f0921c16b9e5,0.0547945205479452,0.2876999974251,19
6,bbc14057-1c00-e811-9414-f0921c16b9e5,0.057534246575342465,0.2471999973059,20
6,bbc14057-1c00-e811-9414-f0921c16b9e5,0.06027397260273973,0.2161999940872,21
6,bbc14057-1c00-e811-9414-f0921c16b9e5,0.06301369863013699,0.1891999989748,22
6,bbc14057-1c00-e811-9414-f0921c16b9e5,0.06575342465753424,0.1660999953747,23
6,bbc14057-1c00-e811-9414-f0921c16b9e5,0.0684931506849315,0.1467999964952,24
6,bbc14057-1c00-e811-9414-f0921c16b9e5,0.07123287671232877,0.1266999989748,25
6,bbc14057-1c00-e811-9414-f0921c16b9e5,0.07397260273972603,0.1105000004172,26
6,bbc14057-1c00-e811-9414-f0921c16b9e5,0.07671232876712329,0.09640000015497,27
6,bbc14057-1c00-e811-9414-f0921c16b9e5,0.07945205479452055,0.08340000361204,28
6,bbc14057-1c00-e811-9414-f0921c16b9e5,0.0821917808219178,0.07159999758005,29
6,bbc14057-1c00-e811-9414-f0921c16b9e5,0.08493150684931507,0.06170000135899,30
6,bbc14057-1c00-e811-9414-f0921c16b9e5,0.08767123287671233,0.05350000038743,31
6,bbc14057-1c00-e811-9414-f0921c16b9e5,0.09041095890410959,0.04619999974966,32
6,bbc14057-1c00-e811-9414-f0921c16b9e5,0.09315068493150686,0.04089999943972,33
6,bbc14057-1c00-e811-9414-f0921c16b9e5,0.0958904109589041,0.03510000184178,34
6,bbc14057-1c00-e811-9414-f0921c16b9e5,0.09863013698630137,0.02879999950528,35
6,bbc14057-1c00-e811-9414-f0921c16b9e5,0.10136986301369863,0.02580000087619,36
6,bbc14057-1c00-e811-9414-f0921c16b9e5,0.10410958904109589,0.0226000007242,37
6,bbc14057-1c00-e811-9414-f0921c16b9e5,0.10684931506849316,0.01970000006258,38
6,bbc14057-1c00-e811-9414-f0921c16b9e5,0.1095890410958904,0.01700000092387,39
6,bbc14057-1c00-e811-9414-f0921c16b9e5,0.11232876712328767,0.01470000017434,40
6,bbc14057-1c00-e811-9414-f0921c16b9e5,0.11506849315068493,0.01319999992847,41
6,bbc14057-1c00-e811-9414-f0921c16b9e5,0.1178082191780822,0.01150000002235,42
6,bbc14057-1c00-e811-9414-f0921c16b9e5,0.12054794520547946,0.01030000019819,43
6,bbc14057-1c00-e811-9414-f0921c16b9e5,0.1232876712328767,0.009100000374019,44
6,bbc14057-1c00-e811-9414-f0921c16b9e5,0.12602739726027398,0.008100000210106,45
6,bbc14057-1c00-e811-9414-f0921c16b9e5,0.12876712328767123,0.006699999794364,46
6,bbc14057-1c00-e811-9414-f0921c16b9e5,0.13150684931506848,0.006000000052154,47
6,bbc14057-1c00-e811-9414-f0921c16b9e5,0.13424657534246576,0.004600000102073,48
6,bbc14057-1c00-e811-9414-f0921c16b9e5,0.136986301369863,0.004100000020117,49
6,bbc14057-1c00-e811-9414-f0921c16b9e5,0.13972602739726028,0.003500000108033,50
6,bbc14057-1c00-e811-9414-f0921c16b9e5,0.14246575342465753,0.002799999900162,51
6,bbc14057-1c00-e811-9414-f0921c16b9e5,0.14520547945205478,0.002499999944121,52
6,bbc14057-1c00-e811-9414-f0921c16b9e5,0.14794520547945206,0.002199999988079,53
6,bbc14057-1c00-e811-9414-f0921c16b9e5,0.1506849315068493,0.00179999996908,54
6,bbc14057-1c00-e811-9414-f0921c16b9e5,0.15342465753424658,0.001500000013039,55
6,bbc14057-1c00-e811-9414-f0921c16b9e5,0.15616438356164383,0.001300000003539,56
6,bbc14057-1c00-e811-9414-f0921c16b9e5,0.1589041095890411,0.001200000056997,57
6,bbc14057-1c00-e811-9414-f0921c16b9e5,0.16164383561643836,0.00109999999404,58
6,bbc14057-1c00-e811-9414-f0921c16b9e5,0.1643835616438356,0.001000000047497,59
6,bbc14057-1c00-e811-9414-f0921c16b9e5,0.16712328767123288,0.0007999999797903,60
6,bbc14057-1c00-e811-9414-f0921c16b9e5,0.16986301369863013,0.0006999999750406,61
6,bbc14057-1c00-e811-9414-f0921c16b9e5,0.1726027397260274,0.0006000000284985,62
6,bbc14057-1c00-e811-9414-f0921c16b9e5,0.17534246575342466,0.0005000000237487,63
6,bbc14057-1c00-e811-9414-f0921c16b9e5,0.1780821917808219,0.0005000000237487,64
6,bbc14057-1c00-e811-9414-f0921c16b9e5,0.18082191780821918,0.0005000000237487,65
6,bbc14057-1c00-e811-9414-f0921c16b9e5,0.18356164383561643,0.0003999999898952,66
6,bbc14057-1c00-e811-9414-f0921c16b9e5,0.1863013698630137,0.0003999999898952,67
6,bbc14057-1c00-e811-9414-f0921c16b9e5,0.18904109589041096,0.0003000000142492,68
6,bbc14057-1c00-e811-9414-f0921c16b9e5,0.1917808219178082,0.0003000000142492,69
6,bbc14057-1c00-e811-9414-f0921c16b9e5,0.19452054794520549,0.0001999999949476,70
6,bbc14057-1c00-e811-9414-f0921c16b9e5,0.19726027397260273,0.0001999999949476,71
6,bbc14057-1c00-e811-9414-f0921c16b9e5,0.2,0.0001999999949476,72
6,bbc14057-1c00-e811-9414-f0921c16b9e5,0.20273972602739726,0.0001999999949476,73
6,bbc14057-1c00-e811-9414-f0921c16b9e5,0.2054794520547945,9.999999747379e-05,74
6,bbc14057-1c00-e811-9414-f0921c16b9e5,0.20821917808219179,9.999999747379e-05,75
6,bbc14057-1c00-e811-9414-f0921c16b9e5,0.21095890410958903,9.999999747379e-05,76
6,bbc14057-1c00-e811-9414-f0921c16b9e5,0.2136986301369863,9.999999747379e-05,77
6,bbc14057-1c00-e811-9414-f0921c16b9e5,0.21643835616438356,9.999999747379e-05,78
6,bbc14057-1c00-e811-9414-f0921c16b9e5,0.2191780821917808,0.0,79
6,bbc14057-1c00-e811-9414-f0921c16b9e5,0.2219178082191781,0.0,80
6,bbc14057-1c00-e811-9414-f0921c16b9e5,0.22465753424657534,0.0,81
6,bbc14057-1c00-e811-9414-f0921c16b9e5,0.2273972602739726,0.0,82
6,bbc14057-1c00-e811-9414-f0921c16b9e5,0.23013698630136986,0.0,83
6,bbc14057-1c00-e811-9414-f0921c16b9e5,0.2328767123287671,0.0,84
6,bbc14057-1c00-e811-9414-f0921c16b9e5,0.2356164383561644,0.0,85
6,bbc14057-1c00-e811-9414-f0921c16b9e5,0.23835616438356164,0.0,86
6,bbc14057-1c00-e811-9414-f0921c16b9e5,0.2410958904109589,0.0,87
6,bbc14057-1c00-e811-9414-f0921c16b9e5,0.24383561643835616,0.0,88
6,bbc14057-1c00-e811-9414-f0921c16b9e5,0.2465753424657534,0.0,89
7,bac14057-1c00-e811-9414-f0921c16b9e5,0.0027397260273972603,0.0,0
7,bac14057-1c00-e811-9414-f0921c16b9e5,0.005479452054794521,0.0003999999898952,1
7,bac14057-1c00-e811-9414-f0921c16b9e5,0.00821917808219178,0.002499999944121,2
7,bac14057-1c00-e811-9414-f0921c16b9e5,0.010958904109589041,0.01610000059009,3
7,bac14057-1c00-e811-9414-f0921c16b9e5,0.0136986301369863,0.09520000219345,4
7,bac14057-1c00-e811-9414-f0921c16b9e5,0.01643835616438356,0.4300000071526,5
7,bac14057-1c00-e811-9414-f0921c16b9e5,0.019178082191780823,0.6794999837875,6
7,bac14057-1c00-e811-9414-f0921c16b9e5,0.021917808219178082,0.3695000112057,7
7,bac14057-1c00-e811-9414-f0921c16b9e5,0.024657534246575342,0.1829999983311,8
7,bac14057-1c00-e811-9414-f0921c16b9e5,0.0273972602739726,0.08919999748468,9
7,bac14057-1c00-e811-9414-f0921c16b9e5,0.030136986301369864,0.04340000078082,10
7,bac14057-1c00-e811-9414-f0921c16b9e5,0.03287671232876712,0.02040000073612,11
7,bac14057-1c00-e811-9414-f0921c16b9e5,0.03561643835616438,0.01090000011027,12
7,bac14057-1c00-e811-9414-f0921c16b9e5,0.038356164383561646,0.004900000058115,13
7,bac14057-1c00-e811-9414-f0921c16b9e5,0.0410958904109589,0.002300000051036,14
7,bac14057-1c00-e811-9414-f0921c16b9e5,0.043835616438356165,0.0007999999797903,15
7,bac14057-1c00-e811-9414-f0921c16b9e5,0.04657534246575343,0.0003999999898952,16
7,bac14057-1c00-e811-9414-f0921c16b9e5,0.049315068493150684,9.999999747379e-05,17
7,bac14057-1c00-e811-9414-f0921c16b9e5,0.052054794520547946,9.999999747379e-05,18
7,bac14057-1c00-e811-9414-f0921c16b9e5,0.0547945205479452,9.999999747379e-05,19
7,bac14057-1c00-e811-9414-f0921c16b9e5,0.057534246575342465,9.999999747379e-05,20
7,bac14057-1c00-e811-9414-f0921c16b9e5,0.06027397260273973,9.999999747379e-05,21
7,bac14057-1c00-e811-9414-f0921c16b9e5,0.06301369863013699,9.999999747379e-05,22
7,bac14057-1c00-e811-9414-f0921c16b9e5,0.06575342465753424,9.999999747379e-05,23
7,bac14057-1c00-e811-9414-f0921c16b9e5,0.0684931506849315,9.999999747379e-05,24
7,bac14057-1c00-e811-9414-f0921c16b9e5,0.07123287671232877,9.999999747379e-05,25
7,bac14057-1c00-e811-9414-f0921c16b9e5,0.07397260273972603,9.999999747379e-05,26
7,bac14057-1c00-e811-9414-f0921c16b9e5,0.07671232876712329,9.999999747379e-05,27
7,bac14057-1c00-e811-9414-f0921c16b9e5,0.07945205479452055,0.0,28
7,bac14057-1c00-e811-9414-f0921c16b9e5,0.0821917808219178,0.0,29
7,bac14057-1c00-e811-9414-f0921c16b9e5,0.08493150684931507,0.0,30
7,bac14057-1c00-e811-9414-f0921c16b9e5,0.08767123287671233,0.0,31
7,bac14057-1c00-e811-9414-f0921c16b9e5,0.09041095890410959,0.0,32
7,bac14057-1c00-e811-9414-f0921c16b9e5,0.09315068493150686,0.0,33
7,bac14057-1c00-e811-9414-f0921c16b9e5,0.0958904109589041,0.0,34
7,bac14057-1c00-e811-9414-f0921c16b9e5,0.09863013698630137,0.0,35
7,bac14057-1c00-e811-9414-f0921c16b9e5,0.10136986301369863,0.0,36
7,bac14057-1c00-e811-9414-f0921c16b9e5,0.10410958904109589,0.0,37
7,bac14057-1c00-e811-9414-f0921c16b9e5,0.10684931506849316,0.0,38
7,bac14057-1c00-e811-9414-f0921c16b9e5,0.1095890410958904,0.0,39
7,bac14057-1c00-e811-9414-f0921c16b9e5,0.11232876712328767,0.0,40
7,bac14057-1c00-e811-9414-f0921c16b9e5,0.11506849315068493,0.0,41
7,bac14057-1c00-e811-9414-f0921c16b9e5,0.1178082191780822,0.0,42
7,bac14057-1c00-e811-9414-f0921c16b9e5,0.12054794520547946,0.0,43
7,bac14057-1c00-e811-9414-f0921c16b9e5,0.1232876712328767,0.0,44
7,bac14057-1c00-e811-9414-f0921c16b9e5,0.12602739726027398,0.0,45
7,bac14057-1c00-e811-9414-f0921c16b9e5,0.12876712328767123,0.0,46
7,bac14057-1c00-e811-9414-f0921c16b9e5,0.13150684931506848,0.0,47
7,bac14057-1c00-e811-9414-f0921c16b9e5,0.13424657534246576,0.0,48
7,bac14057-1c00-e811-9414-f0921c16b9e5,0.136986301369863,0.0,49
7,bac14057-1c00-e811-9414-f0921c16b9e5,0.13972602739726028,0.0,50
7,bac14057-1c00-e811-9414-f0921c16b9e5,0.14246575342465753,0.0,51
7,bac14057-1c00-e811-9414-f0921c16b9e5,0.14520547945205478,0.0,52
7,bac14057-1c00-e811-9414-f0921c16b9e5,0.14794520547945206,0.0,53
7,bac14057-1c00-e811-9414-f0921c16b9e5,0.1506849315068493,0.0,54
7,bac14057-1c00-e811-9414-f0921c16b9e5,0.15342465753424658,0.0,55
7,bac14057-1c00-e811-9414-f0921c16b9e5,0.15616438356164383,0.0,56
7,bac14057-1c00-e811-9414-f0921c16b9e5,0.1589041095890411,0.0,57
7,bac14057-1c00-e811-9414-f0921c16b9e5,0.16164383561643836,0.0,58
7,bac14057-1c00-e811-9414-f0921c16b9e5,0.1643835616438356,0.0,59
7,bac14057-1c00-e811-9414-f0921c16b9e5,0.16712328767123288,0.0,60
7,bac14057-1c00-e811-9414-f0921c16b9e5,0.16986301369863013,0.0,61
7,bac14057-1c00-e811-9414-f0921c16b9e5,0.1726027397260274,0.0,62
7,bac14057-1c00-e811-9414-f0921c16b9e5,0.17534246575342466,0.0,63
7,bac14057-1c00-e811-9414-f0921c16b9e5,0.1780821917808219,0.0,64
7,bac14057-1c00-e811-9414-f0921c16b9e5,0.18082191780821918,0.0,65
7,bac14057-1c00-e811-9414-f0921c16b9e5,0.18356164383561643,0.0,66
7,bac14057-1c00-e811-9414-f0921c16b9e5,0.1863013698630137,0.0,67
7,bac14057-1c00-e811-9414-f0921c16b9e5,0.18904109589041096,0.0,68
7,bac14057-1c00-e811-9414-f0921c16b9e5,0.1917808219178082,0.0,69
7,bac14057-1c00-e811-9414-f0921c16b9e5,0.19452054794520549,0.0,70
7,bac14057-1c00-e811-9414-f0921c16b9e5,0.19726027397260273,0.0,71
7,bac14057-1c00-e811-9414-f0921c16b9e5,0.2,0.0,72
7,bac14057-1c00-e811-9414-f0921c16b9e5,0.20273972602739726,0.0,73
7,bac14057-1c00-e811-9414-f0921c16b9e5,0.2054794520547945,0.0,74
7,bac14057-1c00-e811-9414-f0921c16b9e5,0.20821917808219179,0.0,75
7,bac14057-1c00-e811-9414-f0921c16b9e5,0.21095890410958903,0.0,76
7,bac14057-1c00-e811-9414-f0921c16b9e5,0.2136986301369863,0.0,77
7,bac14057-1c00-e811-9414-f0921c16b9e5,0.21643835616438356,0.0,78
7,bac14057-1c00-e811-9414-f0921c16b9e5,0.2191780821917808,0.0,79
7,bac14057-1c00-e811-9414-f0921c16b9e5,0.2219178082191781,0.0,80
7,bac14057-1c00-e811-9414-f0921c16b9e5,0.22465753424657534,0.0,81
7,bac14057-1c00-e811-9414-f0921c16b9e5,0.2273972602739726,0.0,82
7,bac14057-1c00-e811-9414-f0921c16b9e5,0.23013698630136986,0.0,83
7,bac14057-1c00-e811-9414-f0921c16b9e5,0.2328767123287671,0.0,84
7,bac14057-1c00-e811-9414-f0921c16b9e5,0.2356164383561644,0.0,85
7,bac14057-1c00-e811-9414-f0921c16b9e5,0.23835616438356164,0.0,86
7,bac14057-1c00-e811-9414-f0921c16b9e5,0.2410958904109589,0.0,87
7,bac14057-1c00-e811-9414-f0921c16b9e5,0.24383561643835616,0.0,88
7,bac14057-1c00-e811-9414-f0921c16b9e5,0.2465753424657534,0.0,89
8,b9c14057-1c00-e811-9414-f0921c16b9e5,0.0027397260273972603,0.0,0
8,b9c14057-1c00-e811-9414-f0921c16b9e5,0.005479452054794521,0.00089999998454,1
8,b9c14057-1c00-e811-9414-f0921c16b9e5,0.00821917808219178,0.00109999999404,2
8,b9c14057-1c00-e811-9414-f0921c16b9e5,0.010958904109589041,0.001399999950081,3
8,b9c14057-1c00-e811-9414-f0921c16b9e5,0.0136986301369863,0.002099999925122,4
8,b9c14057-1c00-e811-9414-f0921c16b9e5,0.01643835616438356,0.003800000064075,5
8,b9c14057-1c00-e811-9414-f0921c16b9e5,0.019178082191780823,0.005799999926239,6
8,b9c14057-1c00-e811-9414-f0921c16b9e5,0.021917808219178082,0.00870000012219,7
8,b9c14057-1c00-e811-9414-f0921c16b9e5,0.024657534246575342,0.0152000002563,8
8,b9c14057-1c00-e811-9414-f0921c16b9e5,0.0273972602739726,0.02480000071228,9
8,b9c14057-1c00-e811-9414-f0921c16b9e5,0.030136986301369864,0.04199999943376,10
8,b9c14057-1c00-e811-9414-f0921c16b9e5,0.03287671232876712,0.06700000166893,11
8,b9c14057-1c00-e811-9414-f0921c16b9e5,0.03561643835616438,0.1119000017643,12
8,b9c14057-1c00-e811-9414-f0921c16b9e5,0.038356164383561646,0.1733999997377,13
8,b9c14057-1c00-e811-9414-f0921c16b9e5,0.0410958904109589,0.2585000097752,14
8,b9c14057-1c00-e811-9414-f0921c16b9e5,0.043835616438356165,0.3555000126362,15
8,b9c14057-1c00-e811-9414-f0921c16b9e5,0.04657534246575343,0.4305999875069,16
8,b9c14057-1c00-e811-9414-f0921c16b9e5,0.049315068493150684,0.468699991703,17
8,b9c14057-1c00-e811-9414-f0921c16b9e5,0.052054794520547946,0.4496999979019,18
8,b9c14057-1c00-e811-9414-f0921c16b9e5,0.0547945205479452,0.4038000106812,19
8,b9c14057-1c00-e811-9414-f0921c16b9e5,0.057534246575342465,0.3510999977589,20
8,b9c14057-1c00-e811-9414-f0921c16b9e5,0.06027397260273973,0.2944999933243,21
8,b9c14057-1c00-e811-9414-f0921c16b9e5,0.06301369863013699,0.2425000071526,22
8,b9c14057-1c00-e811-9414-f0921c16b9e5,0.06575342465753424,0.1978999972343,23
8,b9c14057-1c00-e811-9414-f0921c16b9e5,0.0684931506849315,0.1613000035286,24
8,b9c14057-1c00-e811-9414-f0921c16b9e5,0.07123287671232877,0.1314000040293,25
8,b9c14057-1c00-e811-9414-f0921c16b9e5,0.07397260273972603,0.1058000028133,26
8,b9c14057-1c00-e811-9414-f0921c16b9e5,0.07671232876712329,0.083599999547,27
8,b9c14057-1c00-e811-9414-f0921c16b9e5,0.07945205479452055,0.06570000201464,28
8,b9c14057-1c00-e811-9414-f0921c16b9e5,0.0821917808219178,0.05370000004768,29
8,b9c14057-1c00-e811-9414-f0921c16b9e5,0.08493150684931507,0.04019999876618,30
8,b9c14057-1c00-e811-9414-f0921c16b9e5,0.08767123287671233,0.03339999914169,31
8,b9c14057-1c00-e811-9414-f0921c16b9e5,0.09041095890410959,0.02730000019073,32
8,b9c14057-1c00-e811-9414-f0921c16b9e5,0.09315068493150686,0.02140000090003,33
8,b9c14057-1c00-e811-9414-f0921c16b9e5,0.0958904109589041,0.01799999922514,34
8,b9c14057-1c00-e811-9414-f0921c16b9e5,0.09863013698630137,0.0148999998346,35
8,b9c14057-1c00-e811-9414-f0921c16b9e5,0.10136986301369863,0.01229999959469,36
8,b9c14057-1c00-e811-9414-f0921c16b9e5,0.10410958904109589,0.009899999946356,37
8,b9c14057-1c00-e811-9414-f0921c16b9e5,0.10684931506849316,0.00870000012219,38
8,b9c14057-1c00-e811-9414-f0921c16b9e5,0.1095890410958904,0.007000000216067,39
8,b9c14057-1c00-e811-9414-f0921c16b9e5,0.11232876712328767,0.005700000096112,40
8,b9c14057-1c00-e811-9414-f0921c16b9e5,0.11506849315068493,0.004600000102073,41
8,b9c14057-1c00-e811-9414-f0921c16b9e5,0.1178082191780822,0.003299999982119,42
8,b9c14057-1c00-e811-9414-f0921c16b9e5,0.12054794520547946,0.00289999996312,43
8,b9c14057-1c00-e811-9414-f0921c16b9e5,0.1232876712328767,0.002600000007078,44
8,b9c14057-1c00-e811-9414-f0921c16b9e5,0.12602739726027398,0.002300000051036,45
8,b9c14057-1c00-e811-9414-f0921c16b9e5,0.12876712328767123,0.002000000094995,46
8,b9c14057-1c00-e811-9414-f0921c16b9e5,0.13150684931506848,0.001200000056997,47
8,b9c14057-1c00-e811-9414-f0921c16b9e5,0.13424657534246576,0.0007999999797903,48
8,b9c14057-1c00-e811-9414-f0921c16b9e5,0.136986301369863,0.0005000000237487,49
8,b9c14057-1c00-e811-9414-f0921c16b9e5,0.13972602739726028,0.0003999999898952,50
8,b9c14057-1c00-e811-9414-f0921c16b9e5,0.14246575342465753,0.0003000000142492,51
8,b9c14057-1c00-e811-9414-f0921c16b9e5,0.14520547945205478,0.0001999999949476,52
8,b9c14057-1c00-e811-9414-f0921c16b9e5,0.14794520547945206,9.999999747379e-05,53
8,b9c14057-1c00-e811-9414-f0921c16b9e5,0.1506849315068493,0.0,54
8,b9c14057-1c00-e811-9414-f0921c16b9e5,0.15342465753424658,0.0,55
8,b9c14057-1c00-e811-9414-f0921c16b9e5,0.15616438356164383,0.0,56
8,b9c14057-1c00-e811-9414-f0921c16b9e5,0.1589041095890411,0.0,57
8,b9c14057-1c00-e811-9414-f0921c16b9e5,0.16164383561643836,0.0,58
8,b9c14057-1c00-e811-9414-f0921c16b9e5,0.1643835616438356,0.0,59
8,b9c14057-1c00-e811-9414-f0921c16b9e5,0.16712328767123288,0.0,60
8,b9c14057-1c00-e811-9414-f0921c16b9e5,0.16986301369863013,0.0,61
8,b9c14057-1c00-e811-9414-f0921c16b9e5,0.1726027397260274,0.0,62
8,b9c14057-1c00-e811-9414-f0921c16b9e5,0.17534246575342466,0.0,63
8,b9c14057-1c00-e811-9414-f0921c16b9e5,0.1780821917808219,0.0,64
8,b9c14057-1c00-e811-9414-f0921c16b9e5,0.18082191780821918,0.0,65
8,b9c14057-1c00-e811-9414-f0921c16b9e5,0.18356164383561643,0.0,66
8,b9c14057-1c00-e811-9414-f0921c16b9e5,0.1863013698630137,0.0,67
8,b9c14057-1c00-e811-9414-f0921c16b9e5,0.18904109589041096,0.0,68
8,b9c14057-1c00-e811-9414-f0921c16b9e5,0.1917808219178082,0.0,69
8,b9c14057-1c00-e811-9414-f0921c16b9e5,0.19452054794520549,0.0,70
8,b9c14057-1c00-e811-9414-f0921c16b9e5,0.19726027397260273,0.0,71
8,b9c14057-1c00-e811-9414-f0921c16b9e5,0.2,0.0,72
8,b9c14057-1c00-e811-9414-f0921c16b9e5,0.20273972602739726,0.0,73
8,b9c14057-1c00-e811-9414-f0921c16b9e5,0.2054794520547945,0.0,74
8,b9c14057-1c00-e811-9414-f0921c16b9e5,0.20821917808219179,0.0,75
8,b9c14057-1c00-e811-9414-f0921c16b9e5,0.21095890410958903,0.0,76
8,b9c14057-1c00-e811-9414-f0921c16b9e5,0.2136986301369863,0.0,77
8,b9c14057-1c00-e811-9414-f0921c16b9e5,0.21643835616438356,0.0,78
8,b9c14057-1c00-e811-9414-f0921c16b9e5,0.2191780821917808,0.0,79
8,b9c14057-1c00-e811-9414-f0921c16b9e5,0.2219178082191781,0.0,80
8,b9c14057-1c00-e811-9414-f0921c16b9e5,0.22465753424657534,0.0,81
8,b9c14057-1c00-e811-9414-f0921c16b9e5,0.2273972602739726,0.0,82
8,b9c14057-1c00-e811-9414-f0921c16b9e5,0.23013698630136986,0.0,83
8,b9c14057-1c00-e811-9414-f0921c16b9e5,0.2328767123287671,0.0,84
8,b9c14057-1c00-e811-9414-f0921c16b9e5,0.2356164383561644,0.0,85
8,b9c14057-1c00-e811-9414-f0921c16b9e5,0.23835616438356164,0.0,86
8,b9c14057-1c00-e811-9414-f0921c16b9e5,0.2410958904109589,0.0,87
8,b9c14057-1c00-e811-9414-f0921c16b9e5,0.24383561643835616,0.0,88
8,b9c14057-1c00-e811-9414-f0921c16b9e5,0.2465753424657534,0.0,89
9,b8c14057-1c00-e811-9414-f0921c16b9e5,0.0027397260273972603,0.0,0
9,b8c14057-1c00-e811-9414-f0921c16b9e5,0.005479452054794521,0.0006999999750406,1
9,b8c14057-1c00-e811-9414-f0921c16b9e5,0.00821917808219178,0.00089999998454,2
9,b8c14057-1c00-e811-9414-f0921c16b9e5,0.010958904109589041,0.002099999925122,3
9,b8c14057-1c00-e811-9414-f0921c16b9e5,0.0136986301369863,0.00400000018999,4
9,b8c14057-1c00-e811-9414-f0921c16b9e5,0.01643835616438356,0.008399999700487,5
9,b8c14057-1c00-e811-9414-f0921c16b9e5,0.019178082191780823,0.01319999992847,6
9,b8c14057-1c00-e811-9414-f0921c16b9e5,0.021917808219178082,0.02580000087619,7
9,b8c14057-1c00-e811-9414-f0921c16b9e5,0.024657534246575342,0.04659999907017,8
9,b8c14057-1c00-e811-9414-f0921c16b9e5,0.0273972602739726,0.08209999650717,9
9,b8c14057-1c00-e811-9414-f0921c16b9e5,0.030136986301369864,0.139200001955,10
9,b8c14057-1c00-e811-9414-f0921c16b9e5,0.03287671232876712,0.2291000038385,11
9,b8c14057-1c00-e811-9414-f0921c16b9e5,0.03561643835616438,0.3398999869823,12
9,b8c14057-1c00-e811-9414-f0921c16b9e5,0.038356164383561646,0.4677999913692,13
9,b8c14057-1c00-e811-9414-f0921c16b9e5,0.0410958904109589,0.5716000199318,14
9,b8c14057-1c00-e811-9414-f0921c16b9e5,0.043835616438356165,0.6286000013351,15
9,b8c14057-1c00-e811-9414-f0921c16b9e5,0.04657534246575343,0.6401000022888,16
9,b8c14057-1c00-e811-9414-f0921c16b9e5,0.049315068493150684,0.6233000159264,17
9,b8c14057-1c00-e811-9414-f0921c16b9e5,0.052054794520547946,0.5898000001907,18
9,b8c14057-1c00-e811-9414-f0921c16b9e5,0.0547945205479452,0.5433999896049,19
9,b8c14057-1c00-e811-9414-f0921c16b9e5,0.057534246575342465,0.4952000081539,20
9,b8c14057-1c00-e811-9414-f0921c16b9e5,0.06027397260273973,0.4530999958515,21
9,b8c14057-1c00-e811-9414-f0921c16b9e5,0.06301369863013699,0.4110000133514,22
9,b8c14057-1c00-e811-9414-f0921c16b9e5,0.06575342465753424,0.3758000135422,23
9,b8c14057-1c00-e811-9414-f0921c16b9e5,0.0684931506849315,0.3404000103474,24
9,b8c14057-1c00-e811-9414-f0921c16b9e5,0.07123287671232877,0.3077000081539,25
9,b8c14057-1c00-e811-9414-f0921c16b9e5,0.07397260273972603,0.2784000039101,26
9,b8c14057-1c00-e811-9414-f0921c16b9e5,0.07671232876712329,0.2533999979496,27
9,b8c14057-1c00-e811-9414-f0921c16b9e5,0.07945205479452055,0.2270999997854,28
9,b8c14057-1c00-e811-9414-f0921c16b9e5,0.0821917808219178,0.2035000026226,29
9,b8c14057-1c00-e811-9414-f0921c16b9e5,0.08493150684931507,0.1834000051022,30
9,b8c14057-1c00-e811-9414-f0921c16b9e5,0.08767123287671233,0.1650999933481,31
9,b8c14057-1c00-e811-9414-f0921c16b9e5,0.09041095890410959,0.1491000056267,32
9,b8c14057-1c00-e811-9414-f0921c16b9e5,0.09315068493150686,0.1314000040293,33
9,b8c14057-1c00-e811-9414-f0921c16b9e5,0.0958904109589041,0.1177000030875,34
9,b8c14057-1c00-e811-9414-f0921c16b9e5,0.09863013698630137,0.1057000011206,35
9,b8c14057-1c00-e811-9414-f0921c16b9e5,0.10136986301369863,0.09489999711514,36
9,b8c14057-1c00-e811-9414-f0921c16b9e5,0.10410958904109589,0.0848999992013,37
9,b8c14057-1c00-e811-9414-f0921c16b9e5,0.10684931506849316,0.07649999856949,38
9,b8c14057-1c00-e811-9414-f0921c16b9e5,0.1095890410958904,0.07000000029802,39
9,b8c14057-1c00-e811-9414-f0921c16b9e5,0.11232876712328767,0.06390000134706,40
9,b8c14057-1c00-e811-9414-f0921c16b9e5,0.11506849315068493,0.05629999935627,41
9,b8c14057-1c00-e811-9414-f0921c16b9e5,0.1178082191780822,0.05099999904633,42
9,b8c14057-1c00-e811-9414-f0921c16b9e5,0.12054794520547946,0.04600000008941,43
9,b8c14057-1c00-e811-9414-f0921c16b9e5,0.1232876712328767,0.04129999876022,44
9,b8c14057-1c00-e811-9414-f0921c16b9e5,0.12602739726027398,0.03730000182986,45
9,b8c14057-1c00-e811-9414-f0921c16b9e5,0.12876712328767123,0.03359999880195,46
9,b8c14057-1c00-e811-9414-f0921c16b9e5,0.13150684931506848,0.02989999949932,47
9,b8c14057-1c00-e811-9414-f0921c16b9e5,0.13424657534246576,0.02759999968112,48
9,b8c14057-1c00-e811-9414-f0921c16b9e5,0.136986301369863,0.02500000037253,49
9,b8c14057-1c00-e811-9414-f0921c16b9e5,0.13972602739726028,0.02219999954104,50
9,b8c14057-1c00-e811-9414-f0921c16b9e5,0.14246575342465753,0.02009999938309,51
9,b8c14057-1c00-e811-9414-f0921c16b9e5,0.14520547945205478,0.01840000040829,52
9,b8c14057-1c00-e811-9414-f0921c16b9e5,0.14794520547945206,0.01640000008047,53
9,b8c14057-1c00-e811-9414-f0921c16b9e5,0.1506849315068493,0.01449999958277,54
9,b8c14057-1c00-e811-9414-f0921c16b9e5,0.15342465753424658,0.01300000026822,55
9,b8c14057-1c00-e811-9414-f0921c16b9e5,0.15616438356164383,0.0113000003621,56
9,b8c14057-1c00-e811-9414-f0921c16b9e5,0.1589041095890411,0.01020000036806,57
9,b8c14057-1c00-e811-9414-f0921c16b9e5,0.16164383561643836,0.00899999961257,58
9,b8c14057-1c00-e811-9414-f0921c16b9e5,0.1643835616438356,0.007799999788404,59
9,b8c14057-1c00-e811-9414-f0921c16b9e5,0.16712328767123288,0.00719999987632,60
9,b8c14057-1c00-e811-9414-f0921c16b9e5,0.16986301369863013,0.006300000008196,61
9,b8c14057-1c00-e811-9414-f0921c16b9e5,0.1726027397260274,0.005499999970198,62
9,b8c14057-1c00-e811-9414-f0921c16b9e5,0.17534246575342466,0.005200000014156,63
9,b8c14057-1c00-e811-9414-f0921c16b9e5,0.1780821917808219,0.004499999806285,64
9,b8c14057-1c00-e811-9414-f0921c16b9e5,0.18082191780821918,0.003800000064075,65
9,b8c14057-1c00-e811-9414-f0921c16b9e5,0.18356164383561643,0.003500000108033,66
9,b8c14057-1c00-e811-9414-f0921c16b9e5,0.1863013698630137,0.003100000089034,67
9,b8c14057-1c00-e811-9414-f0921c16b9e5,0.18904109589041096,0.003000000026077,68
9,b8c14057-1c00-e811-9414-f0921c16b9e5,0.1917808219178082,0.002799999900162,69
9,b8c14057-1c00-e811-9414-f0921c16b9e5,0.19452054794520549,0.002799999900162,70
9,b8c14057-1c00-e811-9414-f0921c16b9e5,0.19726027397260273,0.002700000070035,71
9,b8c14057-1c00-e811-9414-f0921c16b9e5,0.2,0.002400000113994,72
9,b8c14057-1c00-e811-9414-f0921c16b9e5,0.20273972602739726,0.002400000113994,73
9,b8c14057-1c00-e811-9414-f0921c16b9e5,0.2054794520547945,0.002000000094995,74
9,b8c14057-1c00-e811-9414-f0921c16b9e5,0.20821917808219179,0.00179999996908,75
9,b8c14057-1c00-e811-9414-f0921c16b9e5,0.21095890410958903,0.001500000013039,76
9,b8c14057-1c00-e811-9414-f0921c16b9e5,0.2136986301369863,0.001500000013039,77
9,b8c14057-1c00-e811-9414-f0921c16b9e5,0.21643835616438356,0.001300000003539,78
9,b8c14057-1c00-e811-9414-f0921c16b9e5,0.2191780821917808,0.001300000003539,79
9,b8c14057-1c00-e811-9414-f0921c16b9e5,0.2219178082191781,0.001200000056997,80
9,b8c14057-1c00-e811-9414-f0921c16b9e5,0.22465753424657534,0.00109999999404,81
9,b8c14057-1c00-e811-9414-f0921c16b9e5,0.2273972602739726,0.001000000047497,82
9,b8c14057-1c00-e811-9414-f0921c16b9e5,0.23013698630136986,0.00089999998454,83
9,b8c14057-1c00-e811-9414-f0921c16b9e5,0.2328767123287671,0.0006999999750406,84
9,b8c14057-1c00-e811-9414-f0921c16b9e5,0.2356164383561644,0.0006999999750406,85
9,b8c14057-1c00-e811-9414-f0921c16b9e5,0.23835616438356164,0.0006999999750406,86
9,b8c14057-1c00-e811-9414-f0921c16b9e5,0.2410958904109589,0.0006999999750406,87
9,b8c14057-1c00-e811-9414-f0921c16b9e5,0.24383561643835616,0.0006000000284985,88
9,b8c14057-1c00-e811-9414-f0921c16b9e5,0.2465753424657534,0.0006000000284985,89
10,ce9e3050-1c00-e811-9414-f0921c16b9e5,0.0027397260273972603,0.0,0
10,ce9e3050-1c00-e811-9414-f0921c16b9e5,0.005479452054794521,0.0005000000237487,1
10,ce9e3050-1c00-e811-9414-f0921c16b9e5,0.00821917808219178,0.001200000056997,2
10,ce9e3050-1c00-e811-9414-f0921c16b9e5,0.010958904109589041,0.002199999988079,3
10,ce9e3050-1c00-e811-9414-f0921c16b9e5,0.0136986301369863,0.0046999999322,4
10,ce9e3050-1c00-e811-9414-f0921c16b9e5,0.01643835616438356,0.00899999961257,5
10,ce9e3050-1c00-e811-9414-f0921c16b9e5,0.019178082191780823,0.01679999940097,6
10,ce9e3050-1c00-e811-9414-f0921c16b9e5,0.021917808219178082,0.03390000015497,7
10,ce9e3050-1c00-e811-9414-f0921c16b9e5,0.024657534246575342,0.06530000269413,8
10,ce9e3050-1c00-e811-9414-f0921c16b9e5,0.0273972602739726,0.1212000027299,9
10,ce9e3050-1c00-e811-9414-f0921c16b9e5,0.030136986301369864,0.2110999971628,10
10,ce9e3050-1c00-e811-9414-f0921c16b9e5,0.03287671232876712,0.3352000117302,11
10,ce9e3050-1c00-e811-9414-f0921c16b9e5,0.03561643835616438,0.4947000145912,12
10,ce9e3050-1c00-e811-9414-f0921c16b9e5,0.038356164383561646,0.612900018692,13
10,ce9e3050-1c00-e811-9414-f0921c16b9e5,0.0410958904109589,0.6728000044823,14
10,ce9e3050-1c00-e811-9414-f0921c16b9e5,0.043835616438356165,0.659600019455,15
10,ce9e3050-1c00-e811-9414-f0921c16b9e5,0.04657534246575343,0.615700006485,16
10,ce9e3050-1c00-e811-9414-f0921c16b9e5,0.049315068493150684,0.5616999864578,17
10,ce9e3050-1c00-e811-9414-f0921c16b9e5,0.052054794520547946,0.5080999732018,18
10,ce9e3050-1c00-e811-9414-f0921c16b9e5,0.0547945205479452,0.45609998703,19
10,ce9e3050-1c00-e811-9414-f0921c16b9e5,0.057534246575342465,0.4086000025272,20
10,ce9e3050-1c00-e811-9414-f0921c16b9e5,0.06027397260273973,0.3625999987125,21
10,ce9e3050-1c00-e811-9414-f0921c16b9e5,0.06301369863013699,0.3260000050068,22
10,ce9e3050-1c00-e811-9414-f0921c16b9e5,0.06575342465753424,0.2903999984264,23
10,ce9e3050-1c00-e811-9414-f0921c16b9e5,0.0684931506849315,0.2597999870777,24
10,ce9e3050-1c00-e811-9414-f0921c16b9e5,0.07123287671232877,0.2335000038147,25
10,ce9e3050-1c00-e811-9414-f0921c16b9e5,0.07397260273972603,0.2090999931097,26
10,ce9e3050-1c00-e811-9414-f0921c16b9e5,0.07671232876712329,0.1861999928951,27
10,ce9e3050-1c00-e811-9414-f0921c16b9e5,0.07945205479452055,0.1641000062227,28
10,ce9e3050-1c00-e811-9414-f0921c16b9e5,0.0821917808219178,0.1474999934435,29
10,ce9e3050-1c00-e811-9414-f0921c16b9e5,0.08493150684931507,0.1322000026703,30
10,ce9e3050-1c00-e811-9414-f0921c16b9e5,0.08767123287671233,0.1184000000358,31
10,ce9e3050-1c00-e811-9414-f0921c16b9e5,0.09041095890410959,0.104500003159,32
10,ce9e3050-1c00-e811-9414-f0921c16b9e5,0.09315068493150686,0.09300000220537,33
10,ce9e3050-1c00-e811-9414-f0921c16b9e5,0.0958904109589041,0.08389999717474,34
10,ce9e3050-1c00-e811-9414-f0921c16b9e5,0.09863013698630137,0.07310000061989,35
10,ce9e3050-1c00-e811-9414-f0921c16b9e5,0.10136986301369863,0.06289999932051,36
10,ce9e3050-1c00-e811-9414-f0921c16b9e5,0.10410958904109589,0.05579999834299,37
10,ce9e3050-1c00-e811-9414-f0921c16b9e5,0.10684931506849316,0.04969999939203,38
10,ce9e3050-1c00-e811-9414-f0921c16b9e5,0.1095890410958904,0.04250000044703,39
10,ce9e3050-1c00-e811-9414-f0921c16b9e5,0.11232876712328767,0.03819999843836,40
10,ce9e3050-1c00-e811-9414-f0921c16b9e5,0.11506849315068493,0.03370000049472,41
10,ce9e3050-1c00-e811-9414-f0921c16b9e5,0.1178082191780822,0.03130000084639,42
10,ce9e3050-1c00-e811-9414-f0921c16b9e5,0.12054794520547946,0.0278999991715,43
10,ce9e3050-1c00-e811-9414-f0921c16b9e5,0.1232876712328767,0.024299999699,44
10,ce9e3050-1c00-e811-9414-f0921c16b9e5,0.12602739726027398,0.02170000039041,45
10,ce9e3050-1c00-e811-9414-f0921c16b9e5,0.12876712328767123,0.0194000005722,46
10,ce9e3050-1c00-e811-9414-f0921c16b9e5,0.13150684931506848,0.01720000058413,47
10,ce9e3050-1c00-e811-9414-f0921c16b9e5,0.13424657534246576,0.01569999940693,48
10,ce9e3050-1c00-e811-9414-f0921c16b9e5,0.136986301369863,0.0132999997586,49
10,ce9e3050-1c00-e811-9414-f0921c16b9e5,0.13972602739726028,0.01159999985248,50
10,ce9e3050-1c00-e811-9414-f0921c16b9e5,0.14246575342465753,0.01049999985844,51
10,ce9e3050-1c00-e811-9414-f0921c16b9e5,0.14520547945205478,0.01009999960661,52
10,ce9e3050-1c00-e811-9414-f0921c16b9e5,0.14794520547945206,0.009100000374019,53
10,ce9e3050-1c00-e811-9414-f0921c16b9e5,0.1506849315068493,0.007799999788404,54
10,ce9e3050-1c00-e811-9414-f0921c16b9e5,0.15342465753424658,0.006800000090152,55
10,ce9e3050-1c00-e811-9414-f0921c16b9e5,0.15616438356164383,0.006399999838322,56
10,ce9e3050-1c00-e811-9414-f0921c16b9e5,0.1589041095890411,0.005700000096112,57
10,ce9e3050-1c00-e811-9414-f0921c16b9e5,0.16164383561643836,0.005200000014156,58
10,ce9e3050-1c00-e811-9414-f0921c16b9e5,0.1643835616438356,0.004600000102073,59
10,ce9e3050-1c00-e811-9414-f0921c16b9e5,0.16712328767123288,0.004199999850243,60
10,ce9e3050-1c00-e811-9414-f0921c16b9e5,0.16986301369863013,0.003700000001118,61
10,ce9e3050-1c00-e811-9414-f0921c16b9e5,0.1726027397260274,0.003299999982119,62
10,ce9e3050-1c00-e811-9414-f0921c16b9e5,0.17534246575342466,0.002700000070035,63
10,ce9e3050-1c00-e811-9414-f0921c16b9e5,0.1780821917808219,0.002199999988079,64
10,ce9e3050-1c00-e811-9414-f0921c16b9e5,0.18082191780821918,0.002000000094995,65
10,ce9e3050-1c00-e811-9414-f0921c16b9e5,0.18356164383561643,0.00179999996908,66
10,ce9e3050-1c00-e811-9414-f0921c16b9e5,0.1863013698630137,0.001599999959581,67
10,ce9e3050-1c00-e811-9414-f0921c16b9e5,0.18904109589041096,0.001500000013039,68
10,ce9e3050-1c00-e811-9414-f0921c16b9e5,0.1917808219178082,0.00109999999404,69
10,ce9e3050-1c00-e811-9414-f0921c16b9e5,0.19452054794520549,0.001000000047497,70
10,ce9e3050-1c00-e811-9414-f0921c16b9e5,0.19726027397260273,0.00089999998454,71
10,ce9e3050-1c00-e811-9414-f0921c16b9e5,0.2,0.00089999998454,72
10,ce9e3050-1c00-e811-9414-f0921c16b9e5,0.20273972602739726,0.0006999999750406,73
10,ce9e3050-1c00-e811-9414-f0921c16b9e5,0.2054794520547945,0.0006999999750406,74
10,ce9e3050-1c00-e811-9414-f0921c16b9e5,0.20821917808219179,0.0006999999750406,75
10,ce9e3050-1c00-e811-9414-f0921c16b9e5,0.21095890410958903,0.0005000000237487,76
10,ce9e3050-1c00-e811-9414-f0921c16b9e5,0.2136986301369863,0.0005000000237487,77
10,ce9e3050-1c00-e811-9414-f0921c16b9e5,0.21643835616438356,0.0005000000237487,78
10,ce9e3050-1c00-e811-9414-f0921c16b9e5,0.2191780821917808,0.0005000000237487,79
10,ce9e3050-1c00-e811-9414-f0921c16b9e5,0.2219178082191781,0.0005000000237487,80
10,ce9e3050-1c00-e811-9414-f0921c16b9e5,0.22465753424657534,0.0003000000142492,81
10,ce9e3050-1c00-e811-9414-f0921c16b9e5,0.2273972602739726,0.0001999999949476,82
10,ce9e3050-1c00-e811-9414-f0921c16b9e5,0.23013698630136986,0.0001999999949476,83
10,ce9e3050-1c00-e811-9414-f0921c16b9e5,0.2328767123287671,0.0001999999949476,84
10,ce9e3050-1c00-e811-9414-f0921c16b9e5,0.2356164383561644,0.0001999999949476,85
10,ce9e3050-1c00-e811-9414-f0921c16b9e5,0.23835616438356164,0.0001999999949476,86
10,ce9e3050-1c00-e811-9414-f0921c16b9e5,0.2410958904109589,0.0001999999949476,87
10,ce9e3050-1c00-e811-9414-f0921c16b9e5,0.24383561643835616,0.0001999999949476,88
10,ce9e3050-1c00-e811-9414-f0921c16b9e5,0.2465753424657534,0.0001999999949476,89
11,cd9e3050-1c00-e811-9414-f0921c16b9e5,0.0027397260273972603,0.0,0
11,cd9e3050-1c00-e811-9414-f0921c16b9e5,0.005479452054794521,0.0003999999898952,1
11,cd9e3050-1c00-e811-9414-f0921c16b9e5,0.00821917808219178,0.003000000026077,2
11,cd9e3050-1c00-e811-9414-f0921c16b9e5,0.010958904109589041,0.01740000024438,3
11,cd9e3050-1c00-e811-9414-f0921c16b9e5,0.0136986301369863,0.09700000286102,4
11,cd9e3050-1c00-e811-9414-f0921c16b9e5,0.01643835616438356,0.4402000010014,5
11,cd9e3050-1c00-e811-9414-f0921c16b9e5,0.019178082191780823,0.7759000062943,6
11,cd9e3050-1c00-e811-9414-f0921c16b9e5,0.021917808219178082,0.5680000185966,7
11,cd9e3050-1c00-e811-9414-f0921c16b9e5,0.024657534246575342,0.3795000016689,8
11,cd9e3050-1c00-e811-9414-f0921c16b9e5,0.0273972602739726,0.2522999942303,9
11,cd9e3050-1c00-e811-9414-f0921c16b9e5,0.030136986301369864,0.1738999933004,10
11,cd9e3050-1c00-e811-9414-f0921c16b9e5,0.03287671232876712,0.1172999963164,11
11,cd9e3050-1c00-e811-9414-f0921c16b9e5,0.03561643835616438,0.07959999889135,12
11,cd9e3050-1c00-e811-9414-f0921c16b9e5,0.038356164383561646,0.05469999834895,13
11,cd9e3050-1c00-e811-9414-f0921c16b9e5,0.0410958904109589,0.03669999912381,14
11,cd9e3050-1c00-e811-9414-f0921c16b9e5,0.043835616438356165,0.02419999986887,15
11,cd9e3050-1c00-e811-9414-f0921c16b9e5,0.04657534246575343,0.01620000042021,16
11,cd9e3050-1c00-e811-9414-f0921c16b9e5,0.049315068493150684,0.01070000045002,17
11,cd9e3050-1c00-e811-9414-f0921c16b9e5,0.052054794520547946,0.008200000040233,18
11,cd9e3050-1c00-e811-9414-f0921c16b9e5,0.0547945205479452,0.005299999844283,19
11,cd9e3050-1c00-e811-9414-f0921c16b9e5,0.057534246575342465,0.00289999996312,20
11,cd9e3050-1c00-e811-9414-f0921c16b9e5,0.06027397260273973,0.001900000032037,21
11,cd9e3050-1c00-e811-9414-f0921c16b9e5,0.06301369863013699,0.00109999999404,22
11,cd9e3050-1c00-e811-9414-f0921c16b9e5,0.06575342465753424,0.0006000000284985,23
11,cd9e3050-1c00-e811-9414-f0921c16b9e5,0.0684931506849315,0.0003999999898952,24
11,cd9e3050-1c00-e811-9414-f0921c16b9e5,0.07123287671232877,0.0003999999898952,25
11,cd9e3050-1c00-e811-9414-f0921c16b9e5,0.07397260273972603,9.999999747379e-05,26
11,cd9e3050-1c00-e811-9414-f0921c16b9e5,0.07671232876712329,9.999999747379e-05,27
11,cd9e3050-1c00-e811-9414-f0921c16b9e5,0.07945205479452055,0.0,28
11,cd9e3050-1c00-e811-9414-f0921c16b9e5,0.0821917808219178,0.0,29
11,cd9e3050-1c00-e811-9414-f0921c16b9e5,0.08493150684931507,0.0,30
11,cd9e3050-1c00-e811-9414-f0921c16b9e5,0.08767123287671233,0.0,31
11,cd9e3050-1c00-e811-9414-f0921c16b9e5,0.09041095890410959,0.0,32
11,cd9e3050-1c00-e811-9414-f0921c16b9e5,0.09315068493150686,0.0,33
11,cd9e3050-1c00-e811-9414-f0921c16b9e5,0.0958904109589041,0.0,34
11,cd9e3050-1c00-e811-9414-f0921c16b9e5,0.09863013698630137,0.0,35
11,cd9e3050-1c00-e811-9414-f0921c16b9e5,0.10136986301369863,0.0,36
11,cd9e3050-1c00-e811-9414-f0921c16b9e5,0.10410958904109589,0.0,37
11,cd9e3050-1c00-e811-9414-f0921c16b9e5,0.10684931506849316,0.0,38
11,cd9e3050-1c00-e811-9414-f0921c16b9e5,0.1095890410958904,0.0,39
11,cd9e3050-1c00-e811-9414-f0921c16b9e5,0.11232876712328767,0.0,40
11,cd9e3050-1c00-e811-9414-f0921c16b9e5,0.11506849315068493,0.0,41
11,cd9e3050-1c00-e811-9414-f0921c16b9e5,0.1178082191780822,0.0,42
11,cd9e3050-1c00-e811-9414-f0921c16b9e5,0.12054794520547946,0.0,43
11,cd9e3050-1c00-e811-9414-f0921c16b9e5,0.1232876712328767,0.0,44
11,cd9e3050-1c00-e811-9414-f0921c16b9e5,0.12602739726027398,0.0,45
11,cd9e3050-1c00-e811-9414-f0921c16b9e5,0.12876712328767123,0.0,46
11,cd9e3050-1c00-e811-9414-f0921c16b9e5,0.13150684931506848,0.0,47
11,cd9e3050-1c00-e811-9414-f0921c16b9e5,0.13424657534246576,0.0,48
11,cd9e3050-1c00-e811-9414-f0921c16b9e5,0.136986301369863,0.0,49
11,cd9e3050-1c00-e811-9414-f0921c16b9e5,0.13972602739726028,0.0,50
11,cd9e3050-1c00-e811-9414-f0921c16b9e5,0.14246575342465753,0.0,51
11,cd9e3050-1c00-e811-9414-f0921c16b9e5,0.14520547945205478,0.0,52
11,cd9e3050-1c00-e811-9414-f0921c16b9e5,0.14794520547945206,0.0,53
11,cd9e3050-1c00-e811-9414-f0921c16b9e5,0.1506849315068493,0.0,54
11,cd9e3050-1c00-e811-9414-f0921c16b9e5,0.15342465753424658,0.0,55
11,cd9e3050-1c00-e811-9414-f0921c16b9e5,0.15616438356164383,0.0,56
11,cd9e3050-1c00-e811-9414-f0921c16b9e5,0.1589041095890411,0.0,57
11,cd9e3050-1c00-e811-9414-f0921c16b9e5,0.16164383561643836,0.0,58
11,cd9e3050-1c00-e811-9414-f0921c16b9e5,0.1643835616438356,0.0,59
11,cd9e3050-1c00-e811-9414-f0921c16b9e5,0.16712328767123288,0.0,60
11,cd9e3050-1c00-e811-9414-f0921c16b9e5,0.16986301369863013,0.0,61
11,cd9e3050-1c00-e811-9414-f0921c16b9e5,0.1726027397260274,0.0,62
11,cd9e3050-1c00-e811-9414-f0921c16b9e5,0.17534246575342466,0.0,63
11,cd9e3050-1c00-e811-9414-f0921c16b9e5,0.1780821917808219,0.0,64
11,cd9e3050-1c00-e811-9414-f0921c16b9e5,0.18082191780821918,0.0,65
11,cd9e3050-1c00-e811-9414-f0921c16b9e5,0.18356164383561643,0.0,66
11,cd9e3050-1c00-e811-9414-f0921c16b9e5,0.1863013698630137,0.0,67
11,cd9e3050-1c00-e811-9414-f0921c16b9e5,0.18904109589041096,0.0,68
11,cd9e3050-1c00-e811-9414-f0921c16b9e5,0.1917808219178082,0.0,69
11,cd9e3050-1c00-e811-9414-f0921c16b9e5,0.19452054794520549,0.0,70
11,cd9e3050-1c00-e811-9414-f0921c16b9e5,0.19726027397260273,0.0,71
11,cd9e3050-1c00-e811-9414-f0921c16b9e5,0.2,0.0,72
11,cd9e3050-1c00-e811-9414-f0921c16b9e5,0.20273972602739726,0.0,73
11,cd9e3050-1c00-e811-9414-f0921c16b9e5,0.2054794520547945,0.0,74
11,cd9e3050-1c00-e811-9414-f0921c16b9e5,0.20821917808219179,0.0,75
11,cd9e3050-1c00-e811-9414-f0921c16b9e5,0.21095890410958903,0.0,76
11,cd9e3050-1c00-e811-9414-f0921c16b9e5,0.2136986301369863,0.0,77
11,cd9e3050-1c00-e811-9414-f0921c16b9e5,0.21643835616438356,0.0,78
11,cd9e3050-1c00-e811-9414-f0921c16b9e5,0.2191780821917808,0.0,79
11,cd9e3050-1c00-e811-9414-f0921c16b9e5,0.2219178082191781,0.0,80
11,cd9e3050-1c00-e811-9414-f0921c16b9e5,0.22465753424657534,0.0,81
11,cd9e3050-1c00-e811-9414-f0921c16b9e5,0.2273972602739726,0.0,82
11,cd9e3050-1c00-e811-9414-f0921c16b9e5,0.23013698630136986,0.0,83
11,cd9e3050-1c00-e811-9414-f0921c16b9e5,0.2328767123287671,0.0,84
11,cd9e3050-1c00-e811-9414-f0921c16b9e5,0.2356164383561644,0.0,85
11,cd9e3050-1c00-e811-9414-f0921c16b9e5,0.23835616438356164,0.0,86
11,cd9e3050-1c00-e811-9414-f0921c16b9e5,0.2410958904109589,0.0,87
11,cd9e3050-1c00-e811-9414-f0921c16b9e5,0.24383561643835616,0.0,88
11,cd9e3050-1c00-e811-9414-f0921c16b9e5,0.2465753424657534,0.0,89
12,cc9e3050-1c00-e811-9414-f0921c16b9e5,0.0027397260273972603,0.0,0
12,cc9e3050-1c00-e811-9414-f0921c16b9e5,0.005479452054794521,0.0006999999750406,1
12,cc9e3050-1c00-e811-9414-f0921c16b9e5,0.00821917808219178,0.005499999970198,2
12,cc9e3050-1c00-e811-9414-f0921c16b9e5,0.010958904109589041,0.0285000000149,3
12,cc9e3050-1c00-e811-9414-f0921c16b9e5,0.0136986301369863,0.1360999941826,4
12,cc9e3050-1c00-e811-9414-f0921c16b9e5,0.01643835616438356,0.4641000032425,5
12,cc9e3050-1c00-e811-9414-f0921c16b9e5,0.019178082191780823,0.5680000185966,6
12,cc9e3050-1c00-e811-9414-f0921c16b9e5,0.021917808219178082,0.2689999938011,7
12,cc9e3050-1c00-e811-9414-f0921c16b9e5,0.024657534246575342,0.1119000017643,8
12,cc9e3050-1c00-e811-9414-f0921c16b9e5,0.0273972602739726,0.04529999941587,9
12,cc9e3050-1c00-e811-9414-f0921c16b9e5,0.030136986301369864,0.01799999922514,10
12,cc9e3050-1c00-e811-9414-f0921c16b9e5,0.03287671232876712,0.007499999832362,11
12,cc9e3050-1c00-e811-9414-f0921c16b9e5,0.03561643835616438,0.00289999996312,12
12,cc9e3050-1c00-e811-9414-f0921c16b9e5,0.038356164383561646,0.0007999999797903,13
12,cc9e3050-1c00-e811-9414-f0921c16b9e5,0.0410958904109589,9.999999747379e-05,14
12,cc9e3050-1c00-e811-9414-f0921c16b9e5,0.043835616438356165,0.0,15
12,cc9e3050-1c00-e811-9414-f0921c16b9e5,0.04657534246575343,0.0,16
12,cc9e3050-1c00-e811-9414-f0921c16b9e5,0.049315068493150684,0.0,17
12,cc9e3050-1c00-e811-9414-f0921c16b9e5,0.052054794520547946,0.0,18
12,cc9e3050-1c00-e811-9414-f0921c16b9e5,0.0547945205479452,0.0,19
12,cc9e3050-1c00-e811-9414-f0921c16b9e5,0.057534246575342465,0.0,20
12,cc9e3050-1c00-e811-9414-f0921c16b9e5,0.06027397260273973,0.0,21
12,cc9e3050-1c00-e811-9414-f0921c16b9e5,0.06301369863013699,0.0,22
12,cc9e3050-1c00-e811-9414-f0921c16b9e5,0.06575342465753424,0.0,23
12,cc9e3050-1c00-e811-9414-f0921c16b9e5,0.0684931506849315,0.0,24
12,cc9e3050-1c00-e811-9414-f0921c16b9e5,0.07123287671232877,0.0,25
12,cc9e3050-1c00-e811-9414-f0921c16b9e5,0.07397260273972603,0.0,26
12,cc9e3050-1c00-e811-9414-f0921c16b9e5,0.07671232876712329,0.0,27
12,cc9e3050-1c00-e811-9414-f0921c16b9e5,0.07945205479452055,0.0,28
12,cc9e3050-1c00-e811-9414-f0921c16b9e5,0.0821917808219178,0.0,29
12,cc9e3050-1c00-e811-9414-f0921c16b9e5,0.08493150684931507,0.0,30
12,cc9e3050-1c00-e811-9414-f0921c16b9e5,0.08767123287671233,0.0,31
12,cc9e3050-1c00-e811-9414-f0921c16b9e5,0.09041095890410959,0.0,32
12,cc9e3050-1c00-e811-9414-f0921c16b9e5,0.09315068493150686,0.0,33
12,cc9e3050-1c00-e811-9414-f0921c16b9e5,0.0958904109589041,0.0,34
12,cc9e3050-1c00-e811-9414-f0921c16b9e5,0.09863013698630137,0.0,35
12,cc9e3050-1c00-e811-9414-f0921c16b9e5,0.10136986301369863,0.0,36
12,cc9e3050-1c00-e811-9414-f0921c16b9e5,0.10410958904109589,0.0,37
12,cc9e3050-1c00-e811-9414-f0921c16b9e5,0.10684931506849316,0.0,38
12,cc9e3050-1c00-e811-9414-f0921c16b9e5,0.1095890410958904,0.0,39
12,cc9e3050-1c00-e811-9414-f0921c16b9e5,0.11232876712328767,0.0,40
12,cc9e3050-1c00-e811-9414-f0921c16b9e5,0.11506849315068493,0.0,41
12,cc9e3050-1c00-e811-9414-f0921c16b9e5,0.1178082191780822,0.0,42
12,cc9e3050-1c00-e811-9414-f0921c16b9e5,0.12054794520547946,0.0,43
12,cc9e3050-1c00-e811-9414-f0921c16b9e5,0.1232876712328767,0.0,44
12,cc9e3050-1c00-e811-9414-f0921c16b9e5,0.12602739726027398,0.0,45
12,cc9e3050-1c00-e811-9414-f0921c16b9e5,0.12876712328767123,0.0,46
12,cc9e3050-1c00-e811-9414-f0921c16b9e5,0.13150684931506848,0.0,47
12,cc9e3050-1c00-e811-9414-f0921c16b9e5,0.13424657534246576,0.0,48
12,cc9e3050-1c00-e811-9414-f0921c16b9e5,0.136986301369863,0.0,49
12,cc9e3050-1c00-e811-9414-f0921c16b9e5,0.13972602739726028,0.0,50
12,cc9e3050-1c00-e811-9414-f0921c16b9e5,0.14246575342465753,0.0,51
12,cc9e3050-1c00-e811-9414-f0921c16b9e5,0.14520547945205478,0.0,52
12,cc9e3050-1c00-e811-9414-f0921c16b9e5,0.14794520547945206,0.0,53
12,cc9e3050-1c00-e811-9414-f0921c16b9e5,0.1506849315068493,0.0,54
12,cc9e3050-1c00-e811-9414-f0921c16b9e5,0.15342465753424658,0.0,55
12,cc9e3050-1c00-e811-9414-f0921c16b9e5,0.15616438356164383,0.0,56
12,cc9e3050-1c00-e811-9414-f0921c16b9e5,0.1589041095890411,0.0,57
12,cc9e3050-1c00-e811-9414-f0921c16b9e5,0.16164383561643836,0.0,58
12,cc9e3050-1c00-e811-9414-f0921c16b9e5,0.1643835616438356,0.0,59
12,cc9e3050-1c00-e811-9414-f0921c16b9e5,0.16712328767123288,0.0,60
12,cc9e3050-1c00-e811-9414-f0921c16b9e5,0.16986301369863013,0.0,61
12,cc9e3050-1c00-e811-9414-f0921c16b9e5,0.1726027397260274,0.0,62
12,cc9e3050-1c00-e811-9414-f0921c16b9e5,0.17534246575342466,0.0,63
12,cc9e3050-1c00-e811-9414-f0921c16b9e5,0.1780821917808219,0.0,64
12,cc9e3050-1c00-e811-9414-f0921c16b9e5,0.18082191780821918,0.0,65
12,cc9e3050-1c00-e811-9414-f0921c16b9e5,0.18356164383561643,0.0,66
12,cc9e3050-1c00-e811-9414-f0921c16b9e5,0.1863013698630137,0.0,67
12,cc9e3050-1c00-e811-9414-f0921c16b9e5,0.18904109589041096,0.0,68
12,cc9e3050-1c00-e811-9414-f0921c16b9e5,0.1917808219178082,0.0,69
12,cc9e3050-1c00-e811-9414-f0921c16b9e5,0.19452054794520549,0.0,70
12,cc9e3050-1c00-e811-9414-f0921c16b9e5,0.19726027397260273,0.0,71
12,cc9e3050-1c00-e811-9414-f0921c16b9e5,0.2,0.0,72
12,cc9e3050-1c00-e811-9414-f0921c16b9e5,0.20273972602739726,0.0,73
12,cc9e3050-1c00-e811-9414-f0921c16b9e5,0.2054794520547945,0.0,74
12,cc9e3050-1c00-e811-9414-f0921c16b9e5,0.20821917808219179,0.0,75
12,cc9e3050-1c00-e811-9414-f0921c16b9e5,0.21095890410958903,0.0,76
12,cc9e3050-1c00-e811-9414-f0921c16b9e5,0.2136986301369863,0.0,77
12,cc9e3050-1c00-e811-9414-f0921c16b9e5,0.21643835616438356,0.0,78
12,cc9e3050-1c00-e811-9414-f0921c16b9e5,0.2191780821917808,0.0,79
12,cc9e3050-1c00-e811-9414-f0921c16b9e5,0.2219178082191781,0.0,80
12,cc9e3050-1c00-e811-9414-f0921c16b9e5,0.22465753424657534,0.0,81
12,cc9e3050-1c00-e811-9414-f0921c16b9e5,0.2273972602739726,0.0,82
12,cc9e3050-1c00-e811-9414-f0921c16b9e5,0.23013698630136986,0.0,83
12,cc9e3050-1c00-e811-9414-f0921c16b9e5,0.2328767123287671,0.0,84
12,cc9e3050-1c00-e811-9414-f0921c16b9e5,0.2356164383561644,0.0,85
12,cc9e3050-1c00-e811-9414-f0921c16b9e5,0.23835616438356164,0.0,86
12,cc9e3050-1c00-e811-9414-f0921c16b9e5,0.2410958904109589,0.0,87
12,cc9e3050-1c00-e811-9414-f0921c16b9e5,0.24383561643835616,0.0,88
12,cc9e3050-1c00-e811-9414-f0921c16b9e5,0.2465753424657534,0.0,89
13,cb9e3050-1c00-e811-9414-f0921c16b9e5,0.0027397260273972603,0.0,0
13,cb9e3050-1c00-e811-9414-f0921c16b9e5,0.005479452054794521,0.0006000000284985,1
13,cb9e3050-1c00-e811-9414-f0921c16b9e5,0.00821917808219178,0.0006999999750406,2
13,cb9e3050-1c00-e811-9414-f0921c16b9e5,0.010958904109589041,0.00089999998454,3
13,cb9e3050-1c00-e811-9414-f0921c16b9e5,0.0136986301369863,0.0006000000284985,4
13,cb9e3050-1c00-e811-9414-f0921c16b9e5,0.01643835616438356,0.001200000056997,5
13,cb9e3050-1c00-e811-9414-f0921c16b9e5,0.019178082191780823,0.001200000056997,6
13,cb9e3050-1c00-e811-9414-f0921c16b9e5,0.021917808219178082,0.002000000094995,7
13,cb9e3050-1c00-e811-9414-f0921c16b9e5,0.024657534246575342,0.002099999925122,8
13,cb9e3050-1c00-e811-9414-f0921c16b9e5,0.0273972602739726,0.003700000001118,9
13,cb9e3050-1c00-e811-9414-f0921c16b9e5,0.030136986301369864,0.006599999964237,10
13,cb9e3050-1c00-e811-9414-f0921c16b9e5,0.03287671232876712,0.0109999999404,11
13,cb9e3050-1c00-e811-9414-f0921c16b9e5,0.03561643835616438,0.01610000059009,12
13,cb9e3050-1c00-e811-9414-f0921c16b9e5,0.038356164383561646,0.02630000002682,13
13,cb9e3050-1c00-e811-9414-f0921c16b9e5,0.0410958904109589,0.04089999943972,14
13,cb9e3050-1c00-e811-9414-f0921c16b9e5,0.043835616438356165,0.05939999967813,15
13,cb9e3050-1c00-e811-9414-f0921c16b9e5,0.04657534246575343,0.0865999981761,16
13,cb9e3050-1c00-e811-9414-f0921c16b9e5,0.049315068493150684,0.1225000023842,17
13,cb9e3050-1c00-e811-9414-f0921c16b9e5,0.052054794520547946,0.1699000000954,18
13,cb9e3050-1c00-e811-9414-f0921c16b9e5,0.0547945205479452,0.2171999961138,19
13,cb9e3050-1c00-e811-9414-f0921c16b9e5,0.057534246575342465,0.2660000026226,20
13,cb9e3050-1c00-e811-9414-f0921c16b9e5,0.06027397260273973,0.3003999888897,21
13,cb9e3050-1c00-e811-9414-f0921c16b9e5,0.06301369863013699,0.3095000088215,22
13,cb9e3050-1c00-e811-9414-f0921c16b9e5,0.06575342465753424,0.3106000125408,23
13,cb9e3050-1c00-e811-9414-f0921c16b9e5,0.0684931506849315,0.281199991703,24
13,cb9e3050-1c00-e811-9414-f0921c16b9e5,0.07123287671232877,0.2502000033855,25
13,cb9e3050-1c00-e811-9414-f0921c16b9e5,0.07397260273972603,0.2134999930859,26
13,cb9e3050-1c00-e811-9414-f0921c16b9e5,0.07671232876712329,0.1789000034332,27
13,cb9e3050-1c00-e811-9414-f0921c16b9e5,0.07945205479452055,0.1441999971867,28
13,cb9e3050-1c00-e811-9414-f0921c16b9e5,0.0821917808219178,0.1202000007033,29
13,cb9e3050-1c00-e811-9414-f0921c16b9e5,0.08493150684931507,0.09749999642372,30
13,cb9e3050-1c00-e811-9414-f0921c16b9e5,0.08767123287671233,0.07509999722242,31
13,cb9e3050-1c00-e811-9414-f0921c16b9e5,0.09041095890410959,0.05920000001788,32
13,cb9e3050-1c00-e811-9414-f0921c16b9e5,0.09315068493150686,0.04830000177026,33
13,cb9e3050-1c00-e811-9414-f0921c16b9e5,0.0958904109589041,0.03770000115037,34
13,cb9e3050-1c00-e811-9414-f0921c16b9e5,0.09863013698630137,0.02979999966919,35
13,cb9e3050-1c00-e811-9414-f0921c16b9e5,0.10136986301369863,0.02339999936521,36
13,cb9e3050-1c00-e811-9414-f0921c16b9e5,0.10410958904109589,0.01799999922514,37
13,cb9e3050-1c00-e811-9414-f0921c16b9e5,0.10684931506849316,0.01339999958873,38
13,cb9e3050-1c00-e811-9414-f0921c16b9e5,0.1095890410958904,0.01109999977052,39
13,cb9e3050-1c00-e811-9414-f0921c16b9e5,0.11232876712328767,0.008100000210106,40
13,cb9e3050-1c00-e811-9414-f0921c16b9e5,0.11506849315068493,0.006300000008196,41
13,cb9e3050-1c00-e811-9414-f0921c16b9e5,0.1178082191780822,0.005200000014156,42
13,cb9e3050-1c00-e811-9414-f0921c16b9e5,0.12054794520547946,0.004100000020117,43
13,cb9e3050-1c00-e811-9414-f0921c16b9e5,0.1232876712328767,0.003199999919161,44
13,cb9e3050-1c00-e811-9414-f0921c16b9e5,0.12602739726027398,0.002300000051036,45
13,cb9e3050-1c00-e811-9414-f0921c16b9e5,0.12876712328767123,0.001700000022538,46
13,cb9e3050-1c00-e811-9414-f0921c16b9e5,0.13150684931506848,0.00109999999404,47
13,cb9e3050-1c00-e811-9414-f0921c16b9e5,0.13424657534246576,0.001200000056997,48
13,cb9e3050-1c00-e811-9414-f0921c16b9e5,0.136986301369863,0.0006999999750406,49
13,cb9e3050-1c00-e811-9414-f0921c16b9e5,0.13972602739726028,0.0003999999898952,50
13,cb9e3050-1c00-e811-9414-f0921c16b9e5,0.14246575342465753,0.0003999999898952,51
13,cb9e3050-1c00-e811-9414-f0921c16b9e5,0.14520547945205478,0.0003000000142492,52
13,cb9e3050-1c00-e811-9414-f0921c16b9e5,0.14794520547945206,0.0001999999949476,53
13,cb9e3050-1c00-e811-9414-f0921c16b9e5,0.1506849315068493,9.999999747379e-05,54
13,cb9e3050-1c00-e811-9414-f0921c16b9e5,0.15342465753424658,9.999999747379e-05,55
13,cb9e3050-1c00-e811-9414-f0921c16b9e5,0.15616438356164383,9.999999747379e-05,56
13,cb9e3050-1c00-e811-9414-f0921c16b9e5,0.1589041095890411,9.999999747379e-05,57
13,cb9e3050-1c00-e811-9414-f0921c16b9e5,0.16164383561643836,9.999999747379e-05,58
13,cb9e3050-1c00-e811-9414-f0921c16b9e5,0.1643835616438356,0.0,59
13,cb9e3050-1c00-e811-9414-f0921c16b9e5,0.16712328767123288,0.0,60
13,cb9e3050-1c00-e811-9414-f0921c16b9e5,0.16986301369863013,0.0,61
13,cb9e3050-1c00-e811-9414-f0921c16b9e5,0.1726027397260274,0.0,62
13,cb9e3050-1c00-e811-9414-f0921c16b9e5,0.17534246575342466,0.0,63
13,cb9e3050-1c00-e811-9414-f0921c16b9e5,0.1780821917808219,0.0,64
13,cb9e3050-1c00-e811-9414-f0921c16b9e5,0.18082191780821918,0.0,65
13,cb9e3050-1c00-e811-9414-f0921c16b9e5,0.18356164383561643,0.0,66
13,cb9e3050-1c00-e811-9414-f0921c16b9e5,0.1863013698630137,0.0,67
13,cb9e3050-1c00-e811-9414-f0921c16b9e5,0.18904109589041096,0.0,68
13,cb9e3050-1c00-e811-9414-f0921c16b9e5,0.1917808219178082,0.0,69
13,cb9e3050-1c00-e811-9414-f0921c16b9e5,0.19452054794520549,0.0,70
13,cb9e3050-1c00-e811-9414-f0921c16b9e5,0.19726027397260273,0.0,71
13,cb9e3050-1c00-e811-9414-f0921c16b9e5,0.2,0.0,72
13,cb9e3050-1c00-e811-9414-f0921c16b9e5,0.20273972602739726,0.0,73
13,cb9e3050-1c00-e811-9414-f0921c16b9e5,0.2054794520547945,0.0,74
13,cb9e3050-1c00-e811-9414-f0921c16b9e5,0.20821917808219179,0.0,75
13,cb9e3050-1c00-e811-9414-f0921c16b9e5,0.21095890410958903,0.0,76
13,cb9e3050-1c00-e811-9414-f0921c16b9e5,0.2136986301369863,0.0,77
13,cb9e3050-1c00-e811-9414-f0921c16b9e5,0.21643835616438356,0.0,78
13,cb9e3050-1c00-e811-9414-f0921c16b9e5,0.2191780821917808,0.0,79
13,cb9e3050-1c00-e811-9414-f0921c16b9e5,0.2219178082191781,0.0,80
13,cb9e3050-1c00-e811-9414-f0921c16b9e5,0.22465753424657534,0.0,81
13,cb9e3050-1c00-e811-9414-f0921c16b9e5,0.2273972602739726,0.0,82
13,cb9e3050-1c00-e811-9414-f0921c16b9e5,0.23013698630136986,0.0,83
13,cb9e3050-1c00-e811-9414-f0921c16b9e5,0.2328767123287671,0.0,84
13,cb9e3050-1c00-e811-9414-f0921c16b9e5,0.2356164383561644,0.0,85
13,cb9e3050-1c00-e811-9414-f0921c16b9e5,0.23835616438356164,0.0,86
13,cb9e3050-1c00-e811-9414-f0921c16b9e5,0.2410958904109589,0.0,87
13,cb9e3050-1c00-e811-9414-f0921c16b9e5,0.24383561643835616,0.0,88
13,cb9e3050-1c00-e811-9414-f0921c16b9e5,0.2465753424657534,0.0,89
14,ca9e3050-1c00-e811-9414-f0921c16b9e5,0.0027397260273972603,0.0,0
14,ca9e3050-1c00-e811-9414-f0921c16b9e5,0.005479452054794521,0.0001999999949476,1
14,ca9e3050-1c00-e811-9414-f0921c16b9e5,0.00821917808219178,0.0006999999750406,2
14,ca9e3050-1c00-e811-9414-f0921c16b9e5,0.010958904109589041,0.00109999999404,3
14,ca9e3050-1c00-e811-9414-f0921c16b9e5,0.0136986301369863,0.001700000022538,4
14,ca9e3050-1c00-e811-9414-f0921c16b9e5,0.01643835616438356,0.00289999996312,5
14,ca9e3050-1c00-e811-9414-f0921c16b9e5,0.019178082191780823,0.004300000146031,6
14,ca9e3050-1c00-e811-9414-f0921c16b9e5,0.021917808219178082,0.00719999987632,7
14,ca9e3050-1c00-e811-9414-f0921c16b9e5,0.024657534246575342,0.0109999999404,8
14,ca9e3050-1c00-e811-9414-f0921c16b9e5,0.0273972602739726,0.01610000059009,9
14,ca9e3050-1c00-e811-9414-f0921c16b9e5,0.030136986301369864,0.02380000054836,10
14,ca9e3050-1c00-e811-9414-f0921c16b9e5,0.03287671232876712,0.034200001508,11
14,ca9e3050-1c00-e811-9414-f0921c16b9e5,0.03561643835616438,0.04969999939203,12
14,ca9e3050-1c00-e811-9414-f0921c16b9e5,0.038356164383561646,0.06819999963045,13
14,ca9e3050-1c00-e811-9414-f0921c16b9e5,0.0410958904109589,0.09880000352859,14
14,ca9e3050-1c00-e811-9414-f0921c16b9e5,0.043835616438356165,0.1312000006437,15
14,ca9e3050-1c00-e811-9414-f0921c16b9e5,0.04657534246575343,0.1756000071764,16
14,ca9e3050-1c00-e811-9414-f0921c16b9e5,0.049315068493150684,0.2243999987841,17
14,ca9e3050-1c00-e811-9414-f0921c16b9e5,0.052054794520547946,0.273099988699,18
14,ca9e3050-1c00-e811-9414-f0921c16b9e5,0.0547945205479452,0.3052000105381,19
14,ca9e3050-1c00-e811-9414-f0921c16b9e5,0.057534246575342465,0.323399990797,20
14,ca9e3050-1c00-e811-9414-f0921c16b9e5,0.06027397260273973,0.3264000117779,21
14,ca9e3050-1c00-e811-9414-f0921c16b9e5,0.06301369863013699,0.3154000043869,22
14,ca9e3050-1c00-e811-9414-f0921c16b9e5,0.06575342465753424,0.2973999977112,23
14,ca9e3050-1c00-e811-9414-f0921c16b9e5,0.0684931506849315,0.2698999941349,24
14,ca9e3050-1c00-e811-9414-f0921c16b9e5,0.07123287671232877,0.2390999943018,25
14,ca9e3050-1c00-e811-9414-f0921c16b9e5,0.07397260273972603,0.2041999995708,26
14,ca9e3050-1c00-e811-9414-f0921c16b9e5,0.07671232876712329,0.1787000000477,27
14,ca9e3050-1c00-e811-9414-f0921c16b9e5,0.07945205479452055,0.1502999961376,28
14,ca9e3050-1c00-e811-9414-f0921c16b9e5,0.0821917808219178,0.1246000006795,29
14,ca9e3050-1c00-e811-9414-f0921c16b9e5,0.08493150684931507,0.1053000018001,30
14,ca9e3050-1c00-e811-9414-f0921c16b9e5,0.08767123287671233,0.08860000222921,31
14,ca9e3050-1c00-e811-9414-f0921c16b9e5,0.09041095890410959,0.07310000061989,32
14,ca9e3050-1c00-e811-9414-f0921c16b9e5,0.09315068493150686,0.05860000103712,33
14,ca9e3050-1c00-e811-9414-f0921c16b9e5,0.0958904109589041,0.04870000109076,34
14,ca9e3050-1c00-e811-9414-f0921c16b9e5,0.09863013698630137,0.04030000045896,35
14,ca9e3050-1c00-e811-9414-f0921c16b9e5,0.10136986301369863,0.03359999880195,36
14,ca9e3050-1c00-e811-9414-f0921c16b9e5,0.10410958904109589,0.02649999968708,37
14,ca9e3050-1c00-e811-9414-f0921c16b9e5,0.10684931506849316,0.021099999547,38
14,ca9e3050-1c00-e811-9414-f0921c16b9e5,0.1095890410958904,0.01830000057817,39
14,ca9e3050-1c00-e811-9414-f0921c16b9e5,0.11232876712328767,0.01449999958277,40
14,ca9e3050-1c00-e811-9414-f0921c16b9e5,0.11506849315068493,0.01250000018626,41
14,ca9e3050-1c00-e811-9414-f0921c16b9e5,0.1178082191780822,0.01070000045002,42
14,ca9e3050-1c00-e811-9414-f0921c16b9e5,0.12054794520547946,0.008399999700487,43
14,ca9e3050-1c00-e811-9414-f0921c16b9e5,0.1232876712328767,0.007499999832362,44
14,ca9e3050-1c00-e811-9414-f0921c16b9e5,0.12602739726027398,0.006000000052154,45
14,ca9e3050-1c00-e811-9414-f0921c16b9e5,0.12876712328767123,0.004999999888241,46
14,ca9e3050-1c00-e811-9414-f0921c16b9e5,0.13150684931506848,0.003700000001118,47
14,ca9e3050-1c00-e811-9414-f0921c16b9e5,0.13424657534246576,0.003000000026077,48
14,ca9e3050-1c00-e811-9414-f0921c16b9e5,0.136986301369863,0.002600000007078,49
14,ca9e3050-1c00-e811-9414-f0921c16b9e5,0.13972602739726028,0.002300000051036,50
14,ca9e3050-1c00-e811-9414-f0921c16b9e5,0.14246575342465753,0.00179999996908,51
14,ca9e3050-1c00-e811-9414-f0921c16b9e5,0.14520547945205478,0.001300000003539,52
14,ca9e3050-1c00-e811-9414-f0921c16b9e5,0.14794520547945206,0.00109999999404,53
14,ca9e3050-1c00-e811-9414-f0921c16b9e5,0.1506849315068493,0.00109999999404,54
14,ca9e3050-1c00-e811-9414-f0921c16b9e5,0.15342465753424658,0.001000000047497,55
14,ca9e3050-1c00-e811-9414-f0921c16b9e5,0.15616438356164383,0.0006000000284985,56
14,ca9e3050-1c00-e811-9414-f0921c16b9e5,0.1589041095890411,0.0005000000237487,57
14,ca9e3050-1c00-e811-9414-f0921c16b9e5,0.16164383561643836,0.0003999999898952,58
14,ca9e3050-1c00-e811-9414-f0921c16b9e5,0.1643835616438356,0.0003000000142492,59
14,ca9e3050-1c00-e811-9414-f0921c16b9e5,0.16712328767123288,0.0003000000142492,60
14,ca9e3050-1c00-e811-9414-f0921c16b9e5,0.16986301369863013,0.0001999999949476,61
14,ca9e3050-1c00-e811-9414-f0921c16b9e5,0.1726027397260274,0.0001999999949476,62
14,ca9e3050-1c00-e811-9414-f0921c16b9e5,0.17534246575342466,9.999999747379e-05,63
14,ca9e3050-1c00-e811-9414-f0921c16b9e5,0.1780821917808219,0.0,64
14,ca9e3050-1c00-e811-9414-f0921c16b9e5,0.18082191780821918,0.0,65
14,ca9e3050-1c00-e811-9414-f0921c16b9e5,0.18356164383561643,0.0,66
14,ca9e3050-1c00-e811-9414-f0921c16b9e5,0.1863013698630137,0.0,67
14,ca9e3050-1c00-e811-9414-f0921c16b9e5,0.18904109589041096,0.0,68
14,ca9e3050-1c00-e811-9414-f0921c16b9e5,0.1917808219178082,0.0,69
14,ca9e3050-1c00-e811-9414-f0921c16b9e5,0.19452054794520549,0.0,70
14,ca9e3050-1c00-e811-9414-f0921c16b9e5,0.19726027397260273,0.0,71
14,ca9e3050-1c00-e811-9414-f0921c16b9e5,0.2,0.0,72
14,ca9e3050-1c00-e811-9414-f0921c16b9e5,0.20273972602739726,0.0,73
14,ca9e3050-1c00-e811-9414-f0921c16b9e5,0.2054794520547945,0.0,74
14,ca9e3050-1c00-e811-9414-f0921c16b9e5,0.20821917808219179,0.0,75
14,ca9e3050-1c00-e811-9414-f0921c16b9e5,0.21095890410958903,0.0,76
14,ca9e3050-1c00-e811-9414-f0921c16b9e5,0.2136986301369863,0.0,77
14,ca9e3050-1c00-e811-9414-f0921c16b9e5,0.21643835616438356,0.0,78
14,ca9e3050-1c00-e811-9414-f0921c16b9e5,0.2191780821917808,0.0,79
14,ca9e3050-1c00-e811-9414-f0921c16b9e5,0.2219178082191781,0.0,80
14,ca9e3050-1c00-e811-9414-f0921c16b9e5,0.22465753424657534,0.0,81
14,ca9e3050-1c00-e811-9414-f0921c16b9e5,0.2273972602739726,0.0,82
14,ca9e3050-1c00-e811-9414-f0921c16b9e5,0.23013698630136986,0.0,83
14,ca9e3050-1c00-e811-9414-f0921c16b9e5,0.2328767123287671,0.0,84
14,ca9e3050-1c00-e811-9414-f0921c16b9e5,0.2356164383561644,0.0,85
14,ca9e3050-1c00-e811-9414-f0921c16b9e5,0.23835616438356164,0.0,86
14,ca9e3050-1c00-e811-9414-f0921c16b9e5,0.2410958904109589,0.0,87
14,ca9e3050-1c00-e811-9414-f0921c16b9e5,0.24383561643835616,0.0,88
14,ca9e3050-1c00-e811-9414-f0921c16b9e5,0.2465753424657534,0.0,89
15,c99e3050-1c00-e811-9414-f0921c16b9e5,0.0027397260273972603,0.0,0
15,c99e3050-1c00-e811-9414-f0921c16b9e5,0.005479452054794521,0.0003999999898952,1
15,c99e3050-1c00-e811-9414-f0921c16b9e5,0.00821917808219178,0.001000000047497,2
15,c99e3050-1c00-e811-9414-f0921c16b9e5,0.010958904109589041,0.002000000094995,3
15,c99e3050-1c00-e811-9414-f0921c16b9e5,0.0136986301369863,0.004300000146031,4
15,c99e3050-1c00-e811-9414-f0921c16b9e5,0.01643835616438356,0.006899999920279,5
15,c99e3050-1c00-e811-9414-f0921c16b9e5,0.019178082191780823,0.009499999694526,6
15,c99e3050-1c00-e811-9414-f0921c16b9e5,0.021917808219178082,0.01499999966472,7
15,c99e3050-1c00-e811-9414-f0921c16b9e5,0.024657534246575342,0.021099999547,8
15,c99e3050-1c00-e811-9414-f0921c16b9e5,0.0273972602739726,0.03350000083447,9
15,c99e3050-1c00-e811-9414-f0921c16b9e5,0.030136986301369864,0.05189999938011,10
15,c99e3050-1c00-e811-9414-f0921c16b9e5,0.03287671232876712,0.07469999790192,11
15,c99e3050-1c00-e811-9414-f0921c16b9e5,0.03561643835616438,0.1014000028372,12
15,c99e3050-1c00-e811-9414-f0921c16b9e5,0.038356164383561646,0.1327999979258,13
15,c99e3050-1c00-e811-9414-f0921c16b9e5,0.0410958904109589,0.1711000055075,14
15,c99e3050-1c00-e811-9414-f0921c16b9e5,0.043835616438356165,0.2046000063419,15
15,c99e3050-1c00-e811-9414-f0921c16b9e5,0.04657534246575343,0.2216999977827,16
15,c99e3050-1c00-e811-9414-f0921c16b9e5,0.049315068493150684,0.2277999967337,17
15,c99e3050-1c00-e811-9414-f0921c16b9e5,0.052054794520547946,0.2221000045538,18
15,c99e3050-1c00-e811-9414-f0921c16b9e5,0.0547945205479452,0.2038999944925,19
15,c99e3050-1c00-e811-9414-f0921c16b9e5,0.057534246575342465,0.1766999959946,20
15,c99e3050-1c00-e811-9414-f0921c16b9e5,0.06027397260273973,0.1429000049829,21
15,c99e3050-1c00-e811-9414-f0921c16b9e5,0.06301369863013699,0.117499999702,22
15,c99e3050-1c00-e811-9414-f0921c16b9e5,0.06575342465753424,0.09300000220537,23
15,c99e3050-1c00-e811-9414-f0921c16b9e5,0.0684931506849315,0.07039999961853,24
15,c99e3050-1c00-e811-9414-f0921c16b9e5,0.07123287671232877,0.05130000039935,25
15,c99e3050-1c00-e811-9414-f0921c16b9e5,0.07397260273972603,0.03779999911785,26
15,c99e3050-1c00-e811-9414-f0921c16b9e5,0.07671232876712329,0.02820000052452,27
15,c99e3050-1c00-e811-9414-f0921c16b9e5,0.07945205479452055,0.021099999547,28
15,c99e3050-1c00-e811-9414-f0921c16b9e5,0.0821917808219178,0.017100000754,29
15,c99e3050-1c00-e811-9414-f0921c16b9e5,0.08493150684931507,0.01279999967664,30
15,c99e3050-1c00-e811-9414-f0921c16b9e5,0.08767123287671233,0.009800000116229,31
15,c99e3050-1c00-e811-9414-f0921c16b9e5,0.09041095890410959,0.006899999920279,32
15,c99e3050-1c00-e811-9414-f0921c16b9e5,0.09315068493150686,0.005799999926239,33
15,c99e3050-1c00-e811-9414-f0921c16b9e5,0.0958904109589041,0.004199999850243,34
15,c99e3050-1c00-e811-9414-f0921c16b9e5,0.09863013698630137,0.003199999919161,35
15,c99e3050-1c00-e811-9414-f0921c16b9e5,0.10136986301369863,0.002400000113994,36
15,c99e3050-1c00-e811-9414-f0921c16b9e5,0.10410958904109589,0.001700000022538,37
15,c99e3050-1c00-e811-9414-f0921c16b9e5,0.10684931506849316,0.001300000003539,38
15,c99e3050-1c00-e811-9414-f0921c16b9e5,0.1095890410958904,0.001300000003539,39
15,c99e3050-1c00-e811-9414-f0921c16b9e5,0.11232876712328767,0.00109999999404,40
15,c99e3050-1c00-e811-9414-f0921c16b9e5,0.11506849315068493,0.001000000047497,41
15,c99e3050-1c00-e811-9414-f0921c16b9e5,0.1178082191780822,0.0003000000142492,42
15,c99e3050-1c00-e811-9414-f0921c16b9e5,0.12054794520547946,9.999999747379e-05,43
15,c99e3050-1c00-e811-9414-f0921c16b9e5,0.1232876712328767,9.999999747379e-05,44
15,c99e3050-1c00-e811-9414-f0921c16b9e5,0.12602739726027398,0.0,45
15,c99e3050-1c00-e811-9414-f0921c16b9e5,0.12876712328767123,0.0,46
15,c99e3050-1c00-e811-9414-f0921c16b9e5,0.13150684931506848,0.0,47
15,c99e3050-1c00-e811-9414-f0921c16b9e5,0.13424657534246576,0.0,48
15,c99e3050-1c00-e811-9414-f0921c16b9e5,0.136986301369863,0.0,49
15,c99e3050-1c00-e811-9414-f0921c16b9e5,0.13972602739726028,0.0,50
15,c99e3050-1c00-e811-9414-f0921c16b9e5,0.14246575342465753,0.0,51
15,c99e3050-1c00-e811-9414-f0921c16b9e5,0.14520547945205478,0.0,52
15,c99e3050-1c00-e811-9414-f0921c16b9e5,0.14794520547945206,0.0,53
15,c99e3050-1c00-e811-9414-f0921c16b9e5,0.1506849315068493,0.0,54
15,c99e3050-1c00-e811-9414-f0921c16b9e5,0.15342465753424658,0.0,55
15,c99e3050-1c00-e811-9414-f0921c16b9e5,0.15616438356164383,0.0,56
15,c99e3050-1c00-e811-9414-f0921c16b9e5,0.1589041095890411,0.0,57
15,c99e3050-1c00-e811-9414-f0921c16b9e5,0.16164383561643836,0.0,58
15,c99e3050-1c00-e811-9414-f0921c16b9e5,0.1643835616438356,0.0,59
15,c99e3050-1c00-e811-9414-f0921c16b9e5,0.16712328767123288,0.0,60
15,c99e3050-1c00-e811-9414-f0921c16b9e5,0.16986301369863013,0.0,61
15,c99e3050-1c00-e811-9414-f0921c16b9e5,0.1726027397260274,0.0,62
15,c99e3050-1c00-e811-9414-f0921c16b9e5,0.17534246575342466,0.0,63
15,c99e3050-1c00-e811-9414-f0921c16b9e5,0.1780821917808219,0.0,64
15,c99e3050-1c00-e811-9414-f0921c16b9e5,0.18082191780821918,0.0,65
15,c99e3050-1c00-e811-9414-f0921c16b9e5,0.18356164383561643,0.0,66
15,c99e3050-1c00-e811-9414-f0921c16b9e5,0.1863013698630137,0.0,67
15,c99e3050-1c00-e811-9414-f0921c16b9e5,0.18904109589041096,0.0,68
15,c99e3050-1c00-e811-9414-f0921c16b9e5,0.1917808219178082,0.0,69
15,c99e3050-1c00-e811-9414-f0921c16b9e5,0.19452054794520549,0.0,70
15,c99e3050-1c00-e811-9414-f0921c16b9e5,0.19726027397260273,0.0,71
15,c99e3050-1c00-e811-9414-f0921c16b9e5,0.2,0.0,72
15,c99e3050-1c00-e811-9414-f0921c16b9e5,0.20273972602739726,0.0,73
15,c99e3050-1c00-e811-9414-f0921c16b9e5,0.2054794520547945,0.0,74
15,c99e3050-1c00-e811-9414-f0921c16b9e5,0.20821917808219179,0.0,75
15,c99e3050-1c00-e811-9414-f0921c16b9e5,0.21095890410958903,0.0,76
15,c99e3050-1c00-e811-9414-f0921c16b9e5,0.2136986301369863,0.0,77
15,c99e3050-1c00-e811-9414-f0921c16b9e5,0.21643835616438356,0.0,78
15,c99e3050-1c00-e811-9414-f0921c16b9e5,0.2191780821917808,0.0,79
15,c99e3050-1c00-e811-9414-f0921c16b9e5,0.2219178082191781,0.0,80
15,c99e3050-1c00-e811-9414-f0921c16b9e5,0.22465753424657534,0.0,81
15,c99e3050-1c00-e811-9414-f0921c16b9e5,0.2273972602739726,0.0,82
15,c99e3050-1c00-e811-9414-f0921c16b9e5,0.23013698630136986,0.0,83
15,c99e3050-1c00-e811-9414-f0921c16b9e5,0.2328767123287671,0.0,84
15,c99e3050-1c00-e811-9414-f0921c16b9e5,0.2356164383561644,0.0,85
15,c99e3050-1c00-e811-9414-f0921c16b9e5,0.23835616438356164,0.0,86
15,c99e3050-1c00-e811-9414-f0921c16b9e5,0.2410958904109589,0.0,87
15,c99e3050-1c00-e811-9414-f0921c16b9e5,0.24383561643835616,0.0,88
15,c99e3050-1c00-e811-9414-f0921c16b9e5,0.2465753424657534,0.0,89
16,c89e3050-1c00-e811-9414-f0921c16b9e5,0.0027397260273972603,0.0,0
16,c89e3050-1c00-e811-9414-f0921c16b9e5,0.005479452054794521,0.0005000000237487,1
16,c89e3050-1c00-e811-9414-f0921c16b9e5,0.00821917808219178,0.001000000047497,2
16,c89e3050-1c00-e811-9414-f0921c16b9e5,0.010958904109589041,0.001200000056997,3
16,c89e3050-1c00-e811-9414-f0921c16b9e5,0.0136986301369863,0.002400000113994,4
16,c89e3050-1c00-e811-9414-f0921c16b9e5,0.01643835616438356,0.00359999993816,5
16,c89e3050-1c00-e811-9414-f0921c16b9e5,0.019178082191780823,0.006099999882281,6
16,c89e3050-1c00-e811-9414-f0921c16b9e5,0.021917808219178082,0.009600000455976,7
16,c89e3050-1c00-e811-9414-f0921c16b9e5,0.024657534246575342,0.017100000754,8
16,c89e3050-1c00-e811-9414-f0921c16b9e5,0.0273972602739726,0.02730000019073,9
16,c89e3050-1c00-e811-9414-f0921c16b9e5,0.030136986301369864,0.04549999907613,10
16,c89e3050-1c00-e811-9414-f0921c16b9e5,0.03287671232876712,0.07289999723434,11
16,c89e3050-1c00-e811-9414-f0921c16b9e5,0.03561643835616438,0.1164999976754,12
16,c89e3050-1c00-e811-9414-f0921c16b9e5,0.038356164383561646,0.1789000034332,13
16,c89e3050-1c00-e811-9414-f0921c16b9e5,0.0410958904109589,0.2608000040054,14
16,c89e3050-1c00-e811-9414-f0921c16b9e5,0.043835616438356165,0.3679000139236,15
16,c89e3050-1c00-e811-9414-f0921c16b9e5,0.04657534246575343,0.4699000120163,16
16,c89e3050-1c00-e811-9414-f0921c16b9e5,0.049315068493150684,0.5508000254631,17
16,c89e3050-1c00-e811-9414-f0921c16b9e5,0.052054794520547946,0.5928999781609,18
16,c89e3050-1c00-e811-9414-f0921c16b9e5,0.0547945205479452,0.602599978447,19
16,c89e3050-1c00-e811-9414-f0921c16b9e5,0.057534246575342465,0.584900021553,20
16,c89e3050-1c00-e811-9414-f0921c16b9e5,0.06027397260273973,0.5491999983788,21
16,c89e3050-1c00-e811-9414-f0921c16b9e5,0.06301369863013699,0.5048000216484,22
16,c89e3050-1c00-e811-9414-f0921c16b9e5,0.06575342465753424,0.461100012064,23
16,c89e3050-1c00-e811-9414-f0921c16b9e5,0.0684931506849315,0.4172999858856,24
16,c89e3050-1c00-e811-9414-f0921c16b9e5,0.07123287671232877,0.3774000108242,25
16,c89e3050-1c00-e811-9414-f0921c16b9e5,0.07397260273972603,0.3391000032425,26
16,c89e3050-1c00-e811-9414-f0921c16b9e5,0.07671232876712329,0.3068000078201,27
16,c89e3050-1c00-e811-9414-f0921c16b9e5,0.07945205479452055,0.2764999866486,28
16,c89e3050-1c00-e811-9414-f0921c16b9e5,0.0821917808219178,0.2495000064373,29
16,c89e3050-1c00-e811-9414-f0921c16b9e5,0.08493150684931507,0.2258999943733,30
16,c89e3050-1c00-e811-9414-f0921c16b9e5,0.08767123287671233,0.2029000073671,31
16,c89e3050-1c00-e811-9414-f0921c16b9e5,0.09041095890410959,0.1803999990225,32
16,c89e3050-1c00-e811-9414-f0921c16b9e5,0.09315068493150686,0.1580999940634,33
16,c89e3050-1c00-e811-9414-f0921c16b9e5,0.0958904109589041,0.1412000060081,34
16,c89e3050-1c00-e811-9414-f0921c16b9e5,0.09863013698630137,0.1269000023603,35
16,c89e3050-1c00-e811-9414-f0921c16b9e5,0.10136986301369863,0.1142000034451,36
16,c89e3050-1c00-e811-9414-f0921c16b9e5,0.10410958904109589,0.1026000007987,37
16,c89e3050-1c00-e811-9414-f0921c16b9e5,0.10684931506849316,0.09189999848604,38
16,c89e3050-1c00-e811-9414-f0921c16b9e5,0.1095890410958904,0.08129999786615,39
16,c89e3050-1c00-e811-9414-f0921c16b9e5,0.11232876712328767,0.07249999791384,40
16,c89e3050-1c00-e811-9414-f0921c16b9e5,0.11506849315068493,0.06480000168085,41
16,c89e3050-1c00-e811-9414-f0921c16b9e5,0.1178082191780822,0.06010000035167,42
16,c89e3050-1c00-e811-9414-f0921c16b9e5,0.12054794520547946,0.05420000106096,43
16,c89e3050-1c00-e811-9414-f0921c16b9e5,0.1232876712328767,0.04780000075698,44
16,c89e3050-1c00-e811-9414-f0921c16b9e5,0.12602739726027398,0.04500000178814,45
16,c89e3050-1c00-e811-9414-f0921c16b9e5,0.12876712328767123,0.04039999842644,46
16,c89e3050-1c00-e811-9414-f0921c16b9e5,0.13150684931506848,0.03610000014305,47
16,c89e3050-1c00-e811-9414-f0921c16b9e5,0.13424657534246576,0.03310000151396,48
16,c89e3050-1c00-e811-9414-f0921c16b9e5,0.136986301369863,0.0304000005126,49
16,c89e3050-1c00-e811-9414-f0921c16b9e5,0.13972602739726028,0.02700000070035,50
16,c89e3050-1c00-e811-9414-f0921c16b9e5,0.14246575342465753,0.02410000003874,51
16,c89e3050-1c00-e811-9414-f0921c16b9e5,0.14520547945205478,0.02229999937117,52
16,c89e3050-1c00-e811-9414-f0921c16b9e5,0.14794520547945206,0.01960000023246,53
16,c89e3050-1c00-e811-9414-f0921c16b9e5,0.1506849315068493,0.01830000057817,54
16,c89e3050-1c00-e811-9414-f0921c16b9e5,0.15342465753424658,0.01659999974072,55
16,c89e3050-1c00-e811-9414-f0921c16b9e5,0.15616438356164383,0.01530000008643,56
16,c89e3050-1c00-e811-9414-f0921c16b9e5,0.1589041095890411,0.01370000001043,57
16,c89e3050-1c00-e811-9414-f0921c16b9e5,0.16164383561643836,0.01279999967664,58
16,c89e3050-1c00-e811-9414-f0921c16b9e5,0.1643835616438356,0.01119999960065,59
16,c89e3050-1c00-e811-9414-f0921c16b9e5,0.16712328767123288,0.01070000045002,60
16,c89e3050-1c00-e811-9414-f0921c16b9e5,0.16986301369863013,0.01030000019819,61
16,c89e3050-1c00-e811-9414-f0921c16b9e5,0.1726027397260274,0.009399999864399,62
16,c89e3050-1c00-e811-9414-f0921c16b9e5,0.17534246575342466,0.00870000012219,63
16,c89e3050-1c00-e811-9414-f0921c16b9e5,0.1780821917808219,0.00789999961853,64
16,c89e3050-1c00-e811-9414-f0921c16b9e5,0.18082191780821918,0.007499999832362,65
16,c89e3050-1c00-e811-9414-f0921c16b9e5,0.18356164383561643,0.006899999920279,66
16,c89e3050-1c00-e811-9414-f0921c16b9e5,0.1863013698630137,0.005799999926239,67
16,c89e3050-1c00-e811-9414-f0921c16b9e5,0.18904109589041096,0.005400000140071,68
16,c89e3050-1c00-e811-9414-f0921c16b9e5,0.1917808219178082,0.005100000184029,69
16,c89e3050-1c00-e811-9414-f0921c16b9e5,0.19452054794520549,0.004399999976158,70
16,c89e3050-1c00-e811-9414-f0921c16b9e5,0.19726027397260273,0.003899999894202,71
16,c89e3050-1c00-e811-9414-f0921c16b9e5,0.2,0.00359999993816,72
16,c89e3050-1c00-e811-9414-f0921c16b9e5,0.20273972602739726,0.003000000026077,73
16,c89e3050-1c00-e811-9414-f0921c16b9e5,0.2054794520547945,0.002300000051036,74
16,c89e3050-1c00-e811-9414-f0921c16b9e5,0.20821917808219179,0.002300000051036,75
16,c89e3050-1c00-e811-9414-f0921c16b9e5,0.21095890410958903,0.001900000032037,76
16,c89e3050-1c00-e811-9414-f0921c16b9e5,0.2136986301369863,0.001500000013039,77
16,c89e3050-1c00-e811-9414-f0921c16b9e5,0.21643835616438356,0.001200000056997,78
16,c89e3050-1c00-e811-9414-f0921c16b9e5,0.2191780821917808,0.001200000056997,79
16,c89e3050-1c00-e811-9414-f0921c16b9e5,0.2219178082191781,0.001200000056997,80
16,c89e3050-1c00-e811-9414-f0921c16b9e5,0.22465753424657534,0.001000000047497,81
16,c89e3050-1c00-e811-9414-f0921c16b9e5,0.2273972602739726,0.00089999998454,82
16,c89e3050-1c00-e811-9414-f0921c16b9e5,0.23013698630136986,0.0007999999797903,83
16,c89e3050-1c00-e811-9414-f0921c16b9e5,0.2328767123287671,0.0007999999797903,84
16,c89e3050-1c00-e811-9414-f0921c16b9e5,0.2356164383561644,0.0007999999797903,85
16,c89e3050-1c00-e811-9414-f0921c16b9e5,0.23835616438356164,0.0007999999797903,86
16,c89e3050-1c00-e811-9414-f0921c16b9e5,0.2410958904109589,0.0006999999750406,87
16,c89e3050-1c00-e811-9414-f0921c16b9e5,0.24383561643835616,0.0006999999750406,88
16,c89e3050-1c00-e811-9414-f0921c16b9e5,0.2465753424657534,0.0006999999750406,89
17,c79e3050-1c00-e811-9414-f0921c16b9e5,0.0027397260273972603,0.0,0
17,c79e3050-1c00-e811-9414-f0921c16b9e5,0.005479452054794521,9.999999747379e-05,1
17,c79e3050-1c00-e811-9414-f0921c16b9e5,0.00821917808219178,9.999999747379e-05,2
17,c79e3050-1c00-e811-9414-f0921c16b9e5,0.010958904109589041,9.999999747379e-05,3
17,c79e3050-1c00-e811-9414-f0921c16b9e5,0.0136986301369863,9.999999747379e-05,4
17,c79e3050-1c00-e811-9414-f0921c16b9e5,0.01643835616438356,0.0001999999949476,5
17,c79e3050-1c00-e811-9414-f0921c16b9e5,0.019178082191780823,0.0005000000237487,6
17,c79e3050-1c00-e811-9414-f0921c16b9e5,0.021917808219178082,0.0006000000284985,7
17,c79e3050-1c00-e811-9414-f0921c16b9e5,0.024657534246575342,0.001300000003539,8
17,c79e3050-1c00-e811-9414-f0921c16b9e5,0.0273972602739726,0.002400000113994,9
17,c79e3050-1c00-e811-9414-f0921c16b9e5,0.030136986301369864,0.002799999900162,10
17,c79e3050-1c00-e811-9414-f0921c16b9e5,0.03287671232876712,0.00359999993816,11
17,c79e3050-1c00-e811-9414-f0921c16b9e5,0.03561643835616438,0.004999999888241,12
17,c79e3050-1c00-e811-9414-f0921c16b9e5,0.038356164383561646,0.00719999987632,13
17,c79e3050-1c00-e811-9414-f0921c16b9e5,0.0410958904109589,0.009399999864399,14
17,c79e3050-1c00-e811-9414-f0921c16b9e5,0.043835616438356165,0.01480000000447,15
17,c79e3050-1c00-e811-9414-f0921c16b9e5,0.04657534246575343,0.02099999971688,16
17,c79e3050-1c00-e811-9414-f0921c16b9e5,0.049315068493150684,0.03099999949336,17
17,c79e3050-1c00-e811-9414-f0921c16b9e5,0.052054794520547946,0.0447999984026,18
17,c79e3050-1c00-e811-9414-f0921c16b9e5,0.0547945205479452,0.06790000200272,19
17,c79e3050-1c00-e811-9414-f0921c16b9e5,0.057534246575342465,0.09409999847412,20
17,c79e3050-1c00-e811-9414-f0921c16b9e5,0.06027397260273973,0.131500005722,21
17,c79e3050-1c00-e811-9414-f0921c16b9e5,0.06301369863013699,0.1770000010729,22
17,c79e3050-1c00-e811-9414-f0921c16b9e5,0.06575342465753424,0.2276999950409,23
17,c79e3050-1c00-e811-9414-f0921c16b9e5,0.0684931506849315,0.2903000116348,24
17,c79e3050-1c00-e811-9414-f0921c16b9e5,0.07123287671232877,0.3379000127316,25
17,c79e3050-1c00-e811-9414-f0921c16b9e5,0.07397260273972603,0.3677999973297,26
17,c79e3050-1c00-e811-9414-f0921c16b9e5,0.07671232876712329,0.376599997282,27
17,c79e3050-1c00-e811-9414-f0921c16b9e5,0.07945205479452055,0.3680000007153,28
17,c79e3050-1c00-e811-9414-f0921c16b9e5,0.0821917808219178,0.3424000144005,29
17,c79e3050-1c00-e811-9414-f0921c16b9e5,0.08493150684931507,0.3093000054359,30
17,c79e3050-1c00-e811-9414-f0921c16b9e5,0.08767123287671233,0.2743000090122,31
17,c79e3050-1c00-e811-9414-f0921c16b9e5,0.09041095890410959,0.2427999973297,32
17,c79e3050-1c00-e811-9414-f0921c16b9e5,0.09315068493150686,0.2088000029325,33
17,c79e3050-1c00-e811-9414-f0921c16b9e5,0.0958904109589041,0.179800003767,34
17,c79e3050-1c00-e811-9414-f0921c16b9e5,0.09863013698630137,0.1507000029087,35
17,c79e3050-1c00-e811-9414-f0921c16b9e5,0.10136986301369863,0.1262000054121,36
17,c79e3050-1c00-e811-9414-f0921c16b9e5,0.10410958904109589,0.1059999987483,37
17,c79e3050-1c00-e811-9414-f0921c16b9e5,0.10684931506849316,0.08850000053644,38
17,c79e3050-1c00-e811-9414-f0921c16b9e5,0.1095890410958904,0.07259999960661,39
17,c79e3050-1c00-e811-9414-f0921c16b9e5,0.11232876712328767,0.06049999967217,40
17,c79e3050-1c00-e811-9414-f0921c16b9e5,0.11506849315068493,0.05059999972582,41
17,c79e3050-1c00-e811-9414-f0921c16b9e5,0.1178082191780822,0.04300000146031,42
17,c79e3050-1c00-e811-9414-f0921c16b9e5,0.12054794520547946,0.03579999879003,43
17,c79e3050-1c00-e811-9414-f0921c16b9e5,0.1232876712328767,0.02869999967515,44
17,c79e3050-1c00-e811-9414-f0921c16b9e5,0.12602739726027398,0.024299999699,45
17,c79e3050-1c00-e811-9414-f0921c16b9e5,0.12876712328767123,0.02050000056624,46
17,c79e3050-1c00-e811-9414-f0921c16b9e5,0.13150684931506848,0.01610000059009,47
17,c79e3050-1c00-e811-9414-f0921c16b9e5,0.13424657534246576,0.01290000043809,48
17,c79e3050-1c00-e811-9414-f0921c16b9e5,0.136986301369863,0.009899999946356,49
17,c79e3050-1c00-e811-9414-f0921c16b9e5,0.13972602739726028,0.00829999987036,50
17,c79e3050-1c00-e811-9414-f0921c16b9e5,0.14246575342465753,0.006899999920279,51
17,c79e3050-1c00-e811-9414-f0921c16b9e5,0.14520547945205478,0.005900000222027,52
17,c79e3050-1c00-e811-9414-f0921c16b9e5,0.14794520547945206,0.004800000227988,53
17,c79e3050-1c00-e811-9414-f0921c16b9e5,0.1506849315068493,0.004300000146031,54
17,c79e3050-1c00-e811-9414-f0921c16b9e5,0.15342465753424658,0.00359999993816,55
17,c79e3050-1c00-e811-9414-f0921c16b9e5,0.15616438356164383,0.003100000089034,56
17,c79e3050-1c00-e811-9414-f0921c16b9e5,0.1589041095890411,0.002400000113994,57
17,c79e3050-1c00-e811-9414-f0921c16b9e5,0.16164383561643836,0.002099999925122,58
17,c79e3050-1c00-e811-9414-f0921c16b9e5,0.1643835616438356,0.001399999950081,59
17,c79e3050-1c00-e811-9414-f0921c16b9e5,0.16712328767123288,0.00089999998454,60
17,c79e3050-1c00-e811-9414-f0921c16b9e5,0.16986301369863013,0.0006999999750406,61
17,c79e3050-1c00-e811-9414-f0921c16b9e5,0.1726027397260274,0.0003000000142492,62
17,c79e3050-1c00-e811-9414-f0921c16b9e5,0.17534246575342466,0.0003000000142492,63
17,c79e3050-1c00-e811-9414-f0921c16b9e5,0.1780821917808219,0.0003000000142492,64
17,c79e3050-1c00-e811-9414-f0921c16b9e5,0.18082191780821918,0.0003000000142492,65
17,c79e3050-1c00-e811-9414-f0921c16b9e5,0.18356164383561643,0.0003000000142492,66
17,c79e3050-1c00-e811-9414-f0921c16b9e5,0.1863013698630137,9.999999747379e-05,67
17,c79e3050-1c00-e811-9414-f0921c16b9e5,0.18904109589041096,0.0,68
17,c79e3050-1c00-e811-9414-f0921c16b9e5,0.1917808219178082,0.0,69
17,c79e3050-1c00-e811-9414-f0921c16b9e5,0.19452054794520549,0.0,70
17,c79e3050-1c00-e811-9414-f0921c16b9e5,0.19726027397260273,0.0,71
17,c79e3050-1c00-e811-9414-f0921c16b9e5,0.2,0.0,72
17,c79e3050-1c00-e811-9414-f0921c16b9e5,0.20273972602739726,0.0,73
17,c79e3050-1c00-e811-9414-f0921c16b9e5,0.2054794520547945,0.0,74
17,c79e3050-1c00-e811-9414-f0921c16b9e5,0.20821917808219179,0.0,75
17,c79e3050-1c00-e811-9414-f0921c16b9e5,0.21095890410958903,0.0,76
17,c79e3050-1c00-e811-9414-f0921c16b9e5,0.2136986301369863,0.0,77
17,c79e3050-1c00-e811-9414-f0921c16b9e5,0.21643835616438356,0.0,78
17,c79e3050-1c00-e811-9414-f0921c16b9e5,0.2191780821917808,0.0,79
17,c79e3050-1c00-e811-9414-f0921c16b9e5,0.2219178082191781,0.0,80
17,c79e3050-1c00-e811-9414-f0921c16b9e5,0.22465753424657534,0.0,81
17,c79e3050-1c00-e811-9414-f0921c16b9e5,0.2273972602739726,0.0,82
17,c79e3050-1c00-e811-9414-f0921c16b9e5,0.23013698630136986,0.0,83
17,c79e3050-1c00-e811-9414-f0921c16b9e5,0.2328767123287671,0.0,84
17,c79e3050-1c00-e811-9414-f0921c16b9e5,0.2356164383561644,0.0,85
17,c79e3050-1c00-e811-9414-f0921c16b9e5,0.23835616438356164,0.0,86
17,c79e3050-1c00-e811-9414-f0921c16b9e5,0.2410958904109589,0.0,87
17,c79e3050-1c00-e811-9414-f0921c16b9e5,0.24383561643835616,0.0,88
17,c79e3050-1c00-e811-9414-f0921c16b9e5,0.2465753424657534,0.0,89
18,c69e3050-1c00-e811-9414-f0921c16b9e5,0.0027397260273972603,0.0,0
18,c69e3050-1c00-e811-9414-f0921c16b9e5,0.005479452054794521,0.0003999999898952,1
18,c69e3050-1c00-e811-9414-f0921c16b9e5,0.00821917808219178,0.0003999999898952,2
18,c69e3050-1c00-e811-9414-f0921c16b9e5,0.010958904109589041,0.0006000000284985,3
18,c69e3050-1c00-e811-9414-f0921c16b9e5,0.0136986301369863,0.0007999999797903,4
18,c69e3050-1c00-e811-9414-f0921c16b9e5,0.01643835616438356,0.001300000003539,5
18,c69e3050-1c00-e811-9414-f0921c16b9e5,0.019178082191780823,0.001599999959581,6
18,c69e3050-1c00-e811-9414-f0921c16b9e5,0.021917808219178082,0.002499999944121,7
18,c69e3050-1c00-e811-9414-f0921c16b9e5,0.024657534246575342,0.004100000020117,8
18,c69e3050-1c00-e811-9414-f0921c16b9e5,0.0273972602739726,0.006000000052154,9
18,c69e3050-1c00-e811-9414-f0921c16b9e5,0.030136986301369864,0.007699999958277,10
18,c69e3050-1c00-e811-9414-f0921c16b9e5,0.03287671232876712,0.01040000002831,11
18,c69e3050-1c00-e811-9414-f0921c16b9e5,0.03561643835616438,0.01590000092983,12
18,c69e3050-1c00-e811-9414-f0921c16b9e5,0.038356164383561646,0.02400000020862,13
18,c69e3050-1c00-e811-9414-f0921c16b9e5,0.0410958904109589,0.03779999911785,14
18,c69e3050-1c00-e811-9414-f0921c16b9e5,0.043835616438356165,0.05900000035763,15
18,c69e3050-1c00-e811-9414-f0921c16b9e5,0.04657534246575343,0.08980000019073,16
18,c69e3050-1c00-e811-9414-f0921c16b9e5,0.049315068493150684,0.1333000063896,17
18,c69e3050-1c00-e811-9414-f0921c16b9e5,0.052054794520547946,0.1873999983072,18
18,c69e3050-1c00-e811-9414-f0921c16b9e5,0.0547945205479452,0.2574999928474,19
18,c69e3050-1c00-e811-9414-f0921c16b9e5,0.057534246575342465,0.3382999897003,20
18,c69e3050-1c00-e811-9414-f0921c16b9e5,0.06027397260273973,0.4162999987602,21
18,c69e3050-1c00-e811-9414-f0921c16b9e5,0.06301369863013699,0.4903999865055,22
18,c69e3050-1c00-e811-9414-f0921c16b9e5,0.06575342465753424,0.5376999974251,23
18,c69e3050-1c00-e811-9414-f0921c16b9e5,0.0684931506849315,0.5483000278473,24
18,c69e3050-1c00-e811-9414-f0921c16b9e5,0.07123287671232877,0.5462999939919,25
18,c69e3050-1c00-e811-9414-f0921c16b9e5,0.07397260273972603,0.5260000228882,26
18,c69e3050-1c00-e811-9414-f0921c16b9e5,0.07671232876712329,0.4955999851227,27
18,c69e3050-1c00-e811-9414-f0921c16b9e5,0.07945205479452055,0.4600000083447,28
18,c69e3050-1c00-e811-9414-f0921c16b9e5,0.0821917808219178,0.4251999855042,29
18,c69e3050-1c00-e811-9414-f0921c16b9e5,0.08493150684931507,0.3874999880791,30
18,c69e3050-1c00-e811-9414-f0921c16b9e5,0.08767123287671233,0.3555999994278,31
18,c69e3050-1c00-e811-9414-f0921c16b9e5,0.09041095890410959,0.3224000036716,32
18,c69e3050-1c00-e811-9414-f0921c16b9e5,0.09315068493150686,0.2944999933243,33
18,c69e3050-1c00-e811-9414-f0921c16b9e5,0.0958904109589041,0.2646999955177,34
18,c69e3050-1c00-e811-9414-f0921c16b9e5,0.09863013698630137,0.2380000054836,35
18,c69e3050-1c00-e811-9414-f0921c16b9e5,0.10136986301369863,0.2171999961138,36
18,c69e3050-1c00-e811-9414-f0921c16b9e5,0.10410958904109589,0.1957000046968,37
18,c69e3050-1c00-e811-9414-f0921c16b9e5,0.10684931506849316,0.1752000004053,38
18,c69e3050-1c00-e811-9414-f0921c16b9e5,0.1095890410958904,0.1581999957561,39
18,c69e3050-1c00-e811-9414-f0921c16b9e5,0.11232876712328767,0.1454000025988,40
18,c69e3050-1c00-e811-9414-f0921c16b9e5,0.11506849315068493,0.1299999952316,41
18,c69e3050-1c00-e811-9414-f0921c16b9e5,0.1178082191780822,0.1177000030875,42
18,c69e3050-1c00-e811-9414-f0921c16b9e5,0.12054794520547946,0.1042999997735,43
18,c69e3050-1c00-e811-9414-f0921c16b9e5,0.1232876712328767,0.09329999983311,44
18,c69e3050-1c00-e811-9414-f0921c16b9e5,0.12602739726027398,0.08309999853373,45
18,c69e3050-1c00-e811-9414-f0921c16b9e5,0.12876712328767123,0.07599999755621,46
18,c69e3050-1c00-e811-9414-f0921c16b9e5,0.13150684931506848,0.06899999827147,47
18,c69e3050-1c00-e811-9414-f0921c16b9e5,0.13424657534246576,0.06210000067949,48
18,c69e3050-1c00-e811-9414-f0921c16b9e5,0.136986301369863,0.05559999868274,49
18,c69e3050-1c00-e811-9414-f0921c16b9e5,0.13972602739726028,0.05050000175834,50
18,c69e3050-1c00-e811-9414-f0921c16b9e5,0.14246575342465753,0.04549999907613,51
18,c69e3050-1c00-e811-9414-f0921c16b9e5,0.14520547945205478,0.03979999944568,52
18,c69e3050-1c00-e811-9414-f0921c16b9e5,0.14794520547945206,0.03539999946952,53
18,c69e3050-1c00-e811-9414-f0921c16b9e5,0.1506849315068493,0.0320999994874,54
18,c69e3050-1c00-e811-9414-f0921c16b9e5,0.15342465753424658,0.02730000019073,55
18,c69e3050-1c00-e811-9414-f0921c16b9e5,0.15616438356164383,0.02459999918938,56
18,c69e3050-1c00-e811-9414-f0921c16b9e5,0.1589041095890411,0.02229999937117,57
18,c69e3050-1c00-e811-9414-f0921c16b9e5,0.16164383561643836,0.02019999921322,58
18,c69e3050-1c00-e811-9414-f0921c16b9e5,0.1643835616438356,0.01799999922514,59
18,c69e3050-1c00-e811-9414-f0921c16b9e5,0.16712328767123288,0.01600000075996,60
18,c69e3050-1c00-e811-9414-f0921c16b9e5,0.16986301369863013,0.01449999958277,61
18,c69e3050-1c00-e811-9414-f0921c16b9e5,0.1726027397260274,0.01290000043809,62
18,c69e3050-1c00-e811-9414-f0921c16b9e5,0.17534246575342466,0.01140000019222,63
18,c69e3050-1c00-e811-9414-f0921c16b9e5,0.1780821917808219,0.01009999960661,64
18,c69e3050-1c00-e811-9414-f0921c16b9e5,0.18082191780821918,0.008899999782443,65
18,c69e3050-1c00-e811-9414-f0921c16b9e5,0.18356164383561643,0.008100000210106,66
18,c69e3050-1c00-e811-9414-f0921c16b9e5,0.1863013698630137,0.007699999958277,67
18,c69e3050-1c00-e811-9414-f0921c16b9e5,0.18904109589041096,0.006699999794364,68
18,c69e3050-1c00-e811-9414-f0921c16b9e5,0.1917808219178082,0.005799999926239,69
18,c69e3050-1c00-e811-9414-f0921c16b9e5,0.19452054794520549,0.005100000184029,70
18,c69e3050-1c00-e811-9414-f0921c16b9e5,0.19726027397260273,0.004300000146031,71
18,c69e3050-1c00-e811-9414-f0921c16b9e5,0.2,0.003400000045076,72
18,c69e3050-1c00-e811-9414-f0921c16b9e5,0.20273972602739726,0.003199999919161,73
18,c69e3050-1c00-e811-9414-f0921c16b9e5,0.2054794520547945,0.003100000089034,74
18,c69e3050-1c00-e811-9414-f0921c16b9e5,0.20821917808219179,0.003000000026077,75
18,c69e3050-1c00-e811-9414-f0921c16b9e5,0.21095890410958903,0.002600000007078,76
18,c69e3050-1c00-e811-9414-f0921c16b9e5,0.2136986301369863,0.002199999988079,77
18,c69e3050-1c00-e811-9414-f0921c16b9e5,0.21643835616438356,0.002000000094995,78
18,c69e3050-1c00-e811-9414-f0921c16b9e5,0.2191780821917808,0.001900000032037,79
18,c69e3050-1c00-e811-9414-f0921c16b9e5,0.2219178082191781,0.001900000032037,80
18,c69e3050-1c00-e811-9414-f0921c16b9e5,0.22465753424657534,0.001500000013039,81
18,c69e3050-1c00-e811-9414-f0921c16b9e5,0.2273972602739726,0.001300000003539,82
18,c69e3050-1c00-e811-9414-f0921c16b9e5,0.23013698630136986,0.001300000003539,83
18,c69e3050-1c00-e811-9414-f0921c16b9e5,0.2328767123287671,0.001300000003539,84
18,c69e3050-1c00-e811-9414-f0921c16b9e5,0.2356164383561644,0.001000000047497,85
18,c69e3050-1c00-e811-9414-f0921c16b9e5,0.23835616438356164,0.0006000000284985,86
18,c69e3050-1c00-e811-9414-f0921c16b9e5,0.2410958904109589,0.0005000000237487,87
18,c69e3050-1c00-e811-9414-f0921c16b9e5,0.24383561643835616,0.0005000000237487,88
18,c69e3050-1c00-e811-9414-f0921c16b9e5,0.2465753424657534,0.0005000000237487,89
19,c59e3050-1c00-e811-9414-f0921c16b9e5,0.0027397260273972603,0.0,0
19,c59e3050-1c00-e811-9414-f0921c16b9e5,0.005479452054794521,0.0003999999898952,1
19,c59e3050-1c00-e811-9414-f0921c16b9e5,0.00821917808219178,0.00109999999404,2
19,c59e3050-1c00-e811-9414-f0921c16b9e5,0.010958904109589041,0.002499999944121,3
19,c59e3050-1c00-e811-9414-f0921c16b9e5,0.0136986301369863,0.004900000058115,4
19,c59e3050-1c00-e811-9414-f0921c16b9e5,0.01643835616438356,0.009499999694526,5
19,c59e3050-1c00-e811-9414-f0921c16b9e5,0.019178082191780823,0.01840000040829,6
19,c59e3050-1c00-e811-9414-f0921c16b9e5,0.021917808219178082,0.03750000149012,7
19,c59e3050-1c00-e811-9414-f0921c16b9e5,0.024657534246575342,0.07320000231266,8
19,c59e3050-1c00-e811-9414-f0921c16b9e5,0.0273972602739726,0.1268000006676,9
19,c59e3050-1c00-e811-9414-f0921c16b9e5,0.030136986301369864,0.2047999948263,10
19,c59e3050-1c00-e811-9414-f0921c16b9e5,0.03287671232876712,0.2818000018597,11
19,c59e3050-1c00-e811-9414-f0921c16b9e5,0.03561643835616438,0.3057000041008,12
19,c59e3050-1c00-e811-9414-f0921c16b9e5,0.038356164383561646,0.2793999910355,13
19,c59e3050-1c00-e811-9414-f0921c16b9e5,0.0410958904109589,0.2115000039339,14
19,c59e3050-1c00-e811-9414-f0921c16b9e5,0.043835616438356165,0.1438000053167,15
19,c59e3050-1c00-e811-9414-f0921c16b9e5,0.04657534246575343,0.09300000220537,16
19,c59e3050-1c00-e811-9414-f0921c16b9e5,0.049315068493150684,0.05880000069737,17
19,c59e3050-1c00-e811-9414-f0921c16b9e5,0.052054794520547946,0.03530000150204,18
19,c59e3050-1c00-e811-9414-f0921c16b9e5,0.0547945205479452,0.02129999920726,19
19,c59e3050-1c00-e811-9414-f0921c16b9e5,0.057534246575342465,0.01269999984652,20
19,c59e3050-1c00-e811-9414-f0921c16b9e5,0.06027397260273973,0.00789999961853,21
19,c59e3050-1c00-e811-9414-f0921c16b9e5,0.06301369863013699,0.004499999806285,22
19,c59e3050-1c00-e811-9414-f0921c16b9e5,0.06575342465753424,0.002799999900162,23
19,c59e3050-1c00-e811-9414-f0921c16b9e5,0.0684931506849315,0.001000000047497,24
19,c59e3050-1c00-e811-9414-f0921c16b9e5,0.07123287671232877,0.0005000000237487,25
19,c59e3050-1c00-e811-9414-f0921c16b9e5,0.07397260273972603,0.0003999999898952,26
19,c59e3050-1c00-e811-9414-f0921c16b9e5,0.07671232876712329,9.999999747379e-05,27
19,c59e3050-1c00-e811-9414-f0921c16b9e5,0.07945205479452055,9.999999747379e-05,28
19,c59e3050-1c00-e811-9414-f0921c16b9e5,0.0821917808219178,0.0,29
19,c59e3050-1c00-e811-9414-f0921c16b9e5,0.08493150684931507,0.0,30
19,c59e3050-1c00-e811-9414-f0921c16b9e5,0.08767123287671233,0.0,31
19,c59e3050-1c00-e811-9414-f0921c16b9e5,0.09041095890410959,0.0,32
19,c59e3050-1c00-e811-9414-f0921c16b9e5,0.09315068493150686,0.0,33
19,c59e3050-1c00-e811-9414-f0921c16b9e5,0.0958904109589041,0.0,34
19,c59e3050-1c00-e811-9414-f0921c16b9e5,0.09863013698630137,0.0,35
19,c59e3050-1c00-e811-9414-f0921c16b9e5,0.10136986301369863,0.0,36
19,c59e3050-1c00-e811-9414-f0921c16b9e5,0.10410958904109589,0.0,37
19,c59e3050-1c00-e811-9414-f0921c16b9e5,0.10684931506849316,0.0,38
19,c59e3050-1c00-e811-9414-f0921c16b9e5,0.1095890410958904,0.0,39
19,c59e3050-1c00-e811-9414-f0921c16b9e5,0.11232876712328767,0.0,40
19,c59e3050-1c00-e811-9414-f0921c16b9e5,0.11506849315068493,0.0,41
19,c59e3050-1c00-e811-9414-f0921c16b9e5,0.1178082191780822,0.0,42
19,c59e3050-1c00-e811-9414-f0921c16b9e5,0.12054794520547946,0.0,43
19,c59e3050-1c00-e811-9414-f0921c16b9e5,0.1232876712328767,0.0,44
19,c59e3050-1c00-e811-9414-f0921c16b9e5,0.12602739726027398,0.0,45
19,c59e3050-1c00-e811-9414-f0921c16b9e5,0.12876712328767123,0.0,46
19,c59e3050-1c00-e811-9414-f0921c16b9e5,0.13150684931506848,0.0,47
19,c59e3050-1c00-e811-9414-f0921c16b9e5,0.13424657534246576,0.0,48
19,c59e3050-1c00-e811-9414-f0921c16b9e5,0.136986301369863,0.0,49
19,c59e3050-1c00-e811-9414-f0921c16b9e5,0.13972602739726028,0.0,50
19,c59e3050-1c00-e811-9414-f0921c16b9e5,0.14246575342465753,0.0,51
19,c59e3050-1c00-e811-9414-f0921c16b9e5,0.14520547945205478,0.0,52
19,c59e3050-1c00-e811-9414-f0921c16b9e5,0.14794520547945206,0.0,53
19,c59e3050-1c00-e811-9414-f0921c16b9e5,0.1506849315068493,0.0,54
19,c59e3050-1c00-e811-9414-f0921c16b9e5,0.15342465753424658,0.0,55
19,c59e3050-1c00-e811-9414-f0921c16b9e5,0.15616438356164383,0.0,56
19,c59e3050-1c00-e811-9414-f0921c16b9e5,0.1589041095890411,0.0,57
19,c59e3050-1c00-e811-9414-f0921c16b9e5,0.16164383561643836,0.0,58
19,c59e3050-1c00-e811-9414-f0921c16b9e5,0.1643835616438356,0.0,59
19,c59e3050-1c00-e811-9414-f0921c16b9e5,0.16712328767123288,0.0,60
19,c59e3050-1c00-e811-9414-f0921c16b9e5,0.16986301369863013,0.0,61
19,c59e3050-1c00-e811-9414-f0921c16b9e5,0.1726027397260274,0.0,62
19,c59e3050-1c00-e811-9414-f0921c16b9e5,0.17534246575342466,0.0,63
19,c59e3050-1c00-e811-9414-f0921c16b9e5,0.1780821917808219,0.0,64
19,c59e3050-1c00-e811-9414-f0921c16b9e5,0.18082191780821918,0.0,65
19,c59e3050-1c00-e811-9414-f0921c16b9e5,0.18356164383561643,0.0,66
19,c59e3050-1c00-e811-9414-f0921c16b9e5,0.1863013698630137,0.0,67
19,c59e3050-1c00-e811-9414-f0921c16b9e5,0.18904109589041096,0.0,68
19,c59e3050-1c00-e811-9414-f0921c16b9e5,0.1917808219178082,0.0,69
19,c59e3050-1c00-e811-9414-f0921c16b9e5,0.19452054794520549,0.0,70
19,c59e3050-1c00-e811-9414-f0921c16b9e5,0.19726027397260273,0.0,71
19,c59e3050-1c00-e811-9414-f0921c16b9e5,0.2,0.0,72
19,c59e3050-1c00-e811-9414-f0921c16b9e5,0.20273972602739726,0.0,73
19,c59e3050-1c00-e811-9414-f0921c16b9e5,0.2054794520547945,0.0,74
19,c59e3050-1c00-e811-9414-f0921c16b9e5,0.20821917808219179,0.0,75
19,c59e3050-1c00-e811-9414-f0921c16b9e5,0.21095890410958903,0.0,76
19,c59e3050-1c00-e811-9414-f0921c16b9e5,0.2136986301369863,0.0,77
19,c59e3050-1c00-e811-9414-f0921c16b9e5,0.21643835616438356,0.0,78
19,c59e3050-1c00-e811-9414-f0921c16b9e5,0.2191780821917808,0.0,79
19,c59e3050-1c00-e811-9414-f0921c16b9e5,0.2219178082191781,0.0,80
19,c59e3050-1c00-e811-9414-f0921c16b9e5,0.22465753424657534,0.0,81
19,c59e3050-1c00-e811-9414-f0921c16b9e5,0.2273972602739726,0.0,82
19,c59e3050-1c00-e811-9414-f0921c16b9e5,0.23013698630136986,0.0,83
19,c59e3050-1c00-e811-9414-f0921c16b9e5,0.2328767123287671,0.0,84
19,c59e3050-1c00-e811-9414-f0921c16b9e5,0.2356164383561644,0.0,85
19,c59e3050-1c00-e811-9414-f0921c16b9e5,0.23835616438356164,0.0,86
19,c59e3050-1c00-e811-9414-f0921c16b9e5,0.2410958904109589,0.0,87
19,c59e3050-1c00-e811-9414-f0921c16b9e5,0.24383561643835616,0.0,88
19,c59e3050-1c00-e811-9414-f0921c16b9e5,0.2465753424657534,0.0,89
20,c49e3050-1c00-e811-9414-f0921c16b9e5,0.0027397260273972603,0.0,0
20,c49e3050-1c00-e811-9414-f0921c16b9e5,0.005479452054794521,0.0006000000284985,1
20,c49e3050-1c00-e811-9414-f0921c16b9e5,0.00821917808219178,0.002700000070035,2
20,c49e3050-1c00-e811-9414-f0921c16b9e5,0.010958904109589041,0.01530000008643,3
20,c49e3050-1c00-e811-9414-f0921c16b9e5,0.0136986301369863,0.0815000012517,4
20,c49e3050-1c00-e811-9414-f0921c16b9e5,0.01643835616438356,0.3431000113487,5
20,c49e3050-1c00-e811-9414-f0921c16b9e5,0.019178082191780823,0.6844999790192,6
20,c49e3050-1c00-e811-9414-f0921c16b9e5,0.021917808219178082,0.4762000143528,7
20,c49e3050-1c00-e811-9414-f0921c16b9e5,0.024657534246575342,0.2569999992847,8
20,c49e3050-1c00-e811-9414-f0921c16b9e5,0.0273972602739726,0.1404000073671,9
20,c49e3050-1c00-e811-9414-f0921c16b9e5,0.030136986301369864,0.07530000060797,10
20,c49e3050-1c00-e811-9414-f0921c16b9e5,0.03287671232876712,0.03999999910593,11
20,c49e3050-1c00-e811-9414-f0921c16b9e5,0.03561643835616438,0.01889999955893,12
20,c49e3050-1c00-e811-9414-f0921c16b9e5,0.038356164383561646,0.009999999776483,13
20,c49e3050-1c00-e811-9414-f0921c16b9e5,0.0410958904109589,0.005900000222027,14
20,c49e3050-1c00-e811-9414-f0921c16b9e5,0.043835616438356165,0.003000000026077,15
20,c49e3050-1c00-e811-9414-f0921c16b9e5,0.04657534246575343,0.002000000094995,16
20,c49e3050-1c00-e811-9414-f0921c16b9e5,0.049315068493150684,0.00089999998454,17
20,c49e3050-1c00-e811-9414-f0921c16b9e5,0.052054794520547946,0.0003999999898952,18
20,c49e3050-1c00-e811-9414-f0921c16b9e5,0.0547945205479452,0.0001999999949476,19
20,c49e3050-1c00-e811-9414-f0921c16b9e5,0.057534246575342465,0.0001999999949476,20
20,c49e3050-1c00-e811-9414-f0921c16b9e5,0.06027397260273973,0.0,21
20,c49e3050-1c00-e811-9414-f0921c16b9e5,0.06301369863013699,0.0,22
20,c49e3050-1c00-e811-9414-f0921c16b9e5,0.06575342465753424,0.0,23
20,c49e3050-1c00-e811-9414-f0921c16b9e5,0.0684931506849315,0.0,24
20,c49e3050-1c00-e811-9414-f0921c16b9e5,0.07123287671232877,0.0,25
20,c49e3050-1c00-e811-9414-f0921c16b9e5,0.07397260273972603,0.0,26
20,c49e3050-1c00-e811-9414-f0921c16b9e5,0.07671232876712329,0.0,27
20,c49e3050-1c00-e811-9414-f0921c16b9e5,0.07945205479452055,0.0,28
20,c49e3050-1c00-e811-9414-f0921c16b9e5,0.0821917808219178,0.0,29
20,c49e3050-1c00-e811-9414-f0921c16b9e5,0.08493150684931507,0.0,30
20,c49e3050-1c00-e811-9414-f0921c16b9e5,0.08767123287671233,0.0,31
20,c49e3050-1c00-e811-9414-f0921c16b9e5,0.09041095890410959,0.0,32
20,c49e3050-1c00-e811-9414-f0921c16b9e5,0.09315068493150686,0.0,33
20,c49e3050-1c00-e811-9414-f0921c16b9e5,0.0958904109589041,0.0,34
20,c49e3050-1c00-e811-9414-f0921c16b9e5,0.09863013698630137,0.0,35
20,c49e3050-1c00-e811-9414-f0921c16b9e5,0.10136986301369863,0.0,36
20,c49e3050-1c00-e811-9414-f0921c16b9e5,0.10410958904109589,0.0,37
20,c49e3050-1c00-e811-9414-f0921c16b9e5,0.10684931506849316,0.0,38
20,c49e3050-1c00-e811-9414-f0921c16b9e5,0.1095890410958904,0.0,39
20,c49e3050-1c00-e811-9414-f0921c16b9e5,0.11232876712328767,0.0,40
20,c49e3050-1c00-e811-9414-f0921c16b9e5,0.11506849315068493,0.0,41
20,c49e3050-1c00-e811-9414-f0921c16b9e5,0.1178082191780822,0.0,42
20,c49e3050-1c00-e811-9414-f0921c16b9e5,0.12054794520547946,0.0,43
20,c49e3050-1c00-e811-9414-f0921c16b9e5,0.1232876712328767,0.0,44
20,c49e3050-1c00-e811-9414-f0921c16b9e5,0.12602739726027398,0.0,45
20,c49e3050-1c00-e811-9414-f0921c16b9e5,0.12876712328767123,0.0,46
20,c49e3050-1c00-e811-9414-f0921c16b9e5,0.13150684931506848,0.0,47
20,c49e3050-1c00-e811-9414-f0921c16b9e5,0.13424657534246576,0.0,48
20,c49e3050-1c00-e811-9414-f0921c16b9e5,0.136986301369863,0.0,49
20,c49e3050-1c00-e811-9414-f0921c16b9e5,0.13972602739726028,0.0,50
20,c49e3050-1c00-e811-9414-f0921c16b9e5,0.14246575342465753,0.0,51
20,c49e3050-1c00-e811-9414-f0921c16b9e5,0.14520547945205478,0.0,52
20,c49e3050-1c00-e811-9414-f0921c16b9e5,0.14794520547945206,0.0,53
20,c49e3050-1c00-e811-9414-f0921c16b9e5,0.1506849315068493,0.0,54
20,c49e3050-1c00-e811-9414-f0921c16b9e5,0.15342465753424658,0.0,55
20,c49e3050-1c00-e811-9414-f0921c16b9e5,0.15616438356164383,0.0,56
20,c49e3050-1c00-e811-9414-f0921c16b9e5,0.1589041095890411,0.0,57
20,c49e3050-1c00-e811-9414-f0921c16b9e5,0.16164383561643836,0.0,58
20,c49e3050-1c00-e811-9414-f0921c16b9e5,0.1643835616438356,0.0,59
20,c49e3050-1c00-e811-9414-f0921c16b9e5,0.16712328767123288,0.0,60
20,c49e3050-1c00-e811-9414-f0921c16b9e5,0.16986301369863013,0.0,61
20,c49e3050-1c00-e811-9414-f0921c16b9e5,0.1726027397260274,0.0,62
20,c49e3050-1c00-e811-9414-f0921c16b9e5,0.17534246575342466,0.0,63
20,c49e3050-1c00-e811-9414-f0921c16b9e5,0.1780821917808219,0.0,64
20,c49e3050-1c00-e811-9414-f0921c16b9e5,0.18082191780821918,0.0,65
20,c49e3050-1c00-e811-9414-f0921c16b9e5,0.18356164383561643,0.0,66
20,c49e3050-1c00-e811-9414-f0921c16b9e5,0.1863013698630137,0.0,67
20,c49e3050-1c00-e811-9414-f0921c16b9e5,0.18904109589041096,0.0,68
20,c49e3050-1c00-e811-9414-f0921c16b9e5,0.1917808219178082,0.0,69
20,c49e3050-1c00-e811-9414-f0921c16b9e5,0.19452054794520549,0.0,70
20,c49e3050-1c00-e811-9414-f0921c16b9e5,0.19726027397260273,0.0,71
20,c49e3050-1c00-e811-9414-f0921c16b9e5,0.2,0.0,72
20,c49e3050-1c00-e811-9414-f0921c16b9e5,0.20273972602739726,0.0,73
20,c49e3050-1c00-e811-9414-f0921c16b9e5,0.2054794520547945,0.0,74
20,c49e3050-1c00-e811-9414-f0921c16b9e5,0.20821917808219179,0.0,75
20,c49e3050-1c00-e811-9414-f0921c16b9e5,0.21095890410958903,0.0,76
20,c49e3050-1c00-e811-9414-f0921c16b9e5,0.2136986301369863,0.0,77
20,c49e3050-1c00-e811-9414-f0921c16b9e5,0.21643835616438356,0.0,78
20,c49e3050-1c00-e811-9414-f0921c16b9e5,0.2191780821917808,0.0,79
20,c49e3050-1c00-e811-9414-f0921c16b9e5,0.2219178082191781,0.0,80
20,c49e3050-1c00-e811-9414-f0921c16b9e5,0.22465753424657534,0.0,81
20,c49e3050-1c00-e811-9414-f0921c16b9e5,0.2273972602739726,0.0,82
20,c49e3050-1c00-e811-9414-f0921c16b9e5,0.23013698630136986,0.0,83
20,c49e3050-1c00-e811-9414-f0921c16b9e5,0.2328767123287671,0.0,84
20,c49e3050-1c00-e811-9414-f0921c16b9e5,0.2356164383561644,0.0,85
20,c49e3050-1c00-e811-9414-f0921c16b9e5,0.23835616438356164,0.0,86
20,c49e3050-1c00-e811-9414-f0921c16b9e5,0.2410958904109589,0.0,87
20,c49e3050-1c00-e811-9414-f0921c16b9e5,0.24383561643835616,0.0,88
20,c49e3050-1c00-e811-9414-f0921c16b9e5,0.2465753424657534,0.0,89
21,c39e3050-1c00-e811-9414-f0921c16b9e5,0.0027397260273972603,0.0,0
21,c39e3050-1c00-e811-9414-f0921c16b9e5,0.005479452054794521,0.0006999999750406,1
21,c39e3050-1c00-e811-9414-f0921c16b9e5,0.00821917808219178,0.001399999950081,2
21,c39e3050-1c00-e811-9414-f0921c16b9e5,0.010958904109589041,0.00289999996312,3
21,c39e3050-1c00-e811-9414-f0921c16b9e5,0.0136986301369863,0.005599999800324,4
21,c39e3050-1c00-e811-9414-f0921c16b9e5,0.01643835616438356,0.009399999864399,5
21,c39e3050-1c00-e811-9414-f0921c16b9e5,0.019178082191780823,0.01840000040829,6
21,c39e3050-1c00-e811-9414-f0921c16b9e5,0.021917808219178082,0.03539999946952,7
21,c39e3050-1c00-e811-9414-f0921c16b9e5,0.024657534246575342,0.06440000236034,8
21,c39e3050-1c00-e811-9414-f0921c16b9e5,0.0273972602739726,0.1221999973059,9
21,c39e3050-1c00-e811-9414-f0921c16b9e5,0.030136986301369864,0.2124000042677,10
21,c39e3050-1c00-e811-9414-f0921c16b9e5,0.03287671232876712,0.3406000137329,11
21,c39e3050-1c00-e811-9414-f0921c16b9e5,0.03561643835616438,0.4715000092983,12
21,c39e3050-1c00-e811-9414-f0921c16b9e5,0.038356164383561646,0.571799993515,13
21,c39e3050-1c00-e811-9414-f0921c16b9e5,0.0410958904109589,0.6067000031471,14
21,c39e3050-1c00-e811-9414-f0921c16b9e5,0.043835616438356165,0.5886999964714,15
21,c39e3050-1c00-e811-9414-f0921c16b9e5,0.04657534246575343,0.5399000048637,16
21,c39e3050-1c00-e811-9414-f0921c16b9e5,0.049315068493150684,0.4805999994278,17
21,c39e3050-1c00-e811-9414-f0921c16b9e5,0.052054794520547946,0.417199999094,18
21,c39e3050-1c00-e811-9414-f0921c16b9e5,0.0547945205479452,0.3621999919415,19
21,c39e3050-1c00-e811-9414-f0921c16b9e5,0.057534246575342465,0.3116999864578,20
21,c39e3050-1c00-e811-9414-f0921c16b9e5,0.06027397260273973,0.2657999992371,21
21,c39e3050-1c00-e811-9414-f0921c16b9e5,0.06301369863013699,0.2307000011206,22
21,c39e3050-1c00-e811-9414-f0921c16b9e5,0.06575342465753424,0.2003999948502,23
21,c39e3050-1c00-e811-9414-f0921c16b9e5,0.0684931506849315,0.1738000065088,24
21,c39e3050-1c00-e811-9414-f0921c16b9e5,0.07123287671232877,0.1501999944448,25
21,c39e3050-1c00-e811-9414-f0921c16b9e5,0.07397260273972603,0.1293999999762,26
21,c39e3050-1c00-e811-9414-f0921c16b9e5,0.07671232876712329,0.1105000004172,27
21,c39e3050-1c00-e811-9414-f0921c16b9e5,0.07945205479452055,0.09480000287294,28
21,c39e3050-1c00-e811-9414-f0921c16b9e5,0.0821917808219178,0.08009999990463,29
21,c39e3050-1c00-e811-9414-f0921c16b9e5,0.08493150684931507,0.07000000029802,30
21,c39e3050-1c00-e811-9414-f0921c16b9e5,0.08767123287671233,0.06150000169873,31
21,c39e3050-1c00-e811-9414-f0921c16b9e5,0.09041095890410959,0.05290000140667,32
21,c39e3050-1c00-e811-9414-f0921c16b9e5,0.09315068493150686,0.04430000111461,33
21,c39e3050-1c00-e811-9414-f0921c16b9e5,0.0958904109589041,0.03770000115037,34
21,c39e3050-1c00-e811-9414-f0921c16b9e5,0.09863013698630137,0.03280000016093,35
21,c39e3050-1c00-e811-9414-f0921c16b9e5,0.10136986301369863,0.02779999934137,36
21,c39e3050-1c00-e811-9414-f0921c16b9e5,0.10410958904109589,0.02380000054836,37
21,c39e3050-1c00-e811-9414-f0921c16b9e5,0.10684931506849316,0.02150000073016,38
21,c39e3050-1c00-e811-9414-f0921c16b9e5,0.1095890410958904,0.01860000006855,39
21,c39e3050-1c00-e811-9414-f0921c16b9e5,0.11232876712328767,0.01659999974072,40
21,c39e3050-1c00-e811-9414-f0921c16b9e5,0.11506849315068493,0.01400000043213,41
21,c39e3050-1c00-e811-9414-f0921c16b9e5,0.1178082191780822,0.01260000001639,42
21,c39e3050-1c00-e811-9414-f0921c16b9e5,0.12054794520547946,0.01140000019222,43
21,c39e3050-1c00-e811-9414-f0921c16b9e5,0.1232876712328767,0.009600000455976,44
21,c39e3050-1c00-e811-9414-f0921c16b9e5,0.12602739726027398,0.008500000461936,45
21,c39e3050-1c00-e811-9414-f0921c16b9e5,0.12876712328767123,0.007799999788404,46
21,c39e3050-1c00-e811-9414-f0921c16b9e5,0.13150684931506848,0.007000000216067,47
21,c39e3050-1c00-e811-9414-f0921c16b9e5,0.13424657534246576,0.005700000096112,48
21,c39e3050-1c00-e811-9414-f0921c16b9e5,0.136986301369863,0.005100000184029,49
21,c39e3050-1c00-e811-9414-f0921c16b9e5,0.13972602739726028,0.004900000058115,50
21,c39e3050-1c00-e811-9414-f0921c16b9e5,0.14246575342465753,0.004300000146031,51
21,c39e3050-1c00-e811-9414-f0921c16b9e5,0.14520547945205478,0.00400000018999,52
21,c39e3050-1c00-e811-9414-f0921c16b9e5,0.14794520547945206,0.00359999993816,53
21,c39e3050-1c00-e811-9414-f0921c16b9e5,0.1506849315068493,0.003400000045076,54
21,c39e3050-1c00-e811-9414-f0921c16b9e5,0.15342465753424658,0.003100000089034,55
21,c39e3050-1c00-e811-9414-f0921c16b9e5,0.15616438356164383,0.002700000070035,56
21,c39e3050-1c00-e811-9414-f0921c16b9e5,0.1589041095890411,0.002000000094995,57
21,c39e3050-1c00-e811-9414-f0921c16b9e5,0.16164383561643836,0.001700000022538,58
21,c39e3050-1c00-e811-9414-f0921c16b9e5,0.1643835616438356,0.001399999950081,59
21,c39e3050-1c00-e811-9414-f0921c16b9e5,0.16712328767123288,0.001300000003539,60
21,c39e3050-1c00-e811-9414-f0921c16b9e5,0.16986301369863013,0.00109999999404,61
21,c39e3050-1c00-e811-9414-f0921c16b9e5,0.1726027397260274,0.00109999999404,62
21,c39e3050-1c00-e811-9414-f0921c16b9e5,0.17534246575342466,0.00109999999404,63
21,c39e3050-1c00-e811-9414-f0921c16b9e5,0.1780821917808219,0.00109999999404,64
21,c39e3050-1c00-e811-9414-f0921c16b9e5,0.18082191780821918,0.0007999999797903,65
21,c39e3050-1c00-e811-9414-f0921c16b9e5,0.18356164383561643,0.0006000000284985,66
21,c39e3050-1c00-e811-9414-f0921c16b9e5,0.1863013698630137,0.0003999999898952,67
21,c39e3050-1c00-e811-9414-f0921c16b9e5,0.18904109589041096,0.0003999999898952,68
21,c39e3050-1c00-e811-9414-f0921c16b9e5,0.1917808219178082,0.0003999999898952,69
21,c39e3050-1c00-e811-9414-f0921c16b9e5,0.19452054794520549,0.0003999999898952,70
21,c39e3050-1c00-e811-9414-f0921c16b9e5,0.19726027397260273,0.0003999999898952,71
21,c39e3050-1c00-e811-9414-f0921c16b9e5,0.2,0.0003999999898952,72
21,c39e3050-1c00-e811-9414-f0921c16b9e5,0.20273972602739726,0.0003000000142492,73
21,c39e3050-1c00-e811-9414-f0921c16b9e5,0.2054794520547945,0.0003000000142492,74
21,c39e3050-1c00-e811-9414-f0921c16b9e5,0.20821917808219179,0.0003000000142492,75
21,c39e3050-1c00-e811-9414-f0921c16b9e5,0.21095890410958903,0.0001999999949476,76
21,c39e3050-1c00-e811-9414-f0921c16b9e5,0.2136986301369863,0.0001999999949476,77
21,c39e3050-1c00-e811-9414-f0921c16b9e5,0.21643835616438356,0.0001999999949476,78
21,c39e3050-1c00-e811-9414-f0921c16b9e5,0.2191780821917808,0.0001999999949476,79
21,c39e3050-1c00-e811-9414-f0921c16b9e5,0.2219178082191781,0.0001999999949476,80
21,c39e3050-1c00-e811-9414-f0921c16b9e5,0.22465753424657534,0.0001999999949476,81
21,c39e3050-1c00-e811-9414-f0921c16b9e5,0.2273972602739726,0.0001999999949476,82
21,c39e3050-1c00-e811-9414-f0921c16b9e5,0.23013698630136986,0.0001999999949476,83
21,c39e3050-1c00-e811-9414-f0921c16b9e5,0.2328767123287671,0.0,84
21,c39e3050-1c00-e811-9414-f0921c16b9e5,0.2356164383561644,0.0,85
21,c39e3050-1c00-e811-9414-f0921c16b9e5,0.23835616438356164,0.0,86
21,c39e3050-1c00-e811-9414-f0921c16b9e5,0.2410958904109589,0.0,87
21,c39e3050-1c00-e811-9414-f0921c16b9e5,0.24383561643835616,0.0,88
21,c39e3050-1c00-e811-9414-f0921c16b9e5,0.2465753424657534,0.0,89
22,c29e3050-1c00-e811-9414-f0921c16b9e5,0.0027397260273972603,0.0,0
22,c29e3050-1c00-e811-9414-f0921c16b9e5,0.005479452054794521,0.0003999999898952,1
22,c29e3050-1c00-e811-9414-f0921c16b9e5,0.00821917808219178,0.001000000047497,2
22,c29e3050-1c00-e811-9414-f0921c16b9e5,0.010958904109589041,0.001000000047497,3
22,c29e3050-1c00-e811-9414-f0921c16b9e5,0.0136986301369863,0.001599999959581,4
22,c29e3050-1c00-e811-9414-f0921c16b9e5,0.01643835616438356,0.002099999925122,5
22,c29e3050-1c00-e811-9414-f0921c16b9e5,0.019178082191780823,0.003199999919161,6
22,c29e3050-1c00-e811-9414-f0921c16b9e5,0.021917808219178082,0.004499999806285,7
22,c29e3050-1c00-e811-9414-f0921c16b9e5,0.024657534246575342,0.007300000172108,8
22,c29e3050-1c00-e811-9414-f0921c16b9e5,0.0273972602739726,0.01049999985844,9
22,c29e3050-1c00-e811-9414-f0921c16b9e5,0.030136986301369864,0.01569999940693,10
22,c29e3050-1c00-e811-9414-f0921c16b9e5,0.03287671232876712,0.02630000002682,11
22,c29e3050-1c00-e811-9414-f0921c16b9e5,0.03561643835616438,0.0430999994278,12
22,c29e3050-1c00-e811-9414-f0921c16b9e5,0.038356164383561646,0.06279999762774,13
22,c29e3050-1c00-e811-9414-f0921c16b9e5,0.0410958904109589,0.08869999647141,14
22,c29e3050-1c00-e811-9414-f0921c16b9e5,0.043835616438356165,0.1123000010848,15
22,c29e3050-1c00-e811-9414-f0921c16b9e5,0.04657534246575343,0.1381999999285,16
22,c29e3050-1c00-e811-9414-f0921c16b9e5,0.049315068493150684,0.1659999936819,17
22,c29e3050-1c00-e811-9414-f0921c16b9e5,0.052054794520547946,0.1775999963284,18
22,c29e3050-1c00-e811-9414-f0921c16b9e5,0.0547945205479452,0.1767999976873,19
22,c29e3050-1c00-e811-9414-f0921c16b9e5,0.057534246575342465,0.1544999927282,20
22,c29e3050-1c00-e811-9414-f0921c16b9e5,0.06027397260273973,0.1262000054121,21
22,c29e3050-1c00-e811-9414-f0921c16b9e5,0.06301369863013699,0.09880000352859,22
22,c29e3050-1c00-e811-9414-f0921c16b9e5,0.06575342465753424,0.07509999722242,23
22,c29e3050-1c00-e811-9414-f0921c16b9e5,0.0684931506849315,0.05820000171661,24
22,c29e3050-1c00-e811-9414-f0921c16b9e5,0.07123287671232877,0.04300000146031,25
22,c29e3050-1c00-e811-9414-f0921c16b9e5,0.07397260273972603,0.02899999916553,26
22,c29e3050-1c00-e811-9414-f0921c16b9e5,0.07671232876712329,0.01989999972284,27
22,c29e3050-1c00-e811-9414-f0921c16b9e5,0.07945205479452055,0.01410000026226,28
22,c29e3050-1c00-e811-9414-f0921c16b9e5,0.0821917808219178,0.009999999776483,29
22,c29e3050-1c00-e811-9414-f0921c16b9e5,0.08493150684931507,0.00650000013411,30
22,c29e3050-1c00-e811-9414-f0921c16b9e5,0.08767123287671233,0.003199999919161,31
22,c29e3050-1c00-e811-9414-f0921c16b9e5,0.09041095890410959,0.002199999988079,32
22,c29e3050-1c00-e811-9414-f0921c16b9e5,0.09315068493150686,0.001700000022538,33
22,c29e3050-1c00-e811-9414-f0921c16b9e5,0.0958904109589041,0.001399999950081,34
22,c29e3050-1c00-e811-9414-f0921c16b9e5,0.09863013698630137,0.00089999998454,35
22,c29e3050-1c00-e811-9414-f0921c16b9e5,0.10136986301369863,0.0006999999750406,36
22,c29e3050-1c00-e811-9414-f0921c16b9e5,0.10410958904109589,0.0003000000142492,37
22,c29e3050-1c00-e811-9414-f0921c16b9e5,0.10684931506849316,0.0001999999949476,38
22,c29e3050-1c00-e811-9414-f0921c16b9e5,0.1095890410958904,0.0001999999949476,39
22,c29e3050-1c00-e811-9414-f0921c16b9e5,0.11232876712328767,0.0,40
22,c29e3050-1c00-e811-9414-f0921c16b9e5,0.11506849315068493,0.0,41
22,c29e3050-1c00-e811-9414-f0921c16b9e5,0.1178082191780822,0.0,42
22,c29e3050-1c00-e811-9414-f0921c16b9e5,0.12054794520547946,0.0,43
22,c29e3050-1c00-e811-9414-f0921c16b9e5,0.1232876712328767,0.0,44
22,c29e3050-1c00-e811-9414-f0921c16b9e5,0.12602739726027398,0.0,45
22,c29e3050-1c00-e811-9414-f0921c16b9e5,0.12876712328767123,0.0,46
22,c29e3050-1c00-e811-9414-f0921c16b9e5,0.13150684931506848,0.0,47
22,c29e3050-1c00-e811-9414-f0921c16b9e5,0.13424657534246576,0.0,48
22,c29e3050-1c00-e811-9414-f0921c16b9e5,0.136986301369863,0.0,49
22,c29e3050-1c00-e811-9414-f0921c16b9e5,0.13972602739726028,0.0,50
22,c29e3050-1c00-e811-9414-f0921c16b9e5,0.14246575342465753,0.0,51
22,c29e3050-1c00-e811-9414-f0921c16b9e5,0.14520547945205478,0.0,52
22,c29e3050-1c00-e811-9414-f0921c16b9e5,0.14794520547945206,0.0,53
22,c29e3050-1c00-e811-9414-f0921c16b9e5,0.1506849315068493,0.0,54
22,c29e3050-1c00-e811-9414-f0921c16b9e5,0.15342465753424658,0.0,55
22,c29e3050-1c00-e811-9414-f0921c16b9e5,0.15616438356164383,0.0,56
22,c29e3050-1c00-e811-9414-f0921c16b9e5,0.1589041095890411,0.0,57
22,c29e3050-1c00-e811-9414-f0921c16b9e5,0.16164383561643836,0.0,58
22,c29e3050-1c00-e811-9414-f0921c16b9e5,0.1643835616438356,0.0,59
22,c29e3050-1c00-e811-9414-f0921c16b9e5,0.16712328767123288,0.0,60
22,c29e3050-1c00-e811-9414-f0921c16b9e5,0.16986301369863013,0.0,61
22,c29e3050-1c00-e811-9414-f0921c16b9e5,0.1726027397260274,0.0,62
22,c29e3050-1c00-e811-9414-f0921c16b9e5,0.17534246575342466,0.0,63
22,c29e3050-1c00-e811-9414-f0921c16b9e5,0.1780821917808219,0.0,64
22,c29e3050-1c00-e811-9414-f0921c16b9e5,0.18082191780821918,0.0,65
22,c29e3050-1c00-e811-9414-f0921c16b9e5,0.18356164383561643,0.0,66
22,c29e3050-1c00-e811-9414-f0921c16b9e5,0.1863013698630137,0.0,67
22,c29e3050-1c00-e811-9414-f0921c16b9e5,0.18904109589041096,0.0,68
22,c29e3050-1c00-e811-9414-f0921c16b9e5,0.1917808219178082,0.0,69
22,c29e3050-1c00-e811-9414-f0921c16b9e5,0.19452054794520549,0.0,70
22,c29e3050-1c00-e811-9414-f0921c16b9e5,0.19726027397260273,0.0,71
22,c29e3050-1c00-e811-9414-f0921c16b9e5,0.2,0.0,72
22,c29e3050-1c00-e811-9414-f0921c16b9e5,0.20273972602739726,0.0,73
22,c29e3050-1c00-e811-9414-f0921c16b9e5,0.2054794520547945,0.0,74
22,c29e3050-1c00-e811-9414-f0921c16b9e5,0.20821917808219179,0.0,75
22,c29e3050-1c00-e811-9414-f0921c16b9e5,0.21095890410958903,0.0,76
22,c29e3050-1c00-e811-9414-f0921c16b9e5,0.2136986301369863,0.0,77
22,c29e3050-1c00-e811-9414-f0921c16b9e5,0.21643835616438356,0.0,78
22,c29e3050-1c00-e811-9414-f0921c16b9e5,0.2191780821917808,0.0,79
22,c29e3050-1c00-e811-9414-f0921c16b9e5,0.2219178082191781,0.0,80
22,c29e3050-1c00-e811-9414-f0921c16b9e5,0.22465753424657534,0.0,81
22,c29e3050-1c00-e811-9414-f0921c16b9e5,0.2273972602739726,0.0,82
22,c29e3050-1c00-e811-9414-f0921c16b9e5,0.23013698630136986,0.0,83
22,c29e3050-1c00-e811-9414-f0921c16b9e5,0.2328767123287671,0.0,84
22,c29e3050-1c00-e811-9414-f0921c16b9e5,0.2356164383561644,0.0,85
22,c29e3050-1c00-e811-9414-f0921c16b9e5,0.23835616438356164,0.0,86
22,c29e3050-1c00-e811-9414-f0921c16b9e5,0.2410958904109589,0.0,87
22,c29e3050-1c00-e811-9414-f0921c16b9e5,0.24383561643835616,0.0,88
22,c29e3050-1c00-e811-9414-f0921c16b9e5,0.2465753424657534,0.0,89
23,c19e3050-1c00-e811-9414-f0921c16b9e5,0.0027397260273972603,0.0,0
23,c19e3050-1c00-e811-9414-f0921c16b9e5,0.005479452054794521,0.001000000047497,1
23,c19e3050-1c00-e811-9414-f0921c16b9e5,0.00821917808219178,0.001900000032037,2
23,c19e3050-1c00-e811-9414-f0921c16b9e5,0.010958904109589041,0.003400000045076,3
23,c19e3050-1c00-e811-9414-f0921c16b9e5,0.0136986301369863,0.005200000014156,4
23,c19e3050-1c00-e811-9414-f0921c16b9e5,0.01643835616438356,0.008200000040233,5
23,c19e3050-1c00-e811-9414-f0921c16b9e5,0.019178082191780823,0.01389999967068,6
23,c19e3050-1c00-e811-9414-f0921c16b9e5,0.021917808219178082,0.02290000021458,7
23,c19e3050-1c00-e811-9414-f0921c16b9e5,0.024657534246575342,0.0375999994576,8
23,c19e3050-1c00-e811-9414-f0921c16b9e5,0.0273972602739726,0.06350000202656,9
23,c19e3050-1c00-e811-9414-f0921c16b9e5,0.030136986301369864,0.1005000025034,10
23,c19e3050-1c00-e811-9414-f0921c16b9e5,0.03287671232876712,0.1525000035763,11
23,c19e3050-1c00-e811-9414-f0921c16b9e5,0.03561643835616438,0.2259999960661,12
23,c19e3050-1c00-e811-9414-f0921c16b9e5,0.038356164383561646,0.3194000124931,13
23,c19e3050-1c00-e811-9414-f0921c16b9e5,0.0410958904109589,0.4158999919891,14
23,c19e3050-1c00-e811-9414-f0921c16b9e5,0.043835616438356165,0.4900999963284,15
23,c19e3050-1c00-e811-9414-f0921c16b9e5,0.04657534246575343,0.5314999818802,16
23,c19e3050-1c00-e811-9414-f0921c16b9e5,0.049315068493150684,0.5396999716759,17
23,c19e3050-1c00-e811-9414-f0921c16b9e5,0.052054794520547946,0.51859998703,18
23,c19e3050-1c00-e811-9414-f0921c16b9e5,0.0547945205479452,0.4810999929905,19
23,c19e3050-1c00-e811-9414-f0921c16b9e5,0.057534246575342465,0.4422999918461,20
23,c19e3050-1c00-e811-9414-f0921c16b9e5,0.06027397260273973,0.3944000005722,21
23,c19e3050-1c00-e811-9414-f0921c16b9e5,0.06301369863013699,0.352999985218,22
23,c19e3050-1c00-e811-9414-f0921c16b9e5,0.06575342465753424,0.3131999969482,23
23,c19e3050-1c00-e811-9414-f0921c16b9e5,0.0684931506849315,0.2752999961376,24
23,c19e3050-1c00-e811-9414-f0921c16b9e5,0.07123287671232877,0.2436999976635,25
23,c19e3050-1c00-e811-9414-f0921c16b9e5,0.07397260273972603,0.2145999968052,26
23,c19e3050-1c00-e811-9414-f0921c16b9e5,0.07671232876712329,0.185900002718,27
23,c19e3050-1c00-e811-9414-f0921c16b9e5,0.07945205479452055,0.1624000072479,28
23,c19e3050-1c00-e811-9414-f0921c16b9e5,0.0821917808219178,0.1440999954939,29
23,c19e3050-1c00-e811-9414-f0921c16b9e5,0.08493150684931507,0.1238000020385,30
23,c19e3050-1c00-e811-9414-f0921c16b9e5,0.08767123287671233,0.1080000028014,31
23,c19e3050-1c00-e811-9414-f0921c16b9e5,0.09041095890410959,0.09399999678135,32
23,c19e3050-1c00-e811-9414-f0921c16b9e5,0.09315068493150686,0.08219999819994,33
23,c19e3050-1c00-e811-9414-f0921c16b9e5,0.0958904109589041,0.07190000265837,34
23,c19e3050-1c00-e811-9414-f0921c16b9e5,0.09863013698630137,0.06190000101924,35
23,c19e3050-1c00-e811-9414-f0921c16b9e5,0.10136986301369863,0.05440000072122,36
23,c19e3050-1c00-e811-9414-f0921c16b9e5,0.10410958904109589,0.04619999974966,37
23,c19e3050-1c00-e811-9414-f0921c16b9e5,0.10684931506849316,0.03959999978542,38
23,c19e3050-1c00-e811-9414-f0921c16b9e5,0.1095890410958904,0.03510000184178,39
23,c19e3050-1c00-e811-9414-f0921c16b9e5,0.11232876712328767,0.03109999932349,40
23,c19e3050-1c00-e811-9414-f0921c16b9e5,0.11506849315068493,0.02859999984503,41
23,c19e3050-1c00-e811-9414-f0921c16b9e5,0.1178082191780822,0.02480000071228,42
23,c19e3050-1c00-e811-9414-f0921c16b9e5,0.12054794520547946,0.02180000022054,43
23,c19e3050-1c00-e811-9414-f0921c16b9e5,0.1232876712328767,0.01909999921918,44
23,c19e3050-1c00-e811-9414-f0921c16b9e5,0.12602739726027398,0.01769999973476,45
23,c19e3050-1c00-e811-9414-f0921c16b9e5,0.12876712328767123,0.01590000092983,46
23,c19e3050-1c00-e811-9414-f0921c16b9e5,0.13150684931506848,0.01420000009239,47
23,c19e3050-1c00-e811-9414-f0921c16b9e5,0.13424657534246576,0.01250000018626,48
23,c19e3050-1c00-e811-9414-f0921c16b9e5,0.136986301369863,0.01109999977052,49
23,c19e3050-1c00-e811-9414-f0921c16b9e5,0.13972602739726028,0.009800000116229,50
23,c19e3050-1c00-e811-9414-f0921c16b9e5,0.14246575342465753,0.008100000210106,51
23,c19e3050-1c00-e811-9414-f0921c16b9e5,0.14520547945205478,0.006899999920279,52
23,c19e3050-1c00-e811-9414-f0921c16b9e5,0.14794520547945206,0.005700000096112,53
23,c19e3050-1c00-e811-9414-f0921c16b9e5,0.1506849315068493,0.004999999888241,54
23,c19e3050-1c00-e811-9414-f0921c16b9e5,0.15342465753424658,0.004300000146031,55
23,c19e3050-1c00-e811-9414-f0921c16b9e5,0.15616438356164383,0.003400000045076,56
23,c19e3050-1c00-e811-9414-f0921c16b9e5,0.1589041095890411,0.003000000026077,57
23,c19e3050-1c00-e811-9414-f0921c16b9e5,0.16164383561643836,0.002700000070035,58
23,c19e3050-1c00-e811-9414-f0921c16b9e5,0.1643835616438356,0.002099999925122,59
23,c19e3050-1c00-e811-9414-f0921c16b9e5,0.16712328767123288,0.001599999959581,60
23,c19e3050-1c00-e811-9414-f0921c16b9e5,0.16986301369863013,0.001500000013039,61
23,c19e3050-1c00-e811-9414-f0921c16b9e5,0.1726027397260274,0.001000000047497,62
23,c19e3050-1c00-e811-9414-f0921c16b9e5,0.17534246575342466,0.0003999999898952,63
23,c19e3050-1c00-e811-9414-f0921c16b9e5,0.1780821917808219,0.0003000000142492,64
23,c19e3050-1c00-e811-9414-f0921c16b9e5,0.18082191780821918,0.0003000000142492,65
23,c19e3050-1c00-e811-9414-f0921c16b9e5,0.18356164383561643,0.0001999999949476,66
23,c19e3050-1c00-e811-9414-f0921c16b9e5,0.1863013698630137,0.0,67
23,c19e3050-1c00-e811-9414-f0921c16b9e5,0.18904109589041096,0.0,68
23,c19e3050-1c00-e811-9414-f0921c16b9e5,0.1917808219178082,0.0,69
23,c19e3050-1c00-e811-9414-f0921c16b9e5,0.19452054794520549,0.0,70
23,c19e3050-1c00-e811-9414-f0921c16b9e5,0.19726027397260273,0.0,71
23,c19e3050-1c00-e811-9414-f0921c16b9e5,0.2,0.0,72
23,c19e3050-1c00-e811-9414-f0921c16b9e5,0.20273972602739726,0.0,73
23,c19e3050-1c00-e811-9414-f0921c16b9e5,0.2054794520547945,0.0,74
23,c19e3050-1c00-e811-9414-f0921c16b9e5,0.20821917808219179,0.0,75
23,c19e3050-1c00-e811-9414-f0921c16b9e5,0.21095890410958903,0.0,76
23,c19e3050-1c00-e811-9414-f0921c16b9e5,0.2136986301369863,0.0,77
23,c19e3050-1c00-e811-9414-f0921c16b9e5,0.21643835616438356,0.0,78
23,c19e3050-1c00-e811-9414-f0921c16b9e5,0.2191780821917808,0.0,79
23,c19e3050-1c00-e811-9414-f0921c16b9e5,0.2219178082191781,0.0,80
23,c19e3050-1c00-e811-9414-f0921c16b9e5,0.22465753424657534,0.0,81
23,c19e3050-1c00-e811-9414-f0921c16b9e5,0.2273972602739726,0.0,82
23,c19e3050-1c00-e811-9414-f0921c16b9e5,0.23013698630136986,0.0,83
23,c19e3050-1c00-e811-9414-f0921c16b9e5,0.2328767123287671,0.0,84
23,c19e3050-1c00-e811-9414-f0921c16b9e5,0.2356164383561644,0.0,85
23,c19e3050-1c00-e811-9414-f0921c16b9e5,0.23835616438356164,0.0,86
23,c19e3050-1c00-e811-9414-f0921c16b9e5,0.2410958904109589,0.0,87
23,c19e3050-1c00-e811-9414-f0921c16b9e5,0.24383561643835616,0.0,88
23,c19e3050-1c00-e811-9414-f0921c16b9e5,0.2465753424657534,0.0,89
24,c09e3050-1c00-e811-9414-f0921c16b9e5,0.0027397260273972603,0.0,0
24,c09e3050-1c00-e811-9414-f0921c16b9e5,0.005479452054794521,0.0003999999898952,1
24,c09e3050-1c00-e811-9414-f0921c16b9e5,0.00821917808219178,0.001500000013039,2
24,c09e3050-1c00-e811-9414-f0921c16b9e5,0.010958904109589041,0.005700000096112,3
24,c09e3050-1c00-e811-9414-f0921c16b9e5,0.0136986301369863,0.02140000090003,4
24,c09e3050-1c00-e811-9414-f0921c16b9e5,0.01643835616438356,0.08399999886751,5
24,c09e3050-1c00-e811-9414-f0921c16b9e5,0.019178082191780823,0.2804999947548,6
24,c09e3050-1c00-e811-9414-f0921c16b9e5,0.021917808219178082,0.5958999991417,7
24,c09e3050-1c00-e811-9414-f0921c16b9e5,0.024657534246575342,0.5737000107765,8
24,c09e3050-1c00-e811-9414-f0921c16b9e5,0.0273972602739726,0.3736999928951,9
24,c09e3050-1c00-e811-9414-f0921c16b9e5,0.030136986301369864,0.2255000025034,10
24,c09e3050-1c00-e811-9414-f0921c16b9e5,0.03287671232876712,0.132699996233,11
24,c09e3050-1c00-e811-9414-f0921c16b9e5,0.03561643835616438,0.0802000015974,12
24,c09e3050-1c00-e811-9414-f0921c16b9e5,0.038356164383561646,0.04659999907017,13
24,c09e3050-1c00-e811-9414-f0921c16b9e5,0.0410958904109589,0.02639999985695,14
24,c09e3050-1c00-e811-9414-f0921c16b9e5,0.043835616438356165,0.01549999974668,15
24,c09e3050-1c00-e811-9414-f0921c16b9e5,0.04657534246575343,0.009499999694526,16
24,c09e3050-1c00-e811-9414-f0921c16b9e5,0.049315068493150684,0.006000000052154,17
24,c09e3050-1c00-e811-9414-f0921c16b9e5,0.052054794520547946,0.00359999993816,18
24,c09e3050-1c00-e811-9414-f0921c16b9e5,0.0547945205479452,0.002099999925122,19
24,c09e3050-1c00-e811-9414-f0921c16b9e5,0.057534246575342465,0.001399999950081,20
24,c09e3050-1c00-e811-9414-f0921c16b9e5,0.06027397260273973,0.001000000047497,21
24,c09e3050-1c00-e811-9414-f0921c16b9e5,0.06301369863013699,0.0005000000237487,22
24,c09e3050-1c00-e811-9414-f0921c16b9e5,0.06575342465753424,0.0003999999898952,23
24,c09e3050-1c00-e811-9414-f0921c16b9e5,0.0684931506849315,0.0001999999949476,24
24,c09e3050-1c00-e811-9414-f0921c16b9e5,0.07123287671232877,9.999999747379e-05,25
24,c09e3050-1c00-e811-9414-f0921c16b9e5,0.07397260273972603,0.0,26
24,c09e3050-1c00-e811-9414-f0921c16b9e5,0.07671232876712329,0.0,27
24,c09e3050-1c00-e811-9414-f0921c16b9e5,0.07945205479452055,0.0,28
24,c09e3050-1c00-e811-9414-f0921c16b9e5,0.0821917808219178,0.0,29
24,c09e3050-1c00-e811-9414-f0921c16b9e5,0.08493150684931507,0.0,30
24,c09e3050-1c00-e811-9414-f0921c16b9e5,0.08767123287671233,0.0,31
24,c09e3050-1c00-e811-9414-f0921c16b9e5,0.09041095890410959,0.0,32
24,c09e3050-1c00-e811-9414-f0921c16b9e5,0.09315068493150686,0.0,33
24,c09e3050-1c00-e811-9414-f0921c16b9e5,0.0958904109589041,0.0,34
24,c09e3050-1c00-e811-9414-f0921c16b9e5,0.09863013698630137,0.0,35
24,c09e3050-1c00-e811-9414-f0921c16b9e5,0.10136986301369863,0.0,36
24,c09e3050-1c00-e811-9414-f0921c16b9e5,0.10410958904109589,0.0,37
24,c09e3050-1c00-e811-9414-f0921c16b9e5,0.10684931506849316,0.0,38
24,c09e3050-1c00-e811-9414-f0921c16b9e5,0.1095890410958904,0.0,39
24,c09e3050-1c00-e811-9414-f0921c16b9e5,0.11232876712328767,0.0,40
24,c09e3050-1c00-e811-9414-f0921c16b9e5,0.11506849315068493,0.0,41
24,c09e3050-1c00-e811-9414-f0921c16b9e5,0.1178082191780822,0.0,42
24,c09e3050-1c00-e811-9414-f0921c16b9e5,0.12054794520547946,0.0,43
24,c09e3050-1c00-e811-9414-f0921c16b9e5,0.1232876712328767,0.0,44
24,c09e3050-1c00-e811-9414-f0921c16b9e5,0.12602739726027398,0.0,45
24,c09e3050-1c00-e811-9414-f0921c16b9e5,0.12876712328767123,0.0,46
24,c09e3050-1c00-e811-9414-f0921c16b9e5,0.13150684931506848,0.0,47
24,c09e3050-1c00-e811-9414-f0921c16b9e5,0.13424657534246576,0.0,48
24,c09e3050-1c00-e811-9414-f0921c16b9e5,0.136986301369863,0.0,49
24,c09e3050-1c00-e811-9414-f0921c16b9e5,0.13972602739726028,0.0,50
24,c09e3050-1c00-e811-9414-f0921c16b9e5,0.14246575342465753,0.0,51
24,c09e3050-1c00-e811-9414-f0921c16b9e5,0.14520547945205478,0.0,52
24,c09e3050-1c00-e811-9414-f0921c16b9e5,0.14794520547945206,0.0,53
24,c09e3050-1c00-e811-9414-f0921c16b9e5,0.1506849315068493,0.0,54
24,c09e3050-1c00-e811-9414-f0921c16b9e5,0.15342465753424658,0.0,55
24,c09e3050-1c00-e811-9414-f0921c16b9e5,0.15616438356164383,0.0,56
24,c09e3050-1c00-e811-9414-f0921c16b9e5,0.1589041095890411,0.0,57
24,c09e3050-1c00-e811-9414-f0921c16b9e5,0.16164383561643836,0.0,58
24,c09e3050-1c00-e811-9414-f0921c16b9e5,0.1643835616438356,0.0,59
24,c09e3050-1c00-e811-9414-f0921c16b9e5,0.16712328767123288,0.0,60
24,c09e3050-1c00-e811-9414-f0921c16b9e5,0.16986301369863013,0.0,61
24,c09e3050-1c00-e811-9414-f0921c16b9e5,0.1726027397260274,0.0,62
24,c09e3050-1c00-e811-9414-f0921c16b9e5,0.17534246575342466,0.0,63
24,c09e3050-1c00-e811-9414-f0921c16b9e5,0.1780821917808219,0.0,64
24,c09e3050-1c00-e811-9414-f0921c16b9e5,0.18082191780821918,0.0,65
24,c09e3050-1c00-e811-9414-f0921c16b9e5,0.18356164383561643,0.0,66
24,c09e3050-1c00-e811-9414-f0921c16b9e5,0.1863013698630137,0.0,67
24,c09e3050-1c00-e811-9414-f0921c16b9e5,0.18904109589041096,0.0,68
24,c09e3050-1c00-e811-9414-f0921c16b9e5,0.1917808219178082,0.0,69
24,c09e3050-1c00-e811-9414-f0921c16b9e5,0.19452054794520549,0.0,70
24,c09e3050-1c00-e811-9414-f0921c16b9e5,0.19726027397260273,0.0,71
24,c09e3050-1c00-e811-9414-f0921c16b9e5,0.2,0.0,72
24,c09e3050-1c00-e811-9414-f0921c16b9e5,0.20273972602739726,0.0,73
24,c09e3050-1c00-e811-9414-f0921c16b9e5,0.2054794520547945,0.0,74
24,c09e3050-1c00-e811-9414-f0921c16b9e5,0.20821917808219179,0.0,75
24,c09e3050-1c00-e811-9414-f0921c16b9e5,0.21095890410958903,0.0,76
24,c09e3050-1c00-e811-9414-f0921c16b9e5,0.2136986301369863,0.0,77
24,c09e3050-1c00-e811-9414-f0921c16b9e5,0.21643835616438356,0.0,78
24,c09e3050-1c00-e811-9414-f0921c16b9e5,0.2191780821917808,0.0,79
24,c09e3050-1c00-e811-9414-f0921c16b9e5,0.2219178082191781,0.0,80
24,c09e3050-1c00-e811-9414-f0921c16b9e5,0.22465753424657534,0.0,81
24,c09e3050-1c00-e811-9414-f0921c16b9e5,0.2273972602739726,0.0,82
24,c09e3050-1c00-e811-9414-f0921c16b9e5,0.23013698630136986,0.0,83
24,c09e3050-1c00-e811-9414-f0921c16b9e5,0.2328767123287671,0.0,84
24,c09e3050-1c00-e811-9414-f0921c16b9e5,0.2356164383561644,0.0,85
24,c09e3050-1c00-e811-9414-f0921c16b9e5,0.23835616438356164,0.0,86
24,c09e3050-1c00-e811-9414-f0921c16b9e5,0.2410958904109589,0.0,87
24,c09e3050-1c00-e811-9414-f0921c16b9e5,0.24383561643835616,0.0,88
24,c09e3050-1c00-e811-9414-f0921c16b9e5,0.2465753424657534,0.0,89
25,bf9e3050-1c00-e811-9414-f0921c16b9e5,0.0027397260273972603,0.0,0
25,bf9e3050-1c00-e811-9414-f0921c16b9e5,0.005479452054794521,0.0005000000237487,1
25,bf9e3050-1c00-e811-9414-f0921c16b9e5,0.00821917808219178,0.00109999999404,2
25,bf9e3050-1c00-e811-9414-f0921c16b9e5,0.010958904109589041,0.001500000013039,3
25,bf9e3050-1c00-e811-9414-f0921c16b9e5,0.0136986301369863,0.002700000070035,4
25,bf9e3050-1c00-e811-9414-f0921c16b9e5,0.01643835616438356,0.004800000227988,5
25,bf9e3050-1c00-e811-9414-f0921c16b9e5,0.019178082191780823,0.008799999952316,6
25,bf9e3050-1c00-e811-9414-f0921c16b9e5,0.021917808219178082,0.01389999967068,7
25,bf9e3050-1c00-e811-9414-f0921c16b9e5,0.024657534246575342,0.024299999699,8
25,bf9e3050-1c00-e811-9414-f0921c16b9e5,0.0273972602739726,0.04089999943972,9
25,bf9e3050-1c00-e811-9414-f0921c16b9e5,0.030136986301369864,0.0675999969244,10
25,bf9e3050-1c00-e811-9414-f0921c16b9e5,0.03287671232876712,0.1094999983907,11
25,bf9e3050-1c00-e811-9414-f0921c16b9e5,0.03561643835616438,0.1614000052214,12
25,bf9e3050-1c00-e811-9414-f0921c16b9e5,0.038356164383561646,0.2311999946833,13
25,bf9e3050-1c00-e811-9414-f0921c16b9e5,0.0410958904109589,0.3097999989986,14
25,bf9e3050-1c00-e811-9414-f0921c16b9e5,0.043835616438356165,0.3928000032902,15
25,bf9e3050-1c00-e811-9414-f0921c16b9e5,0.04657534246575343,0.4508999884129,16
25,bf9e3050-1c00-e811-9414-f0921c16b9e5,0.049315068493150684,0.48140001297,17
25,bf9e3050-1c00-e811-9414-f0921c16b9e5,0.052054794520547946,0.4769999980927,18
25,bf9e3050-1c00-e811-9414-f0921c16b9e5,0.0547945205479452,0.4458000063896,19
25,bf9e3050-1c00-e811-9414-f0921c16b9e5,0.057534246575342465,0.4043000042439,20
25,bf9e3050-1c00-e811-9414-f0921c16b9e5,0.06027397260273973,0.3585000038147,21
25,bf9e3050-1c00-e811-9414-f0921c16b9e5,0.06301369863013699,0.3106999993324,22
25,bf9e3050-1c00-e811-9414-f0921c16b9e5,0.06575342465753424,0.2649999856949,23
25,bf9e3050-1c00-e811-9414-f0921c16b9e5,0.0684931506849315,0.2293000072241,24
25,bf9e3050-1c00-e811-9414-f0921c16b9e5,0.07123287671232877,0.1939000040293,25
25,bf9e3050-1c00-e811-9414-f0921c16b9e5,0.07397260273972603,0.1647000014782,26
25,bf9e3050-1c00-e811-9414-f0921c16b9e5,0.07671232876712329,0.1402000039816,27
25,bf9e3050-1c00-e811-9414-f0921c16b9e5,0.07945205479452055,0.1195999979973,28
25,bf9e3050-1c00-e811-9414-f0921c16b9e5,0.0821917808219178,0.1008000001311,29
25,bf9e3050-1c00-e811-9414-f0921c16b9e5,0.08493150684931507,0.08739999681711,30
25,bf9e3050-1c00-e811-9414-f0921c16b9e5,0.08767123287671233,0.07169999927282,31
25,bf9e3050-1c00-e811-9414-f0921c16b9e5,0.09041095890410959,0.05920000001788,32
25,bf9e3050-1c00-e811-9414-f0921c16b9e5,0.09315068493150686,0.04850000143051,33
25,bf9e3050-1c00-e811-9414-f0921c16b9e5,0.0958904109589041,0.04080000147223,34
25,bf9e3050-1c00-e811-9414-f0921c16b9e5,0.09863013698630137,0.03409999981523,35
25,bf9e3050-1c00-e811-9414-f0921c16b9e5,0.10136986301369863,0.02889999933541,36
25,bf9e3050-1c00-e811-9414-f0921c16b9e5,0.10410958904109589,0.02370000071824,37
25,bf9e3050-1c00-e811-9414-f0921c16b9e5,0.10684931506849316,0.02030000090599,38
25,bf9e3050-1c00-e811-9414-f0921c16b9e5,0.1095890410958904,0.0168999992311,39
25,bf9e3050-1c00-e811-9414-f0921c16b9e5,0.11232876712328767,0.01449999958277,40
25,bf9e3050-1c00-e811-9414-f0921c16b9e5,0.11506849315068493,0.01240000035614,41
25,bf9e3050-1c00-e811-9414-f0921c16b9e5,0.1178082191780822,0.01009999960661,42
25,bf9e3050-1c00-e811-9414-f0921c16b9e5,0.12054794520547946,0.00800000037998,43
25,bf9e3050-1c00-e811-9414-f0921c16b9e5,0.1232876712328767,0.007000000216067,44
25,bf9e3050-1c00-e811-9414-f0921c16b9e5,0.12602739726027398,0.006000000052154,45
25,bf9e3050-1c00-e811-9414-f0921c16b9e5,0.12876712328767123,0.005299999844283,46
25,bf9e3050-1c00-e811-9414-f0921c16b9e5,0.13150684931506848,0.00400000018999,47
25,bf9e3050-1c00-e811-9414-f0921c16b9e5,0.13424657534246576,0.003400000045076,48
25,bf9e3050-1c00-e811-9414-f0921c16b9e5,0.136986301369863,0.002600000007078,49
25,bf9e3050-1c00-e811-9414-f0921c16b9e5,0.13972602739726028,0.002400000113994,50
25,bf9e3050-1c00-e811-9414-f0921c16b9e5,0.14246575342465753,0.00179999996908,51
25,bf9e3050-1c00-e811-9414-f0921c16b9e5,0.14520547945205478,0.001700000022538,52
25,bf9e3050-1c00-e811-9414-f0921c16b9e5,0.14794520547945206,0.001500000013039,53
25,bf9e3050-1c00-e811-9414-f0921c16b9e5,0.1506849315068493,0.001500000013039,54
25,bf9e3050-1c00-e811-9414-f0921c16b9e5,0.15342465753424658,0.001399999950081,55
25,bf9e3050-1c00-e811-9414-f0921c16b9e5,0.15616438356164383,0.001300000003539,56
25,bf9e3050-1c00-e811-9414-f0921c16b9e5,0.1589041095890411,0.00109999999404,57
25,bf9e3050-1c00-e811-9414-f0921c16b9e5,0.16164383561643836,0.00089999998454,58
25,bf9e3050-1c00-e811-9414-f0921c16b9e5,0.1643835616438356,0.00089999998454,59
25,bf9e3050-1c00-e811-9414-f0921c16b9e5,0.16712328767123288,0.0007999999797903,60
25,bf9e3050-1c00-e811-9414-f0921c16b9e5,0.16986301369863013,0.0006999999750406,61
25,bf9e3050-1c00-e811-9414-f0921c16b9e5,0.1726027397260274,0.0006000000284985,62
25,bf9e3050-1c00-e811-9414-f0921c16b9e5,0.17534246575342466,0.0005000000237487,63
25,bf9e3050-1c00-e811-9414-f0921c16b9e5,0.1780821917808219,0.0003000000142492,64
25,bf9e3050-1c00-e811-9414-f0921c16b9e5,0.18082191780821918,0.0001999999949476,65
25,bf9e3050-1c00-e811-9414-f0921c16b9e5,0.18356164383561643,9.999999747379e-05,66
25,bf9e3050-1c00-e811-9414-f0921c16b9e5,0.1863013698630137,0.0,67
25,bf9e3050-1c00-e811-9414-f0921c16b9e5,0.18904109589041096,0.0,68
25,bf9e3050-1c00-e811-9414-f0921c16b9e5,0.1917808219178082,0.0,69
25,bf9e3050-1c00-e811-9414-f0921c16b9e5,0.19452054794520549,0.0,70
25,bf9e3050-1c00-e811-9414-f0921c16b9e5,0.19726027397260273,0.0,71
25,bf9e3050-1c00-e811-9414-f0921c16b9e5,0.2,0.0,72
25,bf9e3050-1c00-e811-9414-f0921c16b9e5,0.20273972602739726,0.0,73
25,bf9e3050-1c00-e811-9414-f0921c16b9e5,0.2054794520547945,0.0,74
25,bf9e3050-1c00-e811-9414-f0921c16b9e5,0.20821917808219179,0.0,75
25,bf9e3050-1c00-e811-9414-f0921c16b9e5,0.21095890410958903,0.0,76
25,bf9e3050-1c00-e811-9414-f0921c16b9e5,0.2136986301369863,0.0,77
25,bf9e3050-1c00-e811-9414-f0921c16b9e5,0.21643835616438356,0.0,78
25,bf9e3050-1c00-e811-9414-f0921c16b9e5,0.2191780821917808,0.0,79
25,bf9e3050-1c00-e811-9414-f0921c16b9e5,0.2219178082191781,0.0,80
25,bf9e3050-1c00-e811-9414-f0921c16b9e5,0.22465753424657534,0.0,81
25,bf9e3050-1c00-e811-9414-f0921c16b9e5,0.2273972602739726,0.0,82
25,bf9e3050-1c00-e811-9414-f0921c16b9e5,0.23013698630136986,0.0,83
25,bf9e3050-1c00-e811-9414-f0921c16b9e5,0.2328767123287671,0.0,84
25,bf9e3050-1c00-e811-9414-f0921c16b9e5,0.2356164383561644,0.0,85
25,bf9e3050-1c00-e811-9414-f0921c16b9e5,0.23835616438356164,0.0,86
25,bf9e3050-1c00-e811-9414-f0921c16b9e5,0.2410958904109589,0.0,87
25,bf9e3050-1c00-e811-9414-f0921c16b9e5,0.24383561643835616,0.0,88
25,bf9e3050-1c00-e811-9414-f0921c16b9e5,0.2465753424657534,0.0,89
26,be9e3050-1c00-e811-9414-f0921c16b9e5,0.0027397260273972603,0.0,0
26,be9e3050-1c00-e811-9414-f0921c16b9e5,0.005479452054794521,0.0006000000284985,1
26,be9e3050-1c00-e811-9414-f0921c16b9e5,0.00821917808219178,0.003500000108033,2
26,be9e3050-1c00-e811-9414-f0921c16b9e5,0.010958904109589041,0.02339999936521,3
26,be9e3050-1c00-e811-9414-f0921c16b9e5,0.0136986301369863,0.1432999968529,4
26,be9e3050-1c00-e811-9414-f0921c16b9e5,0.01643835616438356,0.600300014019,5
26,be9e3050-1c00-e811-9414-f0921c16b9e5,0.019178082191780823,0.7707999944687,6
26,be9e3050-1c00-e811-9414-f0921c16b9e5,0.021917808219178082,0.5758000016212,7
26,be9e3050-1c00-e811-9414-f0921c16b9e5,0.024657534246575342,0.4190999865532,8
26,be9e3050-1c00-e811-9414-f0921c16b9e5,0.0273972602739726,0.3070999979973,9
26,be9e3050-1c00-e811-9414-f0921c16b9e5,0.030136986301369864,0.2240000069141,10
26,be9e3050-1c00-e811-9414-f0921c16b9e5,0.03287671232876712,0.1649000048637,11
26,be9e3050-1c00-e811-9414-f0921c16b9e5,0.03561643835616438,0.1209999993443,12
26,be9e3050-1c00-e811-9414-f0921c16b9e5,0.038356164383561646,0.08619999885559,13
26,be9e3050-1c00-e811-9414-f0921c16b9e5,0.0410958904109589,0.06480000168085,14
26,be9e3050-1c00-e811-9414-f0921c16b9e5,0.043835616438356165,0.04800000041723,15
26,be9e3050-1c00-e811-9414-f0921c16b9e5,0.04657534246575343,0.03449999913573,16
26,be9e3050-1c00-e811-9414-f0921c16b9e5,0.049315068493150684,0.02569999918342,17
26,be9e3050-1c00-e811-9414-f0921c16b9e5,0.052054794520547946,0.01860000006855,18
26,be9e3050-1c00-e811-9414-f0921c16b9e5,0.0547945205479452,0.0136000001803,19
26,be9e3050-1c00-e811-9414-f0921c16b9e5,0.057534246575342465,0.009600000455976,20
26,be9e3050-1c00-e811-9414-f0921c16b9e5,0.06027397260273973,0.006899999920279,21
26,be9e3050-1c00-e811-9414-f0921c16b9e5,0.06301369863013699,0.005299999844283,22
26,be9e3050-1c00-e811-9414-f0921c16b9e5,0.06575342465753424,0.003800000064075,23
26,be9e3050-1c00-e811-9414-f0921c16b9e5,0.0684931506849315,0.002799999900162,24
26,be9e3050-1c00-e811-9414-f0921c16b9e5,0.07123287671232877,0.00179999996908,25
26,be9e3050-1c00-e811-9414-f0921c16b9e5,0.07397260273972603,0.001599999959581,26
26,be9e3050-1c00-e811-9414-f0921c16b9e5,0.07671232876712329,0.001399999950081,27
26,be9e3050-1c00-e811-9414-f0921c16b9e5,0.07945205479452055,0.001300000003539,28
26,be9e3050-1c00-e811-9414-f0921c16b9e5,0.0821917808219178,0.00109999999404,29
26,be9e3050-1c00-e811-9414-f0921c16b9e5,0.08493150684931507,0.001000000047497,30
26,be9e3050-1c00-e811-9414-f0921c16b9e5,0.08767123287671233,0.0006999999750406,31
26,be9e3050-1c00-e811-9414-f0921c16b9e5,0.09041095890410959,0.0003999999898952,32
26,be9e3050-1c00-e811-9414-f0921c16b9e5,0.09315068493150686,0.0003999999898952,33
26,be9e3050-1c00-e811-9414-f0921c16b9e5,0.0958904109589041,0.0001999999949476,34
26,be9e3050-1c00-e811-9414-f0921c16b9e5,0.09863013698630137,9.999999747379e-05,35
26,be9e3050-1c00-e811-9414-f0921c16b9e5,0.10136986301369863,9.999999747379e-05,36
26,be9e3050-1c00-e811-9414-f0921c16b9e5,0.10410958904109589,9.999999747379e-05,37
26,be9e3050-1c00-e811-9414-f0921c16b9e5,0.10684931506849316,9.999999747379e-05,38
26,be9e3050-1c00-e811-9414-f0921c16b9e5,0.1095890410958904,9.999999747379e-05,39
26,be9e3050-1c00-e811-9414-f0921c16b9e5,0.11232876712328767,9.999999747379e-05,40
26,be9e3050-1c00-e811-9414-f0921c16b9e5,0.11506849315068493,0.0,41
26,be9e3050-1c00-e811-9414-f0921c16b9e5,0.1178082191780822,0.0,42
26,be9e3050-1c00-e811-9414-f0921c16b9e5,0.12054794520547946,0.0,43
26,be9e3050-1c00-e811-9414-f0921c16b9e5,0.1232876712328767,0.0,44
26,be9e3050-1c00-e811-9414-f0921c16b9e5,0.12602739726027398,0.0,45
26,be9e3050-1c00-e811-9414-f0921c16b9e5,0.12876712328767123,0.0,46
26,be9e3050-1c00-e811-9414-f0921c16b9e5,0.13150684931506848,0.0,47
26,be9e3050-1c00-e811-9414-f0921c16b9e5,0.13424657534246576,0.0,48
26,be9e3050-1c00-e811-9414-f0921c16b9e5,0.136986301369863,0.0,49
26,be9e3050-1c00-e811-9414-f0921c16b9e5,0.13972602739726028,0.0,50
26,be9e3050-1c00-e811-9414-f0921c16b9e5,0.14246575342465753,0.0,51
26,be9e3050-1c00-e811-9414-f0921c16b9e5,0.14520547945205478,0.0,52
26,be9e3050-1c00-e811-9414-f0921c16b9e5,0.14794520547945206,0.0,53
26,be9e3050-1c00-e811-9414-f0921c16b9e5,0.1506849315068493,0.0,54
26,be9e3050-1c00-e811-9414-f0921c16b9e5,0.15342465753424658,0.0,55
26,be9e3050-1c00-e811-9414-f0921c16b9e5,0.15616438356164383,0.0,56
26,be9e3050-1c00-e811-9414-f0921c16b9e5,0.1589041095890411,0.0,57
26,be9e3050-1c00-e811-9414-f0921c16b9e5,0.16164383561643836,0.0,58
26,be9e3050-1c00-e811-9414-f0921c16b9e5,0.1643835616438356,0.0,59
26,be9e3050-1c00-e811-9414-f0921c16b9e5,0.16712328767123288,0.0,60
26,be9e3050-1c00-e811-9414-f0921c16b9e5,0.16986301369863013,0.0,61
26,be9e3050-1c00-e811-9414-f0921c16b9e5,0.1726027397260274,0.0,62
26,be9e3050-1c00-e811-9414-f0921c16b9e5,0.17534246575342466,0.0,63
26,be9e3050-1c00-e811-9414-f0921c16b9e5,0.1780821917808219,0.0,64
26,be9e3050-1c00-e811-9414-f0921c16b9e5,0.18082191780821918,0.0,65
26,be9e3050-1c00-e811-9414-f0921c16b9e5,0.18356164383561643,0.0,66
26,be9e3050-1c00-e811-9414-f0921c16b9e5,0.1863013698630137,0.0,67
26,be9e3050-1c00-e811-9414-f0921c16b9e5,0.18904109589041096,0.0,68
26,be9e3050-1c00-e811-9414-f0921c16b9e5,0.1917808219178082,0.0,69
26,be9e3050-1c00-e811-9414-f0921c16b9e5,0.19452054794520549,0.0,70
26,be9e3050-1c00-e811-9414-f0921c16b9e5,0.19726027397260273,0.0,71
26,be9e3050-1c00-e811-9414-f0921c16b9e5,0.2,0.0,72
26,be9e3050-1c00-e811-9414-f0921c16b9e5,0.20273972602739726,0.0,73
26,be9e3050-1c00-e811-9414-f0921c16b9e5,0.2054794520547945,0.0,74
26,be9e3050-1c00-e811-9414-f0921c16b9e5,0.20821917808219179,0.0,75
26,be9e3050-1c00-e811-9414-f0921c16b9e5,0.21095890410958903,0.0,76
26,be9e3050-1c00-e811-9414-f0921c16b9e5,0.2136986301369863,0.0,77
26,be9e3050-1c00-e811-9414-f0921c16b9e5,0.21643835616438356,0.0,78
26,be9e3050-1c00-e811-9414-f0921c16b9e5,0.2191780821917808,0.0,79
26,be9e3050-1c00-e811-9414-f0921c16b9e5,0.2219178082191781,0.0,80
26,be9e3050-1c00-e811-9414-f0921c16b9e5,0.22465753424657534,0.0,81
26,be9e3050-1c00-e811-9414-f0921c16b9e5,0.2273972602739726,0.0,82
26,be9e3050-1c00-e811-9414-f0921c16b9e5,0.23013698630136986,0.0,83
26,be9e3050-1c00-e811-9414-f0921c16b9e5,0.2328767123287671,0.0,84
26,be9e3050-1c00-e811-9414-f0921c16b9e5,0.2356164383561644,0.0,85
26,be9e3050-1c00-e811-9414-f0921c16b9e5,0.23835616438356164,0.0,86
26,be9e3050-1c00-e811-9414-f0921c16b9e5,0.2410958904109589,0.0,87
26,be9e3050-1c00-e811-9414-f0921c16b9e5,0.24383561643835616,0.0,88
26,be9e3050-1c00-e811-9414-f0921c16b9e5,0.2465753424657534,0.0,89
27,bd9e3050-1c00-e811-9414-f0921c16b9e5,0.0027397260273972603,0.0,0
27,bd9e3050-1c00-e811-9414-f0921c16b9e5,0.005479452054794521,0.0006000000284985,1
27,bd9e3050-1c00-e811-9414-f0921c16b9e5,0.00821917808219178,0.001300000003539,2
27,bd9e3050-1c00-e811-9414-f0921c16b9e5,0.010958904109589041,0.003299999982119,3
27,bd9e3050-1c00-e811-9414-f0921c16b9e5,0.0136986301369863,0.006099999882281,4
27,bd9e3050-1c00-e811-9414-f0921c16b9e5,0.01643835616438356,0.0109999999404,5
27,bd9e3050-1c00-e811-9414-f0921c16b9e5,0.019178082191780823,0.0223999992013,6
27,bd9e3050-1c00-e811-9414-f0921c16b9e5,0.021917808219178082,0.03990000113845,7
27,bd9e3050-1c00-e811-9414-f0921c16b9e5,0.024657534246575342,0.0734999999404,8
27,bd9e3050-1c00-e811-9414-f0921c16b9e5,0.0273972602739726,0.1309999972582,9
27,bd9e3050-1c00-e811-9414-f0921c16b9e5,0.030136986301369864,0.2206999957561,10
27,bd9e3050-1c00-e811-9414-f0921c16b9e5,0.03287671232876712,0.3352999985218,11
27,bd9e3050-1c00-e811-9414-f0921c16b9e5,0.03561643835616438,0.4733999967575,12
27,bd9e3050-1c00-e811-9414-f0921c16b9e5,0.038356164383561646,0.5881999731064,13
27,bd9e3050-1c00-e811-9414-f0921c16b9e5,0.0410958904109589,0.6428999900818,14
27,bd9e3050-1c00-e811-9414-f0921c16b9e5,0.043835616438356165,0.6423000097275,15
27,bd9e3050-1c00-e811-9414-f0921c16b9e5,0.04657534246575343,0.6089000105858,16
27,bd9e3050-1c00-e811-9414-f0921c16b9e5,0.049315068493150684,0.559199988842,17
27,bd9e3050-1c00-e811-9414-f0921c16b9e5,0.052054794520547946,0.5087000131607,18
27,bd9e3050-1c00-e811-9414-f0921c16b9e5,0.0547945205479452,0.4553999900818,19
27,bd9e3050-1c00-e811-9414-f0921c16b9e5,0.057534246575342465,0.4077999889851,20
27,bd9e3050-1c00-e811-9414-f0921c16b9e5,0.06027397260273973,0.3662999868393,21
27,bd9e3050-1c00-e811-9414-f0921c16b9e5,0.06301369863013699,0.3258000016212,22
27,bd9e3050-1c00-e811-9414-f0921c16b9e5,0.06575342465753424,0.2896000146866,23
27,bd9e3050-1c00-e811-9414-f0921c16b9e5,0.0684931506849315,0.2597000002861,24
27,bd9e3050-1c00-e811-9414-f0921c16b9e5,0.07123287671232877,0.2303999960423,25
27,bd9e3050-1c00-e811-9414-f0921c16b9e5,0.07397260273972603,0.2073999941349,26
27,bd9e3050-1c00-e811-9414-f0921c16b9e5,0.07671232876712329,0.1838999986649,27
27,bd9e3050-1c00-e811-9414-f0921c16b9e5,0.07945205479452055,0.1660999953747,28
27,bd9e3050-1c00-e811-9414-f0921c16b9e5,0.0821917808219178,0.1469999998808,29
27,bd9e3050-1c00-e811-9414-f0921c16b9e5,0.08493150684931507,0.1292999982834,30
27,bd9e3050-1c00-e811-9414-f0921c16b9e5,0.08767123287671233,0.1137000024319,31
27,bd9e3050-1c00-e811-9414-f0921c16b9e5,0.09041095890410959,0.102300003171,32
27,bd9e3050-1c00-e811-9414-f0921c16b9e5,0.09315068493150686,0.09210000187159,33
27,bd9e3050-1c00-e811-9414-f0921c16b9e5,0.0958904109589041,0.08160000294447,34
27,bd9e3050-1c00-e811-9414-f0921c16b9e5,0.09863013698630137,0.07029999792576,35
27,bd9e3050-1c00-e811-9414-f0921c16b9e5,0.10136986301369863,0.06340000033379,36
27,bd9e3050-1c00-e811-9414-f0921c16b9e5,0.10410958904109589,0.05579999834299,37
27,bd9e3050-1c00-e811-9414-f0921c16b9e5,0.10684931506849316,0.05059999972582,38
27,bd9e3050-1c00-e811-9414-f0921c16b9e5,0.1095890410958904,0.0456000007689,39
27,bd9e3050-1c00-e811-9414-f0921c16b9e5,0.11232876712328767,0.04089999943972,40
27,bd9e3050-1c00-e811-9414-f0921c16b9e5,0.11506849315068493,0.03720000013709,41
27,bd9e3050-1c00-e811-9414-f0921c16b9e5,0.1178082191780822,0.0329000018537,42
27,bd9e3050-1c00-e811-9414-f0921c16b9e5,0.12054794520547946,0.03030000068247,43
27,bd9e3050-1c00-e811-9414-f0921c16b9e5,0.1232876712328767,0.0278999991715,44
27,bd9e3050-1c00-e811-9414-f0921c16b9e5,0.12602739726027398,0.02539999969304,45
27,bd9e3050-1c00-e811-9414-f0921c16b9e5,0.12876712328767123,0.02209999971092,46
27,bd9e3050-1c00-e811-9414-f0921c16b9e5,0.13150684931506848,0.01979999989271,47
27,bd9e3050-1c00-e811-9414-f0921c16b9e5,0.13424657534246576,0.01799999922514,48
27,bd9e3050-1c00-e811-9414-f0921c16b9e5,0.136986301369863,0.01620000042021,49
27,bd9e3050-1c00-e811-9414-f0921c16b9e5,0.13972602739726028,0.0152000002563,50
27,bd9e3050-1c00-e811-9414-f0921c16b9e5,0.14246575342465753,0.01290000043809,51
27,bd9e3050-1c00-e811-9414-f0921c16b9e5,0.14520547945205478,0.01140000019222,52
27,bd9e3050-1c00-e811-9414-f0921c16b9e5,0.14794520547945206,0.01080000028014,53
27,bd9e3050-1c00-e811-9414-f0921c16b9e5,0.1506849315068493,0.009700000286102,54
27,bd9e3050-1c00-e811-9414-f0921c16b9e5,0.15342465753424658,0.008899999782443,55
27,bd9e3050-1c00-e811-9414-f0921c16b9e5,0.15616438356164383,0.00829999987036,56
27,bd9e3050-1c00-e811-9414-f0921c16b9e5,0.1589041095890411,0.006899999920279,57
27,bd9e3050-1c00-e811-9414-f0921c16b9e5,0.16164383561643836,0.006000000052154,58
27,bd9e3050-1c00-e811-9414-f0921c16b9e5,0.1643835616438356,0.005599999800324,59
27,bd9e3050-1c00-e811-9414-f0921c16b9e5,0.16712328767123288,0.004900000058115,60
27,bd9e3050-1c00-e811-9414-f0921c16b9e5,0.16986301369863013,0.00400000018999,61
27,bd9e3050-1c00-e811-9414-f0921c16b9e5,0.1726027397260274,0.003800000064075,62
27,bd9e3050-1c00-e811-9414-f0921c16b9e5,0.17534246575342466,0.003400000045076,63
27,bd9e3050-1c00-e811-9414-f0921c16b9e5,0.1780821917808219,0.003100000089034,64
27,bd9e3050-1c00-e811-9414-f0921c16b9e5,0.18082191780821918,0.002799999900162,65
27,bd9e3050-1c00-e811-9414-f0921c16b9e5,0.18356164383561643,0.002600000007078,66
27,bd9e3050-1c00-e811-9414-f0921c16b9e5,0.1863013698630137,0.001900000032037,67
27,bd9e3050-1c00-e811-9414-f0921c16b9e5,0.18904109589041096,0.00179999996908,68
27,bd9e3050-1c00-e811-9414-f0921c16b9e5,0.1917808219178082,0.001599999959581,69
27,bd9e3050-1c00-e811-9414-f0921c16b9e5,0.19452054794520549,0.001399999950081,70
27,bd9e3050-1c00-e811-9414-f0921c16b9e5,0.19726027397260273,0.001300000003539,71
27,bd9e3050-1c00-e811-9414-f0921c16b9e5,0.2,0.001300000003539,72
27,bd9e3050-1c00-e811-9414-f0921c16b9e5,0.20273972602739726,0.001300000003539,73
27,bd9e3050-1c00-e811-9414-f0921c16b9e5,0.2054794520547945,0.00089999998454,74
27,bd9e3050-1c00-e811-9414-f0921c16b9e5,0.20821917808219179,0.00089999998454,75
27,bd9e3050-1c00-e811-9414-f0921c16b9e5,0.21095890410958903,0.0007999999797903,76
27,bd9e3050-1c00-e811-9414-f0921c16b9e5,0.2136986301369863,0.0006999999750406,77
27,bd9e3050-1c00-e811-9414-f0921c16b9e5,0.21643835616438356,0.0006999999750406,78
27,bd9e3050-1c00-e811-9414-f0921c16b9e5,0.2191780821917808,0.0006000000284985,79
27,bd9e3050-1c00-e811-9414-f0921c16b9e5,0.2219178082191781,0.0005000000237487,80
27,bd9e3050-1c00-e811-9414-f0921c16b9e5,0.22465753424657534,0.0003000000142492,81
27,bd9e3050-1c00-e811-9414-f0921c16b9e5,0.2273972602739726,0.0003000000142492,82
27,bd9e3050-1c00-e811-9414-f0921c16b9e5,0.23013698630136986,0.0003000000142492,83
27,bd9e3050-1c00-e811-9414-f0921c16b9e5,0.2328767123287671,0.0003000000142492,84
27,bd9e3050-1c00-e811-9414-f0921c16b9e5,0.2356164383561644,0.0001999999949476,85
27,bd9e3050-1c00-e811-9414-f0921c16b9e5,0.23835616438356164,9.999999747379e-05,86
27,bd9e3050-1c00-e811-9414-f0921c16b9e5,0.2410958904109589,9.999999747379e-05,87
27,bd9e3050-1c00-e811-9414-f0921c16b9e5,0.24383561643835616,9.999999747379e-05,88
27,bd9e3050-1c00-e811-9414-f0921c16b9e5,0.2465753424657534,9.999999747379e-05,89
28,bc9e3050-1c00-e811-9414-f0921c16b9e5,0.0027397260273972603,0.0,0
28,bc9e3050-1c00-e811-9414-f0921c16b9e5,0.005479452054794521,0.0005000000237487,1
28,bc9e3050-1c00-e811-9414-f0921c16b9e5,0.00821917808219178,0.003299999982119,2
28,bc9e3050-1c00-e811-9414-f0921c16b9e5,0.010958904109589041,0.01989999972284,3
28,bc9e3050-1c00-e811-9414-f0921c16b9e5,0.0136986301369863,0.1246000006795,4
28,bc9e3050-1c00-e811-9414-f0921c16b9e5,0.01643835616438356,0.5475999712944,5
28,bc9e3050-1c00-e811-9414-f0921c16b9e5,0.019178082191780823,0.8521000146866,6
28,bc9e3050-1c00-e811-9414-f0921c16b9e5,0.021917808219178082,0.7124000191689,7
28,bc9e3050-1c00-e811-9414-f0921c16b9e5,0.024657534246575342,0.584399998188,8
28,bc9e3050-1c00-e811-9414-f0921c16b9e5,0.0273972602739726,0.4713000059128,9
28,bc9e3050-1c00-e811-9414-f0921c16b9e5,0.030136986301369864,0.3813000023365,10
28,bc9e3050-1c00-e811-9414-f0921c16b9e5,0.03287671232876712,0.3088000118732,11
28,bc9e3050-1c00-e811-9414-f0921c16b9e5,0.03561643835616438,0.2486999928951,12
28,bc9e3050-1c00-e811-9414-f0921c16b9e5,0.038356164383561646,0.2018000036478,13
28,bc9e3050-1c00-e811-9414-f0921c16b9e5,0.0410958904109589,0.1599999964237,14
28,bc9e3050-1c00-e811-9414-f0921c16b9e5,0.043835616438356165,0.1317999958992,15
28,bc9e3050-1c00-e811-9414-f0921c16b9e5,0.04657534246575343,0.1074000000954,16
28,bc9e3050-1c00-e811-9414-f0921c16b9e5,0.049315068493150684,0.08749999850988,17
28,bc9e3050-1c00-e811-9414-f0921c16b9e5,0.052054794520547946,0.07029999792576,18
28,bc9e3050-1c00-e811-9414-f0921c16b9e5,0.0547945205479452,0.05680000036955,19
28,bc9e3050-1c00-e811-9414-f0921c16b9e5,0.057534246575342465,0.04630000144243,20
28,bc9e3050-1c00-e811-9414-f0921c16b9e5,0.06027397260273973,0.03680000081658,21
28,bc9e3050-1c00-e811-9414-f0921c16b9e5,0.06301369863013699,0.0304000005126,22
28,bc9e3050-1c00-e811-9414-f0921c16b9e5,0.06575342465753424,0.02480000071228,23
28,bc9e3050-1c00-e811-9414-f0921c16b9e5,0.0684931506849315,0.01989999972284,24
28,bc9e3050-1c00-e811-9414-f0921c16b9e5,0.07123287671232877,0.01669999957085,25
28,bc9e3050-1c00-e811-9414-f0921c16b9e5,0.07397260273972603,0.01339999958873,26
28,bc9e3050-1c00-e811-9414-f0921c16b9e5,0.07671232876712329,0.01090000011027,27
28,bc9e3050-1c00-e811-9414-f0921c16b9e5,0.07945205479452055,0.008600000292063,28
28,bc9e3050-1c00-e811-9414-f0921c16b9e5,0.0821917808219178,0.007300000172108,29
28,bc9e3050-1c00-e811-9414-f0921c16b9e5,0.08493150684931507,0.006300000008196,30
28,bc9e3050-1c00-e811-9414-f0921c16b9e5,0.08767123287671233,0.005100000184029,31
28,bc9e3050-1c00-e811-9414-f0921c16b9e5,0.09041095890410959,0.004600000102073,32
28,bc9e3050-1c00-e811-9414-f0921c16b9e5,0.09315068493150686,0.004100000020117,33
28,bc9e3050-1c00-e811-9414-f0921c16b9e5,0.0958904109589041,0.003199999919161,34
28,bc9e3050-1c00-e811-9414-f0921c16b9e5,0.09863013698630137,0.002700000070035,35
28,bc9e3050-1c00-e811-9414-f0921c16b9e5,0.10136986301369863,0.002099999925122,36
28,bc9e3050-1c00-e811-9414-f0921c16b9e5,0.10410958904109589,0.001700000022538,37
28,bc9e3050-1c00-e811-9414-f0921c16b9e5,0.10684931506849316,0.001500000013039,38
28,bc9e3050-1c00-e811-9414-f0921c16b9e5,0.1095890410958904,0.001300000003539,39
28,bc9e3050-1c00-e811-9414-f0921c16b9e5,0.11232876712328767,0.00109999999404,40
28,bc9e3050-1c00-e811-9414-f0921c16b9e5,0.11506849315068493,0.00089999998454,41
28,bc9e3050-1c00-e811-9414-f0921c16b9e5,0.1178082191780822,0.0006000000284985,42
28,bc9e3050-1c00-e811-9414-f0921c16b9e5,0.12054794520547946,0.0001999999949476,43
28,bc9e3050-1c00-e811-9414-f0921c16b9e5,0.1232876712328767,9.999999747379e-05,44
28,bc9e3050-1c00-e811-9414-f0921c16b9e5,0.12602739726027398,9.999999747379e-05,45
28,bc9e3050-1c00-e811-9414-f0921c16b9e5,0.12876712328767123,9.999999747379e-05,46
28,bc9e3050-1c00-e811-9414-f0921c16b9e5,0.13150684931506848,9.999999747379e-05,47
28,bc9e3050-1c00-e811-9414-f0921c16b9e5,0.13424657534246576,9.999999747379e-05,48
28,bc9e3050-1c00-e811-9414-f0921c16b9e5,0.136986301369863,9.999999747379e-05,49
28,bc9e3050-1c00-e811-9414-f0921c16b9e5,0.13972602739726028,9.999999747379e-05,50
28,bc9e3050-1c00-e811-9414-f0921c16b9e5,0.14246575342465753,0.0,51
28,bc9e3050-1c00-e811-9414-f0921c16b9e5,0.14520547945205478,0.0,52
28,bc9e3050-1c00-e811-9414-f0921c16b9e5,0.14794520547945206,0.0,53
28,bc9e3050-1c00-e811-9414-f0921c16b9e5,0.1506849315068493,0.0,54
28,bc9e3050-1c00-e811-9414-f0921c16b9e5,0.15342465753424658,0.0,55
28,bc9e3050-1c00-e811-9414-f0921c16b9e5,0.15616438356164383,0.0,56
28,bc9e3050-1c00-e811-9414-f0921c16b9e5,0.1589041095890411,0.0,57
28,bc9e3050-1c00-e811-9414-f0921c16b9e5,0.16164383561643836,0.0,58
28,bc9e3050-1c00-e811-9414-f0921c16b9e5,0.1643835616438356,0.0,59
28,bc9e3050-1c00-e811-9414-f0921c16b9e5,0.16712328767123288,0.0,60
28,bc9e3050-1c00-e811-9414-f0921c16b9e5,0.16986301369863013,0.0,61
28,bc9e3050-1c00-e811-9414-f0921c16b9e5,0.1726027397260274,0.0,62
28,bc9e3050-1c00-e811-9414-f0921c16b9e5,0.17534246575342466,0.0,63
28,bc9e3050-1c00-e811-9414-f0921c16b9e5,0.1780821917808219,0.0,64
28,bc9e3050-1c00-e811-9414-f0921c16b9e5,0.18082191780821918,0.0,65
28,bc9e3050-1c00-e811-9414-f0921c16b9e5,0.18356164383561643,0.0,66
28,bc9e3050-1c00-e811-9414-f0921c16b9e5,0.1863013698630137,0.0,67
28,bc9e3050-1c00-e811-9414-f0921c16b9e5,0.18904109589041096,0.0,68
28,bc9e3050-1c00-e811-9414-f0921c16b9e5,0.1917808219178082,0.0,69
28,bc9e3050-1c00-e811-9414-f0921c16b9e5,0.19452054794520549,0.0,70
28,bc9e3050-1c00-e811-9414-f0921c16b9e5,0.19726027397260273,0.0,71
28,bc9e3050-1c00-e811-9414-f0921c16b9e5,0.2,0.0,72
28,bc9e3050-1c00-e811-9414-f0921c16b9e5,0.20273972602739726,0.0,73
28,bc9e3050-1c00-e811-9414-f0921c16b9e5,0.2054794520547945,0.0,74
28,bc9e3050-1c00-e811-9414-f0921c16b9e5,0.20821917808219179,0.0,75
28,bc9e3050-1c00-e811-9414-f0921c16b9e5,0.21095890410958903,0.0,76
28,bc9e3050-1c00-e811-9414-f0921c16b9e5,0.2136986301369863,0.0,77
28,bc9e3050-1c00-e811-9414-f0921c16b9e5,0.21643835616438356,0.0,78
28,bc9e3050-1c00-e811-9414-f0921c16b9e5,0.2191780821917808,0.0,79
28,bc9e3050-1c00-e811-9414-f0921c16b9e5,0.2219178082191781,0.0,80
28,bc9e3050-1c00-e811-9414-f0921c16b9e5,0.22465753424657534,0.0,81
28,bc9e3050-1c00-e811-9414-f0921c16b9e5,0.2273972602739726,0.0,82
28,bc9e3050-1c00-e811-9414-f0921c16b9e5,0.23013698630136986,0.0,83
28,bc9e3050-1c00-e811-9414-f0921c16b9e5,0.2328767123287671,0.0,84
28,bc9e3050-1c00-e811-9414-f0921c16b9e5,0.2356164383561644,0.0,85
28,bc9e3050-1c00-e811-9414-f0921c16b9e5,0.23835616438356164,0.0,86
28,bc9e3050-1c00-e811-9414-f0921c16b9e5,0.2410958904109589,0.0,87
28,bc9e3050-1c00-e811-9414-f0921c16b9e5,0.24383561643835616,0.0,88
28,bc9e3050-1c00-e811-9414-f0921c16b9e5,0.2465753424657534,0.0,89
29,bb9e3050-1c00-e811-9414-f0921c16b9e5,0.0027397260273972603,0.0,0
29,bb9e3050-1c00-e811-9414-f0921c16b9e5,0.005479452054794521,0.0005000000237487,1
29,bb9e3050-1c00-e811-9414-f0921c16b9e5,0.00821917808219178,0.002400000113994,2
29,bb9e3050-1c00-e811-9414-f0921c16b9e5,0.010958904109589041,0.0152000002563,3
29,bb9e3050-1c00-e811-9414-f0921c16b9e5,0.0136986301369863,0.09560000151396,4
29,bb9e3050-1c00-e811-9414-f0921c16b9e5,0.01643835616438356,0.4742999970913,5
29,bb9e3050-1c00-e811-9414-f0921c16b9e5,0.019178082191780823,0.7940000295639,6
29,bb9e3050-1c00-e811-9414-f0921c16b9e5,0.021917808219178082,0.5731999874115,7
29,bb9e3050-1c00-e811-9414-f0921c16b9e5,0.024657534246575342,0.4011999964714,8
29,bb9e3050-1c00-e811-9414-f0921c16b9e5,0.0273972602739726,0.2766000032425,9
29,bb9e3050-1c00-e811-9414-f0921c16b9e5,0.030136986301369864,0.194000005722,10
29,bb9e3050-1c00-e811-9414-f0921c16b9e5,0.03287671232876712,0.134299993515,11
29,bb9e3050-1c00-e811-9414-f0921c16b9e5,0.03561643835616438,0.09369999915361,12
29,bb9e3050-1c00-e811-9414-f0921c16b9e5,0.038356164383561646,0.06360000371933,13
29,bb9e3050-1c00-e811-9414-f0921c16b9e5,0.0410958904109589,0.04410000145435,14
29,bb9e3050-1c00-e811-9414-f0921c16b9e5,0.043835616438356165,0.03070000000298,15
29,bb9e3050-1c00-e811-9414-f0921c16b9e5,0.04657534246575343,0.02160000056028,16
29,bb9e3050-1c00-e811-9414-f0921c16b9e5,0.049315068493150684,0.01350000035018,17
29,bb9e3050-1c00-e811-9414-f0921c16b9e5,0.052054794520547946,0.009499999694526,18
29,bb9e3050-1c00-e811-9414-f0921c16b9e5,0.0547945205479452,0.007100000046194,19
29,bb9e3050-1c00-e811-9414-f0921c16b9e5,0.057534246575342465,0.004399999976158,20
29,bb9e3050-1c00-e811-9414-f0921c16b9e5,0.06027397260273973,0.00289999996312,21
29,bb9e3050-1c00-e811-9414-f0921c16b9e5,0.06301369863013699,0.001900000032037,22
29,bb9e3050-1c00-e811-9414-f0921c16b9e5,0.06575342465753424,0.001200000056997,23
29,bb9e3050-1c00-e811-9414-f0921c16b9e5,0.0684931506849315,0.0007999999797903,24
29,bb9e3050-1c00-e811-9414-f0921c16b9e5,0.07123287671232877,0.0005000000237487,25
29,bb9e3050-1c00-e811-9414-f0921c16b9e5,0.07397260273972603,0.0005000000237487,26
29,bb9e3050-1c00-e811-9414-f0921c16b9e5,0.07671232876712329,0.0003000000142492,27
29,bb9e3050-1c00-e811-9414-f0921c16b9e5,0.07945205479452055,0.0003000000142492,28
29,bb9e3050-1c00-e811-9414-f0921c16b9e5,0.0821917808219178,0.0001999999949476,29
29,bb9e3050-1c00-e811-9414-f0921c16b9e5,0.08493150684931507,9.999999747379e-05,30
29,bb9e3050-1c00-e811-9414-f0921c16b9e5,0.08767123287671233,9.999999747379e-05,31
29,bb9e3050-1c00-e811-9414-f0921c16b9e5,0.09041095890410959,9.999999747379e-05,32
29,bb9e3050-1c00-e811-9414-f0921c16b9e5,0.09315068493150686,0.0,33
29,bb9e3050-1c00-e811-9414-f0921c16b9e5,0.0958904109589041,0.0,34
29,bb9e3050-1c00-e811-9414-f0921c16b9e5,0.09863013698630137,0.0,35
29,bb9e3050-1c00-e811-9414-f0921c16b9e5,0.10136986301369863,0.0,36
29,bb9e3050-1c00-e811-9414-f0921c16b9e5,0.10410958904109589,0.0,37
29,bb9e3050-1c00-e811-9414-f0921c16b9e5,0.10684931506849316,0.0,38
29,bb9e3050-1c00-e811-9414-f0921c16b9e5,0.1095890410958904,0.0,39
29,bb9e3050-1c00-e811-9414-f0921c16b9e5,0.11232876712328767,0.0,40
29,bb9e3050-1c00-e811-9414-f0921c16b9e5,0.11506849315068493,0.0,41
29,bb9e3050-1c00-e811-9414-f0921c16b9e5,0.1178082191780822,0.0,42
29,bb9e3050-1c00-e811-9414-f0921c16b9e5,0.12054794520547946,0.0,43
29,bb9e3050-1c00-e811-9414-f0921c16b9e5,0.1232876712328767,0.0,44
29,bb9e3050-1c00-e811-9414-f0921c16b9e5,0.12602739726027398,0.0,45
29,bb9e3050-1c00-e811-9414-f0921c16b9e5,0.12876712328767123,0.0,46
29,bb9e3050-1c00-e811-9414-f0921c16b9e5,0.13150684931506848,0.0,47
29,bb9e3050-1c00-e811-9414-f0921c16b9e5,0.13424657534246576,0.0,48
29,bb9e3050-1c00-e811-9414-f0921c16b9e5,0.136986301369863,0.0,49
29,bb9e3050-1c00-e811-9414-f0921c16b9e5,0.13972602739726028,0.0,50
29,bb9e3050-1c00-e811-9414-f0921c16b9e5,0.14246575342465753,0.0,51
29,bb9e3050-1c00-e811-9414-f0921c16b9e5,0.14520547945205478,0.0,52
29,bb9e3050-1c00-e811-9414-f0921c16b9e5,0.14794520547945206,0.0,53
29,bb9e3050-1c00-e811-9414-f0921c16b9e5,0.1506849315068493,0.0,54
29,bb9e3050-1c00-e811-9414-f0921c16b9e5,0.15342465753424658,0.0,55
29,bb9e3050-1c00-e811-9414-f0921c16b9e5,0.15616438356164383,0.0,56
29,bb9e3050-1c00-e811-9414-f0921c16b9e5,0.1589041095890411,0.0,57
29,bb9e3050-1c00-e811-9414-f0921c16b9e5,0.16164383561643836,0.0,58
29,bb9e3050-1c00-e811-9414-f0921c16b9e5,0.1643835616438356,0.0,59
29,bb9e3050-1c00-e811-9414-f0921c16b9e5,0.16712328767123288,0.0,60
29,bb9e3050-1c00-e811-9414-f0921c16b9e5,0.16986301369863013,0.0,61
29,bb9e3050-1c00-e811-9414-f0921c16b9e5,0.1726027397260274,0.0,62
29,bb9e3050-1c00-e811-9414-f0921c16b9e5,0.17534246575342466,0.0,63
29,bb9e3050-1c00-e811-9414-f0921c16b9e5,0.1780821917808219,0.0,64
29,bb9e3050-1c00-e811-9414-f0921c16b9e5,0.18082191780821918,0.0,65
29,bb9e3050-1c00-e811-9414-f0921c16b9e5,0.18356164383561643,0.0,66
29,bb9e3050-1c00-e811-9414-f0921c16b9e5,0.1863013698630137,0.0,67
29,bb9e3050-1c00-e811-9414-f0921c16b9e5,0.18904109589041096,0.0,68
29,bb9e3050-1c00-e811-9414-f0921c16b9e5,0.1917808219178082,0.0,69
29,bb9e3050-1c00-e811-9414-f0921c16b9e5,0.19452054794520549,0.0,70
29,bb9e3050-1c00-e811-9414-f0921c16b9e5,0.19726027397260273,0.0,71
29,bb9e3050-1c00-e811-9414-f0921c16b9e5,0.2,0.0,72
29,bb9e3050-1c00-e811-9414-f0921c16b9e5,0.20273972602739726,0.0,73
29,bb9e3050-1c00-e811-9414-f0921c16b9e5,0.2054794520547945,0.0,74
29,bb9e3050-1c00-e811-9414-f0921c16b9e5,0.20821917808219179,0.0,75
29,bb9e3050-1c00-e811-9414-f0921c16b9e5,0.21095890410958903,0.0,76
29,bb9e3050-1c00-e811-9414-f0921c16b9e5,0.2136986301369863,0.0,77
29,bb9e3050-1c00-e811-9414-f0921c16b9e5,0.21643835616438356,0.0,78
29,bb9e3050-1c00-e811-9414-f0921c16b9e5,0.2191780821917808,0.0,79
29,bb9e3050-1c00-e811-9414-f0921c16b9e5,0.2219178082191781,0.0,80
29,bb9e3050-1c00-e811-9414-f0921c16b9e5,0.22465753424657534,0.0,81
29,bb9e3050-1c00-e811-9414-f0921c16b9e5,0.2273972602739726,0.0,82
29,bb9e3050-1c00-e811-9414-f0921c16b9e5,0.23013698630136986,0.0,83
29,bb9e3050-1c00-e811-9414-f0921c16b9e5,0.2328767123287671,0.0,84
29,bb9e3050-1c00-e811-9414-f0921c16b9e5,0.2356164383561644,0.0,85
29,bb9e3050-1c00-e811-9414-f0921c16b9e5,0.23835616438356164,0.0,86
29,bb9e3050-1c00-e811-9414-f0921c16b9e5,0.2410958904109589,0.0,87
29,bb9e3050-1c00-e811-9414-f0921c16b9e5,0.24383561643835616,0.0,88
29,bb9e3050-1c00-e811-9414-f0921c16b9e5,0.2465753424657534,0.0,89
30,92894b44-1c00-e811-9414-f0921c16b9e5,0.0027397260273972603,0.0,0
30,92894b44-1c00-e811-9414-f0921c16b9e5,0.005479452054794521,0.0003000000142492,1
30,92894b44-1c00-e811-9414-f0921c16b9e5,0.00821917808219178,0.0003999999898952,2
30,92894b44-1c00-e811-9414-f0921c16b9e5,0.010958904109589041,0.0006999999750406,3
30,92894b44-1c00-e811-9414-f0921c16b9e5,0.0136986301369863,0.001399999950081,4
30,92894b44-1c00-e811-9414-f0921c16b9e5,0.01643835616438356,0.001700000022538,5
30,92894b44-1c00-e811-9414-f0921c16b9e5,0.019178082191780823,0.004399999976158,6
30,92894b44-1c00-e811-9414-f0921c16b9e5,0.021917808219178082,0.009200000204146,7
30,92894b44-1c00-e811-9414-f0921c16b9e5,0.024657534246575342,0.01909999921918,8
30,92894b44-1c00-e811-9414-f0921c16b9e5,0.0273972602739726,0.03680000081658,9
30,92894b44-1c00-e811-9414-f0921c16b9e5,0.030136986301369864,0.0755999982357,10
30,92894b44-1c00-e811-9414-f0921c16b9e5,0.03287671232876712,0.1471000015736,11
30,92894b44-1c00-e811-9414-f0921c16b9e5,0.03561643835616438,0.2660999894142,12
30,92894b44-1c00-e811-9414-f0921c16b9e5,0.038356164383561646,0.4221999943256,13
30,92894b44-1c00-e811-9414-f0921c16b9e5,0.0410958904109589,0.577799975872,14
30,92894b44-1c00-e811-9414-f0921c16b9e5,0.043835616438356165,0.6679999828339,15
30,92894b44-1c00-e811-9414-f0921c16b9e5,0.04657534246575343,0.6794000267982,16
30,92894b44-1c00-e811-9414-f0921c16b9e5,0.049315068493150684,0.6442999839783,17
30,92894b44-1c00-e811-9414-f0921c16b9e5,0.052054794520547946,0.5885999798775,18
30,92894b44-1c00-e811-9414-f0921c16b9e5,0.0547945205479452,0.5314999818802,19
30,92894b44-1c00-e811-9414-f0921c16b9e5,0.057534246575342465,0.4767000079155,20
30,92894b44-1c00-e811-9414-f0921c16b9e5,0.06027397260273973,0.424899995327,21
30,92894b44-1c00-e811-9414-f0921c16b9e5,0.06301369863013699,0.377799987793,22
30,92894b44-1c00-e811-9414-f0921c16b9e5,0.06575342465753424,0.3327000141144,23
30,92894b44-1c00-e811-9414-f0921c16b9e5,0.0684931506849315,0.2992999851704,24
30,92894b44-1c00-e811-9414-f0921c16b9e5,0.07123287671232877,0.2666999995708,25
30,92894b44-1c00-e811-9414-f0921c16b9e5,0.07397260273972603,0.2358999997377,26
30,92894b44-1c00-e811-9414-f0921c16b9e5,0.07671232876712329,0.2118999958038,27
30,92894b44-1c00-e811-9414-f0921c16b9e5,0.07945205479452055,0.1908999979496,28
30,92894b44-1c00-e811-9414-f0921c16b9e5,0.0821917808219178,0.1713999956846,29
30,92894b44-1c00-e811-9414-f0921c16b9e5,0.08493150684931507,0.1534000039101,30
30,92894b44-1c00-e811-9414-f0921c16b9e5,0.08767123287671233,0.1367000043392,31
30,92894b44-1c00-e811-9414-f0921c16b9e5,0.09041095890410959,0.1230999976397,32
30,92894b44-1c00-e811-9414-f0921c16b9e5,0.09315068493150686,0.1101000010967,33
30,92894b44-1c00-e811-9414-f0921c16b9e5,0.0958904109589041,0.09709999710321,34
30,92894b44-1c00-e811-9414-f0921c16b9e5,0.09863013698630137,0.08410000056028,35
30,92894b44-1c00-e811-9414-f0921c16b9e5,0.10136986301369863,0.07609999924898,36
30,92894b44-1c00-e811-9414-f0921c16b9e5,0.10410958904109589,0.06920000165701,37
30,92894b44-1c00-e811-9414-f0921c16b9e5,0.10684931506849316,0.06170000135899,38
30,92894b44-1c00-e811-9414-f0921c16b9e5,0.1095890410958904,0.05480000004172,39
30,92894b44-1c00-e811-9414-f0921c16b9e5,0.11232876712328767,0.04879999905825,40
30,92894b44-1c00-e811-9414-f0921c16b9e5,0.11506849315068493,0.04439999908209,41
30,92894b44-1c00-e811-9414-f0921c16b9e5,0.1178082191780822,0.0397000014782,42
30,92894b44-1c00-e811-9414-f0921c16b9e5,0.12054794520547946,0.03500000014901,43
30,92894b44-1c00-e811-9414-f0921c16b9e5,0.1232876712328767,0.03189999982715,44
30,92894b44-1c00-e811-9414-f0921c16b9e5,0.12602739726027398,0.02859999984503,45
30,92894b44-1c00-e811-9414-f0921c16b9e5,0.12876712328767123,0.02510000020266,46
30,92894b44-1c00-e811-9414-f0921c16b9e5,0.13150684931506848,0.02280000038445,47
30,92894b44-1c00-e811-9414-f0921c16b9e5,0.13424657534246576,0.02080000005662,48
30,92894b44-1c00-e811-9414-f0921c16b9e5,0.136986301369863,0.01779999956489,49
30,92894b44-1c00-e811-9414-f0921c16b9e5,0.13972602739726028,0.01510000042617,50
30,92894b44-1c00-e811-9414-f0921c16b9e5,0.14246575342465753,0.01370000001043,51
30,92894b44-1c00-e811-9414-f0921c16b9e5,0.14520547945205478,0.01190000027418,52
30,92894b44-1c00-e811-9414-f0921c16b9e5,0.14794520547945206,0.01009999960661,53
30,92894b44-1c00-e811-9414-f0921c16b9e5,0.1506849315068493,0.009100000374019,54
30,92894b44-1c00-e811-9414-f0921c16b9e5,0.15342465753424658,0.008200000040233,55
30,92894b44-1c00-e811-9414-f0921c16b9e5,0.15616438356164383,0.00719999987632,56
30,92894b44-1c00-e811-9414-f0921c16b9e5,0.1589041095890411,0.00650000013411,57
30,92894b44-1c00-e811-9414-f0921c16b9e5,0.16164383561643836,0.005700000096112,58
30,92894b44-1c00-e811-9414-f0921c16b9e5,0.1643835616438356,0.004900000058115,59
30,92894b44-1c00-e811-9414-f0921c16b9e5,0.16712328767123288,0.004199999850243,60
30,92894b44-1c00-e811-9414-f0921c16b9e5,0.16986301369863013,0.003700000001118,61
30,92894b44-1c00-e811-9414-f0921c16b9e5,0.1726027397260274,0.003299999982119,62
30,92894b44-1c00-e811-9414-f0921c16b9e5,0.17534246575342466,0.003100000089034,63
30,92894b44-1c00-e811-9414-f0921c16b9e5,0.1780821917808219,0.002700000070035,64
30,92894b44-1c00-e811-9414-f0921c16b9e5,0.18082191780821918,0.002300000051036,65
30,92894b44-1c00-e811-9414-f0921c16b9e5,0.18356164383561643,0.001900000032037,66
30,92894b44-1c00-e811-9414-f0921c16b9e5,0.1863013698630137,0.001700000022538,67
30,92894b44-1c00-e811-9414-f0921c16b9e5,0.18904109589041096,0.001500000013039,68
30,92894b44-1c00-e811-9414-f0921c16b9e5,0.1917808219178082,0.001300000003539,69
30,92894b44-1c00-e811-9414-f0921c16b9e5,0.19452054794520549,0.001000000047497,70
30,92894b44-1c00-e811-9414-f0921c16b9e5,0.19726027397260273,0.00089999998454,71
30,92894b44-1c00-e811-9414-f0921c16b9e5,0.2,0.0007999999797903,72
30,92894b44-1c00-e811-9414-f0921c16b9e5,0.20273972602739726,0.0006999999750406,73
30,92894b44-1c00-e811-9414-f0921c16b9e5,0.2054794520547945,0.0006000000284985,74
30,92894b44-1c00-e811-9414-f0921c16b9e5,0.20821917808219179,0.0005000000237487,75
30,92894b44-1c00-e811-9414-f0921c16b9e5,0.21095890410958903,0.0003999999898952,76
30,92894b44-1c00-e811-9414-f0921c16b9e5,0.2136986301369863,0.0003999999898952,77
30,92894b44-1c00-e811-9414-f0921c16b9e5,0.21643835616438356,0.0003999999898952,78
30,92894b44-1c00-e811-9414-f0921c16b9e5,0.2191780821917808,0.0003999999898952,79
30,92894b44-1c00-e811-9414-f0921c16b9e5,0.2219178082191781,0.0003000000142492,80
30,92894b44-1c00-e811-9414-f0921c16b9e5,0.22465753424657534,0.0003000000142492,81
30,92894b44-1c00-e811-9414-f0921c16b9e5,0.2273972602739726,0.0003000000142492,82
30,92894b44-1c00-e811-9414-f0921c16b9e5,0.23013698630136986,0.0003000000142492,83
30,92894b44-1c00-e811-9414-f0921c16b9e5,0.2328767123287671,0.0003000000142492,84
30,92894b44-1c00-e811-9414-f0921c16b9e5,0.2356164383561644,0.0003000000142492,85
30,92894b44-1c00-e811-9414-f0921c16b9e5,0.23835616438356164,0.0003000000142492,86
30,92894b44-1c00-e811-9414-f0921c16b9e5,0.2410958904109589,0.0001999999949476,87
30,92894b44-1c00-e811-9414-f0921c16b9e5,0.24383561643835616,0.0001999999949476,88
30,92894b44-1c00-e811-9414-f0921c16b9e5,0.2465753424657534,0.0001999999949476,89
31,91894b44-1c00-e811-9414-f0921c16b9e5,0.0027397260273972603,0.0,0
31,91894b44-1c00-e811-9414-f0921c16b9e5,0.005479452054794521,0.0005000000237487,1
31,91894b44-1c00-e811-9414-f0921c16b9e5,0.00821917808219178,0.0006000000284985,2
31,91894b44-1c00-e811-9414-f0921c16b9e5,0.010958904109589041,0.00089999998454,3
31,91894b44-1c00-e811-9414-f0921c16b9e5,0.0136986301369863,0.001399999950081,4
31,91894b44-1c00-e811-9414-f0921c16b9e5,0.01643835616438356,0.002099999925122,5
31,91894b44-1c00-e811-9414-f0921c16b9e5,0.019178082191780823,0.002700000070035,6
31,91894b44-1c00-e811-9414-f0921c16b9e5,0.021917808219178082,0.004999999888241,7
31,91894b44-1c00-e811-9414-f0921c16b9e5,0.024657534246575342,0.007699999958277,8
31,91894b44-1c00-e811-9414-f0921c16b9e5,0.0273972602739726,0.01319999992847,9
31,91894b44-1c00-e811-9414-f0921c16b9e5,0.030136986301369864,0.02199999988079,10
31,91894b44-1c00-e811-9414-f0921c16b9e5,0.03287671232876712,0.03689999878407,11
31,91894b44-1c00-e811-9414-f0921c16b9e5,0.03561643835616438,0.05939999967813,12
31,91894b44-1c00-e811-9414-f0921c16b9e5,0.038356164383561646,0.09030000120401,13
31,91894b44-1c00-e811-9414-f0921c16b9e5,0.0410958904109589,0.1351000070572,14
31,91894b44-1c00-e811-9414-f0921c16b9e5,0.043835616438356165,0.2010000050068,15
31,91894b44-1c00-e811-9414-f0921c16b9e5,0.04657534246575343,0.2786999940872,16
31,91894b44-1c00-e811-9414-f0921c16b9e5,0.049315068493150684,0.3702999949455,17
31,91894b44-1c00-e811-9414-f0921c16b9e5,0.052054794520547946,0.4476999938488,18
31,91894b44-1c00-e811-9414-f0921c16b9e5,0.0547945205479452,0.5018000006676,19
31,91894b44-1c00-e811-9414-f0921c16b9e5,0.057534246575342465,0.5232999920845,20
31,91894b44-1c00-e811-9414-f0921c16b9e5,0.06027397260273973,0.512600004673,21
31,91894b44-1c00-e811-9414-f0921c16b9e5,0.06301369863013699,0.4837000072002,22
31,91894b44-1c00-e811-9414-f0921c16b9e5,0.06575342465753424,0.4512999951839,23
31,91894b44-1c00-e811-9414-f0921c16b9e5,0.0684931506849315,0.4133000075817,24
31,91894b44-1c00-e811-9414-f0921c16b9e5,0.07123287671232877,0.3714999854565,25
31,91894b44-1c00-e811-9414-f0921c16b9e5,0.07397260273972603,0.3289000093937,26
31,91894b44-1c00-e811-9414-f0921c16b9e5,0.07671232876712329,0.2921000123024,27
31,91894b44-1c00-e811-9414-f0921c16b9e5,0.07945205479452055,0.2587999999523,28
31,91894b44-1c00-e811-9414-f0921c16b9e5,0.0821917808219178,0.228900000453,29
31,91894b44-1c00-e811-9414-f0921c16b9e5,0.08493150684931507,0.1976000070572,30
31,91894b44-1c00-e811-9414-f0921c16b9e5,0.08767123287671233,0.1735000014305,31
31,91894b44-1c00-e811-9414-f0921c16b9e5,0.09041095890410959,0.1517000049353,32
31,91894b44-1c00-e811-9414-f0921c16b9e5,0.09315068493150686,0.1324000060558,33
31,91894b44-1c00-e811-9414-f0921c16b9e5,0.0958904109589041,0.1159999966621,34
31,91894b44-1c00-e811-9414-f0921c16b9e5,0.09863013698630137,0.1006999984384,35
31,91894b44-1c00-e811-9414-f0921c16b9e5,0.10136986301369863,0.08810000121593,36
31,91894b44-1c00-e811-9414-f0921c16b9e5,0.10410958904109589,0.07609999924898,37
31,91894b44-1c00-e811-9414-f0921c16b9e5,0.10684931506849316,0.06610000133514,38
31,91894b44-1c00-e811-9414-f0921c16b9e5,0.1095890410958904,0.05629999935627,39
31,91894b44-1c00-e811-9414-f0921c16b9e5,0.11232876712328767,0.04850000143051,40
31,91894b44-1c00-e811-9414-f0921c16b9e5,0.11506849315068493,0.04259999841452,41
31,91894b44-1c00-e811-9414-f0921c16b9e5,0.1178082191780822,0.03709999844432,42
31,91894b44-1c00-e811-9414-f0921c16b9e5,0.12054794520547946,0.03180000185966,43
31,91894b44-1c00-e811-9414-f0921c16b9e5,0.1232876712328767,0.02669999934733,44
31,91894b44-1c00-e811-9414-f0921c16b9e5,0.12602739726027398,0.02370000071824,45
31,91894b44-1c00-e811-9414-f0921c16b9e5,0.12876712328767123,0.02119999937713,46
31,91894b44-1c00-e811-9414-f0921c16b9e5,0.13150684931506848,0.01810000091791,47
31,91894b44-1c00-e811-9414-f0921c16b9e5,0.13424657534246576,0.01549999974668,48
31,91894b44-1c00-e811-9414-f0921c16b9e5,0.136986301369863,0.01350000035018,49
31,91894b44-1c00-e811-9414-f0921c16b9e5,0.13972602739726028,0.01169999968261,50
31,91894b44-1c00-e811-9414-f0921c16b9e5,0.14246575342465753,0.01009999960661,51
31,91894b44-1c00-e811-9414-f0921c16b9e5,0.14520547945205478,0.00870000012219,52
31,91894b44-1c00-e811-9414-f0921c16b9e5,0.14794520547945206,0.007100000046194,53
31,91894b44-1c00-e811-9414-f0921c16b9e5,0.1506849315068493,0.006099999882281,54
31,91894b44-1c00-e811-9414-f0921c16b9e5,0.15342465753424658,0.005200000014156,55
31,91894b44-1c00-e811-9414-f0921c16b9e5,0.15616438356164383,0.004600000102073,56
31,91894b44-1c00-e811-9414-f0921c16b9e5,0.1589041095890411,0.003800000064075,57
31,91894b44-1c00-e811-9414-f0921c16b9e5,0.16164383561643836,0.003100000089034,58
31,91894b44-1c00-e811-9414-f0921c16b9e5,0.1643835616438356,0.002799999900162,59
31,91894b44-1c00-e811-9414-f0921c16b9e5,0.16712328767123288,0.002400000113994,60
31,91894b44-1c00-e811-9414-f0921c16b9e5,0.16986301369863013,0.002199999988079,61
31,91894b44-1c00-e811-9414-f0921c16b9e5,0.1726027397260274,0.002000000094995,62
31,91894b44-1c00-e811-9414-f0921c16b9e5,0.17534246575342466,0.001700000022538,63
31,91894b44-1c00-e811-9414-f0921c16b9e5,0.1780821917808219,0.001599999959581,64
31,91894b44-1c00-e811-9414-f0921c16b9e5,0.18082191780821918,0.001500000013039,65
31,91894b44-1c00-e811-9414-f0921c16b9e5,0.18356164383561643,0.001399999950081,66
31,91894b44-1c00-e811-9414-f0921c16b9e5,0.1863013698630137,0.001300000003539,67
31,91894b44-1c00-e811-9414-f0921c16b9e5,0.18904109589041096,0.001200000056997,68
31,91894b44-1c00-e811-9414-f0921c16b9e5,0.1917808219178082,0.00109999999404,69
31,91894b44-1c00-e811-9414-f0921c16b9e5,0.19452054794520549,0.00089999998454,70
31,91894b44-1c00-e811-9414-f0921c16b9e5,0.19726027397260273,0.00089999998454,71
31,91894b44-1c00-e811-9414-f0921c16b9e5,0.2,0.00089999998454,72
31,91894b44-1c00-e811-9414-f0921c16b9e5,0.20273972602739726,0.00089999998454,73
31,91894b44-1c00-e811-9414-f0921c16b9e5,0.2054794520547945,0.0006999999750406,74
31,91894b44-1c00-e811-9414-f0921c16b9e5,0.20821917808219179,0.0006000000284985,75
31,91894b44-1c00-e811-9414-f0921c16b9e5,0.21095890410958903,0.0006000000284985,76
31,91894b44-1c00-e811-9414-f0921c16b9e5,0.2136986301369863,0.0005000000237487,77
31,91894b44-1c00-e811-9414-f0921c16b9e5,0.21643835616438356,0.0005000000237487,78
31,91894b44-1c00-e811-9414-f0921c16b9e5,0.2191780821917808,0.0005000000237487,79
31,91894b44-1c00-e811-9414-f0921c16b9e5,0.2219178082191781,0.0005000000237487,80
31,91894b44-1c00-e811-9414-f0921c16b9e5,0.22465753424657534,0.0005000000237487,81
31,91894b44-1c00-e811-9414-f0921c16b9e5,0.2273972602739726,0.0005000000237487,82
31,91894b44-1c00-e811-9414-f0921c16b9e5,0.23013698630136986,0.0005000000237487,83
31,91894b44-1c00-e811-9414-f0921c16b9e5,0.2328767123287671,0.0005000000237487,84
31,91894b44-1c00-e811-9414-f0921c16b9e5,0.2356164383561644,0.0005000000237487,85
31,91894b44-1c00-e811-9414-f0921c16b9e5,0.23835616438356164,0.0005000000237487,86
31,91894b44-1c00-e811-9414-f0921c16b9e5,0.2410958904109589,0.0005000000237487,87
31,91894b44-1c00-e811-9414-f0921c16b9e5,0.24383561643835616,0.0003999999898952,88
31,91894b44-1c00-e811-9414-f0921c16b9e5,0.2465753424657534,0.0003000000142492,89
32,90894b44-1c00-e811-9414-f0921c16b9e5,0.0027397260273972603,0.0,0
32,90894b44-1c00-e811-9414-f0921c16b9e5,0.005479452054794521,0.0003000000142492,1
32,90894b44-1c00-e811-9414-f0921c16b9e5,0.00821917808219178,0.0005000000237487,2
32,90894b44-1c00-e811-9414-f0921c16b9e5,0.010958904109589041,0.001000000047497,3
32,90894b44-1c00-e811-9414-f0921c16b9e5,0.0136986301369863,0.002700000070035,4
32,90894b44-1c00-e811-9414-f0921c16b9e5,0.01643835616438356,0.006399999838322,5
32,90894b44-1c00-e811-9414-f0921c16b9e5,0.019178082191780823,0.01300000026822,6
32,90894b44-1c00-e811-9414-f0921c16b9e5,0.021917808219178082,0.02700000070035,7
32,90894b44-1c00-e811-9414-f0921c16b9e5,0.024657534246575342,0.05339999869466,8
32,90894b44-1c00-e811-9414-f0921c16b9e5,0.0273972602739726,0.104500003159,9
32,90894b44-1c00-e811-9414-f0921c16b9e5,0.030136986301369864,0.1904000043869,10
32,90894b44-1c00-e811-9414-f0921c16b9e5,0.03287671232876712,0.330000013113,11
32,90894b44-1c00-e811-9414-f0921c16b9e5,0.03561643835616438,0.502799987793,12
32,90894b44-1c00-e811-9414-f0921c16b9e5,0.038356164383561646,0.6399999856949,13
32,90894b44-1c00-e811-9414-f0921c16b9e5,0.0410958904109589,0.7013000249863,14
32,90894b44-1c00-e811-9414-f0921c16b9e5,0.043835616438356165,0.6894000172615,15
32,90894b44-1c00-e811-9414-f0921c16b9e5,0.04657534246575343,0.644200026989,16
32,90894b44-1c00-e811-9414-f0921c16b9e5,0.049315068493150684,0.5906000137329,17
32,90894b44-1c00-e811-9414-f0921c16b9e5,0.052054794520547946,0.5360999703407,18
32,90894b44-1c00-e811-9414-f0921c16b9e5,0.0547945205479452,0.4891999959946,19
32,90894b44-1c00-e811-9414-f0921c16b9e5,0.057534246575342465,0.4447000026703,20
32,90894b44-1c00-e811-9414-f0921c16b9e5,0.06027397260273973,0.3995999991894,21
32,90894b44-1c00-e811-9414-f0921c16b9e5,0.06301369863013699,0.3621000051498,22
32,90894b44-1c00-e811-9414-f0921c16b9e5,0.06575342465753424,0.330000013113,23
32,90894b44-1c00-e811-9414-f0921c16b9e5,0.0684931506849315,0.2978000044823,24
32,90894b44-1c00-e811-9414-f0921c16b9e5,0.07123287671232877,0.267500013113,25
32,90894b44-1c00-e811-9414-f0921c16b9e5,0.07397260273972603,0.2393999993801,26
32,90894b44-1c00-e811-9414-f0921c16b9e5,0.07671232876712329,0.2151000052691,27
32,90894b44-1c00-e811-9414-f0921c16b9e5,0.07945205479452055,0.1957000046968,28
32,90894b44-1c00-e811-9414-f0921c16b9e5,0.0821917808219178,0.1781000047922,29
32,90894b44-1c00-e811-9414-f0921c16b9e5,0.08493150684931507,0.1613000035286,30
32,90894b44-1c00-e811-9414-f0921c16b9e5,0.08767123287671233,0.1454000025988,31
32,90894b44-1c00-e811-9414-f0921c16b9e5,0.09041095890410959,0.1319999992847,32
32,90894b44-1c00-e811-9414-f0921c16b9e5,0.09315068493150686,0.1212000027299,33
32,90894b44-1c00-e811-9414-f0921c16b9e5,0.0958904109589041,0.1096000000834,34
32,90894b44-1c00-e811-9414-f0921c16b9e5,0.09863013698630137,0.09790000319481,35
32,90894b44-1c00-e811-9414-f0921c16b9e5,0.10136986301369863,0.08850000053644,36
32,90894b44-1c00-e811-9414-f0921c16b9e5,0.10410958904109589,0.07989999651909,37
32,90894b44-1c00-e811-9414-f0921c16b9e5,0.10684931506849316,0.07150000333786,38
32,90894b44-1c00-e811-9414-f0921c16b9e5,0.1095890410958904,0.06270000338554,39
32,90894b44-1c00-e811-9414-f0921c16b9e5,0.11232876712328767,0.05799999833107,40
32,90894b44-1c00-e811-9414-f0921c16b9e5,0.11506849315068493,0.05359999835491,41
32,90894b44-1c00-e811-9414-f0921c16b9e5,0.1178082191780822,0.04859999939799,42
32,90894b44-1c00-e811-9414-f0921c16b9e5,0.12054794520547946,0.04320000112057,43
32,90894b44-1c00-e811-9414-f0921c16b9e5,0.1232876712328767,0.03940000012517,44
32,90894b44-1c00-e811-9414-f0921c16b9e5,0.12602739726027398,0.03539999946952,45
32,90894b44-1c00-e811-9414-f0921c16b9e5,0.12876712328767123,0.03249999880791,46
32,90894b44-1c00-e811-9414-f0921c16b9e5,0.13150684931506848,0.02869999967515,47
32,90894b44-1c00-e811-9414-f0921c16b9e5,0.13424657534246576,0.02500000037253,48
32,90894b44-1c00-e811-9414-f0921c16b9e5,0.136986301369863,0.02199999988079,49
32,90894b44-1c00-e811-9414-f0921c16b9e5,0.13972602739726028,0.02009999938309,50
32,90894b44-1c00-e811-9414-f0921c16b9e5,0.14246575342465753,0.01889999955893,51
32,90894b44-1c00-e811-9414-f0921c16b9e5,0.14520547945205478,0.01679999940097,52
32,90894b44-1c00-e811-9414-f0921c16b9e5,0.14794520547945206,0.01480000000447,53
32,90894b44-1c00-e811-9414-f0921c16b9e5,0.1506849315068493,0.0136000001803,54
32,90894b44-1c00-e811-9414-f0921c16b9e5,0.15342465753424658,0.01209999993443,55
32,90894b44-1c00-e811-9414-f0921c16b9e5,0.15616438356164383,0.01150000002235,56
32,90894b44-1c00-e811-9414-f0921c16b9e5,0.1589041095890411,0.01020000036806,57
32,90894b44-1c00-e811-9414-f0921c16b9e5,0.16164383561643836,0.009399999864399,58
32,90894b44-1c00-e811-9414-f0921c16b9e5,0.1643835616438356,0.00800000037998,59
32,90894b44-1c00-e811-9414-f0921c16b9e5,0.16712328767123288,0.007100000046194,60
32,90894b44-1c00-e811-9414-f0921c16b9e5,0.16986301369863013,0.006899999920279,61
32,90894b44-1c00-e811-9414-f0921c16b9e5,0.1726027397260274,0.006099999882281,62
32,90894b44-1c00-e811-9414-f0921c16b9e5,0.17534246575342466,0.005599999800324,63
32,90894b44-1c00-e811-9414-f0921c16b9e5,0.1780821917808219,0.005299999844283,64
32,90894b44-1c00-e811-9414-f0921c16b9e5,0.18082191780821918,0.004900000058115,65
32,90894b44-1c00-e811-9414-f0921c16b9e5,0.18356164383561643,0.004600000102073,66
32,90894b44-1c00-e811-9414-f0921c16b9e5,0.1863013698630137,0.004300000146031,67
32,90894b44-1c00-e811-9414-f0921c16b9e5,0.18904109589041096,0.004199999850243,68
32,90894b44-1c00-e811-9414-f0921c16b9e5,0.1917808219178082,0.003800000064075,69
32,90894b44-1c00-e811-9414-f0921c16b9e5,0.19452054794520549,0.003700000001118,70
32,90894b44-1c00-e811-9414-f0921c16b9e5,0.19726027397260273,0.003100000089034,71
32,90894b44-1c00-e811-9414-f0921c16b9e5,0.2,0.002700000070035,72
32,90894b44-1c00-e811-9414-f0921c16b9e5,0.20273972602739726,0.002300000051036,73
32,90894b44-1c00-e811-9414-f0921c16b9e5,0.2054794520547945,0.002099999925122,74
32,90894b44-1c00-e811-9414-f0921c16b9e5,0.20821917808219179,0.002000000094995,75
32,90894b44-1c00-e811-9414-f0921c16b9e5,0.21095890410958903,0.00179999996908,76
32,90894b44-1c00-e811-9414-f0921c16b9e5,0.2136986301369863,0.001700000022538,77
32,90894b44-1c00-e811-9414-f0921c16b9e5,0.21643835616438356,0.001399999950081,78
32,90894b44-1c00-e811-9414-f0921c16b9e5,0.2191780821917808,0.001399999950081,79
32,90894b44-1c00-e811-9414-f0921c16b9e5,0.2219178082191781,0.001200000056997,80
32,90894b44-1c00-e811-9414-f0921c16b9e5,0.22465753424657534,0.001200000056997,81
32,90894b44-1c00-e811-9414-f0921c16b9e5,0.2273972602739726,0.001000000047497,82
32,90894b44-1c00-e811-9414-f0921c16b9e5,0.23013698630136986,0.00089999998454,83
32,90894b44-1c00-e811-9414-f0921c16b9e5,0.2328767123287671,0.00089999998454,84
32,90894b44-1c00-e811-9414-f0921c16b9e5,0.2356164383561644,0.0007999999797903,85
32,90894b44-1c00-e811-9414-f0921c16b9e5,0.23835616438356164,0.0007999999797903,86
32,90894b44-1c00-e811-9414-f0921c16b9e5,0.2410958904109589,0.0006000000284985,87
32,90894b44-1c00-e811-9414-f0921c16b9e5,0.24383561643835616,0.0006000000284985,88
32,90894b44-1c00-e811-9414-f0921c16b9e5,0.2465753424657534,0.0005000000237487,89
33,8f894b44-1c00-e811-9414-f0921c16b9e5,0.0027397260273972603,0.0,0
33,8f894b44-1c00-e811-9414-f0921c16b9e5,0.005479452054794521,0.0001999999949476,1
33,8f894b44-1c00-e811-9414-f0921c16b9e5,0.00821917808219178,0.001900000032037,2
33,8f894b44-1c00-e811-9414-f0921c16b9e5,0.010958904109589041,0.01539999991655,3
33,8f894b44-1c00-e811-9414-f0921c16b9e5,0.0136986301369863,0.1081999987364,4
33,8f894b44-1c00-e811-9414-f0921c16b9e5,0.01643835616438356,0.5235999822617,5
33,8f894b44-1c00-e811-9414-f0921c16b9e5,0.019178082191780823,0.6394000053406,6
33,8f894b44-1c00-e811-9414-f0921c16b9e5,0.021917808219178082,0.2998000085354,7
33,8f894b44-1c00-e811-9414-f0921c16b9e5,0.024657534246575342,0.1347000002861,8
33,8f894b44-1c00-e811-9414-f0921c16b9e5,0.0273972602739726,0.05979999899864,9
33,8f894b44-1c00-e811-9414-f0921c16b9e5,0.030136986301369864,0.02820000052452,10
33,8f894b44-1c00-e811-9414-f0921c16b9e5,0.03287671232876712,0.01169999968261,11
33,8f894b44-1c00-e811-9414-f0921c16b9e5,0.03561643835616438,0.005499999970198,12
33,8f894b44-1c00-e811-9414-f0921c16b9e5,0.038356164383561646,0.002300000051036,13
33,8f894b44-1c00-e811-9414-f0921c16b9e5,0.0410958904109589,0.001200000056997,14
33,8f894b44-1c00-e811-9414-f0921c16b9e5,0.043835616438356165,0.00089999998454,15
33,8f894b44-1c00-e811-9414-f0921c16b9e5,0.04657534246575343,0.0005000000237487,16
33,8f894b44-1c00-e811-9414-f0921c16b9e5,0.049315068493150684,0.0003999999898952,17
33,8f894b44-1c00-e811-9414-f0921c16b9e5,0.052054794520547946,0.0001999999949476,18
33,8f894b44-1c00-e811-9414-f0921c16b9e5,0.0547945205479452,9.999999747379e-05,19
33,8f894b44-1c00-e811-9414-f0921c16b9e5,0.057534246575342465,0.0,20
33,8f894b44-1c00-e811-9414-f0921c16b9e5,0.06027397260273973,0.0,21
33,8f894b44-1c00-e811-9414-f0921c16b9e5,0.06301369863013699,0.0,22
33,8f894b44-1c00-e811-9414-f0921c16b9e5,0.06575342465753424,0.0,23
33,8f894b44-1c00-e811-9414-f0921c16b9e5,0.0684931506849315,0.0,24
33,8f894b44-1c00-e811-9414-f0921c16b9e5,0.07123287671232877,0.0,25
33,8f894b44-1c00-e811-9414-f0921c16b9e5,0.07397260273972603,0.0,26
33,8f894b44-1c00-e811-9414-f0921c16b9e5,0.07671232876712329,0.0,27
33,8f894b44-1c00-e811-9414-f0921c16b9e5,0.07945205479452055,0.0,28
33,8f894b44-1c00-e811-9414-f0921c16b9e5,0.0821917808219178,0.0,29
33,8f894b44-1c00-e811-9414-f0921c16b9e5,0.08493150684931507,0.0,30
33,8f894b44-1c00-e811-9414-f0921c16b9e5,0.08767123287671233,0.0,31
33,8f894b44-1c00-e811-9414-f0921c16b9e5,0.09041095890410959,0.0,32
33,8f894b44-1c00-e811-9414-f0921c16b9e5,0.09315068493150686,0.0,33
33,8f894b44-1c00-e811-9414-f0921c16b9e5,0.0958904109589041,0.0,34
33,8f894b44-1c00-e811-9414-f0921c16b9e5,0.09863013698630137,0.0,35
33,8f894b44-1c00-e811-9414-f0921c16b9e5,0.10136986301369863,0.0,36
33,8f894b44-1c00-e811-9414-f0921c16b9e5,0.10410958904109589,0.0,37
33,8f894b44-1c00-e811-9414-f0921c16b9e5,0.10684931506849316,0.0,38
33,8f894b44-1c00-e811-9414-f0921c16b9e5,0.1095890410958904,0.0,39
33,8f894b44-1c00-e811-9414-f0921c16b9e5,0.11232876712328767,0.0,40
33,8f894b44-1c00-e811-9414-f0921c16b9e5,0.11506849315068493,0.0,41
33,8f894b44-1c00-e811-9414-f0921c16b9e5,0.1178082191780822,0.0,42
33,8f894b44-1c00-e811-9414-f0921c16b9e5,0.12054794520547946,0.0,43
33,8f894b44-1c00-e811-9414-f0921c16b9e5,0.1232876712328767,0.0,44
33,8f894b44-1c00-e811-9414-f0921c16b9e5,0.12602739726027398,0.0,45
33,8f894b44-1c00-e811-9414-f0921c16b9e5,0.12876712328767123,0.0,46
33,8f894b44-1c00-e811-9414-f0921c16b9e5,0.13150684931506848,0.0,47
33,8f894b44-1c00-e811-9414-f0921c16b9e5,0.13424657534246576,0.0,48
33,8f894b44-1c00-e811-9414-f0921c16b9e5,0.136986301369863,0.0,49
33,8f894b44-1c00-e811-9414-f0921c16b9e5,0.13972602739726028,0.0,50
33,8f894b44-1c00-e811-9414-f0921c16b9e5,0.14246575342465753,0.0,51
33,8f894b44-1c00-e811-9414-f0921c16b9e5,0.14520547945205478,0.0,52
33,8f894b44-1c00-e811-9414-f0921c16b9e5,0.14794520547945206,0.0,53
33,8f894b44-1c00-e811-9414-f0921c16b9e5,0.1506849315068493,0.0,54
33,8f894b44-1c00-e811-9414-f0921c16b9e5,0.15342465753424658,0.0,55
33,8f894b44-1c00-e811-9414-f0921c16b9e5,0.15616438356164383,0.0,56
33,8f894b44-1c00-e811-9414-f0921c16b9e5,0.1589041095890411,0.0,57
33,8f894b44-1c00-e811-9414-f0921c16b9e5,0.16164383561643836,0.0,58
33,8f894b44-1c00-e811-9414-f0921c16b9e5,0.1643835616438356,0.0,59
33,8f894b44-1c00-e811-9414-f0921c16b9e5,0.16712328767123288,0.0,60
33,8f894b44-1c00-e811-9414-f0921c16b9e5,0.16986301369863013,0.0,61
33,8f894b44-1c00-e811-9414-f0921c16b9e5,0.1726027397260274,0.0,62
33,8f894b44-1c00-e811-9414-f0921c16b9e5,0.17534246575342466,0.0,63
33,8f894b44-1c00-e811-9414-f0921c16b9e5,0.1780821917808219,0.0,64
33,8f894b44-1c00-e811-9414-f0921c16b9e5,0.18082191780821918,0.0,65
33,8f894b44-1c00-e811-9414-f0921c16b9e5,0.18356164383561643,0.0,66
33,8f894b44-1c00-e811-9414-f0921c16b9e5,0.1863013698630137,0.0,67
33,8f894b44-1c00-e811-9414-f0921c16b9e5,0.18904109589041096,0.0,68
33,8f894b44-1c00-e811-9414-f0921c16b9e5,0.1917808219178082,0.0,69
33,8f894b44-1c00-e811-9414-f0921c16b9e5,0.19452054794520549,0.0,70
33,8f894b44-1c00-e811-9414-f0921c16b9e5,0.19726027397260273,0.0,71
33,8f894b44-1c00-e811-9414-f0921c16b9e5,0.2,0.0,72
33,8f894b44-1c00-e811-9414-f0921c16b9e5,0.20273972602739726,0.0,73
33,8f894b44-1c00-e811-9414-f0921c16b9e5,0.2054794520547945,0.0,74
33,8f894b44-1c00-e811-9414-f0921c16b9e5,0.20821917808219179,0.0,75
33,8f894b44-1c00-e811-9414-f0921c16b9e5,0.21095890410958903,0.0,76
33,8f894b44-1c00-e811-9414-f0921c16b9e5,0.2136986301369863,0.0,77
33,8f894b44-1c00-e811-9414-f0921c16b9e5,0.21643835616438356,0.0,78
33,8f894b44-1c00-e811-9414-f0921c16b9e5,0.2191780821917808,0.0,79
33,8f894b44-1c00-e811-9414-f0921c16b9e5,0.2219178082191781,0.0,80
33,8f894b44-1c00-e811-9414-f0921c16b9e5,0.22465753424657534,0.0,81
33,8f894b44-1c00-e811-9414-f0921c16b9e5,0.2273972602739726,0.0,82
33,8f894b44-1c00-e811-9414-f0921c16b9e5,0.23013698630136986,0.0,83
33,8f894b44-1c00-e811-9414-f0921c16b9e5,0.2328767123287671,0.0,84
33,8f894b44-1c00-e811-9414-f0921c16b9e5,0.2356164383561644,0.0,85
33,8f894b44-1c00-e811-9414-f0921c16b9e5,0.23835616438356164,0.0,86
33,8f894b44-1c00-e811-9414-f0921c16b9e5,0.2410958904109589,0.0,87
33,8f894b44-1c00-e811-9414-f0921c16b9e5,0.24383561643835616,0.0,88
33,8f894b44-1c00-e811-9414-f0921c16b9e5,0.2465753424657534,0.0,89
34,8e894b44-1c00-e811-9414-f0921c16b9e5,0.0027397260273972603,0.0,0
34,8e894b44-1c00-e811-9414-f0921c16b9e5,0.005479452054794521,0.0007999999797903,1
34,8e894b44-1c00-e811-9414-f0921c16b9e5,0.00821917808219178,0.002499999944121,2
34,8e894b44-1c00-e811-9414-f0921c16b9e5,0.010958904109589041,0.006699999794364,3
34,8e894b44-1c00-e811-9414-f0921c16b9e5,0.0136986301369863,0.01759999990463,4
34,8e894b44-1c00-e811-9414-f0921c16b9e5,0.01643835616438356,0.0456000007689,5
34,8e894b44-1c00-e811-9414-f0921c16b9e5,0.019178082191780823,0.1068999990821,6
34,8e894b44-1c00-e811-9414-f0921c16b9e5,0.021917808219178082,0.2261999994516,7
34,8e894b44-1c00-e811-9414-f0921c16b9e5,0.024657534246575342,0.3851000070572,8
34,8e894b44-1c00-e811-9414-f0921c16b9e5,0.0273972602739726,0.4717000126839,9
34,8e894b44-1c00-e811-9414-f0921c16b9e5,0.030136986301369864,0.4052000045776,10
34,8e894b44-1c00-e811-9414-f0921c16b9e5,0.03287671232876712,0.2781000137329,11
34,8e894b44-1c00-e811-9414-f0921c16b9e5,0.03561643835616438,0.1826999932528,12
34,8e894b44-1c00-e811-9414-f0921c16b9e5,0.038356164383561646,0.1128999963403,13
34,8e894b44-1c00-e811-9414-f0921c16b9e5,0.0410958904109589,0.07150000333786,14
34,8e894b44-1c00-e811-9414-f0921c16b9e5,0.043835616438356165,0.04710000008345,15
34,8e894b44-1c00-e811-9414-f0921c16b9e5,0.04657534246575343,0.0278999991715,16
34,8e894b44-1c00-e811-9414-f0921c16b9e5,0.049315068493150684,0.01820000074804,17
34,8e894b44-1c00-e811-9414-f0921c16b9e5,0.052054794520547946,0.009999999776483,18
34,8e894b44-1c00-e811-9414-f0921c16b9e5,0.0547945205479452,0.006200000178069,19
34,8e894b44-1c00-e811-9414-f0921c16b9e5,0.057534246575342465,0.004399999976158,20
34,8e894b44-1c00-e811-9414-f0921c16b9e5,0.06027397260273973,0.002700000070035,21
34,8e894b44-1c00-e811-9414-f0921c16b9e5,0.06301369863013699,0.002099999925122,22
34,8e894b44-1c00-e811-9414-f0921c16b9e5,0.06575342465753424,0.001500000013039,23
34,8e894b44-1c00-e811-9414-f0921c16b9e5,0.0684931506849315,0.00089999998454,24
34,8e894b44-1c00-e811-9414-f0921c16b9e5,0.07123287671232877,0.0006999999750406,25
34,8e894b44-1c00-e811-9414-f0921c16b9e5,0.07397260273972603,0.0005000000237487,26
34,8e894b44-1c00-e811-9414-f0921c16b9e5,0.07671232876712329,0.0005000000237487,27
34,8e894b44-1c00-e811-9414-f0921c16b9e5,0.07945205479452055,0.0001999999949476,28
34,8e894b44-1c00-e811-9414-f0921c16b9e5,0.0821917808219178,0.0001999999949476,29
34,8e894b44-1c00-e811-9414-f0921c16b9e5,0.08493150684931507,0.0,30
34,8e894b44-1c00-e811-9414-f0921c16b9e5,0.08767123287671233,0.0,31
34,8e894b44-1c00-e811-9414-f0921c16b9e5,0.09041095890410959,0.0,32
34,8e894b44-1c00-e811-9414-f0921c16b9e5,0.09315068493150686,0.0,33
34,8e894b44-1c00-e811-9414-f0921c16b9e5,0.0958904109589041,0.0,34
34,8e894b44-1c00-e811-9414-f0921c16b9e5,0.09863013698630137,0.0,35
34,8e894b44-1c00-e811-9414-f0921c16b9e5,0.10136986301369863,0.0,36
34,8e894b44-1c00-e811-9414-f0921c16b9e5,0.10410958904109589,0.0,37
34,8e894b44-1c00-e811-9414-f0921c16b9e5,0.10684931506849316,0.0,38
34,8e894b44-1c00-e811-9414-f0921c16b9e5,0.1095890410958904,0.0,39
34,8e894b44-1c00-e811-9414-f0921c16b9e5,0.11232876712328767,0.0,40
34,8e894b44-1c00-e811-9414-f0921c16b9e5,0.11506849315068493,0.0,41
34,8e894b44-1c00-e811-9414-f0921c16b9e5,0.1178082191780822,0.0,42
34,8e894b44-1c00-e811-9414-f0921c16b9e5,0.12054794520547946,0.0,43
34,8e894b44-1c00-e811-9414-f0921c16b9e5,0.1232876712328767,0.0,44
34,8e894b44-1c00-e811-9414-f0921c16b9e5,0.12602739726027398,0.0,45
34,8e894b44-1c00-e811-9414-f0921c16b9e5,0.12876712328767123,0.0,46
34,8e894b44-1c00-e811-9414-f0921c16b9e5,0.13150684931506848,0.0,47
34,8e894b44-1c00-e811-9414-f0921c16b9e5,0.13424657534246576,0.0,48
34,8e894b44-1c00-e811-9414-f0921c16b9e5,0.136986301369863,0.0,49
34,8e894b44-1c00-e811-9414-f0921c16b9e5,0.13972602739726028,0.0,50
34,8e894b44-1c00-e811-9414-f0921c16b9e5,0.14246575342465753,0.0,51
34,8e894b44-1c00-e811-9414-f0921c16b9e5,0.14520547945205478,0.0,52
34,8e894b44-1c00-e811-9414-f0921c16b9e5,0.14794520547945206,0.0,53
34,8e894b44-1c00-e811-9414-f0921c16b9e5,0.1506849315068493,0.0,54
34,8e894b44-1c00-e811-9414-f0921c16b9e5,0.15342465753424658,0.0,55
34,8e894b44-1c00-e811-9414-f0921c16b9e5,0.15616438356164383,0.0,56
34,8e894b44-1c00-e811-9414-f0921c16b9e5,0.1589041095890411,0.0,57
34,8e894b44-1c00-e811-9414-f0921c16b9e5,0.16164383561643836,0.0,58
34,8e894b44-1c00-e811-9414-f0921c16b9e5,0.1643835616438356,0.0,59
34,8e894b44-1c00-e811-9414-f0921c16b9e5,0.16712328767123288,0.0,60
34,8e894b44-1c00-e811-9414-f0921c16b9e5,0.16986301369863013,0.0,61
34,8e894b44-1c00-e811-9414-f0921c16b9e5,0.1726027397260274,0.0,62
34,8e894b44-1c00-e811-9414-f0921c16b9e5,0.17534246575342466,0.0,63
34,8e894b44-1c00-e811-9414-f0921c16b9e5,0.1780821917808219,0.0,64
34,8e894b44-1c00-e811-9414-f0921c16b9e5,0.18082191780821918,0.0,65
34,8e894b44-1c00-e811-9414-f0921c16b9e5,0.18356164383561643,0.0,66
34,8e894b44-1c00-e811-9414-f0921c16b9e5,0.1863013698630137,0.0,67
34,8e894b44-1c00-e811-9414-f0921c16b9e5,0.18904109589041096,0.0,68
34,8e894b44-1c00-e811-9414-f0921c16b9e5,0.1917808219178082,0.0,69
34,8e894b44-1c00-e811-9414-f0921c16b9e5,0.19452054794520549,0.0,70
34,8e894b44-1c00-e811-9414-f0921c16b9e5,0.19726027397260273,0.0,71
34,8e894b44-1c00-e811-9414-f0921c16b9e5,0.2,0.0,72
34,8e894b44-1c00-e811-9414-f0921c16b9e5,0.20273972602739726,0.0,73
34,8e894b44-1c00-e811-9414-f0921c16b9e5,0.2054794520547945,0.0,74
34,8e894b44-1c00-e811-9414-f0921c16b9e5,0.20821917808219179,0.0,75
34,8e894b44-1c00-e811-9414-f0921c16b9e5,0.21095890410958903,0.0,76
34,8e894b44-1c00-e811-9414-f0921c16b9e5,0.2136986301369863,0.0,77
34,8e894b44-1c00-e811-9414-f0921c16b9e5,0.21643835616438356,0.0,78
34,8e894b44-1c00-e811-9414-f0921c16b9e5,0.2191780821917808,0.0,79
34,8e894b44-1c00-e811-9414-f0921c16b9e5,0.2219178082191781,0.0,80
34,8e894b44-1c00-e811-9414-f0921c16b9e5,0.22465753424657534,0.0,81
34,8e894b44-1c00-e811-9414-f0921c16b9e5,0.2273972602739726,0.0,82
34,8e894b44-1c00-e811-9414-f0921c16b9e5,0.23013698630136986,0.0,83
34,8e894b44-1c00-e811-9414-f0921c16b9e5,0.2328767123287671,0.0,84
34,8e894b44-1c00-e811-9414-f0921c16b9e5,0.2356164383561644,0.0,85
34,8e894b44-1c00-e811-9414-f0921c16b9e5,0.23835616438356164,0.0,86
34,8e894b44-1c00-e811-9414-f0921c16b9e5,0.2410958904109589,0.0,87
34,8e894b44-1c00-e811-9414-f0921c16b9e5,0.24383561643835616,0.0,88
34,8e894b44-1c00-e811-9414-f0921c16b9e5,0.2465753424657534,0.0,89
35,8d894b44-1c00-e811-9414-f0921c16b9e5,0.0027397260273972603,0.0,0
35,8d894b44-1c00-e811-9414-f0921c16b9e5,0.005479452054794521,0.0005000000237487,1
35,8d894b44-1c00-e811-9414-f0921c16b9e5,0.00821917808219178,0.0007999999797903,2
35,8d894b44-1c00-e811-9414-f0921c16b9e5,0.010958904109589041,0.00109999999404,3
35,8d894b44-1c00-e811-9414-f0921c16b9e5,0.0136986301369863,0.00179999996908,4
35,8d894b44-1c00-e811-9414-f0921c16b9e5,0.01643835616438356,0.003299999982119,5
35,8d894b44-1c00-e811-9414-f0921c16b9e5,0.019178082191780823,0.006599999964237,6
35,8d894b44-1c00-e811-9414-f0921c16b9e5,0.021917808219178082,0.01229999959469,7
35,8d894b44-1c00-e811-9414-f0921c16b9e5,0.024657534246575342,0.02459999918938,8
35,8d894b44-1c00-e811-9414-f0921c16b9e5,0.0273972602739726,0.04540000110865,9
35,8d894b44-1c00-e811-9414-f0921c16b9e5,0.030136986301369864,0.08200000226498,10
35,8d894b44-1c00-e811-9414-f0921c16b9e5,0.03287671232876712,0.1458999961615,11
35,8d894b44-1c00-e811-9414-f0921c16b9e5,0.03561643835616438,0.2425000071526,12
35,8d894b44-1c00-e811-9414-f0921c16b9e5,0.038356164383561646,0.375,13
35,8d894b44-1c00-e811-9414-f0921c16b9e5,0.0410958904109589,0.5170000195503,14
35,8d894b44-1c00-e811-9414-f0921c16b9e5,0.043835616438356165,0.6173999905586,15
35,8d894b44-1c00-e811-9414-f0921c16b9e5,0.04657534246575343,0.6549999713898,16
35,8d894b44-1c00-e811-9414-f0921c16b9e5,0.049315068493150684,0.6507999897003,17
35,8d894b44-1c00-e811-9414-f0921c16b9e5,0.052054794520547946,0.6212999820709,18
35,8d894b44-1c00-e811-9414-f0921c16b9e5,0.0547945205479452,0.5770000219345,19
35,8d894b44-1c00-e811-9414-f0921c16b9e5,0.057534246575342465,0.5286999940872,20
35,8d894b44-1c00-e811-9414-f0921c16b9e5,0.06027397260273973,0.4771000146866,21
35,8d894b44-1c00-e811-9414-f0921c16b9e5,0.06301369863013699,0.428200006485,22
35,8d894b44-1c00-e811-9414-f0921c16b9e5,0.06575342465753424,0.3883000016212,23
35,8d894b44-1c00-e811-9414-f0921c16b9e5,0.0684931506849315,0.3499999940395,24
35,8d894b44-1c00-e811-9414-f0921c16b9e5,0.07123287671232877,0.3147999942303,25
35,8d894b44-1c00-e811-9414-f0921c16b9e5,0.07397260273972603,0.284500002861,26
35,8d894b44-1c00-e811-9414-f0921c16b9e5,0.07671232876712329,0.2542999982834,27
35,8d894b44-1c00-e811-9414-f0921c16b9e5,0.07945205479452055,0.2302999943495,28
35,8d894b44-1c00-e811-9414-f0921c16b9e5,0.0821917808219178,0.2057999968529,29
35,8d894b44-1c00-e811-9414-f0921c16b9e5,0.08493150684931507,0.1852999925613,30
35,8d894b44-1c00-e811-9414-f0921c16b9e5,0.08767123287671233,0.1675000041723,31
35,8d894b44-1c00-e811-9414-f0921c16b9e5,0.09041095890410959,0.1497000008821,32
35,8d894b44-1c00-e811-9414-f0921c16b9e5,0.09315068493150686,0.1365000009537,33
35,8d894b44-1c00-e811-9414-f0921c16b9e5,0.0958904109589041,0.1224000006914,34
35,8d894b44-1c00-e811-9414-f0921c16b9e5,0.09863013698630137,0.1081999987364,35
35,8d894b44-1c00-e811-9414-f0921c16b9e5,0.10136986301369863,0.09769999980927,36
35,8d894b44-1c00-e811-9414-f0921c16b9e5,0.10410958904109589,0.08919999748468,37
35,8d894b44-1c00-e811-9414-f0921c16b9e5,0.10684931506849316,0.07829999923706,38
35,8d894b44-1c00-e811-9414-f0921c16b9e5,0.1095890410958904,0.07020000368357,39
35,8d894b44-1c00-e811-9414-f0921c16b9e5,0.11232876712328767,0.06239999830723,40
35,8d894b44-1c00-e811-9414-f0921c16b9e5,0.11506849315068493,0.05739999935031,41
35,8d894b44-1c00-e811-9414-f0921c16b9e5,0.1178082191780822,0.05160000175238,42
35,8d894b44-1c00-e811-9414-f0921c16b9e5,0.12054794520547946,0.04659999907017,43
35,8d894b44-1c00-e811-9414-f0921c16b9e5,0.1232876712328767,0.041400000453,44
35,8d894b44-1c00-e811-9414-f0921c16b9e5,0.12602739726027398,0.03739999979734,45
35,8d894b44-1c00-e811-9414-f0921c16b9e5,0.12876712328767123,0.03370000049472,46
35,8d894b44-1c00-e811-9414-f0921c16b9e5,0.13150684931506848,0.02960000000894,47
35,8d894b44-1c00-e811-9414-f0921c16b9e5,0.13424657534246576,0.0265999995172,48
35,8d894b44-1c00-e811-9414-f0921c16b9e5,0.136986301369863,0.02419999986887,49
35,8d894b44-1c00-e811-9414-f0921c16b9e5,0.13972602739726028,0.02180000022054,50
35,8d894b44-1c00-e811-9414-f0921c16b9e5,0.14246575342465753,0.01930000074208,51
35,8d894b44-1c00-e811-9414-f0921c16b9e5,0.14520547945205478,0.01810000091791,52
35,8d894b44-1c00-e811-9414-f0921c16b9e5,0.14794520547945206,0.0168999992311,53
35,8d894b44-1c00-e811-9414-f0921c16b9e5,0.1506849315068493,0.01510000042617,54
35,8d894b44-1c00-e811-9414-f0921c16b9e5,0.15342465753424658,0.0136000001803,55
35,8d894b44-1c00-e811-9414-f0921c16b9e5,0.15616438356164383,0.01180000044405,56
35,8d894b44-1c00-e811-9414-f0921c16b9e5,0.1589041095890411,0.01020000036806,57
35,8d894b44-1c00-e811-9414-f0921c16b9e5,0.16164383561643836,0.00899999961257,58
35,8d894b44-1c00-e811-9414-f0921c16b9e5,0.1643835616438356,0.008399999700487,59
35,8d894b44-1c00-e811-9414-f0921c16b9e5,0.16712328767123288,0.00760000012815,60
35,8d894b44-1c00-e811-9414-f0921c16b9e5,0.16986301369863013,0.00719999987632,61
35,8d894b44-1c00-e811-9414-f0921c16b9e5,0.1726027397260274,0.006699999794364,62
35,8d894b44-1c00-e811-9414-f0921c16b9e5,0.17534246575342466,0.006200000178069,63
35,8d894b44-1c00-e811-9414-f0921c16b9e5,0.1780821917808219,0.005299999844283,64
35,8d894b44-1c00-e811-9414-f0921c16b9e5,0.18082191780821918,0.004900000058115,65
35,8d894b44-1c00-e811-9414-f0921c16b9e5,0.18356164383561643,0.004600000102073,66
35,8d894b44-1c00-e811-9414-f0921c16b9e5,0.1863013698630137,0.004199999850243,67
35,8d894b44-1c00-e811-9414-f0921c16b9e5,0.18904109589041096,0.003800000064075,68
35,8d894b44-1c00-e811-9414-f0921c16b9e5,0.1917808219178082,0.003100000089034,69
35,8d894b44-1c00-e811-9414-f0921c16b9e5,0.19452054794520549,0.00289999996312,70
35,8d894b44-1c00-e811-9414-f0921c16b9e5,0.19726027397260273,0.002799999900162,71
35,8d894b44-1c00-e811-9414-f0921c16b9e5,0.2,0.002400000113994,72
35,8d894b44-1c00-e811-9414-f0921c16b9e5,0.20273972602739726,0.002000000094995,73
35,8d894b44-1c00-e811-9414-f0921c16b9e5,0.2054794520547945,0.00179999996908,74
35,8d894b44-1c00-e811-9414-f0921c16b9e5,0.20821917808219179,0.00179999996908,75
35,8d894b44-1c00-e811-9414-f0921c16b9e5,0.21095890410958903,0.00179999996908,76
35,8d894b44-1c00-e811-9414-f0921c16b9e5,0.2136986301369863,0.001399999950081,77
35,8d894b44-1c00-e811-9414-f0921c16b9e5,0.21643835616438356,0.001300000003539,78
35,8d894b44-1c00-e811-9414-f0921c16b9e5,0.2191780821917808,0.001000000047497,79
35,8d894b44-1c00-e811-9414-f0921c16b9e5,0.2219178082191781,0.0006999999750406,80
35,8d894b44-1c00-e811-9414-f0921c16b9e5,0.22465753424657534,0.0006000000284985,81
35,8d894b44-1c00-e811-9414-f0921c16b9e5,0.2273972602739726,0.0006000000284985,82
35,8d894b44-1c00-e811-9414-f0921c16b9e5,0.23013698630136986,0.0006000000284985,83
35,8d894b44-1c00-e811-9414-f0921c16b9e5,0.2328767123287671,0.0005000000237487,84
35,8d894b44-1c00-e811-9414-f0921c16b9e5,0.2356164383561644,0.0005000000237487,85
35,8d894b44-1c00-e811-9414-f0921c16b9e5,0.23835616438356164,0.0005000000237487,86
35,8d894b44-1c00-e811-9414-f0921c16b9e5,0.2410958904109589,0.0005000000237487,87
35,8d894b44-1c00-e811-9414-f0921c16b9e5,0.24383561643835616,0.0005000000237487,88
35,8d894b44-1c00-e811-9414-f0921c16b9e5,0.2465753424657534,0.0005000000237487,89
36,8c894b44-1c00-e811-9414-f0921c16b9e5,0.0027397260273972603,0.0,0
36,8c894b44-1c00-e811-9414-f0921c16b9e5,0.005479452054794521,9.999999747379e-05,1
36,8c894b44-1c00-e811-9414-f0921c16b9e5,0.00821917808219178,0.0005000000237487,2
36,8c894b44-1c00-e811-9414-f0921c16b9e5,0.010958904109589041,0.00089999998454,3
36,8c894b44-1c00-e811-9414-f0921c16b9e5,0.0136986301369863,0.002000000094995,4
36,8c894b44-1c00-e811-9414-f0921c16b9e5,0.01643835616438356,0.003899999894202,5
36,8c894b44-1c00-e811-9414-f0921c16b9e5,0.019178082191780823,0.008600000292063,6
36,8c894b44-1c00-e811-9414-f0921c16b9e5,0.021917808219178082,0.01989999972284,7
36,8c894b44-1c00-e811-9414-f0921c16b9e5,0.024657534246575342,0.04459999874234,8
36,8c894b44-1c00-e811-9414-f0921c16b9e5,0.0273972602739726,0.09790000319481,9
36,8c894b44-1c00-e811-9414-f0921c16b9e5,0.030136986301369864,0.1960999965668,10
36,8c894b44-1c00-e811-9414-f0921c16b9e5,0.03287671232876712,0.3551000058651,11
36,8c894b44-1c00-e811-9414-f0921c16b9e5,0.03561643835616438,0.5485000014305,12
36,8c894b44-1c00-e811-9414-f0921c16b9e5,0.038356164383561646,0.6850000023842,13
36,8c894b44-1c00-e811-9414-f0921c16b9e5,0.0410958904109589,0.7235999703407,14
36,8c894b44-1c00-e811-9414-f0921c16b9e5,0.043835616438356165,0.6934000253677,15
36,8c894b44-1c00-e811-9414-f0921c16b9e5,0.04657534246575343,0.6406999826431,16
36,8c894b44-1c00-e811-9414-f0921c16b9e5,0.049315068493150684,0.5806000232697,17
36,8c894b44-1c00-e811-9414-f0921c16b9e5,0.052054794520547946,0.5270000100136,18
36,8c894b44-1c00-e811-9414-f0921c16b9e5,0.0547945205479452,0.4758000075817,19
36,8c894b44-1c00-e811-9414-f0921c16b9e5,0.057534246575342465,0.4286000132561,20
36,8c894b44-1c00-e811-9414-f0921c16b9e5,0.06027397260273973,0.3824000060558,21
36,8c894b44-1c00-e811-9414-f0921c16b9e5,0.06301369863013699,0.3443999886513,22
36,8c894b44-1c00-e811-9414-f0921c16b9e5,0.06575342465753424,0.3089999854565,23
36,8c894b44-1c00-e811-9414-f0921c16b9e5,0.0684931506849315,0.2759000062943,24
36,8c894b44-1c00-e811-9414-f0921c16b9e5,0.07123287671232877,0.2461999952793,25
36,8c894b44-1c00-e811-9414-f0921c16b9e5,0.07397260273972603,0.2232999950647,26
36,8c894b44-1c00-e811-9414-f0921c16b9e5,0.07671232876712329,0.1975000053644,27
36,8c894b44-1c00-e811-9414-f0921c16b9e5,0.07945205479452055,0.1768999993801,28
36,8c894b44-1c00-e811-9414-f0921c16b9e5,0.0821917808219178,0.1606000065804,29
36,8c894b44-1c00-e811-9414-f0921c16b9e5,0.08493150684931507,0.1440999954939,30
36,8c894b44-1c00-e811-9414-f0921c16b9e5,0.08767123287671233,0.1275999993086,31
36,8c894b44-1c00-e811-9414-f0921c16b9e5,0.09041095890410959,0.1163000017405,32
36,8c894b44-1c00-e811-9414-f0921c16b9e5,0.09315068493150686,0.1036000028253,33
36,8c894b44-1c00-e811-9414-f0921c16b9e5,0.0958904109589041,0.09279999881983,34
36,8c894b44-1c00-e811-9414-f0921c16b9e5,0.09863013698630137,0.08139999955893,35
36,8c894b44-1c00-e811-9414-f0921c16b9e5,0.10136986301369863,0.07280000299215,36
36,8c894b44-1c00-e811-9414-f0921c16b9e5,0.10410958904109589,0.06599999964237,37
36,8c894b44-1c00-e811-9414-f0921c16b9e5,0.10684931506849316,0.05849999934435,38
36,8c894b44-1c00-e811-9414-f0921c16b9e5,0.1095890410958904,0.05220000073314,39
36,8c894b44-1c00-e811-9414-f0921c16b9e5,0.11232876712328767,0.04800000041723,40
36,8c894b44-1c00-e811-9414-f0921c16b9e5,0.11506849315068493,0.0430999994278,41
36,8c894b44-1c00-e811-9414-f0921c16b9e5,0.1178082191780822,0.03880000114441,42
36,8c894b44-1c00-e811-9414-f0921c16b9e5,0.12054794520547946,0.03480000048876,43
36,8c894b44-1c00-e811-9414-f0921c16b9e5,0.1232876712328767,0.03020000085235,44
36,8c894b44-1c00-e811-9414-f0921c16b9e5,0.12602739726027398,0.02679999917746,45
36,8c894b44-1c00-e811-9414-f0921c16b9e5,0.12876712328767123,0.0249000005424,46
36,8c894b44-1c00-e811-9414-f0921c16b9e5,0.13150684931506848,0.02329999953508,47
36,8c894b44-1c00-e811-9414-f0921c16b9e5,0.13424657534246576,0.02060000039637,48
36,8c894b44-1c00-e811-9414-f0921c16b9e5,0.136986301369863,0.01960000023246,49
36,8c894b44-1c00-e811-9414-f0921c16b9e5,0.13972602739726028,0.01720000058413,50
36,8c894b44-1c00-e811-9414-f0921c16b9e5,0.14246575342465753,0.01539999991655,51
36,8c894b44-1c00-e811-9414-f0921c16b9e5,0.14520547945205478,0.01429999992251,52
36,8c894b44-1c00-e811-9414-f0921c16b9e5,0.14794520547945206,0.01319999992847,53
36,8c894b44-1c00-e811-9414-f0921c16b9e5,0.1506849315068493,0.01229999959469,54
36,8c894b44-1c00-e811-9414-f0921c16b9e5,0.15342465753424658,0.01090000011027,55
36,8c894b44-1c00-e811-9414-f0921c16b9e5,0.15616438356164383,0.009700000286102,56
36,8c894b44-1c00-e811-9414-f0921c16b9e5,0.1589041095890411,0.008200000040233,57
36,8c894b44-1c00-e811-9414-f0921c16b9e5,0.16164383561643836,0.007100000046194,58
36,8c894b44-1c00-e811-9414-f0921c16b9e5,0.1643835616438356,0.005700000096112,59
36,8c894b44-1c00-e811-9414-f0921c16b9e5,0.16712328767123288,0.005299999844283,60
36,8c894b44-1c00-e811-9414-f0921c16b9e5,0.16986301369863013,0.004999999888241,61
36,8c894b44-1c00-e811-9414-f0921c16b9e5,0.1726027397260274,0.004300000146031,62
36,8c894b44-1c00-e811-9414-f0921c16b9e5,0.17534246575342466,0.00400000018999,63
36,8c894b44-1c00-e811-9414-f0921c16b9e5,0.1780821917808219,0.003800000064075,64
36,8c894b44-1c00-e811-9414-f0921c16b9e5,0.18082191780821918,0.003500000108033,65
36,8c894b44-1c00-e811-9414-f0921c16b9e5,0.18356164383561643,0.00289999996312,66
36,8c894b44-1c00-e811-9414-f0921c16b9e5,0.1863013698630137,0.002499999944121,67
36,8c894b44-1c00-e811-9414-f0921c16b9e5,0.18904109589041096,0.002300000051036,68
36,8c894b44-1c00-e811-9414-f0921c16b9e5,0.1917808219178082,0.002099999925122,69
36,8c894b44-1c00-e811-9414-f0921c16b9e5,0.19452054794520549,0.001900000032037,70
36,8c894b44-1c00-e811-9414-f0921c16b9e5,0.19726027397260273,0.00179999996908,71
36,8c894b44-1c00-e811-9414-f0921c16b9e5,0.2,0.001700000022538,72
36,8c894b44-1c00-e811-9414-f0921c16b9e5,0.20273972602739726,0.001700000022538,73
36,8c894b44-1c00-e811-9414-f0921c16b9e5,0.2054794520547945,0.001700000022538,74
36,8c894b44-1c00-e811-9414-f0921c16b9e5,0.20821917808219179,0.001599999959581,75
36,8c894b44-1c00-e811-9414-f0921c16b9e5,0.21095890410958903,0.001300000003539,76
36,8c894b44-1c00-e811-9414-f0921c16b9e5,0.2136986301369863,0.001200000056997,77
36,8c894b44-1c00-e811-9414-f0921c16b9e5,0.21643835616438356,0.001000000047497,78
36,8c894b44-1c00-e811-9414-f0921c16b9e5,0.2191780821917808,0.00089999998454,79
36,8c894b44-1c00-e811-9414-f0921c16b9e5,0.2219178082191781,0.0007999999797903,80
36,8c894b44-1c00-e811-9414-f0921c16b9e5,0.22465753424657534,0.0006999999750406,81
36,8c894b44-1c00-e811-9414-f0921c16b9e5,0.2273972602739726,0.0005000000237487,82
36,8c894b44-1c00-e811-9414-f0921c16b9e5,0.23013698630136986,0.0003999999898952,83
36,8c894b44-1c00-e811-9414-f0921c16b9e5,0.2328767123287671,0.0003999999898952,84
36,8c894b44-1c00-e811-9414-f0921c16b9e5,0.2356164383561644,0.0003999999898952,85
36,8c894b44-1c00-e811-9414-f0921c16b9e5,0.23835616438356164,0.0003999999898952,86
36,8c894b44-1c00-e811-9414-f0921c16b9e5,0.2410958904109589,0.0001999999949476,87
36,8c894b44-1c00-e811-9414-f0921c16b9e5,0.24383561643835616,0.0001999999949476,88
36,8c894b44-1c00-e811-9414-f0921c16b9e5,0.2465753424657534,0.0001999999949476,89
37,8b894b44-1c00-e811-9414-f0921c16b9e5,0.0027397260273972603,0.0,0
37,8b894b44-1c00-e811-9414-f0921c16b9e5,0.005479452054794521,0.0001999999949476,1
37,8b894b44-1c00-e811-9414-f0921c16b9e5,0.00821917808219178,0.0003999999898952,2
37,8b894b44-1c00-e811-9414-f0921c16b9e5,0.010958904109589041,0.001000000047497,3
37,8b894b44-1c00-e811-9414-f0921c16b9e5,0.0136986301369863,0.001599999959581,4
37,8b894b44-1c00-e811-9414-f0921c16b9e5,0.01643835616438356,0.002799999900162,5
37,8b894b44-1c00-e811-9414-f0921c16b9e5,0.019178082191780823,0.006099999882281,6
37,8b894b44-1c00-e811-9414-f0921c16b9e5,0.021917808219178082,0.009600000455976,7
37,8b894b44-1c00-e811-9414-f0921c16b9e5,0.024657534246575342,0.01549999974668,8
37,8b894b44-1c00-e811-9414-f0921c16b9e5,0.0273972602739726,0.0278999991715,9
37,8b894b44-1c00-e811-9414-f0921c16b9e5,0.030136986301369864,0.04740000143647,10
37,8b894b44-1c00-e811-9414-f0921c16b9e5,0.03287671232876712,0.07720000296831,11
37,8b894b44-1c00-e811-9414-f0921c16b9e5,0.03561643835616438,0.1247999966145,12
37,8b894b44-1c00-e811-9414-f0921c16b9e5,0.038356164383561646,0.1948000043631,13
37,8b894b44-1c00-e811-9414-f0921c16b9e5,0.0410958904109589,0.2867999970913,14
37,8b894b44-1c00-e811-9414-f0921c16b9e5,0.043835616438356165,0.3862999975681,15
37,8b894b44-1c00-e811-9414-f0921c16b9e5,0.04657534246575343,0.4880999922752,16
37,8b894b44-1c00-e811-9414-f0921c16b9e5,0.049315068493150684,0.5659999847412,17
37,8b894b44-1c00-e811-9414-f0921c16b9e5,0.052054794520547946,0.6126999855042,18
37,8b894b44-1c00-e811-9414-f0921c16b9e5,0.0547945205479452,0.6236000061035,19
37,8b894b44-1c00-e811-9414-f0921c16b9e5,0.057534246575342465,0.6051999926567,20
37,8b894b44-1c00-e811-9414-f0921c16b9e5,0.06027397260273973,0.5716000199318,21
37,8b894b44-1c00-e811-9414-f0921c16b9e5,0.06301369863013699,0.527899980545,22
37,8b894b44-1c00-e811-9414-f0921c16b9e5,0.06575342465753424,0.4873000085354,23
37,8b894b44-1c00-e811-9414-f0921c16b9e5,0.0684931506849315,0.4530000090599,24
37,8b894b44-1c00-e811-9414-f0921c16b9e5,0.07123287671232877,0.412800014019,25
37,8b894b44-1c00-e811-9414-f0921c16b9e5,0.07397260273972603,0.3774999976158,26
37,8b894b44-1c00-e811-9414-f0921c16b9e5,0.07671232876712329,0.3411000072956,27
37,8b894b44-1c00-e811-9414-f0921c16b9e5,0.07945205479452055,0.3093000054359,28
37,8b894b44-1c00-e811-9414-f0921c16b9e5,0.0821917808219178,0.2793999910355,29
37,8b894b44-1c00-e811-9414-f0921c16b9e5,0.08493150684931507,0.2526000142097,30
37,8b894b44-1c00-e811-9414-f0921c16b9e5,0.08767123287671233,0.2272000014782,31
37,8b894b44-1c00-e811-9414-f0921c16b9e5,0.09041095890410959,0.2047999948263,32
37,8b894b44-1c00-e811-9414-f0921c16b9e5,0.09315068493150686,0.1852999925613,33
37,8b894b44-1c00-e811-9414-f0921c16b9e5,0.0958904109589041,0.1688999980688,34
37,8b894b44-1c00-e811-9414-f0921c16b9e5,0.09863013698630137,0.15379999578,35
37,8b894b44-1c00-e811-9414-f0921c16b9e5,0.10136986301369863,0.1402000039816,36
37,8b894b44-1c00-e811-9414-f0921c16b9e5,0.10410958904109589,0.127399995923,37
37,8b894b44-1c00-e811-9414-f0921c16b9e5,0.10684931506849316,0.1159000024199,38
37,8b894b44-1c00-e811-9414-f0921c16b9e5,0.1095890410958904,0.1059999987483,39
37,8b894b44-1c00-e811-9414-f0921c16b9e5,0.11232876712328767,0.09560000151396,40
37,8b894b44-1c00-e811-9414-f0921c16b9e5,0.11506849315068493,0.08760000020266,41
37,8b894b44-1c00-e811-9414-f0921c16b9e5,0.1178082191780822,0.07959999889135,42
37,8b894b44-1c00-e811-9414-f0921c16b9e5,0.12054794520547946,0.07060000300407,43
37,8b894b44-1c00-e811-9414-f0921c16b9e5,0.1232876712328767,0.06360000371933,44
37,8b894b44-1c00-e811-9414-f0921c16b9e5,0.12602739726027398,0.05730000138283,45
37,8b894b44-1c00-e811-9414-f0921c16b9e5,0.12876712328767123,0.05200000107288,46
37,8b894b44-1c00-e811-9414-f0921c16b9e5,0.13150684931506848,0.04710000008345,47
37,8b894b44-1c00-e811-9414-f0921c16b9e5,0.13424657534246576,0.04289999976754,48
37,8b894b44-1c00-e811-9414-f0921c16b9e5,0.136986301369863,0.0379999987781,49
37,8b894b44-1c00-e811-9414-f0921c16b9e5,0.13972602739726028,0.03500000014901,50
37,8b894b44-1c00-e811-9414-f0921c16b9e5,0.14246575342465753,0.03089999966323,51
37,8b894b44-1c00-e811-9414-f0921c16b9e5,0.14520547945205478,0.02820000052452,52
37,8b894b44-1c00-e811-9414-f0921c16b9e5,0.14794520547945206,0.02600000053644,53
37,8b894b44-1c00-e811-9414-f0921c16b9e5,0.1506849315068493,0.0230000000447,54
37,8b894b44-1c00-e811-9414-f0921c16b9e5,0.15342465753424658,0.02060000039637,55
37,8b894b44-1c00-e811-9414-f0921c16b9e5,0.15616438356164383,0.01869999989867,56
37,8b894b44-1c00-e811-9414-f0921c16b9e5,0.1589041095890411,0.01769999973476,57
37,8b894b44-1c00-e811-9414-f0921c16b9e5,0.16164383561643836,0.01640000008047,58
37,8b894b44-1c00-e811-9414-f0921c16b9e5,0.1643835616438356,0.01530000008643,59
37,8b894b44-1c00-e811-9414-f0921c16b9e5,0.16712328767123288,0.01400000043213,60
37,8b894b44-1c00-e811-9414-f0921c16b9e5,0.16986301369863013,0.01260000001639,61
37,8b894b44-1c00-e811-9414-f0921c16b9e5,0.1726027397260274,0.01090000011027,62
37,8b894b44-1c00-e811-9414-f0921c16b9e5,0.17534246575342466,0.009300000034273,63
37,8b894b44-1c00-e811-9414-f0921c16b9e5,0.1780821917808219,0.00870000012219,64
37,8b894b44-1c00-e811-9414-f0921c16b9e5,0.18082191780821918,0.008200000040233,65
37,8b894b44-1c00-e811-9414-f0921c16b9e5,0.18356164383561643,0.007699999958277,66
37,8b894b44-1c00-e811-9414-f0921c16b9e5,0.1863013698630137,0.007100000046194,67
37,8b894b44-1c00-e811-9414-f0921c16b9e5,0.18904109589041096,0.006399999838322,68
37,8b894b44-1c00-e811-9414-f0921c16b9e5,0.1917808219178082,0.006300000008196,69
37,8b894b44-1c00-e811-9414-f0921c16b9e5,0.19452054794520549,0.005799999926239,70
37,8b894b44-1c00-e811-9414-f0921c16b9e5,0.19726027397260273,0.004999999888241,71
37,8b894b44-1c00-e811-9414-f0921c16b9e5,0.2,0.004499999806285,72
37,8b894b44-1c00-e811-9414-f0921c16b9e5,0.20273972602739726,0.004100000020117,73
37,8b894b44-1c00-e811-9414-f0921c16b9e5,0.2054794520547945,0.00400000018999,74
37,8b894b44-1c00-e811-9414-f0921c16b9e5,0.20821917808219179,0.003400000045076,75
37,8b894b44-1c00-e811-9414-f0921c16b9e5,0.21095890410958903,0.003199999919161,76
37,8b894b44-1c00-e811-9414-f0921c16b9e5,0.2136986301369863,0.003100000089034,77
37,8b894b44-1c00-e811-9414-f0921c16b9e5,0.21643835616438356,0.002799999900162,78
37,8b894b44-1c00-e811-9414-f0921c16b9e5,0.2191780821917808,0.002499999944121,79
37,8b894b44-1c00-e811-9414-f0921c16b9e5,0.2219178082191781,0.002300000051036,80
37,8b894b44-1c00-e811-9414-f0921c16b9e5,0.22465753424657534,0.002300000051036,81
37,8b894b44-1c00-e811-9414-f0921c16b9e5,0.2273972602739726,0.002199999988079,82
37,8b894b44-1c00-e811-9414-f0921c16b9e5,0.23013698630136986,0.002099999925122,83
37,8b894b44-1c00-e811-9414-f0921c16b9e5,0.2328767123287671,0.001599999959581,84
37,8b894b44-1c00-e811-9414-f0921c16b9e5,0.2356164383561644,0.001599999959581,85
37,8b894b44-1c00-e811-9414-f0921c16b9e5,0.23835616438356164,0.001599999959581,86
37,8b894b44-1c00-e811-9414-f0921c16b9e5,0.2410958904109589,0.001500000013039,87
37,8b894b44-1c00-e811-9414-f0921c16b9e5,0.24383561643835616,0.001399999950081,88
37,8b894b44-1c00-e811-9414-f0921c16b9e5,0.2465753424657534,0.001300000003539,89
38,8a894b44-1c00-e811-9414-f0921c16b9e5,0.0027397260273972603,0.0,0
38,8a894b44-1c00-e811-9414-f0921c16b9e5,0.005479452054794521,0.0007999999797903,1
38,8a894b44-1c00-e811-9414-f0921c16b9e5,0.00821917808219178,0.001900000032037,2
38,8a894b44-1c00-e811-9414-f0921c16b9e5,0.010958904109589041,0.003400000045076,3
38,8a894b44-1c00-e811-9414-f0921c16b9e5,0.0136986301369863,0.005599999800324,4
38,8a894b44-1c00-e811-9414-f0921c16b9e5,0.01643835616438356,0.009200000204146,5
38,8a894b44-1c00-e811-9414-f0921c16b9e5,0.019178082191780823,0.01590000092983,6
38,8a894b44-1c00-e811-9414-f0921c16b9e5,0.021917808219178082,0.02580000087619,7
38,8a894b44-1c00-e811-9414-f0921c16b9e5,0.024657534246575342,0.04250000044703,8
38,8a894b44-1c00-e811-9414-f0921c16b9e5,0.0273972602739726,0.07060000300407,9
38,8a894b44-1c00-e811-9414-f0921c16b9e5,0.030136986301369864,0.1202000007033,10
38,8a894b44-1c00-e811-9414-f0921c16b9e5,0.03287671232876712,0.193200007081,11
38,8a894b44-1c00-e811-9414-f0921c16b9e5,0.03561643835616438,0.2840999960899,12
38,8a894b44-1c00-e811-9414-f0921c16b9e5,0.038356164383561646,0.400200009346,13
38,8a894b44-1c00-e811-9414-f0921c16b9e5,0.0410958904109589,0.5008000135422,14
38,8a894b44-1c00-e811-9414-f0921c16b9e5,0.043835616438356165,0.57230001688,15
38,8a894b44-1c00-e811-9414-f0921c16b9e5,0.04657534246575343,0.5988000035286,16
38,8a894b44-1c00-e811-9414-f0921c16b9e5,0.049315068493150684,0.5902000069618,17
38,8a894b44-1c00-e811-9414-f0921c16b9e5,0.052054794520547946,0.5554999709129,18
38,8a894b44-1c00-e811-9414-f0921c16b9e5,0.0547945205479452,0.5173000097275,19
38,8a894b44-1c00-e811-9414-f0921c16b9e5,0.057534246575342465,0.4724999964237,20
38,8a894b44-1c00-e811-9414-f0921c16b9e5,0.06027397260273973,0.4287000000477,21
38,8a894b44-1c00-e811-9414-f0921c16b9e5,0.06301369863013699,0.3885000050068,22
38,8a894b44-1c00-e811-9414-f0921c16b9e5,0.06575342465753424,0.3495999872684,23
38,8a894b44-1c00-e811-9414-f0921c16b9e5,0.0684931506849315,0.3102999925613,24
38,8a894b44-1c00-e811-9414-f0921c16b9e5,0.07123287671232877,0.2757999897003,25
38,8a894b44-1c00-e811-9414-f0921c16b9e5,0.07397260273972603,0.2477000057697,26
38,8a894b44-1c00-e811-9414-f0921c16b9e5,0.07671232876712329,0.222000002861,27
38,8a894b44-1c00-e811-9414-f0921c16b9e5,0.07945205479452055,0.1987999975681,28
38,8a894b44-1c00-e811-9414-f0921c16b9e5,0.0821917808219178,0.1785999983549,29
38,8a894b44-1c00-e811-9414-f0921c16b9e5,0.08493150684931507,0.1578000038862,30
38,8a894b44-1c00-e811-9414-f0921c16b9e5,0.08767123287671233,0.1429000049829,31
38,8a894b44-1c00-e811-9414-f0921c16b9e5,0.09041095890410959,0.1277000010014,32
38,8a894b44-1c00-e811-9414-f0921c16b9e5,0.09315068493150686,0.1133999973536,33
38,8a894b44-1c00-e811-9414-f0921c16b9e5,0.0958904109589041,0.09860000014305,34
38,8a894b44-1c00-e811-9414-f0921c16b9e5,0.09863013698630137,0.08680000156164,35
38,8a894b44-1c00-e811-9414-f0921c16b9e5,0.10136986301369863,0.07750000059605,36
38,8a894b44-1c00-e811-9414-f0921c16b9e5,0.10410958904109589,0.06809999793768,37
38,8a894b44-1c00-e811-9414-f0921c16b9e5,0.10684931506849316,0.06049999967217,38
38,8a894b44-1c00-e811-9414-f0921c16b9e5,0.1095890410958904,0.05460000038147,39
38,8a894b44-1c00-e811-9414-f0921c16b9e5,0.11232876712328767,0.0489999987185,40
38,8a894b44-1c00-e811-9414-f0921c16b9e5,0.11506849315068493,0.04380000010133,41
38,8a894b44-1c00-e811-9414-f0921c16b9e5,0.1178082191780822,0.03889999911189,42
38,8a894b44-1c00-e811-9414-f0921c16b9e5,0.12054794520547946,0.03400000184774,43
38,8a894b44-1c00-e811-9414-f0921c16b9e5,0.1232876712328767,0.02989999949932,44
38,8a894b44-1c00-e811-9414-f0921c16b9e5,0.12602739726027398,0.02690000087023,45
38,8a894b44-1c00-e811-9414-f0921c16b9e5,0.12876712328767123,0.02380000054836,46
38,8a894b44-1c00-e811-9414-f0921c16b9e5,0.13150684931506848,0.02030000090599,47
38,8a894b44-1c00-e811-9414-f0921c16b9e5,0.13424657534246576,0.01799999922514,48
38,8a894b44-1c00-e811-9414-f0921c16b9e5,0.136986301369863,0.01579999923706,49
38,8a894b44-1c00-e811-9414-f0921c16b9e5,0.13972602739726028,0.01389999967068,50
38,8a894b44-1c00-e811-9414-f0921c16b9e5,0.14246575342465753,0.01180000044405,51
38,8a894b44-1c00-e811-9414-f0921c16b9e5,0.14520547945205478,0.01009999960661,52
38,8a894b44-1c00-e811-9414-f0921c16b9e5,0.14794520547945206,0.008899999782443,53
38,8a894b44-1c00-e811-9414-f0921c16b9e5,0.1506849315068493,0.008200000040233,54
38,8a894b44-1c00-e811-9414-f0921c16b9e5,0.15342465753424658,0.007000000216067,55
38,8a894b44-1c00-e811-9414-f0921c16b9e5,0.15616438356164383,0.005900000222027,56
38,8a894b44-1c00-e811-9414-f0921c16b9e5,0.1589041095890411,0.005400000140071,57
38,8a894b44-1c00-e811-9414-f0921c16b9e5,0.16164383561643836,0.004999999888241,58
38,8a894b44-1c00-e811-9414-f0921c16b9e5,0.1643835616438356,0.004399999976158,59
38,8a894b44-1c00-e811-9414-f0921c16b9e5,0.16712328767123288,0.003800000064075,60
38,8a894b44-1c00-e811-9414-f0921c16b9e5,0.16986301369863013,0.003299999982119,61
38,8a894b44-1c00-e811-9414-f0921c16b9e5,0.1726027397260274,0.003000000026077,62
38,8a894b44-1c00-e811-9414-f0921c16b9e5,0.17534246575342466,0.002799999900162,63
38,8a894b44-1c00-e811-9414-f0921c16b9e5,0.1780821917808219,0.002400000113994,64
38,8a894b44-1c00-e811-9414-f0921c16b9e5,0.18082191780821918,0.002300000051036,65
38,8a894b44-1c00-e811-9414-f0921c16b9e5,0.18356164383561643,0.00179999996908,66
38,8a894b44-1c00-e811-9414-f0921c16b9e5,0.1863013698630137,0.001399999950081,67
38,8a894b44-1c00-e811-9414-f0921c16b9e5,0.18904109589041096,0.001300000003539,68
38,8a894b44-1c00-e811-9414-f0921c16b9e5,0.1917808219178082,0.001300000003539,69
38,8a894b44-1c00-e811-9414-f0921c16b9e5,0.19452054794520549,0.00109999999404,70
38,8a894b44-1c00-e811-9414-f0921c16b9e5,0.19726027397260273,0.00089999998454,71
38,8a894b44-1c00-e811-9414-f0921c16b9e5,0.2,0.0006999999750406,72
38,8a894b44-1c00-e811-9414-f0921c16b9e5,0.20273972602739726,0.0006000000284985,73
38,8a894b44-1c00-e811-9414-f0921c16b9e5,0.2054794520547945,0.0006000000284985,74
38,8a894b44-1c00-e811-9414-f0921c16b9e5,0.20821917808219179,0.0006000000284985,75
38,8a894b44-1c00-e811-9414-f0921c16b9e5,0.21095890410958903,0.0005000000237487,76
38,8a894b44-1c00-e811-9414-f0921c16b9e5,0.2136986301369863,0.0003999999898952,77
38,8a894b44-1c00-e811-9414-f0921c16b9e5,0.21643835616438356,0.0001999999949476,78
38,8a894b44-1c00-e811-9414-f0921c16b9e5,0.2191780821917808,0.0001999999949476,79
38,8a894b44-1c00-e811-9414-f0921c16b9e5,0.2219178082191781,0.0001999999949476,80
38,8a894b44-1c00-e811-9414-f0921c16b9e5,0.22465753424657534,0.0001999999949476,81
38,8a894b44-1c00-e811-9414-f0921c16b9e5,0.2273972602739726,0.0001999999949476,82
38,8a894b44-1c00-e811-9414-f0921c16b9e5,0.23013698630136986,0.0001999999949476,83
38,8a894b44-1c00-e811-9414-f0921c16b9e5,0.2328767123287671,0.0001999999949476,84
38,8a894b44-1c00-e811-9414-f0921c16b9e5,0.2356164383561644,0.0001999999949476,85
38,8a894b44-1c00-e811-9414-f0921c16b9e5,0.23835616438356164,0.0001999999949476,86
38,8a894b44-1c00-e811-9414-f0921c16b9e5,0.2410958904109589,0.0001999999949476,87
38,8a894b44-1c00-e811-9414-f0921c16b9e5,0.24383561643835616,0.0001999999949476,88
38,8a894b44-1c00-e811-9414-f0921c16b9e5,0.2465753424657534,0.0001999999949476,89
39,89894b44-1c00-e811-9414-f0921c16b9e5,0.0027397260273972603,0.0,0
39,89894b44-1c00-e811-9414-f0921c16b9e5,0.005479452054794521,0.0003999999898952,1
39,89894b44-1c00-e811-9414-f0921c16b9e5,0.00821917808219178,0.002700000070035,2
39,89894b44-1c00-e811-9414-f0921c16b9e5,0.010958904109589041,0.01970000006258,3
39,89894b44-1c00-e811-9414-f0921c16b9e5,0.0136986301369863,0.1425999999046,4
39,89894b44-1c00-e811-9414-f0921c16b9e5,0.01643835616438356,0.6504999995232,5
39,89894b44-1c00-e811-9414-f0921c16b9e5,0.019178082191780823,0.8741000294685,6
39,89894b44-1c00-e811-9414-f0921c16b9e5,0.021917808219178082,0.7443000078201,7
39,89894b44-1c00-e811-9414-f0921c16b9e5,0.024657534246575342,0.6347000002861,8
39,89894b44-1c00-e811-9414-f0921c16b9e5,0.0273972602739726,0.540600001812,9
39,89894b44-1c00-e811-9414-f0921c16b9e5,0.030136986301369864,0.4625000059605,10
39,89894b44-1c00-e811-9414-f0921c16b9e5,0.03287671232876712,0.3962999880314,11
39,89894b44-1c00-e811-9414-f0921c16b9e5,0.03561643835616438,0.335599988699,12
39,89894b44-1c00-e811-9414-f0921c16b9e5,0.038356164383561646,0.2831000089645,13
39,89894b44-1c00-e811-9414-f0921c16b9e5,0.0410958904109589,0.2422000020742,14
39,89894b44-1c00-e811-9414-f0921c16b9e5,0.043835616438356165,0.2036000043154,15
39,89894b44-1c00-e811-9414-f0921c16b9e5,0.04657534246575343,0.1752000004053,16
39,89894b44-1c00-e811-9414-f0921c16b9e5,0.049315068493150684,0.1500999927521,17
39,89894b44-1c00-e811-9414-f0921c16b9e5,0.052054794520547946,0.1284999996424,18
39,89894b44-1c00-e811-9414-f0921c16b9e5,0.0547945205479452,0.109999999404,19
39,89894b44-1c00-e811-9414-f0921c16b9e5,0.057534246575342465,0.09229999780655,20
39,89894b44-1c00-e811-9414-f0921c16b9e5,0.06027397260273973,0.0785999968648,21
39,89894b44-1c00-e811-9414-f0921c16b9e5,0.06301369863013699,0.06780000030994,22
39,89894b44-1c00-e811-9414-f0921c16b9e5,0.06575342465753424,0.05629999935627,23
39,89894b44-1c00-e811-9414-f0921c16b9e5,0.0684931506849315,0.04820000007749,24
39,89894b44-1c00-e811-9414-f0921c16b9e5,0.07123287671232877,0.0417999997735,25
39,89894b44-1c00-e811-9414-f0921c16b9e5,0.07397260273972603,0.03489999845624,26
39,89894b44-1c00-e811-9414-f0921c16b9e5,0.07671232876712329,0.02920000068843,27
39,89894b44-1c00-e811-9414-f0921c16b9e5,0.07945205479452055,0.02510000020266,28
39,89894b44-1c00-e811-9414-f0921c16b9e5,0.0821917808219178,0.02080000005662,29
39,89894b44-1c00-e811-9414-f0921c16b9e5,0.08493150684931507,0.01799999922514,30
39,89894b44-1c00-e811-9414-f0921c16b9e5,0.08767123287671233,0.01569999940693,31
39,89894b44-1c00-e811-9414-f0921c16b9e5,0.09041095890410959,0.01310000009835,32
39,89894b44-1c00-e811-9414-f0921c16b9e5,0.09315068493150686,0.01140000019222,33
39,89894b44-1c00-e811-9414-f0921c16b9e5,0.0958904109589041,0.008899999782443,34
39,89894b44-1c00-e811-9414-f0921c16b9e5,0.09863013698630137,0.007699999958277,35
39,89894b44-1c00-e811-9414-f0921c16b9e5,0.10136986301369863,0.006200000178069,36
39,89894b44-1c00-e811-9414-f0921c16b9e5,0.10410958904109589,0.005299999844283,37
39,89894b44-1c00-e811-9414-f0921c16b9e5,0.10684931506849316,0.004600000102073,38
39,89894b44-1c00-e811-9414-f0921c16b9e5,0.1095890410958904,0.003899999894202,39
39,89894b44-1c00-e811-9414-f0921c16b9e5,0.11232876712328767,0.003199999919161,40
39,89894b44-1c00-e811-9414-f0921c16b9e5,0.11506849315068493,0.003000000026077,41
39,89894b44-1c00-e811-9414-f0921c16b9e5,0.1178082191780822,0.002700000070035,42
39,89894b44-1c00-e811-9414-f0921c16b9e5,0.12054794520547946,0.002000000094995,43
39,89894b44-1c00-e811-9414-f0921c16b9e5,0.1232876712328767,0.001700000022538,44
39,89894b44-1c00-e811-9414-f0921c16b9e5,0.12602739726027398,0.001700000022538,45
39,89894b44-1c00-e811-9414-f0921c16b9e5,0.12876712328767123,0.001200000056997,46
39,89894b44-1c00-e811-9414-f0921c16b9e5,0.13150684931506848,0.00109999999404,47
39,89894b44-1c00-e811-9414-f0921c16b9e5,0.13424657534246576,0.0007999999797903,48
39,89894b44-1c00-e811-9414-f0921c16b9e5,0.136986301369863,0.0006999999750406,49
39,89894b44-1c00-e811-9414-f0921c16b9e5,0.13972602739726028,0.0006000000284985,50
39,89894b44-1c00-e811-9414-f0921c16b9e5,0.14246575342465753,0.0005000000237487,51
39,89894b44-1c00-e811-9414-f0921c16b9e5,0.14520547945205478,0.0005000000237487,52
39,89894b44-1c00-e811-9414-f0921c16b9e5,0.14794520547945206,0.0005000000237487,53
39,89894b44-1c00-e811-9414-f0921c16b9e5,0.1506849315068493,0.0003999999898952,54
39,89894b44-1c00-e811-9414-f0921c16b9e5,0.15342465753424658,0.0003999999898952,55
39,89894b44-1c00-e811-9414-f0921c16b9e5,0.15616438356164383,0.0003999999898952,56
39,89894b44-1c00-e811-9414-f0921c16b9e5,0.1589041095890411,9.999999747379e-05,57
39,89894b44-1c00-e811-9414-f0921c16b9e5,0.16164383561643836,0.0,58
39,89894b44-1c00-e811-9414-f0921c16b9e5,0.1643835616438356,0.0,59
39,89894b44-1c00-e811-9414-f0921c16b9e5,0.16712328767123288,0.0,60
39,89894b44-1c00-e811-9414-f0921c16b9e5,0.16986301369863013,0.0,61
39,89894b44-1c00-e811-9414-f0921c16b9e5,0.1726027397260274,0.0,62
39,89894b44-1c00-e811-9414-f0921c16b9e5,0.17534246575342466,0.0,63
39,89894b44-1c00-e811-9414-f0921c16b9e5,0.1780821917808219,0.0,64
39,89894b44-1c00-e811-9414-f0921c16b9e5,0.18082191780821918,0.0,65
39,89894b44-1c00-e811-9414-f0921c16b9e5,0.18356164383561643,0.0,66
39,89894b44-1c00-e811-9414-f0921c16b9e5,0.1863013698630137,0.0,67
39,89894b44-1c00-e811-9414-f0921c16b9e5,0.18904109589041096,0.0,68
39,89894b44-1c00-e811-9414-f0921c16b9e5,0.1917808219178082,0.0,69
39,89894b44-1c00-e811-9414-f0921c16b9e5,0.19452054794520549,0.0,70
39,89894b44-1c00-e811-9414-f0921c16b9e5,0.19726027397260273,0.0,71
39,89894b44-1c00-e811-9414-f0921c16b9e5,0.2,0.0,72
39,89894b44-1c00-e811-9414-f0921c16b9e5,0.20273972602739726,0.0,73
39,89894b44-1c00-e811-9414-f0921c16b9e5,0.2054794520547945,0.0,74
39,89894b44-1c00-e811-9414-f0921c16b9e5,0.20821917808219179,0.0,75
39,89894b44-1c00-e811-9414-f0921c16b9e5,0.21095890410958903,0.0,76
39,89894b44-1c00-e811-9414-f0921c16b9e5,0.2136986301369863,0.0,77
39,89894b44-1c00-e811-9414-f0921c16b9e5,0.21643835616438356,0.0,78
39,89894b44-1c00-e811-9414-f0921c16b9e5,0.2191780821917808,0.0,79
39,89894b44-1c00-e811-9414-f0921c16b9e5,0.2219178082191781,0.0,80
39,89894b44-1c00-e811-9414-f0921c16b9e5,0.22465753424657534,0.0,81
39,89894b44-1c00-e811-9414-f0921c16b9e5,0.2273972602739726,0.0,82
39,89894b44-1c00-e811-9414-f0921c16b9e5,0.23013698630136986,0.0,83
39,89894b44-1c00-e811-9414-f0921c16b9e5,0.2328767123287671,0.0,84
39,89894b44-1c00-e811-9414-f0921c16b9e5,0.2356164383561644,0.0,85
39,89894b44-1c00-e811-9414-f0921c16b9e5,0.23835616438356164,0.0,86
39,89894b44-1c00-e811-9414-f0921c16b9e5,0.2410958904109589,0.0,87
39,89894b44-1c00-e811-9414-f0921c16b9e5,0.24383561643835616,0.0,88
39,89894b44-1c00-e811-9414-f0921c16b9e5,0.2465753424657534,0.0,89
40,88894b44-1c00-e811-9414-f0921c16b9e5,0.0027397260273972603,0.0,0
40,88894b44-1c00-e811-9414-f0921c16b9e5,0.005479452054794521,0.0006999999750406,1
40,88894b44-1c00-e811-9414-f0921c16b9e5,0.00821917808219178,0.0007999999797903,2
40,88894b44-1c00-e811-9414-f0921c16b9e5,0.010958904109589041,0.0006000000284985,3
40,88894b44-1c00-e811-9414-f0921c16b9e5,0.0136986301369863,0.001399999950081,4
40,88894b44-1c00-e811-9414-f0921c16b9e5,0.01643835616438356,0.00179999996908,5
40,88894b44-1c00-e811-9414-f0921c16b9e5,0.019178082191780823,0.003100000089034,6
40,88894b44-1c00-e811-9414-f0921c16b9e5,0.021917808219178082,0.005499999970198,7
40,88894b44-1c00-e811-9414-f0921c16b9e5,0.024657534246575342,0.007799999788404,8
40,88894b44-1c00-e811-9414-f0921c16b9e5,0.0273972602739726,0.01080000028014,9
40,88894b44-1c00-e811-9414-f0921c16b9e5,0.030136986301369864,0.01679999940097,10
40,88894b44-1c00-e811-9414-f0921c16b9e5,0.03287671232876712,0.02449999935925,11
40,88894b44-1c00-e811-9414-f0921c16b9e5,0.03561643835616438,0.0384000018239,12
40,88894b44-1c00-e811-9414-f0921c16b9e5,0.038356164383561646,0.05209999904037,13
40,88894b44-1c00-e811-9414-f0921c16b9e5,0.0410958904109589,0.07190000265837,14
40,88894b44-1c00-e811-9414-f0921c16b9e5,0.043835616438356165,0.09440000355244,15
40,88894b44-1c00-e811-9414-f0921c16b9e5,0.04657534246575343,0.1230999976397,16
40,88894b44-1c00-e811-9414-f0921c16b9e5,0.049315068493150684,0.1367000043392,17
40,88894b44-1c00-e811-9414-f0921c16b9e5,0.052054794520547946,0.1427000015974,18
40,88894b44-1c00-e811-9414-f0921c16b9e5,0.0547945205479452,0.137600004673,19
40,88894b44-1c00-e811-9414-f0921c16b9e5,0.057534246575342465,0.1137000024319,20
40,88894b44-1c00-e811-9414-f0921c16b9e5,0.06027397260273973,0.09669999778271,21
40,88894b44-1c00-e811-9414-f0921c16b9e5,0.06301369863013699,0.07270000129938,22
40,88894b44-1c00-e811-9414-f0921c16b9e5,0.06575342465753424,0.05009999871254,23
40,88894b44-1c00-e811-9414-f0921c16b9e5,0.0684931506849315,0.0362999998033,24
40,88894b44-1c00-e811-9414-f0921c16b9e5,0.07123287671232877,0.02700000070035,25
40,88894b44-1c00-e811-9414-f0921c16b9e5,0.07397260273972603,0.01930000074208,26
40,88894b44-1c00-e811-9414-f0921c16b9e5,0.07671232876712329,0.01310000009835,27
40,88894b44-1c00-e811-9414-f0921c16b9e5,0.07945205479452055,0.009899999946356,28
40,88894b44-1c00-e811-9414-f0921c16b9e5,0.0821917808219178,0.006200000178069,29
40,88894b44-1c00-e811-9414-f0921c16b9e5,0.08493150684931507,0.004300000146031,30
40,88894b44-1c00-e811-9414-f0921c16b9e5,0.08767123287671233,0.002499999944121,31
40,88894b44-1c00-e811-9414-f0921c16b9e5,0.09041095890410959,0.001300000003539,32
40,88894b44-1c00-e811-9414-f0921c16b9e5,0.09315068493150686,0.001000000047497,33
40,88894b44-1c00-e811-9414-f0921c16b9e5,0.0958904109589041,0.0003999999898952,34
40,88894b44-1c00-e811-9414-f0921c16b9e5,0.09863013698630137,0.0003999999898952,35
40,88894b44-1c00-e811-9414-f0921c16b9e5,0.10136986301369863,0.0001999999949476,36
40,88894b44-1c00-e811-9414-f0921c16b9e5,0.10410958904109589,0.0003000000142492,37
40,88894b44-1c00-e811-9414-f0921c16b9e5,0.10684931506849316,0.0003000000142492,38
40,88894b44-1c00-e811-9414-f0921c16b9e5,0.1095890410958904,0.0001999999949476,39
40,88894b44-1c00-e811-9414-f0921c16b9e5,0.11232876712328767,0.0,40
40,88894b44-1c00-e811-9414-f0921c16b9e5,0.11506849315068493,0.0,41
40,88894b44-1c00-e811-9414-f0921c16b9e5,0.1178082191780822,0.0,42
40,88894b44-1c00-e811-9414-f0921c16b9e5,0.12054794520547946,0.0,43
40,88894b44-1c00-e811-9414-f0921c16b9e5,0.1232876712328767,0.0,44
40,88894b44-1c00-e811-9414-f0921c16b9e5,0.12602739726027398,0.0,45
40,88894b44-1c00-e811-9414-f0921c16b9e5,0.12876712328767123,0.0,46
40,88894b44-1c00-e811-9414-f0921c16b9e5,0.13150684931506848,0.0,47
40,88894b44-1c00-e811-9414-f0921c16b9e5,0.13424657534246576,0.0,48
40,88894b44-1c00-e811-9414-f0921c16b9e5,0.136986301369863,0.0,49
40,88894b44-1c00-e811-9414-f0921c16b9e5,0.13972602739726028,0.0,50
40,88894b44-1c00-e811-9414-f0921c16b9e5,0.14246575342465753,0.0,51
40,88894b44-1c00-e811-9414-f0921c16b9e5,0.14520547945205478,0.0,52
40,88894b44-1c00-e811-9414-f0921c16b9e5,0.14794520547945206,0.0,53
40,88894b44-1c00-e811-9414-f0921c16b9e5,0.1506849315068493,0.0,54
40,88894b44-1c00-e811-9414-f0921c16b9e5,0.15342465753424658,0.0,55
40,88894b44-1c00-e811-9414-f0921c16b9e5,0.15616438356164383,0.0,56
40,88894b44-1c00-e811-9414-f0921c16b9e5,0.1589041095890411,0.0,57
40,88894b44-1c00-e811-9414-f0921c16b9e5,0.16164383561643836,0.0,58
40,88894b44-1c00-e811-9414-f0921c16b9e5,0.1643835616438356,0.0,59
40,88894b44-1c00-e811-9414-f0921c16b9e5,0.16712328767123288,0.0,60
40,88894b44-1c00-e811-9414-f0921c16b9e5,0.16986301369863013,0.0,61
40,88894b44-1c00-e811-9414-f0921c16b9e5,0.1726027397260274,0.0,62
40,88894b44-1c00-e811-9414-f0921c16b9e5,0.17534246575342466,0.0,63
40,88894b44-1c00-e811-9414-f0921c16b9e5,0.1780821917808219,0.0,64
40,88894b44-1c00-e811-9414-f0921c16b9e5,0.18082191780821918,0.0,65
40,88894b44-1c00-e811-9414-f0921c16b9e5,0.18356164383561643,0.0,66
40,88894b44-1c00-e811-9414-f0921c16b9e5,0.1863013698630137,0.0,67
40,88894b44-1c00-e811-9414-f0921c16b9e5,0.18904109589041096,0.0,68
40,88894b44-1c00-e811-9414-f0921c16b9e5,0.1917808219178082,0.0,69
40,88894b44-1c00-e811-9414-f0921c16b9e5,0.19452054794520549,0.0,70
40,88894b44-1c00-e811-9414-f0921c16b9e5,0.19726027397260273,0.0,71
40,88894b44-1c00-e811-9414-f0921c16b9e5,0.2,0.0,72
40,88894b44-1c00-e811-9414-f0921c16b9e5,0.20273972602739726,0.0,73
40,88894b44-1c00-e811-9414-f0921c16b9e5,0.2054794520547945,0.0,74
40,88894b44-1c00-e811-9414-f0921c16b9e5,0.20821917808219179,0.0,75
40,88894b44-1c00-e811-9414-f0921c16b9e5,0.21095890410958903,0.0,76
40,88894b44-1c00-e811-9414-f0921c16b9e5,0.2136986301369863,0.0,77
40,88894b44-1c00-e811-9414-f0921c16b9e5,0.21643835616438356,0.0,78
40,88894b44-1c00-e811-9414-f0921c16b9e5,0.2191780821917808,0.0,79
40,88894b44-1c00-e811-9414-f0921c16b9e5,0.2219178082191781,0.0,80
40,88894b44-1c00-e811-9414-f0921c16b9e5,0.22465753424657534,0.0,81
40,88894b44-1c00-e811-9414-f0921c16b9e5,0.2273972602739726,0.0,82
40,88894b44-1c00-e811-9414-f0921c16b9e5,0.23013698630136986,0.0,83
40,88894b44-1c00-e811-9414-f0921c16b9e5,0.2328767123287671,0.0,84
40,88894b44-1c00-e811-9414-f0921c16b9e5,0.2356164383561644,0.0,85
40,88894b44-1c00-e811-9414-f0921c16b9e5,0.23835616438356164,0.0,86
40,88894b44-1c00-e811-9414-f0921c16b9e5,0.2410958904109589,0.0,87
40,88894b44-1c00-e811-9414-f0921c16b9e5,0.24383561643835616,0.0,88
40,88894b44-1c00-e811-9414-f0921c16b9e5,0.2465753424657534,0.0,89
41,87894b44-1c00-e811-9414-f0921c16b9e5,0.0027397260273972603,0.0,0
41,87894b44-1c00-e811-9414-f0921c16b9e5,0.005479452054794521,0.0005000000237487,1
41,87894b44-1c00-e811-9414-f0921c16b9e5,0.00821917808219178,0.0005000000237487,2
41,87894b44-1c00-e811-9414-f0921c16b9e5,0.010958904109589041,0.0006000000284985,3
41,87894b44-1c00-e811-9414-f0921c16b9e5,0.0136986301369863,0.001300000003539,4
41,87894b44-1c00-e811-9414-f0921c16b9e5,0.01643835616438356,0.002300000051036,5
41,87894b44-1c00-e811-9414-f0921c16b9e5,0.019178082191780823,0.004300000146031,6
41,87894b44-1c00-e811-9414-f0921c16b9e5,0.021917808219178082,0.006599999964237,7
41,87894b44-1c00-e811-9414-f0921c16b9e5,0.024657534246575342,0.01049999985844,8
41,87894b44-1c00-e811-9414-f0921c16b9e5,0.0273972602739726,0.01579999923706,9
41,87894b44-1c00-e811-9414-f0921c16b9e5,0.030136986301369864,0.02439999952912,10
41,87894b44-1c00-e811-9414-f0921c16b9e5,0.03287671232876712,0.03649999946356,11
41,87894b44-1c00-e811-9414-f0921c16b9e5,0.03561643835616438,0.05539999902248,12
41,87894b44-1c00-e811-9414-f0921c16b9e5,0.038356164383561646,0.08200000226498,13
41,87894b44-1c00-e811-9414-f0921c16b9e5,0.0410958904109589,0.1237000003457,14
41,87894b44-1c00-e811-9414-f0921c16b9e5,0.043835616438356165,0.1797000020742,15
41,87894b44-1c00-e811-9414-f0921c16b9e5,0.04657534246575343,0.2529000043869,16
41,87894b44-1c00-e811-9414-f0921c16b9e5,0.049315068493150684,0.3323999941349,17
41,87894b44-1c00-e811-9414-f0921c16b9e5,0.052054794520547946,0.4005999863148,18
41,87894b44-1c00-e811-9414-f0921c16b9e5,0.0547945205479452,0.4587000012398,19
41,87894b44-1c00-e811-9414-f0921c16b9e5,0.057534246575342465,0.4878000020981,20
41,87894b44-1c00-e811-9414-f0921c16b9e5,0.06027397260273973,0.4851999878883,21
41,87894b44-1c00-e811-9414-f0921c16b9e5,0.06301369863013699,0.4632999897003,22
41,87894b44-1c00-e811-9414-f0921c16b9e5,0.06575342465753424,0.4300999939442,23
41,87894b44-1c00-e811-9414-f0921c16b9e5,0.0684931506849315,0.3885000050068,24
41,87894b44-1c00-e811-9414-f0921c16b9e5,0.07123287671232877,0.3476999998093,25
41,87894b44-1c00-e811-9414-f0921c16b9e5,0.07397260273972603,0.3066999912262,26
41,87894b44-1c00-e811-9414-f0921c16b9e5,0.07671232876712329,0.267500013113,27
41,87894b44-1c00-e811-9414-f0921c16b9e5,0.07945205479452055,0.2348999977112,28
41,87894b44-1c00-e811-9414-f0921c16b9e5,0.0821917808219178,0.2037000060081,29
41,87894b44-1c00-e811-9414-f0921c16b9e5,0.08493150684931507,0.1776999980211,30
41,87894b44-1c00-e811-9414-f0921c16b9e5,0.08767123287671233,0.1562000066042,31
41,87894b44-1c00-e811-9414-f0921c16b9e5,0.09041095890410959,0.1386000066996,32
41,87894b44-1c00-e811-9414-f0921c16b9e5,0.09315068493150686,0.1204999983311,33
41,87894b44-1c00-e811-9414-f0921c16b9e5,0.0958904109589041,0.1041999980807,34
41,87894b44-1c00-e811-9414-f0921c16b9e5,0.09863013698630137,0.09059999883175,35
41,87894b44-1c00-e811-9414-f0921c16b9e5,0.10136986301369863,0.07710000127554,36
41,87894b44-1c00-e811-9414-f0921c16b9e5,0.10410958904109589,0.06509999930859,37
41,87894b44-1c00-e811-9414-f0921c16b9e5,0.10684931506849316,0.05779999867082,38
41,87894b44-1c00-e811-9414-f0921c16b9e5,0.1095890410958904,0.0489999987185,39
41,87894b44-1c00-e811-9414-f0921c16b9e5,0.11232876712328767,0.04100000113249,40
41,87894b44-1c00-e811-9414-f0921c16b9e5,0.11506849315068493,0.0359000004828,41
41,87894b44-1c00-e811-9414-f0921c16b9e5,0.1178082191780822,0.03130000084639,42
41,87894b44-1c00-e811-9414-f0921c16b9e5,0.12054794520547946,0.02630000002682,43
41,87894b44-1c00-e811-9414-f0921c16b9e5,0.1232876712328767,0.02380000054836,44
41,87894b44-1c00-e811-9414-f0921c16b9e5,0.12602739726027398,0.02129999920726,45
41,87894b44-1c00-e811-9414-f0921c16b9e5,0.12876712328767123,0.01789999939501,46
41,87894b44-1c00-e811-9414-f0921c16b9e5,0.13150684931506848,0.01510000042617,47
41,87894b44-1c00-e811-9414-f0921c16b9e5,0.13424657534246576,0.01269999984652,48
41,87894b44-1c00-e811-9414-f0921c16b9e5,0.136986301369863,0.01119999960065,49
41,87894b44-1c00-e811-9414-f0921c16b9e5,0.13972602739726028,0.009600000455976,50
41,87894b44-1c00-e811-9414-f0921c16b9e5,0.14246575342465753,0.008100000210106,51
41,87894b44-1c00-e811-9414-f0921c16b9e5,0.14520547945205478,0.006399999838322,52
41,87894b44-1c00-e811-9414-f0921c16b9e5,0.14794520547945206,0.005299999844283,53
41,87894b44-1c00-e811-9414-f0921c16b9e5,0.1506849315068493,0.0046999999322,54
41,87894b44-1c00-e811-9414-f0921c16b9e5,0.15342465753424658,0.004199999850243,55
41,87894b44-1c00-e811-9414-f0921c16b9e5,0.15616438356164383,0.003800000064075,56
41,87894b44-1c00-e811-9414-f0921c16b9e5,0.1589041095890411,0.00359999993816,57
41,87894b44-1c00-e811-9414-f0921c16b9e5,0.16164383561643836,0.003199999919161,58
41,87894b44-1c00-e811-9414-f0921c16b9e5,0.1643835616438356,0.002700000070035,59
41,87894b44-1c00-e811-9414-f0921c16b9e5,0.16712328767123288,0.002000000094995,60
41,87894b44-1c00-e811-9414-f0921c16b9e5,0.16986301369863013,0.001599999959581,61
41,87894b44-1c00-e811-9414-f0921c16b9e5,0.1726027397260274,0.001300000003539,62
41,87894b44-1c00-e811-9414-f0921c16b9e5,0.17534246575342466,0.001200000056997,63
41,87894b44-1c00-e811-9414-f0921c16b9e5,0.1780821917808219,0.0007999999797903,64
41,87894b44-1c00-e811-9414-f0921c16b9e5,0.18082191780821918,0.0006000000284985,65
41,87894b44-1c00-e811-9414-f0921c16b9e5,0.18356164383561643,0.0006000000284985,66
41,87894b44-1c00-e811-9414-f0921c16b9e5,0.1863013698630137,0.0005000000237487,67
41,87894b44-1c00-e811-9414-f0921c16b9e5,0.18904109589041096,0.0005000000237487,68
41,87894b44-1c00-e811-9414-f0921c16b9e5,0.1917808219178082,0.0005000000237487,69
41,87894b44-1c00-e811-9414-f0921c16b9e5,0.19452054794520549,0.0005000000237487,70
41,87894b44-1c00-e811-9414-f0921c16b9e5,0.19726027397260273,0.0003999999898952,71
41,87894b44-1c00-e811-9414-f0921c16b9e5,0.2,0.0003999999898952,72
41,87894b44-1c00-e811-9414-f0921c16b9e5,0.20273972602739726,0.0001999999949476,73
41,87894b44-1c00-e811-9414-f0921c16b9e5,0.2054794520547945,0.0001999999949476,74
41,87894b44-1c00-e811-9414-f0921c16b9e5,0.20821917808219179,0.0001999999949476,75
41,87894b44-1c00-e811-9414-f0921c16b9e5,0.21095890410958903,9.999999747379e-05,76
41,87894b44-1c00-e811-9414-f0921c16b9e5,0.2136986301369863,9.999999747379e-05,77
41,87894b44-1c00-e811-9414-f0921c16b9e5,0.21643835616438356,9.999999747379e-05,78
41,87894b44-1c00-e811-9414-f0921c16b9e5,0.2191780821917808,9.999999747379e-05,79
41,87894b44-1c00-e811-9414-f0921c16b9e5,0.2219178082191781,9.999999747379e-05,80
41,87894b44-1c00-e811-9414-f0921c16b9e5,0.22465753424657534,9.999999747379e-05,81
41,87894b44-1c00-e811-9414-f0921c16b9e5,0.2273972602739726,9.999999747379e-05,82
41,87894b44-1c00-e811-9414-f0921c16b9e5,0.23013698630136986,9.999999747379e-05,83
41,87894b44-1c00-e811-9414-f0921c16b9e5,0.2328767123287671,9.999999747379e-05,84
41,87894b44-1c00-e811-9414-f0921c16b9e5,0.2356164383561644,9.999999747379e-05,85
41,87894b44-1c00-e811-9414-f0921c16b9e5,0.23835616438356164,9.999999747379e-05,86
41,87894b44-1c00-e811-9414-f0921c16b9e5,0.2410958904109589,9.999999747379e-05,87
41,87894b44-1c00-e811-9414-f0921c16b9e5,0.24383561643835616,0.0,88
41,87894b44-1c00-e811-9414-f0921c16b9e5,0.2465753424657534,0.0,89
42,86894b44-1c00-e811-9414-f0921c16b9e5,0.0027397260273972603,0.0,0
42,86894b44-1c00-e811-9414-f0921c16b9e5,0.005479452054794521,0.0003999999898952,1
42,86894b44-1c00-e811-9414-f0921c16b9e5,0.00821917808219178,0.002799999900162,2
42,86894b44-1c00-e811-9414-f0921c16b9e5,0.010958904109589041,0.01630000025034,3
42,86894b44-1c00-e811-9414-f0921c16b9e5,0.0136986301369863,0.089500002563,4
42,86894b44-1c00-e811-9414-f0921c16b9e5,0.01643835616438356,0.407900005579,5
42,86894b44-1c00-e811-9414-f0921c16b9e5,0.019178082191780823,0.7990000247955,6
42,86894b44-1c00-e811-9414-f0921c16b9e5,0.021917808219178082,0.6678000092506,7
42,86894b44-1c00-e811-9414-f0921c16b9e5,0.024657534246575342,0.4993000030518,8
42,86894b44-1c00-e811-9414-f0921c16b9e5,0.0273972602739726,0.375,9
42,86894b44-1c00-e811-9414-f0921c16b9e5,0.030136986301369864,0.2795000076294,10
42,86894b44-1c00-e811-9414-f0921c16b9e5,0.03287671232876712,0.2134000062943,11
42,86894b44-1c00-e811-9414-f0921c16b9e5,0.03561643835616438,0.1607999950647,12
42,86894b44-1c00-e811-9414-f0921c16b9e5,0.038356164383561646,0.1209999993443,13
42,86894b44-1c00-e811-9414-f0921c16b9e5,0.0410958904109589,0.08980000019073,14
42,86894b44-1c00-e811-9414-f0921c16b9e5,0.043835616438356165,0.06729999929667,15
42,86894b44-1c00-e811-9414-f0921c16b9e5,0.04657534246575343,0.0511000007391,16
42,86894b44-1c00-e811-9414-f0921c16b9e5,0.049315068493150684,0.03849999979138,17
42,86894b44-1c00-e811-9414-f0921c16b9e5,0.052054794520547946,0.02869999967515,18
42,86894b44-1c00-e811-9414-f0921c16b9e5,0.0547945205479452,0.02209999971092,19
42,86894b44-1c00-e811-9414-f0921c16b9e5,0.057534246575342465,0.01720000058413,20
42,86894b44-1c00-e811-9414-f0921c16b9e5,0.06027397260273973,0.01250000018626,21
42,86894b44-1c00-e811-9414-f0921c16b9e5,0.06301369863013699,0.009499999694526,22
42,86894b44-1c00-e811-9414-f0921c16b9e5,0.06575342465753424,0.007799999788404,23
42,86894b44-1c00-e811-9414-f0921c16b9e5,0.0684931506849315,0.006099999882281,24
42,86894b44-1c00-e811-9414-f0921c16b9e5,0.07123287671232877,0.003899999894202,25
42,86894b44-1c00-e811-9414-f0921c16b9e5,0.07397260273972603,0.003000000026077,26
42,86894b44-1c00-e811-9414-f0921c16b9e5,0.07671232876712329,0.002000000094995,27
42,86894b44-1c00-e811-9414-f0921c16b9e5,0.07945205479452055,0.001300000003539,28
42,86894b44-1c00-e811-9414-f0921c16b9e5,0.0821917808219178,0.001200000056997,29
42,86894b44-1c00-e811-9414-f0921c16b9e5,0.08493150684931507,0.00089999998454,30
42,86894b44-1c00-e811-9414-f0921c16b9e5,0.08767123287671233,0.0006000000284985,31
42,86894b44-1c00-e811-9414-f0921c16b9e5,0.09041095890410959,0.0003999999898952,32
42,86894b44-1c00-e811-9414-f0921c16b9e5,0.09315068493150686,0.0003000000142492,33
42,86894b44-1c00-e811-9414-f0921c16b9e5,0.0958904109589041,0.0001999999949476,34
42,86894b44-1c00-e811-9414-f0921c16b9e5,0.09863013698630137,0.0001999999949476,35
42,86894b44-1c00-e811-9414-f0921c16b9e5,0.10136986301369863,9.999999747379e-05,36
42,86894b44-1c00-e811-9414-f0921c16b9e5,0.10410958904109589,9.999999747379e-05,37
42,86894b44-1c00-e811-9414-f0921c16b9e5,0.10684931506849316,9.999999747379e-05,38
42,86894b44-1c00-e811-9414-f0921c16b9e5,0.1095890410958904,9.999999747379e-05,39
42,86894b44-1c00-e811-9414-f0921c16b9e5,0.11232876712328767,0.0,40
42,86894b44-1c00-e811-9414-f0921c16b9e5,0.11506849315068493,0.0,41
42,86894b44-1c00-e811-9414-f0921c16b9e5,0.1178082191780822,0.0,42
42,86894b44-1c00-e811-9414-f0921c16b9e5,0.12054794520547946,0.0,43
42,86894b44-1c00-e811-9414-f0921c16b9e5,0.1232876712328767,0.0,44
42,86894b44-1c00-e811-9414-f0921c16b9e5,0.12602739726027398,0.0,45
42,86894b44-1c00-e811-9414-f0921c16b9e5,0.12876712328767123,0.0,46
42,86894b44-1c00-e811-9414-f0921c16b9e5,0.13150684931506848,0.0,47
42,86894b44-1c00-e811-9414-f0921c16b9e5,0.13424657534246576,0.0,48
42,86894b44-1c00-e811-9414-f0921c16b9e5,0.136986301369863,0.0,49
42,86894b44-1c00-e811-9414-f0921c16b9e5,0.13972602739726028,0.0,50
42,86894b44-1c00-e811-9414-f0921c16b9e5,0.14246575342465753,0.0,51
42,86894b44-1c00-e811-9414-f0921c16b9e5,0.14520547945205478,0.0,52
42,86894b44-1c00-e811-9414-f0921c16b9e5,0.14794520547945206,0.0,53
42,86894b44-1c00-e811-9414-f0921c16b9e5,0.1506849315068493,0.0,54
42,86894b44-1c00-e811-9414-f0921c16b9e5,0.15342465753424658,0.0,55
42,86894b44-1c00-e811-9414-f0921c16b9e5,0.15616438356164383,0.0,56
42,86894b44-1c00-e811-9414-f0921c16b9e5,0.1589041095890411,0.0,57
42,86894b44-1c00-e811-9414-f0921c16b9e5,0.16164383561643836,0.0,58
42,86894b44-1c00-e811-9414-f0921c16b9e5,0.1643835616438356,0.0,59
42,86894b44-1c00-e811-9414-f0921c16b9e5,0.16712328767123288,0.0,60
42,86894b44-1c00-e811-9414-f0921c16b9e5,0.16986301369863013,0.0,61
42,86894b44-1c00-e811-9414-f0921c16b9e5,0.1726027397260274,0.0,62
42,86894b44-1c00-e811-9414-f0921c16b9e5,0.17534246575342466,0.0,63
42,86894b44-1c00-e811-9414-f0921c16b9e5,0.1780821917808219,0.0,64
42,86894b44-1c00-e811-9414-f0921c16b9e5,0.18082191780821918,0.0,65
42,86894b44-1c00-e811-9414-f0921c16b9e5,0.18356164383561643,0.0,66
42,86894b44-1c00-e811-9414-f0921c16b9e5,0.1863013698630137,0.0,67
42,86894b44-1c00-e811-9414-f0921c16b9e5,0.18904109589041096,0.0,68
42,86894b44-1c00-e811-9414-f0921c16b9e5,0.1917808219178082,0.0,69
42,86894b44-1c00-e811-9414-f0921c16b9e5,0.19452054794520549,0.0,70
42,86894b44-1c00-e811-9414-f0921c16b9e5,0.19726027397260273,0.0,71
42,86894b44-1c00-e811-9414-f0921c16b9e5,0.2,0.0,72
42,86894b44-1c00-e811-9414-f0921c16b9e5,0.20273972602739726,0.0,73
42,86894b44-1c00-e811-9414-f0921c16b9e5,0.2054794520547945,0.0,74
42,86894b44-1c00-e811-9414-f0921c16b9e5,0.20821917808219179,0.0,75
42,86894b44-1c00-e811-9414-f0921c16b9e5,0.21095890410958903,0.0,76
42,86894b44-1c00-e811-9414-f0921c16b9e5,0.2136986301369863,0.0,77
42,86894b44-1c00-e811-9414-f0921c16b9e5,0.21643835616438356,0.0,78
42,86894b44-1c00-e811-9414-f0921c16b9e5,0.2191780821917808,0.0,79
42,86894b44-1c00-e811-9414-f0921c16b9e5,0.2219178082191781,0.0,80
42,86894b44-1c00-e811-9414-f0921c16b9e5,0.22465753424657534,0.0,81
42,86894b44-1c00-e811-9414-f0921c16b9e5,0.2273972602739726,0.0,82
42,86894b44-1c00-e811-9414-f0921c16b9e5,0.23013698630136986,0.0,83
42,86894b44-1c00-e811-9414-f0921c16b9e5,0.2328767123287671,0.0,84
42,86894b44-1c00-e811-9414-f0921c16b9e5,0.2356164383561644,0.0,85
42,86894b44-1c00-e811-9414-f0921c16b9e5,0.23835616438356164,0.0,86
42,86894b44-1c00-e811-9414-f0921c16b9e5,0.2410958904109589,0.0,87
42,86894b44-1c00-e811-9414-f0921c16b9e5,0.24383561643835616,0.0,88
42,86894b44-1c00-e811-9414-f0921c16b9e5,0.2465753424657534,0.0,89
43,85894b44-1c00-e811-9414-f0921c16b9e5,0.0027397260273972603,0.0,0
43,85894b44-1c00-e811-9414-f0921c16b9e5,0.005479452054794521,0.0005000000237487,1
43,85894b44-1c00-e811-9414-f0921c16b9e5,0.00821917808219178,0.0006000000284985,2
43,85894b44-1c00-e811-9414-f0921c16b9e5,0.010958904109589041,0.001000000047497,3
43,85894b44-1c00-e811-9414-f0921c16b9e5,0.0136986301369863,0.001300000003539,4
43,85894b44-1c00-e811-9414-f0921c16b9e5,0.01643835616438356,0.002499999944121,5
43,85894b44-1c00-e811-9414-f0921c16b9e5,0.019178082191780823,0.004499999806285,6
43,85894b44-1c00-e811-9414-f0921c16b9e5,0.021917808219178082,0.008500000461936,7
43,85894b44-1c00-e811-9414-f0921c16b9e5,0.024657534246575342,0.01590000092983,8
43,85894b44-1c00-e811-9414-f0921c16b9e5,0.0273972602739726,0.02529999986291,9
43,85894b44-1c00-e811-9414-f0921c16b9e5,0.030136986301369864,0.0417999997735,10
43,85894b44-1c00-e811-9414-f0921c16b9e5,0.03287671232876712,0.06639999896288,11
43,85894b44-1c00-e811-9414-f0921c16b9e5,0.03561643835616438,0.1059999987483,12
43,85894b44-1c00-e811-9414-f0921c16b9e5,0.038356164383561646,0.172499999404,13
43,85894b44-1c00-e811-9414-f0921c16b9e5,0.0410958904109589,0.2506999969482,14
43,85894b44-1c00-e811-9414-f0921c16b9e5,0.043835616438356165,0.3427999913692,15
43,85894b44-1c00-e811-9414-f0921c16b9e5,0.04657534246575343,0.4201000034809,16
43,85894b44-1c00-e811-9414-f0921c16b9e5,0.049315068493150684,0.4638999998569,17
43,85894b44-1c00-e811-9414-f0921c16b9e5,0.052054794520547946,0.4715999960899,18
43,85894b44-1c00-e811-9414-f0921c16b9e5,0.0547945205479452,0.4458999931812,19
43,85894b44-1c00-e811-9414-f0921c16b9e5,0.057534246575342465,0.4058000147343,20
43,85894b44-1c00-e811-9414-f0921c16b9e5,0.06027397260273973,0.3524000048637,21
43,85894b44-1c00-e811-9414-f0921c16b9e5,0.06301369863013699,0.2976999878883,22
43,85894b44-1c00-e811-9414-f0921c16b9e5,0.06575342465753424,0.2547000050545,23
43,85894b44-1c00-e811-9414-f0921c16b9e5,0.0684931506849315,0.2129999995232,24
43,85894b44-1c00-e811-9414-f0921c16b9e5,0.07123287671232877,0.1783999949694,25
43,85894b44-1c00-e811-9414-f0921c16b9e5,0.07397260273972603,0.151800006628,26
43,85894b44-1c00-e811-9414-f0921c16b9e5,0.07671232876712329,0.1263000071049,27
43,85894b44-1c00-e811-9414-f0921c16b9e5,0.07945205479452055,0.1022000014782,28
43,85894b44-1c00-e811-9414-f0921c16b9e5,0.0821917808219178,0.08519999682903,29
43,85894b44-1c00-e811-9414-f0921c16b9e5,0.08493150684931507,0.07190000265837,30
43,85894b44-1c00-e811-9414-f0921c16b9e5,0.08767123287671233,0.06060000136495,31
43,85894b44-1c00-e811-9414-f0921c16b9e5,0.09041095890410959,0.05130000039935,32
43,85894b44-1c00-e811-9414-f0921c16b9e5,0.09315068493150686,0.04360000044107,33
43,85894b44-1c00-e811-9414-f0921c16b9e5,0.0958904109589041,0.03739999979734,34
43,85894b44-1c00-e811-9414-f0921c16b9e5,0.09863013698630137,0.03150000050664,35
43,85894b44-1c00-e811-9414-f0921c16b9e5,0.10136986301369863,0.02630000002682,36
43,85894b44-1c00-e811-9414-f0921c16b9e5,0.10410958904109589,0.02270000055432,37
43,85894b44-1c00-e811-9414-f0921c16b9e5,0.10684931506849316,0.01889999955893,38
43,85894b44-1c00-e811-9414-f0921c16b9e5,0.1095890410958904,0.01559999957681,39
43,85894b44-1c00-e811-9414-f0921c16b9e5,0.11232876712328767,0.01269999984652,40
43,85894b44-1c00-e811-9414-f0921c16b9e5,0.11506849315068493,0.01009999960661,41
43,85894b44-1c00-e811-9414-f0921c16b9e5,0.1178082191780822,0.00829999987036,42
43,85894b44-1c00-e811-9414-f0921c16b9e5,0.12054794520547946,0.006800000090152,43
43,85894b44-1c00-e811-9414-f0921c16b9e5,0.1232876712328767,0.005299999844283,44
43,85894b44-1c00-e811-9414-f0921c16b9e5,0.12602739726027398,0.004300000146031,45
43,85894b44-1c00-e811-9414-f0921c16b9e5,0.12876712328767123,0.00400000018999,46
43,85894b44-1c00-e811-9414-f0921c16b9e5,0.13150684931506848,0.003000000026077,47
43,85894b44-1c00-e811-9414-f0921c16b9e5,0.13424657534246576,0.002499999944121,48
43,85894b44-1c00-e811-9414-f0921c16b9e5,0.136986301369863,0.00179999996908,49
43,85894b44-1c00-e811-9414-f0921c16b9e5,0.13972602739726028,0.001300000003539,50
43,85894b44-1c00-e811-9414-f0921c16b9e5,0.14246575342465753,0.0006999999750406,51
43,85894b44-1c00-e811-9414-f0921c16b9e5,0.14520547945205478,0.0005000000237487,52
43,85894b44-1c00-e811-9414-f0921c16b9e5,0.14794520547945206,0.0003000000142492,53
43,85894b44-1c00-e811-9414-f0921c16b9e5,0.1506849315068493,0.0003000000142492,54
43,85894b44-1c00-e811-9414-f0921c16b9e5,0.15342465753424658,0.0001999999949476,55
43,85894b44-1c00-e811-9414-f0921c16b9e5,0.15616438356164383,9.999999747379e-05,56
43,85894b44-1c00-e811-9414-f0921c16b9e5,0.1589041095890411,9.999999747379e-05,57
43,85894b44-1c00-e811-9414-f0921c16b9e5,0.16164383561643836,9.999999747379e-05,58
43,85894b44-1c00-e811-9414-f0921c16b9e5,0.1643835616438356,0.0,59
43,85894b44-1c00-e811-9414-f0921c16b9e5,0.16712328767123288,0.0,60
43,85894b44-1c00-e811-9414-f0921c16b9e5,0.16986301369863013,0.0,61
43,85894b44-1c00-e811-9414-f0921c16b9e5,0.1726027397260274,0.0,62
43,85894b44-1c00-e811-9414-f0921c16b9e5,0.17534246575342466,0.0,63
43,85894b44-1c00-e811-9414-f0921c16b9e5,0.1780821917808219,0.0,64
43,85894b44-1c00-e811-9414-f0921c16b9e5,0.18082191780821918,0.0,65
43,85894b44-1c00-e811-9414-f0921c16b9e5,0.18356164383561643,0.0,66
43,85894b44-1c00-e811-9414-f0921c16b9e5,0.1863013698630137,0.0,67
43,85894b44-1c00-e811-9414-f0921c16b9e5,0.18904109589041096,0.0,68
43,85894b44-1c00-e811-9414-f0921c16b9e5,0.1917808219178082,0.0,69
43,85894b44-1c00-e811-9414-f0921c16b9e5,0.19452054794520549,0.0,70
43,85894b44-1c00-e811-9414-f0921c16b9e5,0.19726027397260273,0.0,71
43,85894b44-1c00-e811-9414-f0921c16b9e5,0.2,0.0,72
43,85894b44-1c00-e811-9414-f0921c16b9e5,0.20273972602739726,0.0,73
43,85894b44-1c00-e811-9414-f0921c16b9e5,0.2054794520547945,0.0,74
43,85894b44-1c00-e811-9414-f0921c16b9e5,0.20821917808219179,0.0,75
43,85894b44-1c00-e811-9414-f0921c16b9e5,0.21095890410958903,0.0,76
43,85894b44-1c00-e811-9414-f0921c16b9e5,0.2136986301369863,0.0,77
43,85894b44-1c00-e811-9414-f0921c16b9e5,0.21643835616438356,0.0,78
43,85894b44-1c00-e811-9414-f0921c16b9e5,0.2191780821917808,0.0,79
43,85894b44-1c00-e811-9414-f0921c16b9e5,0.2219178082191781,0.0,80
43,85894b44-1c00-e811-9414-f0921c16b9e5,0.22465753424657534,0.0,81
43,85894b44-1c00-e811-9414-f0921c16b9e5,0.2273972602739726,0.0,82
43,85894b44-1c00-e811-9414-f0921c16b9e5,0.23013698630136986,0.0,83
43,85894b44-1c00-e811-9414-f0921c16b9e5,0.2328767123287671,0.0,84
43,85894b44-1c00-e811-9414-f0921c16b9e5,0.2356164383561644,0.0,85
43,85894b44-1c00-e811-9414-f0921c16b9e5,0.23835616438356164,0.0,86
43,85894b44-1c00-e811-9414-f0921c16b9e5,0.2410958904109589,0.0,87
43,85894b44-1c00-e811-9414-f0921c16b9e5,0.24383561643835616,0.0,88
43,85894b44-1c00-e811-9414-f0921c16b9e5,0.2465753424657534,0.0,89
44,84894b44-1c00-e811-9414-f0921c16b9e5,0.0027397260273972603,0.0,0
44,84894b44-1c00-e811-9414-f0921c16b9e5,0.005479452054794521,0.0006000000284985,1
44,84894b44-1c00-e811-9414-f0921c16b9e5,0.00821917808219178,0.0006999999750406,2
44,84894b44-1c00-e811-9414-f0921c16b9e5,0.010958904109589041,0.001700000022538,3
44,84894b44-1c00-e811-9414-f0921c16b9e5,0.0136986301369863,0.002300000051036,4
44,84894b44-1c00-e811-9414-f0921c16b9e5,0.01643835616438356,0.003199999919161,5
44,84894b44-1c00-e811-9414-f0921c16b9e5,0.019178082191780823,0.004800000227988,6
44,84894b44-1c00-e811-9414-f0921c16b9e5,0.021917808219178082,0.008100000210106,7
44,84894b44-1c00-e811-9414-f0921c16b9e5,0.024657534246575342,0.01250000018626,8
44,84894b44-1c00-e811-9414-f0921c16b9e5,0.0273972602739726,0.01960000023246,9
44,84894b44-1c00-e811-9414-f0921c16b9e5,0.030136986301369864,0.02930000051856,10
44,84894b44-1c00-e811-9414-f0921c16b9e5,0.03287671232876712,0.04710000008345,11
44,84894b44-1c00-e811-9414-f0921c16b9e5,0.03561643835616438,0.06920000165701,12
44,84894b44-1c00-e811-9414-f0921c16b9e5,0.038356164383561646,0.1053000018001,13
44,84894b44-1c00-e811-9414-f0921c16b9e5,0.0410958904109589,0.1397999972105,14
44,84894b44-1c00-e811-9414-f0921c16b9e5,0.043835616438356165,0.1858000010252,15
44,84894b44-1c00-e811-9414-f0921c16b9e5,0.04657534246575343,0.2318000048399,16
44,84894b44-1c00-e811-9414-f0921c16b9e5,0.049315068493150684,0.256500005722,17
44,84894b44-1c00-e811-9414-f0921c16b9e5,0.052054794520547946,0.2606999874115,18
44,84894b44-1c00-e811-9414-f0921c16b9e5,0.0547945205479452,0.2493000030518,19
44,84894b44-1c00-e811-9414-f0921c16b9e5,0.057534246575342465,0.2201000005007,20
44,84894b44-1c00-e811-9414-f0921c16b9e5,0.06027397260273973,0.1847999989986,21
44,84894b44-1c00-e811-9414-f0921c16b9e5,0.06301369863013699,0.1511999964714,22
44,84894b44-1c00-e811-9414-f0921c16b9e5,0.06575342465753424,0.1169999986887,23
44,84894b44-1c00-e811-9414-f0921c16b9e5,0.0684931506849315,0.08550000190735,24
44,84894b44-1c00-e811-9414-f0921c16b9e5,0.07123287671232877,0.06599999964237,25
44,84894b44-1c00-e811-9414-f0921c16b9e5,0.07397260273972603,0.04809999838471,26
44,84894b44-1c00-e811-9414-f0921c16b9e5,0.07671232876712329,0.03640000149608,27
44,84894b44-1c00-e811-9414-f0921c16b9e5,0.07945205479452055,0.02759999968112,28
44,84894b44-1c00-e811-9414-f0921c16b9e5,0.0821917808219178,0.02129999920726,29
44,84894b44-1c00-e811-9414-f0921c16b9e5,0.08493150684931507,0.01530000008643,30
44,84894b44-1c00-e811-9414-f0921c16b9e5,0.08767123287671233,0.009499999694526,31
44,84894b44-1c00-e811-9414-f0921c16b9e5,0.09041095890410959,0.00829999987036,32
44,84894b44-1c00-e811-9414-f0921c16b9e5,0.09315068493150686,0.006800000090152,33
44,84894b44-1c00-e811-9414-f0921c16b9e5,0.0958904109589041,0.005799999926239,34
44,84894b44-1c00-e811-9414-f0921c16b9e5,0.09863013698630137,0.005200000014156,35
44,84894b44-1c00-e811-9414-f0921c16b9e5,0.10136986301369863,0.00359999993816,36
44,84894b44-1c00-e811-9414-f0921c16b9e5,0.10410958904109589,0.002799999900162,37
44,84894b44-1c00-e811-9414-f0921c16b9e5,0.10684931506849316,0.00179999996908,38
44,84894b44-1c00-e811-9414-f0921c16b9e5,0.1095890410958904,0.001399999950081,39
44,84894b44-1c00-e811-9414-f0921c16b9e5,0.11232876712328767,0.0005000000237487,40
44,84894b44-1c00-e811-9414-f0921c16b9e5,0.11506849315068493,0.0003999999898952,41
44,84894b44-1c00-e811-9414-f0921c16b9e5,0.1178082191780822,0.0001999999949476,42
44,84894b44-1c00-e811-9414-f0921c16b9e5,0.12054794520547946,9.999999747379e-05,43
44,84894b44-1c00-e811-9414-f0921c16b9e5,0.1232876712328767,9.999999747379e-05,44
44,84894b44-1c00-e811-9414-f0921c16b9e5,0.12602739726027398,9.999999747379e-05,45
44,84894b44-1c00-e811-9414-f0921c16b9e5,0.12876712328767123,9.999999747379e-05,46
44,84894b44-1c00-e811-9414-f0921c16b9e5,0.13150684931506848,9.999999747379e-05,47
44,84894b44-1c00-e811-9414-f0921c16b9e5,0.13424657534246576,0.0,48
44,84894b44-1c00-e811-9414-f0921c16b9e5,0.136986301369863,0.0,49
44,84894b44-1c00-e811-9414-f0921c16b9e5,0.13972602739726028,0.0,50
44,84894b44-1c00-e811-9414-f0921c16b9e5,0.14246575342465753,0.0,51
44,84894b44-1c00-e811-9414-f0921c16b9e5,0.14520547945205478,0.0,52
44,84894b44-1c00-e811-9414-f0921c16b9e5,0.14794520547945206,0.0,53
44,84894b44-1c00-e811-9414-f0921c16b9e5,0.1506849315068493,0.0,54
44,84894b44-1c00-e811-9414-f0921c16b9e5,0.15342465753424658,0.0,55
44,84894b44-1c00-e811-9414-f0921c16b9e5,0.15616438356164383,0.0,56
44,84894b44-1c00-e811-9414-f0921c16b9e5,0.1589041095890411,0.0,57
44,84894b44-1c00-e811-9414-f0921c16b9e5,0.16164383561643836,0.0,58
44,84894b44-1c00-e811-9414-f0921c16b9e5,0.1643835616438356,0.0,59
44,84894b44-1c00-e811-9414-f0921c16b9e5,0.16712328767123288,0.0,60
44,84894b44-1c00-e811-9414-f0921c16b9e5,0.16986301369863013,0.0,61
44,84894b44-1c00-e811-9414-f0921c16b9e5,0.1726027397260274,0.0,62
44,84894b44-1c00-e811-9414-f0921c16b9e5,0.17534246575342466,0.0,63
44,84894b44-1c00-e811-9414-f0921c16b9e5,0.1780821917808219,0.0,64
44,84894b44-1c00-e811-9414-f0921c16b9e5,0.18082191780821918,0.0,65
44,84894b44-1c00-e811-9414-f0921c16b9e5,0.18356164383561643,0.0,66
44,84894b44-1c00-e811-9414-f0921c16b9e5,0.1863013698630137,0.0,67
44,84894b44-1c00-e811-9414-f0921c16b9e5,0.18904109589041096,0.0,68
44,84894b44-1c00-e811-9414-f0921c16b9e5,0.1917808219178082,0.0,69
44,84894b44-1c00-e811-9414-f0921c16b9e5,0.19452054794520549,0.0,70
44,84894b44-1c00-e811-9414-f0921c16b9e5,0.19726027397260273,0.0,71
44,84894b44-1c00-e811-9414-f0921c16b9e5,0.2,0.0,72
44,84894b44-1c00-e811-9414-f0921c16b9e5,0.20273972602739726,0.0,73
44,84894b44-1c00-e811-9414-f0921c16b9e5,0.2054794520547945,0.0,74
44,84894b44-1c00-e811-9414-f0921c16b9e5,0.20821917808219179,0.0,75
44,84894b44-1c00-e811-9414-f0921c16b9e5,0.21095890410958903,0.0,76
44,84894b44-1c00-e811-9414-f0921c16b9e5,0.2136986301369863,0.0,77
44,84894b44-1c00-e811-9414-f0921c16b9e5,0.21643835616438356,0.0,78
44,84894b44-1c00-e811-9414-f0921c16b9e5,0.2191780821917808,0.0,79
44,84894b44-1c00-e811-9414-f0921c16b9e5,0.2219178082191781,0.0,80
44,84894b44-1c00-e811-9414-f0921c16b9e5,0.22465753424657534,0.0,81
44,84894b44-1c00-e811-9414-f0921c16b9e5,0.2273972602739726,0.0,82
44,84894b44-1c00-e811-9414-f0921c16b9e5,0.23013698630136986,0.0,83
44,84894b44-1c00-e811-9414-f0921c16b9e5,0.2328767123287671,0.0,84
44,84894b44-1c00-e811-9414-f0921c16b9e5,0.2356164383561644,0.0,85
44,84894b44-1c00-e811-9414-f0921c16b9e5,0.23835616438356164,0.0,86
44,84894b44-1c00-e811-9414-f0921c16b9e5,0.2410958904109589,0.0,87
44,84894b44-1c00-e811-9414-f0921c16b9e5,0.24383561643835616,0.0,88
44,84894b44-1c00-e811-9414-f0921c16b9e5,0.2465753424657534,0.0,89
45,83894b44-1c00-e811-9414-f0921c16b9e5,0.0027397260273972603,0.0,0
45,83894b44-1c00-e811-9414-f0921c16b9e5,0.005479452054794521,0.0005000000237487,1
45,83894b44-1c00-e811-9414-f0921c16b9e5,0.00821917808219178,0.0006999999750406,2
45,83894b44-1c00-e811-9414-f0921c16b9e5,0.010958904109589041,0.001399999950081,3
45,83894b44-1c00-e811-9414-f0921c16b9e5,0.0136986301369863,0.003299999982119,4
45,83894b44-1c00-e811-9414-f0921c16b9e5,0.01643835616438356,0.00719999987632,5
45,83894b44-1c00-e811-9414-f0921c16b9e5,0.019178082191780823,0.01480000000447,6
45,83894b44-1c00-e811-9414-f0921c16b9e5,0.021917808219178082,0.03089999966323,7
45,83894b44-1c00-e811-9414-f0921c16b9e5,0.024657534246575342,0.06179999932647,8
45,83894b44-1c00-e811-9414-f0921c16b9e5,0.0273972602739726,0.1199999973178,9
45,83894b44-1c00-e811-9414-f0921c16b9e5,0.030136986301369864,0.2180999964476,10
45,83894b44-1c00-e811-9414-f0921c16b9e5,0.03287671232876712,0.3456999957561,11
45,83894b44-1c00-e811-9414-f0921c16b9e5,0.03561643835616438,0.478100001812,12
45,83894b44-1c00-e811-9414-f0921c16b9e5,0.038356164383561646,0.5469999909401,13
45,83894b44-1c00-e811-9414-f0921c16b9e5,0.0410958904109589,0.5321999788284,14
45,83894b44-1c00-e811-9414-f0921c16b9e5,0.043835616438356165,0.4821000099182,15
45,83894b44-1c00-e811-9414-f0921c16b9e5,0.04657534246575343,0.4088000059128,16
45,83894b44-1c00-e811-9414-f0921c16b9e5,0.049315068493150684,0.3393999934196,17
45,83894b44-1c00-e811-9414-f0921c16b9e5,0.052054794520547946,0.2737999856472,18
45,83894b44-1c00-e811-9414-f0921c16b9e5,0.0547945205479452,0.2213999927044,19
45,83894b44-1c00-e811-9414-f0921c16b9e5,0.057534246575342465,0.1759999990463,20
45,83894b44-1c00-e811-9414-f0921c16b9e5,0.06027397260273973,0.1411000043154,21
45,83894b44-1c00-e811-9414-f0921c16b9e5,0.06301369863013699,0.1146000027657,22
45,83894b44-1c00-e811-9414-f0921c16b9e5,0.06575342465753424,0.09099999815226,23
45,83894b44-1c00-e811-9414-f0921c16b9e5,0.0684931506849315,0.07289999723434,24
45,83894b44-1c00-e811-9414-f0921c16b9e5,0.07123287671232877,0.05710000172257,25
45,83894b44-1c00-e811-9414-f0921c16b9e5,0.07397260273972603,0.04659999907017,26
45,83894b44-1c00-e811-9414-f0921c16b9e5,0.07671232876712329,0.03599999845028,27
45,83894b44-1c00-e811-9414-f0921c16b9e5,0.07945205479452055,0.02910000085831,28
45,83894b44-1c00-e811-9414-f0921c16b9e5,0.0821917808219178,0.02390000037849,29
45,83894b44-1c00-e811-9414-f0921c16b9e5,0.08493150684931507,0.01899999938905,30
45,83894b44-1c00-e811-9414-f0921c16b9e5,0.08767123287671233,0.01549999974668,31
45,83894b44-1c00-e811-9414-f0921c16b9e5,0.09041095890410959,0.01169999968261,32
45,83894b44-1c00-e811-9414-f0921c16b9e5,0.09315068493150686,0.009200000204146,33
45,83894b44-1c00-e811-9414-f0921c16b9e5,0.0958904109589041,0.007400000002235,34
45,83894b44-1c00-e811-9414-f0921c16b9e5,0.09863013698630137,0.00650000013411,35
45,83894b44-1c00-e811-9414-f0921c16b9e5,0.10136986301369863,0.004900000058115,36
45,83894b44-1c00-e811-9414-f0921c16b9e5,0.10410958904109589,0.003400000045076,37
45,83894b44-1c00-e811-9414-f0921c16b9e5,0.10684931506849316,0.002600000007078,38
45,83894b44-1c00-e811-9414-f0921c16b9e5,0.1095890410958904,0.002499999944121,39
45,83894b44-1c00-e811-9414-f0921c16b9e5,0.11232876712328767,0.001900000032037,40
45,83894b44-1c00-e811-9414-f0921c16b9e5,0.11506849315068493,0.001700000022538,41
45,83894b44-1c00-e811-9414-f0921c16b9e5,0.1178082191780822,0.001500000013039,42
45,83894b44-1c00-e811-9414-f0921c16b9e5,0.12054794520547946,0.001399999950081,43
45,83894b44-1c00-e811-9414-f0921c16b9e5,0.1232876712328767,0.001300000003539,44
45,83894b44-1c00-e811-9414-f0921c16b9e5,0.12602739726027398,0.001200000056997,45
45,83894b44-1c00-e811-9414-f0921c16b9e5,0.12876712328767123,0.001000000047497,46
45,83894b44-1c00-e811-9414-f0921c16b9e5,0.13150684931506848,0.0007999999797903,47
45,83894b44-1c00-e811-9414-f0921c16b9e5,0.13424657534246576,0.0006000000284985,48
45,83894b44-1c00-e811-9414-f0921c16b9e5,0.136986301369863,0.0005000000237487,49
45,83894b44-1c00-e811-9414-f0921c16b9e5,0.13972602739726028,0.0005000000237487,50
45,83894b44-1c00-e811-9414-f0921c16b9e5,0.14246575342465753,0.0003000000142492,51
45,83894b44-1c00-e811-9414-f0921c16b9e5,0.14520547945205478,0.0001999999949476,52
45,83894b44-1c00-e811-9414-f0921c16b9e5,0.14794520547945206,0.0001999999949476,53
45,83894b44-1c00-e811-9414-f0921c16b9e5,0.1506849315068493,0.0001999999949476,54
45,83894b44-1c00-e811-9414-f0921c16b9e5,0.15342465753424658,9.999999747379e-05,55
45,83894b44-1c00-e811-9414-f0921c16b9e5,0.15616438356164383,9.999999747379e-05,56
45,83894b44-1c00-e811-9414-f0921c16b9e5,0.1589041095890411,0.0,57
45,83894b44-1c00-e811-9414-f0921c16b9e5,0.16164383561643836,0.0,58
45,83894b44-1c00-e811-9414-f0921c16b9e5,0.1643835616438356,0.0,59
45,83894b44-1c00-e811-9414-f0921c16b9e5,0.16712328767123288,0.0,60
45,83894b44-1c00-e811-9414-f0921c16b9e5,0.16986301369863013,0.0,61
45,83894b44-1c00-e811-9414-f0921c16b9e5,0.1726027397260274,0.0,62
45,83894b44-1c00-e811-9414-f0921c16b9e5,0.17534246575342466,0.0,63
45,83894b44-1c00-e811-9414-f0921c16b9e5,0.1780821917808219,0.0,64
45,83894b44-1c00-e811-9414-f0921c16b9e5,0.18082191780821918,0.0,65
45,83894b44-1c00-e811-9414-f0921c16b9e5,0.18356164383561643,0.0,66
45,83894b44-1c00-e811-9414-f0921c16b9e5,0.1863013698630137,0.0,67
45,83894b44-1c00-e811-9414-f0921c16b9e5,0.18904109589041096,0.0,68
45,83894b44-1c00-e811-9414-f0921c16b9e5,0.1917808219178082,0.0,69
45,83894b44-1c00-e811-9414-f0921c16b9e5,0.19452054794520549,0.0,70
45,83894b44-1c00-e811-9414-f0921c16b9e5,0.19726027397260273,0.0,71
45,83894b44-1c00-e811-9414-f0921c16b9e5,0.2,0.0,72
45,83894b44-1c00-e811-9414-f0921c16b9e5,0.20273972602739726,0.0,73
45,83894b44-1c00-e811-9414-f0921c16b9e5,0.2054794520547945,0.0,74
45,83894b44-1c00-e811-9414-f0921c16b9e5,0.20821917808219179,0.0,75
45,83894b44-1c00-e811-9414-f0921c16b9e5,0.21095890410958903,0.0,76
45,83894b44-1c00-e811-9414-f0921c16b9e5,0.2136986301369863,0.0,77
45,83894b44-1c00-e811-9414-f0921c16b9e5,0.21643835616438356,0.0,78
45,83894b44-1c00-e811-9414-f0921c16b9e5,0.2191780821917808,0.0,79
45,83894b44-1c00-e811-9414-f0921c16b9e5,0.2219178082191781,0.0,80
45,83894b44-1c00-e811-9414-f0921c16b9e5,0.22465753424657534,0.0,81
45,83894b44-1c00-e811-9414-f0921c16b9e5,0.2273972602739726,0.0,82
45,83894b44-1c00-e811-9414-f0921c16b9e5,0.23013698630136986,0.0,83
45,83894b44-1c00-e811-9414-f0921c16b9e5,0.2328767123287671,0.0,84
45,83894b44-1c00-e811-9414-f0921c16b9e5,0.2356164383561644,0.0,85
45,83894b44-1c00-e811-9414-f0921c16b9e5,0.23835616438356164,0.0,86
45,83894b44-1c00-e811-9414-f0921c16b9e5,0.2410958904109589,0.0,87
45,83894b44-1c00-e811-9414-f0921c16b9e5,0.24383561643835616,0.0,88
45,83894b44-1c00-e811-9414-f0921c16b9e5,0.2465753424657534,0.0,89
46,82894b44-1c00-e811-9414-f0921c16b9e5,0.0027397260273972603,0.0,0
46,82894b44-1c00-e811-9414-f0921c16b9e5,0.005479452054794521,0.0003999999898952,1
46,82894b44-1c00-e811-9414-f0921c16b9e5,0.00821917808219178,0.00109999999404,2
46,82894b44-1c00-e811-9414-f0921c16b9e5,0.010958904109589041,0.002000000094995,3
46,82894b44-1c00-e811-9414-f0921c16b9e5,0.0136986301369863,0.004399999976158,4
46,82894b44-1c00-e811-9414-f0921c16b9e5,0.01643835616438356,0.009200000204146,5
46,82894b44-1c00-e811-9414-f0921c16b9e5,0.019178082191780823,0.021099999547,6
46,82894b44-1c00-e811-9414-f0921c16b9e5,0.021917808219178082,0.04600000008941,7
46,82894b44-1c00-e811-9414-f0921c16b9e5,0.024657534246575342,0.08980000019073,8
46,82894b44-1c00-e811-9414-f0921c16b9e5,0.0273972602739726,0.1710000038147,9
46,82894b44-1c00-e811-9414-f0921c16b9e5,0.030136986301369864,0.2861000001431,10
46,82894b44-1c00-e811-9414-f0921c16b9e5,0.03287671232876712,0.4217000007629,11
46,82894b44-1c00-e811-9414-f0921c16b9e5,0.03561643835616438,0.5088000297546,12
46,82894b44-1c00-e811-9414-f0921c16b9e5,0.038356164383561646,0.5038999915123,13
46,82894b44-1c00-e811-9414-f0921c16b9e5,0.0410958904109589,0.4375999867916,14
46,82894b44-1c00-e811-9414-f0921c16b9e5,0.043835616438356165,0.3591000139713,15
46,82894b44-1c00-e811-9414-f0921c16b9e5,0.04657534246575343,0.2867999970913,16
46,82894b44-1c00-e811-9414-f0921c16b9e5,0.049315068493150684,0.2247000038624,17
46,82894b44-1c00-e811-9414-f0921c16b9e5,0.052054794520547946,0.1730999946594,18
46,82894b44-1c00-e811-9414-f0921c16b9e5,0.0547945205479452,0.1339000016451,19
46,82894b44-1c00-e811-9414-f0921c16b9e5,0.057534246575342465,0.1010000035167,20
46,82894b44-1c00-e811-9414-f0921c16b9e5,0.06027397260273973,0.07739999890327,21
46,82894b44-1c00-e811-9414-f0921c16b9e5,0.06301369863013699,0.05799999833107,22
46,82894b44-1c00-e811-9414-f0921c16b9e5,0.06575342465753424,0.04280000180006,23
46,82894b44-1c00-e811-9414-f0921c16b9e5,0.0684931506849315,0.03220000118017,24
46,82894b44-1c00-e811-9414-f0921c16b9e5,0.07123287671232877,0.02419999986887,25
46,82894b44-1c00-e811-9414-f0921c16b9e5,0.07397260273972603,0.01750000007451,26
46,82894b44-1c00-e811-9414-f0921c16b9e5,0.07671232876712329,0.01269999984652,27
46,82894b44-1c00-e811-9414-f0921c16b9e5,0.07945205479452055,0.009999999776483,28
46,82894b44-1c00-e811-9414-f0921c16b9e5,0.0821917808219178,0.007699999958277,29
46,82894b44-1c00-e811-9414-f0921c16b9e5,0.08493150684931507,0.006099999882281,30
46,82894b44-1c00-e811-9414-f0921c16b9e5,0.08767123287671233,0.004300000146031,31
46,82894b44-1c00-e811-9414-f0921c16b9e5,0.09041095890410959,0.003299999982119,32
46,82894b44-1c00-e811-9414-f0921c16b9e5,0.09315068493150686,0.002700000070035,33
46,82894b44-1c00-e811-9414-f0921c16b9e5,0.0958904109589041,0.002000000094995,34
46,82894b44-1c00-e811-9414-f0921c16b9e5,0.09863013698630137,0.001599999959581,35
46,82894b44-1c00-e811-9414-f0921c16b9e5,0.10136986301369863,0.001300000003539,36
46,82894b44-1c00-e811-9414-f0921c16b9e5,0.10410958904109589,0.001000000047497,37
46,82894b44-1c00-e811-9414-f0921c16b9e5,0.10684931506849316,0.0007999999797903,38
46,82894b44-1c00-e811-9414-f0921c16b9e5,0.1095890410958904,0.0006999999750406,39
46,82894b44-1c00-e811-9414-f0921c16b9e5,0.11232876712328767,0.0006000000284985,40
46,82894b44-1c00-e811-9414-f0921c16b9e5,0.11506849315068493,0.0005000000237487,41
46,82894b44-1c00-e811-9414-f0921c16b9e5,0.1178082191780822,0.0003999999898952,42
46,82894b44-1c00-e811-9414-f0921c16b9e5,0.12054794520547946,0.0003999999898952,43
46,82894b44-1c00-e811-9414-f0921c16b9e5,0.1232876712328767,0.0003999999898952,44
46,82894b44-1c00-e811-9414-f0921c16b9e5,0.12602739726027398,0.0003000000142492,45
46,82894b44-1c00-e811-9414-f0921c16b9e5,0.12876712328767123,0.0003000000142492,46
46,82894b44-1c00-e811-9414-f0921c16b9e5,0.13150684931506848,0.0001999999949476,47
46,82894b44-1c00-e811-9414-f0921c16b9e5,0.13424657534246576,0.0001999999949476,48
46,82894b44-1c00-e811-9414-f0921c16b9e5,0.136986301369863,0.0001999999949476,49
46,82894b44-1c00-e811-9414-f0921c16b9e5,0.13972602739726028,0.0001999999949476,50
46,82894b44-1c00-e811-9414-f0921c16b9e5,0.14246575342465753,0.0001999999949476,51
46,82894b44-1c00-e811-9414-f0921c16b9e5,0.14520547945205478,0.0001999999949476,52
46,82894b44-1c00-e811-9414-f0921c16b9e5,0.14794520547945206,0.0001999999949476,53
46,82894b44-1c00-e811-9414-f0921c16b9e5,0.1506849315068493,9.999999747379e-05,54
46,82894b44-1c00-e811-9414-f0921c16b9e5,0.15342465753424658,0.0,55
46,82894b44-1c00-e811-9414-f0921c16b9e5,0.15616438356164383,0.0,56
46,82894b44-1c00-e811-9414-f0921c16b9e5,0.1589041095890411,0.0,57
46,82894b44-1c00-e811-9414-f0921c16b9e5,0.16164383561643836,0.0,58
46,82894b44-1c00-e811-9414-f0921c16b9e5,0.1643835616438356,0.0,59
46,82894b44-1c00-e811-9414-f0921c16b9e5,0.16712328767123288,0.0,60
46,82894b44-1c00-e811-9414-f0921c16b9e5,0.16986301369863013,0.0,61
46,82894b44-1c00-e811-9414-f0921c16b9e5,0.1726027397260274,0.0,62
46,82894b44-1c00-e811-9414-f0921c16b9e5,0.17534246575342466,0.0,63
46,82894b44-1c00-e811-9414-f0921c16b9e5,0.1780821917808219,0.0,64
46,82894b44-1c00-e811-9414-f0921c16b9e5,0.18082191780821918,0.0,65
46,82894b44-1c00-e811-9414-f0921c16b9e5,0.18356164383561643,0.0,66
46,82894b44-1c00-e811-9414-f0921c16b9e5,0.1863013698630137,0.0,67
46,82894b44-1c00-e811-9414-f0921c16b9e5,0.18904109589041096,0.0,68
46,82894b44-1c00-e811-9414-f0921c16b9e5,0.1917808219178082,0.0,69
46,82894b44-1c00-e811-9414-f0921c16b9e5,0.19452054794520549,0.0,70
46,82894b44-1c00-e811-9414-f0921c16b9e5,0.19726027397260273,0.0,71
46,82894b44-1c00-e811-9414-f0921c16b9e5,0.2,0.0,72
46,82894b44-1c00-e811-9414-f0921c16b9e5,0.20273972602739726,0.0,73
46,82894b44-1c00-e811-9414-f0921c16b9e5,0.2054794520547945,0.0,74
46,82894b44-1c00-e811-9414-f0921c16b9e5,0.20821917808219179,0.0,75
46,82894b44-1c00-e811-9414-f0921c16b9e5,0.21095890410958903,0.0,76
46,82894b44-1c00-e811-9414-f0921c16b9e5,0.2136986301369863,0.0,77
46,82894b44-1c00-e811-9414-f0921c16b9e5,0.21643835616438356,0.0,78
46,82894b44-1c00-e811-9414-f0921c16b9e5,0.2191780821917808,0.0,79
46,82894b44-1c00-e811-9414-f0921c16b9e5,0.2219178082191781,0.0,80
46,82894b44-1c00-e811-9414-f0921c16b9e5,0.22465753424657534,0.0,81
46,82894b44-1c00-e811-9414-f0921c16b9e5,0.2273972602739726,0.0,82
46,82894b44-1c00-e811-9414-f0921c16b9e5,0.23013698630136986,0.0,83
46,82894b44-1c00-e811-9414-f0921c16b9e5,0.2328767123287671,0.0,84
46,82894b44-1c00-e811-9414-f0921c16b9e5,0.2356164383561644,0.0,85
46,82894b44-1c00-e811-9414-f0921c16b9e5,0.23835616438356164,0.0,86
46,82894b44-1c00-e811-9414-f0921c16b9e5,0.2410958904109589,0.0,87
46,82894b44-1c00-e811-9414-f0921c16b9e5,0.24383561643835616,0.0,88
46,82894b44-1c00-e811-9414-f0921c16b9e5,0.2465753424657534,0.0,89
47,81894b44-1c00-e811-9414-f0921c16b9e5,0.0027397260273972603,0.0,0
47,81894b44-1c00-e811-9414-f0921c16b9e5,0.005479452054794521,0.0006999999750406,1
47,81894b44-1c00-e811-9414-f0921c16b9e5,0.00821917808219178,0.001200000056997,2
47,81894b44-1c00-e811-9414-f0921c16b9e5,0.010958904109589041,0.001900000032037,3
47,81894b44-1c00-e811-9414-f0921c16b9e5,0.0136986301369863,0.003100000089034,4
47,81894b44-1c00-e811-9414-f0921c16b9e5,0.01643835616438356,0.004600000102073,5
47,81894b44-1c00-e811-9414-f0921c16b9e5,0.019178082191780823,0.006399999838322,6
47,81894b44-1c00-e811-9414-f0921c16b9e5,0.021917808219178082,0.009200000204146,7
47,81894b44-1c00-e811-9414-f0921c16b9e5,0.024657534246575342,0.01279999967664,8
47,81894b44-1c00-e811-9414-f0921c16b9e5,0.0273972602739726,0.01569999940693,9
47,81894b44-1c00-e811-9414-f0921c16b9e5,0.030136986301369864,0.02400000020862,10
47,81894b44-1c00-e811-9414-f0921c16b9e5,0.03287671232876712,0.03170000016689,11
47,81894b44-1c00-e811-9414-f0921c16b9e5,0.03561643835616438,0.0434999987483,12
47,81894b44-1c00-e811-9414-f0921c16b9e5,0.038356164383561646,0.05799999833107,13
47,81894b44-1c00-e811-9414-f0921c16b9e5,0.0410958904109589,0.07580000162125,14
47,81894b44-1c00-e811-9414-f0921c16b9e5,0.043835616438356165,0.09470000118017,15
47,81894b44-1c00-e811-9414-f0921c16b9e5,0.04657534246575343,0.1134999990463,16
47,81894b44-1c00-e811-9414-f0921c16b9e5,0.049315068493150684,0.1300999969244,17
47,81894b44-1c00-e811-9414-f0921c16b9e5,0.052054794520547946,0.1396999955177,18
47,81894b44-1c00-e811-9414-f0921c16b9e5,0.0547945205479452,0.1415999978781,19
47,81894b44-1c00-e811-9414-f0921c16b9e5,0.057534246575342465,0.1363999992609,20
47,81894b44-1c00-e811-9414-f0921c16b9e5,0.06027397260273973,0.1298000067472,21
47,81894b44-1c00-e811-9414-f0921c16b9e5,0.06301369863013699,0.1199000030756,22
47,81894b44-1c00-e811-9414-f0921c16b9e5,0.06575342465753424,0.1022000014782,23
47,81894b44-1c00-e811-9414-f0921c16b9e5,0.0684931506849315,0.0832000002265,24
47,81894b44-1c00-e811-9414-f0921c16b9e5,0.07123287671232877,0.06310000270605,25
47,81894b44-1c00-e811-9414-f0921c16b9e5,0.07397260273972603,0.04760000109673,26
47,81894b44-1c00-e811-9414-f0921c16b9e5,0.07671232876712329,0.03860000148416,27
47,81894b44-1c00-e811-9414-f0921c16b9e5,0.07945205479452055,0.0285000000149,28
47,81894b44-1c00-e811-9414-f0921c16b9e5,0.0821917808219178,0.02229999937117,29
47,81894b44-1c00-e811-9414-f0921c16b9e5,0.08493150684931507,0.01700000092387,30
47,81894b44-1c00-e811-9414-f0921c16b9e5,0.08767123287671233,0.0113000003621,31
47,81894b44-1c00-e811-9414-f0921c16b9e5,0.09041095890410959,0.007799999788404,32
47,81894b44-1c00-e811-9414-f0921c16b9e5,0.09315068493150686,0.005100000184029,33
47,81894b44-1c00-e811-9414-f0921c16b9e5,0.0958904109589041,0.00400000018999,34
47,81894b44-1c00-e811-9414-f0921c16b9e5,0.09863013698630137,0.003199999919161,35
47,81894b44-1c00-e811-9414-f0921c16b9e5,0.10136986301369863,0.002600000007078,36
47,81894b44-1c00-e811-9414-f0921c16b9e5,0.10410958904109589,0.002300000051036,37
47,81894b44-1c00-e811-9414-f0921c16b9e5,0.10684931506849316,0.001900000032037,38
47,81894b44-1c00-e811-9414-f0921c16b9e5,0.1095890410958904,0.00179999996908,39
47,81894b44-1c00-e811-9414-f0921c16b9e5,0.11232876712328767,0.00109999999404,40
47,81894b44-1c00-e811-9414-f0921c16b9e5,0.11506849315068493,0.0005000000237487,41
47,81894b44-1c00-e811-9414-f0921c16b9e5,0.1178082191780822,0.0003999999898952,42
47,81894b44-1c00-e811-9414-f0921c16b9e5,0.12054794520547946,0.0003000000142492,43
47,81894b44-1c00-e811-9414-f0921c16b9e5,0.1232876712328767,9.999999747379e-05,44
47,81894b44-1c00-e811-9414-f0921c16b9e5,0.12602739726027398,9.999999747379e-05,45
47,81894b44-1c00-e811-9414-f0921c16b9e5,0.12876712328767123,9.999999747379e-05,46
47,81894b44-1c00-e811-9414-f0921c16b9e5,0.13150684931506848,9.999999747379e-05,47
47,81894b44-1c00-e811-9414-f0921c16b9e5,0.13424657534246576,9.999999747379e-05,48
47,81894b44-1c00-e811-9414-f0921c16b9e5,0.136986301369863,9.999999747379e-05,49
47,81894b44-1c00-e811-9414-f0921c16b9e5,0.13972602739726028,9.999999747379e-05,50
47,81894b44-1c00-e811-9414-f0921c16b9e5,0.14246575342465753,0.0,51
47,81894b44-1c00-e811-9414-f0921c16b9e5,0.14520547945205478,0.0,52
47,81894b44-1c00-e811-9414-f0921c16b9e5,0.14794520547945206,0.0,53
47,81894b44-1c00-e811-9414-f0921c16b9e5,0.1506849315068493,0.0,54
47,81894b44-1c00-e811-9414-f0921c16b9e5,0.15342465753424658,0.0,55
47,81894b44-1c00-e811-9414-f0921c16b9e5,0.15616438356164383,0.0,56
47,81894b44-1c00-e811-9414-f0921c16b9e5,0.1589041095890411,0.0,57
47,81894b44-1c00-e811-9414-f0921c16b9e5,0.16164383561643836,0.0,58
47,81894b44-1c00-e811-9414-f0921c16b9e5,0.1643835616438356,0.0,59
47,81894b44-1c00-e811-9414-f0921c16b9e5,0.16712328767123288,0.0,60
47,81894b44-1c00-e811-9414-f0921c16b9e5,0.16986301369863013,0.0,61
47,81894b44-1c00-e811-9414-f0921c16b9e5,0.1726027397260274,0.0,62
47,81894b44-1c00-e811-9414-f0921c16b9e5,0.17534246575342466,0.0,63
47,81894b44-1c00-e811-9414-f0921c16b9e5,0.1780821917808219,0.0,64
47,81894b44-1c00-e811-9414-f0921c16b9e5,0.18082191780821918,0.0,65
47,81894b44-1c00-e811-9414-f0921c16b9e5,0.18356164383561643,0.0,66
47,81894b44-1c00-e811-9414-f0921c16b9e5,0.1863013698630137,0.0,67
47,81894b44-1c00-e811-9414-f0921c16b9e5,0.18904109589041096,0.0,68
47,81894b44-1c00-e811-9414-f0921c16b9e5,0.1917808219178082,0.0,69
47,81894b44-1c00-e811-9414-f0921c16b9e5,0.19452054794520549,0.0,70
47,81894b44-1c00-e811-9414-f0921c16b9e5,0.19726027397260273,0.0,71
47,81894b44-1c00-e811-9414-f0921c16b9e5,0.2,0.0,72
47,81894b44-1c00-e811-9414-f0921c16b9e5,0.20273972602739726,0.0,73
47,81894b44-1c00-e811-9414-f0921c16b9e5,0.2054794520547945,0.0,74
47,81894b44-1c00-e811-9414-f0921c16b9e5,0.20821917808219179,0.0,75
47,81894b44-1c00-e811-9414-f0921c16b9e5,0.21095890410958903,0.0,76
47,81894b44-1c00-e811-9414-f0921c16b9e5,0.2136986301369863,0.0,77
47,81894b44-1c00-e811-9414-f0921c16b9e5,0.21643835616438356,0.0,78
47,81894b44-1c00-e811-9414-f0921c16b9e5,0.2191780821917808,0.0,79
47,81894b44-1c00-e811-9414-f0921c16b9e5,0.2219178082191781,0.0,80
47,81894b44-1c00-e811-9414-f0921c16b9e5,0.22465753424657534,0.0,81
47,81894b44-1c00-e811-9414-f0921c16b9e5,0.2273972602739726,0.0,82
47,81894b44-1c00-e811-9414-f0921c16b9e5,0.23013698630136986,0.0,83
47,81894b44-1c00-e811-9414-f0921c16b9e5,0.2328767123287671,0.0,84
47,81894b44-1c00-e811-9414-f0921c16b9e5,0.2356164383561644,0.0,85
47,81894b44-1c00-e811-9414-f0921c16b9e5,0.23835616438356164,0.0,86
47,81894b44-1c00-e811-9414-f0921c16b9e5,0.2410958904109589,0.0,87
47,81894b44-1c00-e811-9414-f0921c16b9e5,0.24383561643835616,0.0,88
47,81894b44-1c00-e811-9414-f0921c16b9e5,0.2465753424657534,0.0,89
48,80894b44-1c00-e811-9414-f0921c16b9e5,0.0027397260273972603,0.0,0
48,80894b44-1c00-e811-9414-f0921c16b9e5,0.005479452054794521,0.0003000000142492,1
48,80894b44-1c00-e811-9414-f0921c16b9e5,0.00821917808219178,0.0005000000237487,2
48,80894b44-1c00-e811-9414-f0921c16b9e5,0.010958904109589041,0.001300000003539,3
48,80894b44-1c00-e811-9414-f0921c16b9e5,0.0136986301369863,0.002499999944121,4
48,80894b44-1c00-e811-9414-f0921c16b9e5,0.01643835616438356,0.005700000096112,5
48,80894b44-1c00-e811-9414-f0921c16b9e5,0.019178082191780823,0.01269999984652,6
48,80894b44-1c00-e811-9414-f0921c16b9e5,0.021917808219178082,0.02920000068843,7
48,80894b44-1c00-e811-9414-f0921c16b9e5,0.024657534246575342,0.06030000001192,8
48,80894b44-1c00-e811-9414-f0921c16b9e5,0.0273972602739726,0.1208999976516,9
48,80894b44-1c00-e811-9414-f0921c16b9e5,0.030136986301369864,0.2214999943972,10
48,80894b44-1c00-e811-9414-f0921c16b9e5,0.03287671232876712,0.3592999875546,11
48,80894b44-1c00-e811-9414-f0921c16b9e5,0.03561643835616438,0.5128999948502,12
48,80894b44-1c00-e811-9414-f0921c16b9e5,0.038356164383561646,0.6014999747276,13
48,80894b44-1c00-e811-9414-f0921c16b9e5,0.0410958904109589,0.6050000190735,14
48,80894b44-1c00-e811-9414-f0921c16b9e5,0.043835616438356165,0.5569999814034,15
48,80894b44-1c00-e811-9414-f0921c16b9e5,0.04657534246575343,0.4914999902248,16
48,80894b44-1c00-e811-9414-f0921c16b9e5,0.049315068493150684,0.4259000122547,17
48,80894b44-1c00-e811-9414-f0921c16b9e5,0.052054794520547946,0.3671000003815,18
48,80894b44-1c00-e811-9414-f0921c16b9e5,0.0547945205479452,0.315800011158,19
48,80894b44-1c00-e811-9414-f0921c16b9e5,0.057534246575342465,0.2675999999046,20
48,80894b44-1c00-e811-9414-f0921c16b9e5,0.06027397260273973,0.2266999930143,21
48,80894b44-1c00-e811-9414-f0921c16b9e5,0.06301369863013699,0.1916999965906,22
48,80894b44-1c00-e811-9414-f0921c16b9e5,0.06575342465753424,0.1636999994516,23
48,80894b44-1c00-e811-9414-f0921c16b9e5,0.0684931506849315,0.1403000056744,24
48,80894b44-1c00-e811-9414-f0921c16b9e5,0.07123287671232877,0.1172000020742,25
48,80894b44-1c00-e811-9414-f0921c16b9e5,0.07397260273972603,0.09759999811649,26
48,80894b44-1c00-e811-9414-f0921c16b9e5,0.07671232876712329,0.08510000258684,27
48,80894b44-1c00-e811-9414-f0921c16b9e5,0.07945205479452055,0.07209999859333,28
48,80894b44-1c00-e811-9414-f0921c16b9e5,0.0821917808219178,0.06069999933243,29
48,80894b44-1c00-e811-9414-f0921c16b9e5,0.08493150684931507,0.05040000006557,30
48,80894b44-1c00-e811-9414-f0921c16b9e5,0.08767123287671233,0.04230000078678,31
48,80894b44-1c00-e811-9414-f0921c16b9e5,0.09041095890410959,0.03519999980927,32
48,80894b44-1c00-e811-9414-f0921c16b9e5,0.09315068493150686,0.03030000068247,33
48,80894b44-1c00-e811-9414-f0921c16b9e5,0.0958904109589041,0.02669999934733,34
48,80894b44-1c00-e811-9414-f0921c16b9e5,0.09863013698630137,0.0230000000447,35
48,80894b44-1c00-e811-9414-f0921c16b9e5,0.10136986301369863,0.01989999972284,36
48,80894b44-1c00-e811-9414-f0921c16b9e5,0.10410958904109589,0.01649999991059,37
48,80894b44-1c00-e811-9414-f0921c16b9e5,0.10684931506849316,0.01439999975264,38
48,80894b44-1c00-e811-9414-f0921c16b9e5,0.1095890410958904,0.01090000011027,39
48,80894b44-1c00-e811-9414-f0921c16b9e5,0.11232876712328767,0.009499999694526,40
48,80894b44-1c00-e811-9414-f0921c16b9e5,0.11506849315068493,0.00870000012219,41
48,80894b44-1c00-e811-9414-f0921c16b9e5,0.1178082191780822,0.00719999987632,42
48,80894b44-1c00-e811-9414-f0921c16b9e5,0.12054794520547946,0.006399999838322,43
48,80894b44-1c00-e811-9414-f0921c16b9e5,0.1232876712328767,0.005599999800324,44
48,80894b44-1c00-e811-9414-f0921c16b9e5,0.12602739726027398,0.005100000184029,45
48,80894b44-1c00-e811-9414-f0921c16b9e5,0.12876712328767123,0.003800000064075,46
48,80894b44-1c00-e811-9414-f0921c16b9e5,0.13150684931506848,0.003400000045076,47
48,80894b44-1c00-e811-9414-f0921c16b9e5,0.13424657534246576,0.002700000070035,48
48,80894b44-1c00-e811-9414-f0921c16b9e5,0.136986301369863,0.002099999925122,49
48,80894b44-1c00-e811-9414-f0921c16b9e5,0.13972602739726028,0.001700000022538,50
48,80894b44-1c00-e811-9414-f0921c16b9e5,0.14246575342465753,0.001599999959581,51
48,80894b44-1c00-e811-9414-f0921c16b9e5,0.14520547945205478,0.00109999999404,52
48,80894b44-1c00-e811-9414-f0921c16b9e5,0.14794520547945206,0.00089999998454,53
48,80894b44-1c00-e811-9414-f0921c16b9e5,0.1506849315068493,0.00089999998454,54
48,80894b44-1c00-e811-9414-f0921c16b9e5,0.15342465753424658,0.0006999999750406,55
48,80894b44-1c00-e811-9414-f0921c16b9e5,0.15616438356164383,0.0006999999750406,56
48,80894b44-1c00-e811-9414-f0921c16b9e5,0.1589041095890411,0.0006000000284985,57
48,80894b44-1c00-e811-9414-f0921c16b9e5,0.16164383561643836,0.0005000000237487,58
48,80894b44-1c00-e811-9414-f0921c16b9e5,0.1643835616438356,0.0003999999898952,59
48,80894b44-1c00-e811-9414-f0921c16b9e5,0.16712328767123288,0.0003999999898952,60
48,80894b44-1c00-e811-9414-f0921c16b9e5,0.16986301369863013,0.0003999999898952,61
48,80894b44-1c00-e811-9414-f0921c16b9e5,0.1726027397260274,0.0003000000142492,62
48,80894b44-1c00-e811-9414-f0921c16b9e5,0.17534246575342466,0.0003000000142492,63
48,80894b44-1c00-e811-9414-f0921c16b9e5,0.1780821917808219,0.0003000000142492,64
48,80894b44-1c00-e811-9414-f0921c16b9e5,0.18082191780821918,0.0003000000142492,65
48,80894b44-1c00-e811-9414-f0921c16b9e5,0.18356164383561643,0.0001999999949476,66
48,80894b44-1c00-e811-9414-f0921c16b9e5,0.1863013698630137,0.0001999999949476,67
48,80894b44-1c00-e811-9414-f0921c16b9e5,0.18904109589041096,0.0001999999949476,68
48,80894b44-1c00-e811-9414-f0921c16b9e5,0.1917808219178082,0.0001999999949476,69
48,80894b44-1c00-e811-9414-f0921c16b9e5,0.19452054794520549,9.999999747379e-05,70
48,80894b44-1c00-e811-9414-f0921c16b9e5,0.19726027397260273,9.999999747379e-05,71
48,80894b44-1c00-e811-9414-f0921c16b9e5,0.2,9.999999747379e-05,72
48,80894b44-1c00-e811-9414-f0921c16b9e5,0.20273972602739726,9.999999747379e-05,73
48,80894b44-1c00-e811-9414-f0921c16b9e5,0.2054794520547945,0.0,74
48,80894b44-1c00-e811-9414-f0921c16b9e5,0.20821917808219179,0.0,75
48,80894b44-1c00-e811-9414-f0921c16b9e5,0.21095890410958903,0.0,76
48,80894b44-1c00-e811-9414-f0921c16b9e5,0.2136986301369863,0.0,77
48,80894b44-1c00-e811-9414-f0921c16b9e5,0.21643835616438356,0.0,78
48,80894b44-1c00-e811-9414-f0921c16b9e5,0.2191780821917808,0.0,79
48,80894b44-1c00-e811-9414-f0921c16b9e5,0.2219178082191781,0.0,80
48,80894b44-1c00-e811-9414-f0921c16b9e5,0.22465753424657534,0.0,81
48,80894b44-1c00-e811-9414-f0921c16b9e5,0.2273972602739726,0.0,82
48,80894b44-1c00-e811-9414-f0921c16b9e5,0.23013698630136986,0.0,83
48,80894b44-1c00-e811-9414-f0921c16b9e5,0.2328767123287671,0.0,84
48,80894b44-1c00-e811-9414-f0921c16b9e5,0.2356164383561644,0.0,85
48,80894b44-1c00-e811-9414-f0921c16b9e5,0.23835616438356164,0.0,86
48,80894b44-1c00-e811-9414-f0921c16b9e5,0.2410958904109589,0.0,87
48,80894b44-1c00-e811-9414-f0921c16b9e5,0.24383561643835616,0.0,88
48,80894b44-1c00-e811-9414-f0921c16b9e5,0.2465753424657534,0.0,89
49,7f894b44-1c00-e811-9414-f0921c16b9e5,0.0027397260273972603,0.0,0
49,7f894b44-1c00-e811-9414-f0921c16b9e5,0.005479452054794521,0.0001999999949476,1
49,7f894b44-1c00-e811-9414-f0921c16b9e5,0.00821917808219178,0.0001999999949476,2
49,7f894b44-1c00-e811-9414-f0921c16b9e5,0.010958904109589041,9.999999747379e-05,3
49,7f894b44-1c00-e811-9414-f0921c16b9e5,0.0136986301369863,0.0,4
49,7f894b44-1c00-e811-9414-f0921c16b9e5,0.01643835616438356,0.0,5
49,7f894b44-1c00-e811-9414-f0921c16b9e5,0.019178082191780823,0.0,6
49,7f894b44-1c00-e811-9414-f0921c16b9e5,0.021917808219178082,0.0,7
49,7f894b44-1c00-e811-9414-f0921c16b9e5,0.024657534246575342,0.0,8
49,7f894b44-1c00-e811-9414-f0921c16b9e5,0.0273972602739726,0.0,9
49,7f894b44-1c00-e811-9414-f0921c16b9e5,0.030136986301369864,0.0,10
49,7f894b44-1c00-e811-9414-f0921c16b9e5,0.03287671232876712,0.0,11
49,7f894b44-1c00-e811-9414-f0921c16b9e5,0.03561643835616438,0.0,12
49,7f894b44-1c00-e811-9414-f0921c16b9e5,0.038356164383561646,0.0,13
49,7f894b44-1c00-e811-9414-f0921c16b9e5,0.0410958904109589,0.0,14
49,7f894b44-1c00-e811-9414-f0921c16b9e5,0.043835616438356165,0.0,15
49,7f894b44-1c00-e811-9414-f0921c16b9e5,0.04657534246575343,0.0,16
49,7f894b44-1c00-e811-9414-f0921c16b9e5,0.049315068493150684,0.0,17
49,7f894b44-1c00-e811-9414-f0921c16b9e5,0.052054794520547946,0.0,18
49,7f894b44-1c00-e811-9414-f0921c16b9e5,0.0547945205479452,0.0,19
49,7f894b44-1c00-e811-9414-f0921c16b9e5,0.057534246575342465,0.0,20
49,7f894b44-1c00-e811-9414-f0921c16b9e5,0.06027397260273973,0.0,21
49,7f894b44-1c00-e811-9414-f0921c16b9e5,0.06301369863013699,0.0,22
49,7f894b44-1c00-e811-9414-f0921c16b9e5,0.06575342465753424,0.0,23
49,7f894b44-1c00-e811-9414-f0921c16b9e5,0.0684931506849315,0.0,24
49,7f894b44-1c00-e811-9414-f0921c16b9e5,0.07123287671232877,0.0,25
49,7f894b44-1c00-e811-9414-f0921c16b9e5,0.07397260273972603,0.0,26
49,7f894b44-1c00-e811-9414-f0921c16b9e5,0.07671232876712329,0.0,27
49,7f894b44-1c00-e811-9414-f0921c16b9e5,0.07945205479452055,0.0,28
49,7f894b44-1c00-e811-9414-f0921c16b9e5,0.0821917808219178,0.0,29
49,7f894b44-1c00-e811-9414-f0921c16b9e5,0.08493150684931507,0.0,30
49,7f894b44-1c00-e811-9414-f0921c16b9e5,0.08767123287671233,0.0,31
49,7f894b44-1c00-e811-9414-f0921c16b9e5,0.09041095890410959,0.0,32
49,7f894b44-1c00-e811-9414-f0921c16b9e5,0.09315068493150686,0.0,33
49,7f894b44-1c00-e811-9414-f0921c16b9e5,0.0958904109589041,0.0,34
49,7f894b44-1c00-e811-9414-f0921c16b9e5,0.09863013698630137,0.0,35
49,7f894b44-1c00-e811-9414-f0921c16b9e5,0.10136986301369863,0.0,36
49,7f894b44-1c00-e811-9414-f0921c16b9e5,0.10410958904109589,0.0,37
49,7f894b44-1c00-e811-9414-f0921c16b9e5,0.10684931506849316,0.0,38
49,7f894b44-1c00-e811-9414-f0921c16b9e5,0.1095890410958904,0.0,39
49,7f894b44-1c00-e811-9414-f0921c16b9e5,0.11232876712328767,0.0,40
49,7f894b44-1c00-e811-9414-f0921c16b9e5,0.11506849315068493,0.0,41
49,7f894b44-1c00-e811-9414-f0921c16b9e5,0.1178082191780822,0.0,42
49,7f894b44-1c00-e811-9414-f0921c16b9e5,0.12054794520547946,0.0,43
49,7f894b44-1c00-e811-9414-f0921c16b9e5,0.1232876712328767,0.0,44
49,7f894b44-1c00-e811-9414-f0921c16b9e5,0.12602739726027398,0.0,45
49,7f894b44-1c00-e811-9414-f0921c16b9e5,0.12876712328767123,0.0,46
49,7f894b44-1c00-e811-9414-f0921c16b9e5,0.13150684931506848,0.0,47
49,7f894b44-1c00-e811-9414-f0921c16b9e5,0.13424657534246576,0.0,48
49,7f894b44-1c00-e811-9414-f0921c16b9e5,0.136986301369863,0.0,49
49,7f894b44-1c00-e811-9414-f0921c16b9e5,0.13972602739726028,0.0,50
49,7f894b44-1c00-e811-9414-f0921c16b9e5,0.14246575342465753,0.0,51
49,7f894b44-1c00-e811-9414-f0921c16b9e5,0.14520547945205478,0.0,52
49,7f894b44-1c00-e811-9414-f0921c16b9e5,0.14794520547945206,0.0,53
49,7f894b44-1c00-e811-9414-f0921c16b9e5,0.1506849315068493,0.0,54
49,7f894b44-1c00-e811-9414-f0921c16b9e5,0.15342465753424658,0.0,55
49,7f894b44-1c00-e811-9414-f0921c16b9e5,0.15616438356164383,0.0,56
49,7f894b44-1c00-e811-9414-f0921c16b9e5,0.1589041095890411,0.0,57
49,7f894b44-1c00-e811-9414-f0921c16b9e5,0.16164383561643836,0.0,58
49,7f894b44-1c00-e811-9414-f0921c16b9e5,0.1643835616438356,0.0,59
49,7f894b44-1c00-e811-9414-f0921c16b9e5,0.16712328767123288,0.0,60
49,7f894b44-1c00-e811-9414-f0921c16b9e5,0.16986301369863013,0.0,61
49,7f894b44-1c00-e811-9414-f0921c16b9e5,0.1726027397260274,0.0,62
49,7f894b44-1c00-e811-9414-f0921c16b9e5,0.17534246575342466,0.0,63
49,7f894b44-1c00-e811-9414-f0921c16b9e5,0.1780821917808219,0.0,64
49,7f894b44-1c00-e811-9414-f0921c16b9e5,0.18082191780821918,0.0,65
49,7f894b44-1c00-e811-9414-f0921c16b9e5,0.18356164383561643,0.0,66
49,7f894b44-1c00-e811-9414-f0921c16b9e5,0.1863013698630137,0.0,67
49,7f894b44-1c00-e811-9414-f0921c16b9e5,0.18904109589041096,0.0,68
49,7f894b44-1c00-e811-9414-f0921c16b9e5,0.1917808219178082,0.0,69
49,7f894b44-1c00-e811-9414-f0921c16b9e5,0.19452054794520549,0.0,70
49,7f894b44-1c00-e811-9414-f0921c16b9e5,0.19726027397260273,0.0,71
49,7f894b44-1c00-e811-9414-f0921c16b9e5,0.2,0.0,72
49,7f894b44-1c00-e811-9414-f0921c16b9e5,0.20273972602739726,0.0,73
49,7f894b44-1c00-e811-9414-f0921c16b9e5,0.2054794520547945,0.0,74
49,7f894b44-1c00-e811-9414-f0921c16b9e5,0.20821917808219179,0.0,75
49,7f894b44-1c00-e811-9414-f0921c16b9e5,0.21095890410958903,0.0,76
49,7f894b44-1c00-e811-9414-f0921c16b9e5,0.2136986301369863,0.0,77
49,7f894b44-1c00-e811-9414-f0921c16b9e5,0.21643835616438356,0.0,78
49,7f894b44-1c00-e811-9414-f0921c16b9e5,0.2191780821917808,0.0,79
49,7f894b44-1c00-e811-9414-f0921c16b9e5,0.2219178082191781,0.0,80
49,7f894b44-1c00-e811-9414-f0921c16b9e5,0.22465753424657534,0.0,81
49,7f894b44-1c00-e811-9414-f0921c16b9e5,0.2273972602739726,0.0,82
49,7f894b44-1c00-e811-9414-f0921c16b9e5,0.23013698630136986,0.0,83
49,7f894b44-1c00-e811-9414-f0921c16b9e5,0.2328767123287671,0.0,84
49,7f894b44-1c00-e811-9414-f0921c16b9e5,0.2356164383561644,0.0,85
49,7f894b44-1c00-e811-9414-f0921c16b9e5,0.23835616438356164,0.0,86
49,7f894b44-1c00-e811-9414-f0921c16b9e5,0.2410958904109589,0.0,87
49,7f894b44-1c00-e811-9414-f0921c16b9e5,0.24383561643835616,0.0,88
49,7f894b44-1c00-e811-9414-f0921c16b9e5,0.2465753424657534,0.0,89
